"ARRIVAL_TM","AUTOMOBILE_COUNT","BELTED_DEATH_COUNT","BELTED_SUSP_SERIOUS_INJ_COUNT","BICYCLE_COUNT","BICYCLE_DEATH_COUNT","BICYCLE_SUSP_SERIOUS_INJ_COUNT","BUS_COUNT","CHLDPAS_DEATH_COUNT","CHLDPAS_SUSP_SERIOUS_INJ_COUNT","COLLISION_TYPE","COMM_VEH_COUNT","CONS_ZONE_SPD_LIM","COUNTY","CRASH_MONTH","CRASH_YEAR","CRN","DAY_OF_WEEK","DEC_LAT","DEC_LONG","DISPATCH_TM","DISTRICT","DRIVER_COUNT_16YR","DRIVER_COUNT_17YR","DRIVER_COUNT_18YR","DRIVER_COUNT_19YR","DRIVER_COUNT_20YR","DRIVER_COUNT_50_64YR","DRIVER_COUNT_65_74YR","DRIVER_COUNT_75PLUS","EST_HRS_CLOSED","FATAL_COUNT","HEAVY_TRUCK_COUNT","HORSE_BUGGY_COUNT","HOUR_OF_DAY","ILLUMINATION","INJURY_COUNT","INTERSECT_TYPE","LANE_CLOSED","LATITUDE","LN_CLOSE_DIR","LOCATION_TYPE","LONGITUDE","MAX_SEVERITY_LEVEL","MCYCLE_DEATH_COUNT","MCYCLE_SUSP_SERIOUS_INJ_COUNT","MOTORCYCLE_COUNT","MUNICIPALITY","NONMOTR_COUNT","NONMOTR_DEATH_COUNT","NONMOTR_SUSP_SERIOUS_INJ_COUNT","NTFY_HIWY_MAINT","PED_COUNT","PED_DEATH_COUNT","PED_SUSP_SERIOUS_INJ_COUNT","PERSON_COUNT","POLICE_AGCY","POSSIBLE_INJ_COUNT","RDWY_SURF_TYPE_CD","RELATION_TO_ROAD","ROAD_CONDITION","SCH_BUS_IND","SCH_ZONE_IND","SMALL_TRUCK_COUNT","SPEC_JURIS_CD","SUSP_MINOR_INJ_COUNT","SUSP_SERIOUS_INJ_COUNT","SUV_COUNT","TCD_FUNC_CD","TCD_TYPE","TFC_DETOUR_IND","TIME_OF_DAY","TOT_INJ_COUNT","TOTAL_UNITS","UNB_DEATH_COUNT","UNB_SUSP_SERIOUS_INJ_COUNT","UNBELTED_OCC_COUNT","UNK_INJ_DEG_COUNT","UNK_INJ_PER_COUNT","URBAN_RURAL","VAN_COUNT","VEHICLE_COUNT","WORK_ZONE_IND","WORK_ZONE_LOC","WORK_ZONE_TYPE","WORKERS_PRES","WZ_CLOSE_DETOUR","WZ_FLAGGER","WZ_LAW_OFFCR_IND","WZ_LN_CLOSURE","WZ_MOVING","WZ_OTHER","WZ_SHLDER_MDN","ROADWAY_CLEARED","WEATHER1","WEATHER2","WZ_WORKERS_INJ_KILLED","SECONDARY_CRASH","INTERSECTION_RELATED"
"1939","1","0","0","0","0","0","0","0","0","4","0","","36","01","2016","2016005187","3","39.9429","-76.1449","1925","08","0","0","0","0","0","0","1","0","2","0","0","0","19","6","0","00","2","39 56:34.479","5","00","76 08:41.743","0","0","0","0","36233","0","0","0","","0","0","0","4","68J01","0","","1","02","N","N","0","","0","0","1","0","0","Y","1925","0","2","0","0","0","0","0","1","0","2","N","","","","","","","","","","","","10","  ","","",""
"1806","1","0","0","0","0","0","0","0","0","5","0","","36","01","2016","2016005259","3","40.1372","-76.5824","1806","08","0","0","0","0","0","0","1","0","","0","0","0","18","3","0","01","0","40 08:14.074","","00","76 34:56.691","0","0","0","0","36225","0","0","0","N","0","0","0","5","36505","0","","1","07","N","N","0","","0","0","1","3","2","","1800","0","2","0","0","0","0","0","2","0","2","N","","","","","","","","","","","","10","  ","","",""
"1823","1","0","0","0","0","0","0","0","0","7","0","","36","01","2016","2016005267","4","40.1712","-76.4402","1816","08","0","0","0","0","0","0","0","0","1","0","0","0","18","6","1","00","2","40 10:16.449","6","00","76 26:24.887","8","0","0","0","36230","0","0","0","N","0","0","0","1","36410","0","","4","01","N","N","0","","0","0","0","0","0","N","1816","1","1","0","0","0","1","0","1","0","1","N","","","","","","","","","","","","03","  ","","",""
"0033","2","0","0","0","0","0","0","0","0","4","0","","36","01","2016","2016005279","1","40.0228","-76.3671","0022","08","0","0","1","0","1","0","0","0","2","0","0","0","00","3","0","01","2","40 01:21.946","6","00","76 22:01.509","0","0","0","0","36223","0","0","0","N","0","0","0","4","36223","0","","1","09","N","N","0","","0","0","0","3","3","Y","0020","0","2","0","0","0","0","0","1","0","2","N","","","","","","","","","","","","07","  ","","",""
"1511","0","0","0","0","0","0","0","0","0","9","0","","36","01","2016","2016005452","7","40.1252","-76.3052","1505","08","0","0","0","0","0","1","0","0","","0","0","0","15","1","1","00","0","40 07:30.646","","00","76 18:18.596","4","0","0","0","36101","0","0","0","N","0","0","0","2","36101","1","","1","01","N","N","0","","0","0","1","0","0","","1503","1","1","0","0","0","0","0","3","0","1","N","","","","","","","","","","","","03","  ","","",""
"1650","1","0","0","0","0","0","0","0","0","1","0","","36","01","2016","2016005472","1","40.1709","-76.1965","1646","08","0","0","0","0","0","0","0","0","2","0","0","0","16","4","0","02","1","40 10:15.319","1","00","76 11:47.479","0","0","0","0","36408","0","0","0","N","0","0","0","2","36408","0","","1","01","N","N","0","","0","0","1","3","4","Y","1644","0","2","0","0","0","0","0","2","0","2","N","","","","","","","","","","","","03","  ","","",""
"1125","1","0","0","0","0","0","0","0","0","1","0","","36","01","2016","2016005483","3","40.0923","-76.1389","1113","08","0","0","0","0","0","0","1","0","","0","0","0","11","1","0","00","0","40 05:32.226","","00","76 08:20.214","0","0","0","0","36238","0","0","0","N","0","0","0","2","36238","0","","1","01","N","N","0","","0","0","0","0","0","","1110","0","2","0","0","0","0","0","3","1","2","N","","","","","","","","","","","","03","  ","","",""
"1436","2","0","0","0","0","0","0","0","0","1","0","","36","01","2016","2016005494","3","40.0731","-76.2988","1432","08","0","0","0","0","0","0","0","0","","0","0","0","14","1","0","00","0","40 04:23.008","","00","76 17:55.629","0","0","0","0","36101","0","0","0","N","0","0","0","2","36101","0","","1","01","N","N","0","","0","0","0","0","0","","1430","0","2","0","0","0","0","0","3","0","2","N","","","","","","","","","","","","03","  ","","",""
"1343","0","0","0","0","0","0","0","0","0","2","0","","36","01","2016","2016005542","1","40.0764","-76.4608","1343","08","0","0","1","0","0","0","0","0","2","0","0","0","13","1","1","00","2","40 04:34.988","5","00","76 27:38.996","8","0","0","0","36239","0","0","0","Y","0","0","0","5","36239","0","","1","01","N","N","1","","0","0","1","0","0","Y","1343","1","2","0","0","1","1","0","3","0","2","N","","","","","","","","","","","","03","  ","","",""
"1442","0","0","0","0","0","0","0","0","0","4","0","","36","01","2016","2016005569","1","40.0763","-76.3249","1431","08","0","0","0","0","0","0","1","0","","0","0","0","14","1","0","00","0","40 04:34.612","","07","76 19:29.643","0","0","0","0","36101","0","0","0","N","0","0","0","3","36101","0","","1","01","N","N","1","","0","0","1","3","2","","1429","0","2","0","0","0","0","0","3","0","2","N","","","","","","","","","","","","03","  ","","",""
"1455","0","0","0","0","0","0","0","0","0","2","0","","36","01","2016","2016005602","5","39.9857","-76.1895","1450","08","0","0","0","0","0","0","0","0","1","0","0","0","14","1","0","00","2","39 59:08.529","1","00","76 11:22.059","0","0","0","0","36417","0","0","0","N","0","0","0","2","36417","0","","1","01","N","N","1","","0","0","1","0","0","Y","1445","0","2","0","0","0","0","0","1","0","2","N","","","","","","","","","","","","03","  ","","",""
"0659","0","0","0","0","0","0","0","0","0","8","0","","36","01","2016","2016005658","3","39.9036","-76.1337","0631","08","0","0","0","0","0","0","0","0","2","0","0","0","06","2","2","00","1","39 54:12.900","1","00","76 08:01.380","3","0","0","0","36216","2","0","0","","2","0","0","3","68J01","1","","1","01","N","N","1","","1","0","0","0","0","N","0630","2","3","0","0","0","0","0","1","0","1","N","","","","","","","","","","","","03","  ","","",""
"1015","0","0","0","0","0","0","0","0","0","1","0","","36","01","2016","2016005659","4","39.8902","-76.238","0950","08","0","0","0","0","0","0","0","0","2","0","0","0","09","1","0","01","2","39 53:24.827","1","00","76 14:16.772","0","0","0","0","36229","0","0","0","","0","0","0","2","68J01","0","","1","01","N","N","1","","0","0","1","3","2","N","0948","0","2","0","0","1","0","0","1","0","2","N","","","","","","","","","","","","03","  ","","",""
"1354","1","0","0","0","0","0","0","0","0","4","0","","36","01","2016","2016005660","4","39.9368","-76.2041","1337","08","0","0","0","0","0","1","0","0","2","0","0","0","13","1","1","02","1","39 56:12.597","1","00","76 12:14.824","4","0","0","0","36233","0","0","0","","0","0","0","3","68J01","1","","1","01","N","N","0","","0","0","1","3","3","N","1335","1","2","0","0","0","0","0","1","0","2","N","","","","","","","","","","","","03","  ","","",""
"1641","0","0","0","0","0","0","0","0","0","7","0","","36","01","2016","2016005661","4","40.1848","-76.0753","1604","08","0","0","1","0","0","0","0","0","2","0","0","0","16","1","0","00","1","40 11:05.326","3","00","76 04:31.156","0","0","0","0","36202","0","0","0","","0","0","0","2","68J01","0","","4","02","N","N","1","","0","0","0","0","0","N","1604","0","1","0","0","0","0","0","1","0","1","N","","","","","","","","","","","","03","  ","","",""
"1900","2","0","0","0","0","0","0","0","0","4","0","","36","01","2016","2016005729","5","40.051","-76.3535","1858","08","0","0","0","0","1","1","0","0","1","0","0","0","18","3","1","01","1","40 03:03.668","3","00","76 21:12.504","8","0","0","0","36214","0","0","0","N","0","0","0","2","36214","0","","1","01","N","N","0","","0","0","0","3","2","N","1856","1","2","0","0","0","1","0","3","0","2","N","","","","","","","","","","","","03","  ","","",""
"1801","1","0","0","0","0","0","0","0","0","1","0","","36","01","2016","2016005744","5","40.1248","-76.4684","1744","08","0","0","0","0","0","0","0","0","","0","0","0","17","2","0","07","0","40 07:29.184","","02","76 28:06.084","0","0","0","0","36230","0","0","0","N","0","0","0","4","36410","0","","1","01","N","N","1","","0","0","0","0","0","","1744","0","2","0","0","0","0","0","1","0","2","N","","","","","","","","","","","","03","  ","","",""
"1940","1","0","0","0","0","0","0","0","0","7","0","","36","01","2016","2016005751","3","40.0797","-76.1863","1937","08","0","0","0","0","0","0","0","0","","0","0","0","19","2","1","00","0","40 04:47.009","","00","76 11:10.685","8","0","0","0","36234","0","0","0","N","0","0","0","1","36215","0","","4","01","N","N","0","","0","0","0","0","0","","1937","1","1","0","0","1","1","0","1","0","1","N","","","","","","","","","","","","03","  ","","",""
"2032","1","0","0","0","0","0","0","0","0","7","0","","36","01","2016","2016005759","5","40.2106","-76.1617","2025","08","0","0","0","0","0","0","0","0","","0","0","0","20","2","0","00","0","40 12:38.285","","00","76 09:42.260","0","0","0","0","36210","0","0","0","N","0","0","0","1","36210","0","","4","01","N","N","0","","0","0","0","0","0","","2024","0","1","0","0","0","0","0","1","0","1","N","","","","","","","","","","","","03","  ","","",""
"2124","1","0","0","0","0","0","0","0","0","4","0","","36","01","2016","2016005762","6","40.0776","-76.2587","2118","08","0","0","0","1","0","0","0","0","","0","0","0","21","2","0","02","0","40 04:39.294","","00","76 15:31.417","0","0","0","0","36215","0","0","0","N","0","0","0","2","36215","0","","1","01","N","N","1","","0","0","0","3","3","","2118","0","2","0","0","0","0","0","1","0","2","N","","","","","","","","","","","","03","  ","","",""
"0252","2","0","0","0","0","0","0","0","0","5","0","","36","01","2016","2016005764","6","40.0575","-76.2942","0250","08","0","1","0","0","0","0","0","0","2","0","0","0","02","3","0","00","1","40 03:26.900","3","00","76 17:39.200","0","0","0","0","36101","0","0","0","N","0","0","0","2","36101","0","","6","01","N","N","0","","0","0","0","0","0","N","0249","0","3","0","0","0","0","0","3","1","3","N","","","","","","","","","","","","03","  ","","",""
"1825","0","0","0","0","0","0","0","0","0","8","0","","36","01","2016","2016005768","5","40.1734","-76.1939","1815","08","0","0","0","0","0","0","0","0","","0","0","0","18","3","1","01","0","40 10:24.160","","00","76 11:38.086","4","0","0","0","36408","1","0","0","N","1","0","0","2","36408","1","","1","01","N","N","0","","0","0","1","3","2","","1800","1","2","0","0","0","0","1","2","0","1","N","","","","","","","","","","","","03","  ","","",""
"0659","1","0","0","0","0","0","0","0","0","6","1","","36","01","2016","2016005772","3","40.1298","-76.4427","0653","08","0","0","0","0","0","0","0","0","2","0","1","0","06","5","2","00","2","40 07:47.151","6","00","76 26:33.731","8","0","0","0","36230","0","0","0","N","0","0","0","3","36410","0","","1","01","N","N","1","","0","0","0","0","0","Y","0651","2","3","0","0","0","2","0","1","0","3","N","","","","","","","","","","","","03","  ","","",""
"1915","1","0","0","0","0","0","0","0","0","7","0","","36","01","2016","2016005773","3","40.0561","-76.4674","1907","08","0","0","0","0","0","0","0","0","2","0","0","0","19","2","0","00","2","40 03:21.900","5","00","76 28:02.500","0","0","0","0","36239","0","0","0","N","0","0","0","1","36239","0","","4","02","N","N","0","","0","0","0","0","0","Y","1900","0","1","0","0","0","0","0","3","0","1","N","","","","","","","","","","","","10","  ","","",""
"0707","1","0","0","0","0","0","0","0","0","1","0","","36","01","2016","2016005891","6","40.0543","-76.3543","0705","08","0","0","0","0","1","0","0","0","1","0","0","0","07","1","1","02","1","40 03:15.591","1","00","76 21:15.375","4","0","0","0","36214","0","0","0","N","0","0","0","2","36214","1","","1","01","N","N","0","","0","0","0","0","0","N","0700","1","2","0","0","0","0","0","3","1","2","N","","","","","","","","","","","","03","  ","","",""
"1307","1","0","0","0","0","0","0","0","0","4","1","","36","01","2016","2016005971","6","40.1636","-76.1525","1302","08","0","0","0","0","0","2","0","0","","0","1","0","13","1","0","01","0","40 09:49.441","","02","76 09:08.800","0","0","0","0","36218","0","0","0","N","0","0","0","3","36408","0","","1","01","N","N","0","","0","0","0","3","2","","1300","0","2","0","0","0","0","0","1","0","2","N","","","","","","","","","","","","03","  ","","",""
"0850","0","0","0","0","0","0","0","0","0","8","0","","36","01","2016","2016005973","6","40.0364","-76.3054","0844","08","0","0","0","0","0","0","0","0","1","0","0","0","08","1","1","01","2","40 02:10.941","3","00","76 18:19.324","8","0","0","0","36301","1","0","0","N","1","0","0","2","36301","0","","1","01","N","N","1","","0","0","0","3","2","Y","0843","1","2","0","0","0","1","0","3","0","1","N","","","","","","","","","","","","03","  ","","",""
"0958","1","0","0","0","0","0","0","0","0","1","0","","36","01","2016","2016005980","5","40.0772","-76.3377","0952","08","0","0","0","0","0","1","1","0","1","0","0","0","09","1","1","07","2","40 04:39.157","4","02","76 20:16.139","8","0","0","0","36101","0","0","0","N","0","0","0","3","36101","0","","1","01","N","N","0","","0","0","1","3","4","N","0945","1","2","0","0","0","1","0","3","0","2","N","","","","","","","","","","","","03","  ","","",""
"0809","1","0","0","0","0","0","0","0","0","1","0","","36","01","2016","2016005997","5","40.0937","-76.262","0757","08","0","0","0","0","1","0","0","0","","0","0","0","07","1","0","00","0","40 05:37.309","","00","76 15:43.087","0","0","0","0","36101","0","0","0","N","0","0","0","2","36101","0","","1","01","N","N","0","","0","0","1","0","0","","0752","0","2","0","0","0","0","0","3","0","2","N","","","","","","","","","","","","03","  ","","",""
"1729","2","0","0","0","0","0","0","0","0","1","0","","36","01","2016","2016006049","6","40.0691","-76.3109","1720","08","0","0","1","0","0","0","0","0","","0","0","0","17","3","0","00","0","40 04:08.597","","00","76 18:39.259","0","0","0","0","36101","0","0","0","N","0","0","0","2","36101","0","","1","01","N","N","0","","0","0","0","0","0","","1715","0","2","0","0","0","0","0","3","0","2","N","","","","","","","","","","","","03","  ","","",""
"1545","2","0","0","0","0","0","0","0","0","1","0","","36","01","2016","2016006109","3","40.2264","-76.0572","1545","08","0","0","0","0","0","1","0","0","","0","0","0","15","1","1","00","0","40 13:35.149","","00","76 03:25.797","4","0","0","0","36202","0","0","0","","0","0","0","2","68J01","1","","1","01","N","N","0","","0","0","0","0","0","","1542","1","2","0","0","0","0","0","1","0","2","N","","","","","","","","","","","","03","  ","","",""
"0738","0","0","0","0","0","0","0","0","0","7","0","","36","01","2016","2016006110","4","40.1883","-76.0151","0651","08","0","1","0","0","0","0","0","0","","0","0","0","06","1","0","00","0","40 11:17.902","","00","76 00:54.528","0","0","0","0","36202","0","0","0","","0","0","0","1","68J01","0","","2","02","N","N","0","","0","0","0","0","0","","0649","0","1","0","0","0","0","0","1","1","1","N","","","","","","","","","","","","03","  ","","",""
"2340","0","0","0","0","0","0","0","0","0","7","0","","36","01","2016","2016006111","6","40.1253","-75.9107","2305","08","0","0","0","0","0","0","0","0","","0","0","0","23","2","1","00","0","40 07:31.004","","00","75 54:38.427","4","0","0","0","36203","0","0","0","","0","0","0","1","68J01","1","","4","01","N","N","0","","0","0","1","0","0","","2304","1","1","0","0","1","0","0","1","0","1","N","","","","","","","","","","","","03","  ","","",""
"1500","1","0","0","0","0","0","0","0","0","4","0","","36","01","2016","2016006138","6","40.1424","-76.5946","1453","08","0","0","0","0","0","0","0","0","","0","0","0","14","1","0","00","0","40 08:32.609","","00","76 35:40.536","0","0","0","0","36407","0","0","0","N","0","0","0","4","36407","0","","1","01","N","N","0","","0","0","1","0","0","","1452","0","2","0","0","0","0","0","2","0","2","N","","","","","","","","","","","","03","  ","","",""
"1510","0","0","0","0","0","0","0","0","0","4","0","","36","01","2016","2016006200","5","40.1926","-76.1754","1500","08","0","0","0","0","0","0","0","0","2","0","0","0","15","1","0","00","1","40 11:33.265","2","07","76 10:31.564","0","0","0","0","36218","0","0","0","N","0","0","0","3","36408","0","","1","01","N","N","0","","0","0","2","0","0","N","1500","0","2","0","0","0","0","0","1","0","2","N","","","","","","","","","","","","03","  ","","",""
"2230","1","0","0","0","0","0","0","0","0","4","0","","36","01","2016","2016006201","6","40.1469","-76.603","2228","08","0","0","0","1","0","0","0","0","2","0","0","0","22","3","1","01","2","40 08:48.953","1","00","76 36:10.703","3","0","0","0","36407","0","0","0","N","0","0","0","3","36407","0","","1","09","N","N","0","","1","0","1","3","2","Y","2227","1","2","0","0","0","0","0","2","0","2","N","","","","","","","","","","","","07","  ","","",""
"2144","1","0","0","0","0","0","0","0","0","7","0","","36","01","2016","2016006208","6","40.216","-76.0924","2139","08","0","0","0","0","0","0","0","0","2","0","0","0","21","3","0","06","1","40 12:53.924","2","02","76 05:41.889","0","0","0","0","36210","0","0","0","Y","0","0","0","1","36210","0","","3","09","N","N","0","","0","0","0","0","0","N","2136","0","1","0","0","0","0","0","1","0","1","N","","","","","","","","","","","","07","  ","","",""
"0106","1","0","0","0","0","0","0","0","0","7","0","","36","01","2016","2016006220","7","40.1624","-76.3973","0105","08","0","0","0","0","1","0","0","0","","0","0","0","01","3","0","00","0","40 09:44.717","","00","76 23:50.438","0","0","0","0","36410","0","0","0","N","0","0","0","1","36410","0","","4","09","N","N","0","","0","0","0","0","0","","0103","0","1","0","0","1","0","0","2","0","1","N","","","","","","","","","","","","07","  ","","",""
"1851","1","0","0","0","0","0","0","0","0","7","0","","36","01","2016","2016006224","3","40.1327","-76.1426","1838","08","0","0","0","0","0","0","0","0","2","0","0","0","18","2","0","00","1","40 07:57.802","3","00","76 08:33.227","0","0","0","0","36238","0","0","0","N","0","0","0","2","36238","0","","4","02","N","N","0","","0","0","0","0","0","N","1836","0","1","0","0","0","0","0","3","0","1","N","","","","","","","","","","","","10","  ","","",""
"0537","0","0","0","0","0","0","0","0","0","0","0","","36","01","2016","2016006236","4","40.2082","-76.164","0533","08","0","0","0","0","0","1","0","0","","0","0","0","05","2","0","02","0","40 12:29.600","","00","76 09:50.315","0","0","0","0","36218","0","0","0","N","0","0","0","1","36408","0","","1","02","N","N","0","","0","0","1","0","0","","0531","0","1","0","0","0","0","0","1","0","1","N","","","","","","","","","","","","98","  ","","",""
"0225","1","0","0","0","0","0","0","0","0","7","0","","36","01","2016","2016006237","7","40.0635","-76.3397","0222","08","0","0","0","0","0","0","0","0","","0","0","0","02","3","0","00","0","40 03:48.737","","01","76 20:22.877","0","0","0","0","36101","0","0","0","N","0","0","0","2","36101","0","","3","09","N","N","0","","0","0","0","0","0","","0219","0","1","0","0","0","0","0","3","0","1","N","","","","","","","","","","","","07","  ","","",""
"2251","1","0","0","0","0","0","0","0","0","7","0","","36","01","2016","2016006240","6","40.0529","-76.2626","2237","08","0","0","0","1","0","0","0","0","","0","0","0","22","2","1","00","0","40 03:10.572","","00","76 15:45.236","3","0","0","0","36215","0","0","0","N","0","0","0","1","36215","0","","3","09","N","N","0","","1","0","0","0","0","","2235","1","1","0","0","0","0","0","1","0","1","N","","","","","","","","","","","","07","  ","","",""
"0735","0","0","0","0","0","0","0","0","0","4","0","","36","01","2016","2016006253","6","40.0924","-76.41","0719","08","0","0","0","0","0","0","0","0","","0","0","0","07","1","0","01","0","40 05:32.678","","00","76 24:35.883","9","0","0","0","36214","0","0","0","N","0","0","0","3","36214","0","","1","01","N","Y","0","","0","0","1","3","3","","0716","0","2","0","0","0","0","1","3","1","2","N","","","","","","","","","","","","03","  ","","",""
"0047","0","0","0","0","0","0","0","0","0","7","0","","36","01","2016","2016006380","6","39.9966","-76.2416","0045","08","0","0","0","0","0","0","0","0","","0","0","0","00","3","0","01","0","39 59:47.700","","00","76 14:29.900","0","0","0","0","36240","0","0","0","N","0","0","0","1","36240","0","","2","01","N","N","0","","0","0","1","0","0","","0040","0","1","0","0","0","0","0","1","0","1","N","","","","","","","","","","","","03","  ","","",""
"1234","1","0","0","0","0","0","0","0","0","4","0","","36","01","2016","2016006381","3","40.0318","-76.2396","1231","08","0","0","0","0","0","1","0","1","2","0","0","0","12","1","0","02","1","40 01:52.758","3","02","76 14:14.278","0","0","0","0","36215","0","0","0","N","0","0","0","2","36215","0","","1","01","N","N","0","","0","0","0","3","2","N","1230","0","2","0","0","0","0","0","1","1","2","N","","","","","","","","","","","","03","  ","","",""
"0740","2","0","0","0","0","0","0","0","0","1","0","","36","01","2016","2016006384","6","40.1787","-76.3092","0737","08","1","0","0","0","0","1","0","0","","0","0","0","07","1","0","00","0","40 10:43.446","","00","76 18:32.942","0","0","0","0","36235","0","0","0","N","0","0","0","2","36506","0","","1","09","N","N","0","","0","0","0","0","0","","0737","0","2","0","0","0","0","0","1","0","2","N","","","","","","","","","","","","03","  ","","",""
"1438","1","0","0","0","0","0","0","0","0","4","0","","36","01","2016","2016006389","6","40.0761","-76.2059","1436","08","0","0","0","0","0","1","0","1","2","0","0","0","14","1","1","01","2","40 04:34.113","7","00","76 12:21.249","3","0","0","0","36234","0","0","0","N","0","0","0","2","36215","0","","1","01","N","N","0","","1","0","1","3","3","Y","1435","1","2","0","0","0","0","0","1","0","2","N","","","","","","","","","","","","03","  ","","",""
"1354","2","0","0","0","0","0","0","0","0","1","0","","36","01","2016","2016006402","2","40.0727","-76.2991","1254","08","0","0","0","1","0","0","0","0","","0","0","0","12","1","0","00","0","40 04:21.754","","00","76 17:56.743","0","0","0","0","36101","0","0","0","N","0","0","0","2","36101","0","","1","01","N","N","0","","0","0","0","0","0","","1252","0","2","0","0","0","0","0","3","0","2","N","","","","","","","","","","","","03","  ","","",""
"1447","2","0","0","0","0","0","0","0","0","4","0","","36","01","2016","2016006413","6","40.0827","-76.3417","1443","08","0","0","0","0","0","0","0","1","2","0","0","0","14","1","0","00","2","40 04:57.779","5","00","76 20:30.124","0","0","0","0","36101","0","0","0","N","0","0","0","2","36101","0","","1","01","N","N","0","","0","0","0","0","0","N","1440","0","2","0","0","0","0","0","3","0","2","N","","","","","","","","","","","","03","  ","","",""
"1655","1","0","0","0","0","0","0","0","0","1","0","","36","01","2016","2016006428","2","40.0685","-76.3032","1654","08","0","0","0","1","0","1","0","0","","0","0","0","16","1","0","00","0","40 04:06.676","","00","76 18:11.551","0","0","0","0","36101","0","0","0","N","0","0","0","2","36101","0","","1","01","N","N","0","","0","0","0","0","0","","1649","0","2","0","0","0","0","0","3","1","2","N","","","","","","","","","","","","03","  ","","",""
"1520","1","0","0","0","0","0","0","0","0","1","0","","36","01","2016","2016006429","2","40.0787","-76.3464","1516","08","0","0","0","0","0","0","0","0","","0","0","0","15","1","2","06","0","40 04:43.399","","02","76 20:46.906","3","0","0","0","36101","0","0","0","N","0","0","0","2","36101","0","","1","01","N","N","0","","2","0","1","3","3","","1516","2","2","0","0","0","0","0","3","0","2","N","","","","","","","","","","","","03","  ","","",""
"1808","2","0","0","0","0","0","0","0","0","4","0","","36","01","2016","2016006498","7","40.154","-76.5996","1802","08","0","0","0","0","0","1","0","0","2","0","0","0","18","2","0","01","2","40 09:14.228","1","00","76 35:58.671","0","0","0","0","36407","0","0","0","N","0","0","0","3","36407","0","","1","01","N","N","0","","0","0","0","3","3","Y","1800","0","2","0","0","0","0","0","2","0","2","N","","","","","","","","","","","","03","  ","","",""
"1845","1","0","0","0","0","0","0","0","0","7","0","","36","01","2016","2016006501","7","39.9944","-76.2194","1840","08","0","1","0","0","0","0","0","0","3","0","0","0","18","2","0","00","2","39 59:39.854","5","00","76 13:09.874","0","0","0","0","36240","0","0","0","N","0","0","0","1","36240","0","","4","01","N","N","0","","0","0","0","0","0","Y","1840","0","1","0","0","0","0","0","1","0","1","N","","","","","","","","","","","","03","  ","","",""
"2138","1","0","0","0","0","0","0","0","0","4","0","","36","01","2016","2016006514","7","40.0703","-76.3274","2130","08","0","0","0","0","0","0","0","0","","0","0","0","20","3","2","00","0","40 04:13.239","","03","76 19:38.747","3","0","0","0","36101","0","0","0","Y","0","0","0","3","36101","0","","1","01","N","N","0","","2","0","0","0","0","","2050","2","2","0","0","0","0","1","3","0","2","N","","","","","","","","","","","","03","  ","","",""
"2042","3","0","0","0","0","0","0","0","0","8","0","","36","01","2016","2016006527","2","40.0324","-76.3044","2040","08","0","0","0","0","0","0","0","0","2","0","0","0","20","3","2","00","2","40 01:56.510","4","00","76 18:15.810","3","0","0","0","36301","1","0","0","N","1","0","0","3","36301","0","","6","01","N","N","0","","2","0","0","0","0","N","2040","2","4","0","0","1","0","1","3","0","3","N","","","","","","","","","","","","03","  ","","",""
"2308","2","0","0","0","0","0","0","0","0","4","0","","36","01","2016","2016006544","7","40.0386","-76.3358","2304","08","0","1","0","0","0","0","0","0","3","0","0","0","23","3","0","01","1","40 02:18.838","3","00","76 20:08.893","0","0","0","0","36220","0","0","0","N","0","0","0","1","36101","0","","1","01","N","N","0","","0","0","0","3","2","N","2301","0","2","0","0","0","0","0","3","0","2","N","","","","","","","","","","","","03","  ","","",""
"1215","1","0","0","0","0","0","0","0","0","4","0","","36","01","2016","2016006550","7","40.1786","-76.1794","1214","08","0","0","0","0","0","1","1","0","1","0","0","0","12","1","0","02","1","40 10:42.9","4","00","76 10:45.9","0","0","0","0","36408","0","0","0","N","0","0","0","2","36408","0","","1","01","N","N","0","","0","0","1","0","0","N","1212","0","2","0","0","0","0","0","2","0","2","N","","","","","","","","","","","","03","  ","","",""
"1448","1","0","0","0","0","0","0","0","0","1","0","","36","01","2016","2016006559","2","40.0389","-76.2798","1441","08","0","0","0","0","0","1","0","0","","0","0","0","14","1","2","00","0","40 02:20.059","","00","76 16:47.389","4","0","0","0","36220","0","0","0","N","0","0","0","5","36101","2","","1","01","N","N","0","","0","0","0","0","0","","1439","2","2","0","0","0","0","0","3","1","2","N","","","","","","","","","","","","03","  ","","",""
"1034","2","0","0","0","0","0","0","0","0","1","0","","36","01","2016","2016006561","7","40.0965","-76.1067","1029","08","0","0","0","0","0","0","0","0","1","0","0","0","10","1","1","00","2","40 05:47.316","6","00","76 06:23.945","3","0","0","0","36415","0","0","0","N","0","0","0","8","36415","0","","1","01","N","N","0","","1","0","0","0","0","Y","1027","1","2","0","0","0","0","0","1","0","2","N","","","","","","","","","","","","03","  ","","",""
"1647","1","0","0","0","0","0","0","0","0","5","1","","36","01","2016","2016006567","6","40.068","-76.2932","1643","08","0","0","0","0","1","0","0","0","","0","1","0","16","1","0","00","0","40 04:04.750","","00","76 17:35.509","9","0","0","0","36101","0","0","0","N","0","0","0","2","36101","0","","1","01","N","N","0","","0","0","0","0","0","","1640","0","2","0","0","0","0","1","3","0","2","N","","","","","","","","","","","","03","  ","","",""