"ARRIVAL_TM","AUTOMOBILE_COUNT","BELTED_DEATH_COUNT","BELTED_SUSP_SERIOUS_INJ_COUNT","BICYCLE_COUNT","BICYCLE_DEATH_COUNT","BICYCLE_SUSP_SERIOUS_INJ_COUNT","BUS_COUNT","CHLDPAS_DEATH_COUNT","CHLDPAS_SUSP_SERIOUS_INJ_COUNT","COLLISION_TYPE","COMM_VEH_COUNT","CONS_ZONE_SPD_LIM","COUNTY","CRASH_MONTH","CRASH_YEAR","CRN","DAY_OF_WEEK","DEC_LAT","DEC_LONG","DISPATCH_TM","DISTRICT","DRIVER_COUNT_16YR","DRIVER_COUNT_17YR","DRIVER_COUNT_18YR","DRIVER_COUNT_19YR","DRIVER_COUNT_20YR","DRIVER_COUNT_50_64YR","DRIVER_COUNT_65_74YR","DRIVER_COUNT_75PLUS","EST_HRS_CLOSED","FATAL_COUNT","HEAVY_TRUCK_COUNT","HORSE_BUGGY_COUNT","HOUR_OF_DAY","ILLUMINATION","INJURY_COUNT","INTERSECT_TYPE","LANE_CLOSED","LATITUDE","LN_CLOSE_DIR","LOCATION_TYPE","LONGITUDE","MAX_SEVERITY_LEVEL","MCYCLE_DEATH_COUNT","MCYCLE_SUSP_SERIOUS_INJ_COUNT","MOTORCYCLE_COUNT","MUNICIPALITY","NONMOTR_COUNT","NONMOTR_DEATH_COUNT","NONMOTR_SUSP_SERIOUS_INJ_COUNT","NTFY_HIWY_MAINT","PED_COUNT","PED_DEATH_COUNT","PED_SUSP_SERIOUS_INJ_COUNT","PERSON_COUNT","POLICE_AGCY","POSSIBLE_INJ_COUNT","RDWY_SURF_TYPE_CD","RELATION_TO_ROAD","ROAD_CONDITION","SCH_BUS_IND","SCH_ZONE_IND","SMALL_TRUCK_COUNT","SPEC_JURIS_CD","SUSP_MINOR_INJ_COUNT","SUSP_SERIOUS_INJ_COUNT","SUV_COUNT","TCD_FUNC_CD","TCD_TYPE","TFC_DETOUR_IND","TIME_OF_DAY","TOT_INJ_COUNT","TOTAL_UNITS","UNB_DEATH_COUNT","UNB_SUSP_SERIOUS_INJ_COUNT","UNBELTED_OCC_COUNT","UNK_INJ_DEG_COUNT","UNK_INJ_PER_COUNT","URBAN_RURAL","VAN_COUNT","VEHICLE_COUNT","WORK_ZONE_IND","WORK_ZONE_LOC","WORK_ZONE_TYPE","WORKERS_PRES","WZ_CLOSE_DETOUR","WZ_FLAGGER","WZ_LAW_OFFCR_IND","WZ_LN_CLOSURE","WZ_MOVING","WZ_OTHER","WZ_SHLDER_MDN","ROADWAY_CLEARED","WEATHER1","WEATHER2","WZ_WORKERS_INJ_KILLED","SECONDARY_CRASH","INTERSECTION_RELATED"
"1257","2","0","0","0","0","0","0","0","0","4","0","","36","01","2016","2016006571","6","40.078","-76.3381","1254","08","0","0","0","0","0","0","0","0","1","0","0","0","12","1","1","01","1","40 04:40.938","1","00","76 20:17.286","3","0","0","0","36101","0","0","0","N","0","0","0","2","36101","0","","1","01","N","N","0","","1","0","0","3","2","N","1252","1","2","0","0","0","0","0","3","0","2","N","","","","","","","","","","","","03","  ","","",""
"1106","3","0","0","0","0","0","0","0","0","1","0","","36","01","2016","2016006665","6","40.1471","-76.2095","1104","08","0","0","0","0","0","0","1","0","","0","0","0","11","1","1","02","0","40 08:49.714","","00","76 12:34.373","4","0","0","0","36238","0","0","0","N","0","0","0","3","36238","1","","1","09","N","N","0","","0","0","0","0","0","","1104","1","3","0","0","0","0","0","3","0","3","N","","","","","","","","","","","","03","  ","","",""
"0811","1","0","0","0","0","0","0","0","0","7","0","","36","01","2016","2016006746","2","40.2296","-76.445","0758","08","0","0","0","0","0","0","0","0","1","0","0","0","07","1","1","00","1","40 13:46.975","4","00","76 26:39.371","4","0","0","0","36230","0","0","0","","0","0","0","1","68T06","1","","2","01","N","N","0","","0","0","0","0","0","N","0758","1","1","0","0","0","0","0","1","0","1","N","","","","","","","","","","","","03","  ","","",""
"1031","1","0","0","0","0","0","0","0","0","7","0","","36","01","2016","2016006747","3","40.2353","-76.2943","1030","08","0","0","0","0","0","0","1","0","1","0","0","0","10","1","1","00","1","40 14:06.894","4","00","76 17:42.448","4","0","0","0","36217","0","0","0","","0","0","0","1","68T06","1","","3","01","N","N","0","","0","0","0","0","0","Y","1030","1","1","0","0","0","0","0","1","0","1","N","","","","","","","","","","","","98","  ","","",""
"2220","1","0","0","0","0","0","0","0","0","7","0","","36","01","2016","2016006748","3","40.2326","-76.1274","2215","08","0","0","1","0","0","0","0","0","1","0","0","0","22","2","3","00","1","40 13:56.911","4","00","76 07:38.133","4","0","0","0","36405","0","0","0","","0","0","0","4","68T06","3","","4","02","N","N","0","","0","0","0","0","0","N","2215","3","1","0","0","0","0","0","1","0","1","N","","","","","","","","","","","","10","  ","","",""
"1751","1","0","0","0","0","0","0","0","0","5","1","","36","01","2016","2016006749","6","40.1736","-75.9587","1728","08","0","0","0","0","0","0","0","0","","0","1","0","17","2","0","00","0","40 10:24.410","","00","75 57:29.847","9","0","0","0","36203","0","0","0","","0","0","0","2","68T06","0","","1","01","N","N","0","","0","0","0","0","0","","1726","0","2","0","0","0","0","1","1","0","2","N","","","","","","","","","","","","03","  ","","",""
"1838","1","0","0","0","0","0","0","0","0","7","0","","36","01","2016","2016006769","1","40.1165","-76.0974","1834","08","0","0","0","1","0","0","0","0","2","0","0","0","18","2","2","00","2","40 06:59.401","5","00","76 05:50.790","8","0","0","0","36209","0","0","0","N","0","0","0","2","36415","0","","4","02","N","N","0","","0","0","0","0","0","Y","1834","2","1","0","0","0","2","0","1","0","1","N","","","","","","","","","","","","03","  ","","",""
"1116","0","0","0","0","0","0","0","0","0","8","0","","36","01","2016","2016006782","7","39.8978","-76.1617","1113","08","0","0","0","0","0","1","0","0","","0","0","0","11","1","1","01","0","39 53:52.166","","00","76 09:41.968","4","0","0","0","36416","1","0","0","N","1","0","0","3","36416","1","","1","09","N","N","1","","0","0","0","0","0","","1111","1","2","0","0","0","0","0","1","0","1","N","","","","","","","","","","","","03","  ","","",""
"2023","0","0","0","0","0","0","0","0","0","7","0","","36","01","2016","2016006787","3","40.2261","-76.1326","2016","08","0","0","0","0","0","0","0","0","","0","0","0","20","2","0","00","0","40 13:33.900","","00","76 07:57.400","0","0","0","0","36210","0","0","0","N","0","0","0","3","36210","0","","4","02","N","N","0","","0","0","0","0","0","","2014","0","1","0","0","0","0","0","1","1","1","N","","","","","","","","","","","","10","  ","","",""
"2302","0","0","0","0","0","0","0","0","0","7","0","","36","01","2016","2016006822","7","40.0757","-76.461","2254","08","0","0","0","0","0","0","0","0","","0","0","0","22","2","0","00","0","40 04:32.686","","00","76 27:39.530","0","0","0","0","36239","0","0","0","Y","0","0","0","1","36239","0","","2","01","N","N","1","","0","0","0","0","0","","2245","0","1","0","0","0","0","0","3","0","1","N","","","","","","","","","","","","03","  ","","",""
"2026","3","0","0","0","0","0","0","0","0","1","0","","36","01","2016","2016006919","5","40.0902","-76.2808","2022","08","0","0","0","0","0","0","0","0","","0","0","0","20","3","0","00","0","40 05:24.890","","00","76 16:50.871","0","0","0","0","36101","0","0","0","N","0","0","0","3","36101","0","","1","01","N","N","0","","0","0","0","3","2","","2019","0","3","0","0","0","0","0","3","0","3","N","","","","","","","","","","","","03","  ","","",""
"0907","0","0","0","0","0","0","0","0","0","4","0","","36","01","2016","2016006943","2","40.0978","-76.4171","0905","08","0","0","0","0","0","1","0","0","","0","0","0","09","1","0","00","0","40 05:51.942","","07","76 25:01.480","0","0","0","0","36214","0","0","0","N","0","0","0","2","36214","0","","1","01","N","N","2","","0","0","0","0","0","","0904","0","2","0","0","0","0","0","3","0","2","N","","","","","","","","","","","","03","  ","","",""
"2126","0","0","0","0","0","0","0","0","0","7","0","","36","01","2016","2016006946","5","40.1636","-76.308","2126","08","0","0","0","0","1","0","0","0","","0","0","0","21","3","0","00","0","40 09:48.955","","00","76 18:28.629","0","0","0","0","36409","0","0","0","N","0","0","0","1","36409","0","","4","01","N","N","1","","0","0","0","0","0","","2126","0","1","0","0","0","0","0","3","0","1","N","","","","","","","","","","","","03","  ","","",""
"1535","0","0","0","0","0","0","0","0","0","7","0","","36","01","2016","2016006956","4","40.1278","-76.476","1530","08","0","0","0","0","0","0","0","0","1","0","0","0","15","1","0","00","1","40 07:40.049","3","01","76 28:33.598","0","0","0","0","36230","0","0","0","Y","0","0","0","1","36410","0","","2","02","N","N","0","","0","0","1","0","0","N","1525","0","1","0","0","0","0","0","1","0","1","N","","","","","","","","","","","","03","  ","","",""
"1835","1","0","0","0","0","0","0","0","0","7","0","","36","01","2016","2016007073","7","39.8582","-76.0812","1822","08","0","0","0","1","0","0","0","0","2","0","0","0","18","2","1","00","1","39 51:29.579","5","00","76 04:52.476","3","0","0","0","36205","0","0","0","","0","0","0","1","68J01","0","","4","01","N","N","0","","1","0","0","0","0","N","1822","1","1","0","0","0","0","0","1","0","1","N","","","","","","","","","","","","03","  ","","",""
"1206","1","0","0","0","0","0","0","0","0","7","0","","36","01","2016","2016007132","1","40.0059","-76.1609","1158","08","0","0","0","0","0","0","0","0","1","0","0","0","11","1","1","00","1","40 00:21.200","1","00","76 09:39.320","8","0","0","0","36233","0","0","0","","0","0","0","1","68J01","0","","4","09","N","N","0","","0","0","0","0","0","N","1158","1","1","0","0","1","1","0","1","0","1","N","","","","","","","","","","","","03","  ","","",""
"2019","1","0","0","0","0","0","0","0","0","7","0","","36","01","2016","2016007133","1","40.1993","-76.075","2014","08","0","0","0","0","0","0","0","0","","0","0","0","20","2","0","00","0","40 11:57.470","","00","76 04:30.060","0","0","0","0","36202","0","0","0","","0","0","0","5","68J01","0","","4","01","N","N","0","","0","0","0","0","0","","2013","0","1","0","0","1","0","0","1","0","1","N","","","","","","","","","","","","03","  ","","",""
"1113","1","0","0","0","0","0","0","0","0","1","0","","36","01","2016","2016007134","2","39.9823","-76.0173","1037","08","0","0","0","0","0","1","0","0","","0","1","0","10","1","0","02","0","39 58:56.302","","00","76 01:02.297","0","0","0","0","36232","0","0","0","","0","0","0","3","68J01","0","","1","01","N","N","0","","0","0","0","0","0","","1035","0","2","0","0","0","0","0","1","0","2","N","","","","","","","","","","","","03","  ","","",""
"2159","1","0","0","0","0","0","0","0","0","1","0","","36","01","2016","2016007135","6","39.9914","-76.0165","2159","08","0","0","0","0","0","2","0","0","","0","0","0","21","3","0","00","0","39 59:29.163","","00","76 00:59.367","0","0","0","0","36232","0","0","0","","0","0","0","3","68J01","0","","1","09","N","N","0","","0","0","0","0","0","","2156","0","2","0","0","0","0","0","1","1","2","N","","","","","","","","","","","","07","  ","","",""
"1820","0","0","0","0","0","0","0","0","0","2","0","","36","01","2016","2016007183","2","40.0418","-76.3223","1816","08","0","0","0","0","0","0","0","0","2","0","0","0","17","3","0","01","1","40 02:30.516","1","00","76 19:20.272","0","0","0","0","36301","0","0","0","N","0","0","0","2","36301","0","","1","01","N","N","0","","0","0","2","3","2","Y","1751","0","2","0","0","0","0","0","3","0","2","N","","","","","","","","","","","","03","  ","","",""
"1912","1","0","0","0","0","0","0","0","0","7","0","","36","01","2016","2016007187","2","40.0232","-76.279","1904","08","0","0","0","0","0","1","0","0","1","0","0","0","19","2","0","00","2","40 01:23.498","5","00","76 16:44.563","0","0","0","0","36240","0","0","0","N","0","0","0","1","36240","0","","4","01","N","N","0","","0","0","0","0","0","Y","1904","0","1","0","0","0","0","0","1","0","1","N","","","","","","","","","","","","03","  ","","",""
"2212","1","0","0","0","0","0","0","0","0","7","0","","36","01","2016","2016007205","3","40.2185","-76.1504","2208","08","0","0","0","0","0","0","0","0","","0","0","0","22","2","0","00","0","40 13:06.564","","00","76 09:01.426","0","0","0","0","36210","0","0","0","N","0","0","0","1","36210","0","","4","07","N","N","0","","0","0","0","0","0","","2208","0","1","0","0","0","0","0","1","0","1","N","","","","","","","","","","","","10","  ","","",""
"0219","1","0","0","0","0","0","0","0","0","7","0","","36","01","2016","2016007208","4","40.2185","-76.1504","0213","08","0","0","0","0","1","0","0","0","","0","0","0","02","2","0","00","0","40 13:06.564","","00","76 09:01.426","0","0","0","0","36210","0","0","0","N","0","0","0","1","36210","0","","4","07","N","N","0","","0","0","0","0","0","","0211","0","1","0","0","0","0","0","1","0","1","N","","","","","","","","","","","","10","  ","","",""
"1835","1","0","0","0","0","0","0","0","0","5","0","","36","01","2016","2016007209","2","40.0229","-76.3048","1829","08","0","0","0","0","0","1","0","0","2","0","0","0","18","2","0","05","1","40 01:22.439","2","00","76 18:17.112","0","0","0","0","36220","0","0","0","N","0","0","0","3","36101","0","","1","01","N","N","1","","0","0","0","3","2","N","1814","0","2","0","0","0","0","0","3","0","2","N","","","","","","","","","","","","03","  ","","",""
"1750","2","0","0","0","0","0","0","0","0","1","0","","36","01","2016","2016007232","4","40.0679","-76.2909","1741","08","0","0","0","0","1","0","0","0","","0","0","0","17","3","0","00","0","40 04:04.318","","00","76 17:27.137","0","0","0","0","36101","0","0","0","N","0","0","0","3","36101","0","","1","01","N","N","0","","0","0","1","0","0","","1737","0","3","0","0","0","0","0","3","0","3","N","","","","","","","","","","","","03","  ","","",""
"1041","0","0","0","0","0","0","0","0","0","7","0","","36","01","2016","2016007234","4","40.2073","-76.2126","1024","08","0","0","0","0","1","0","0","0","","0","0","0","10","1","0","00","0","40 12:26.400","","00","76 12:45.300","0","0","0","0","36204","0","0","0","N","0","0","0","1","36506","0","","2","02","N","N","1","","0","0","0","0","0","","1024","0","1","0","0","0","0","0","1","0","1","N","","","","","","","","","","","","03","  ","","",""
"2144","1","0","0","0","0","0","0","0","0","7","0","","36","01","2016","2016007337","1","40.2099","-76.0342","2138","08","0","0","0","0","0","0","0","0","","0","0","0","21","2","1","00","0","40 12:35.589","","00","76 02:01.210","4","0","0","0","36202","0","0","0","","0","0","0","3","68T06","1","","3","01","N","N","0","","0","0","0","0","0","","2136","1","1","0","0","0","0","0","1","0","1","N","","","","","","","","","","","","03","  ","","",""
"1421","2","0","0","0","0","0","0","0","0","1","0","","36","01","2016","2016007354","5","40.0379","-76.3128","1416","08","0","0","0","1","0","0","0","0","","0","0","0","14","1","1","00","0","40 02:16.262","","00","76 18:46.101","4","0","0","0","36301","0","0","0","N","0","0","0","4","36301","1","","1","01","N","N","0","","0","0","0","0","0","","1409","1","2","0","0","0","0","0","3","0","2","N","","","","","","","","","","","","03","  ","","",""
"0853","1","0","0","0","0","0","0","0","0","1","0","","36","01","2016","2016007378","3","40.1803","-76.195","0847","08","0","0","0","0","0","0","0","1","","0","0","0","08","1","1","01","0","40 10:49.119","","00","76 11:42.137","4","0","0","0","36408","0","0","0","N","0","0","0","3","36408","1","","1","01","N","N","0","","0","0","1","3","2","","0847","1","2","0","0","0","0","0","2","0","2","N","","","","","","","","","","","","03","  ","","",""
"1307","2","0","0","0","0","0","0","0","0","4","0","","36","01","2016","2016007385","6","40.0422","-76.2956","1300","08","0","0","0","0","0","0","0","0","2","0","0","0","13","1","0","01","1","40 02:31.984","2","00","76 17:44.246","0","0","0","0","36301","0","0","0","N","0","0","0","2","36301","0","","1","01","N","N","0","","0","0","0","3","3","N","1300","0","2","0","0","0","0","0","3","0","2","N","","","","","","","","","","","","03","  ","","",""
"1715","0","0","0","0","0","0","0","0","0","7","0","","36","01","2016","2016007387","5","40.1157","-76.0962","1710","08","0","0","0","0","0","1","0","0","","0","0","0","17","2","1","00","0","40 06:56.353","","00","76 05:46.318","8","0","0","0","36209","0","0","0","N","0","0","0","1","36415","0","","4","01","N","N","0","","0","0","0","0","0","","1710","1","1","0","0","0","1","0","1","1","1","N","","","","","","","","","","","","03","  ","","",""
"1758","1","0","0","0","0","0","0","0","0","1","0","","36","01","2016","2016007398","5","40.0508","-76.257","1745","08","0","0","0","1","0","1","0","0","","0","0","0","17","3","0","03","0","40 03:02.884","","02","76 15:25.140","0","0","0","0","36215","0","0","0","N","0","0","0","2","36215","0","","1","01","N","N","0","","0","0","1","3","4","","1745","0","2","0","0","0","0","0","1","0","2","N","","","","","","","","","","","","03","  ","","",""
"1722","2","0","0","0","0","0","0","0","0","1","0","","36","01","2016","2016007423","5","40.0677","-76.2895","1704","08","0","0","1","1","0","0","0","0","","0","0","0","16","3","0","00","0","40 04:03.754","","00","76 17:22.159","0","0","0","0","36101","0","0","0","N","0","0","0","2","36101","0","","1","01","N","N","0","","0","0","0","0","0","","1655","0","3","0","0","0","0","0","3","0","2","N","","","","","","","","","","","","03","  ","","",""
"1940","1","0","1","0","0","0","0","0","0","2","0","","36","01","2016","2016007434","7","39.9943","-76.3203","1935","08","0","0","0","0","0","0","0","0","4","1","0","0","19","2","1","00","2","39 59:39.489","6","00","76 19:12.929","1","0","0","0","36228","0","0","0","N","0","0","0","2","36503","0","2","1","01","N","N","0","0","0","1","1","0","0","Y","1933","1","2","1","0","1","0","0","1","0","2","N","","","","","","","","","","","","03","  ","","",""
"2216","4","0","0","0","0","0","0","0","0","2","0","","36","01","2016","2016007448","6","40.0508","-76.2993","2112","08","0","0","0","0","0","1","0","0","2","0","0","0","21","3","1","01","1","40 03:02.836","1","00","76 17:57.339","3","0","0","0","36301","0","0","0","N","0","0","0","3","36301","0","","1","09","N","N","0","","1","0","0","3","2","N","2112","1","4","0","0","0","0","0","3","0","4","N","","","","","","","","","","","","07","  ","","",""
"1117","2","0","0","0","0","0","0","0","0","4","0","","36","01","2016","2016007450","2","40.0736","-76.3205","1104","08","0","0","0","0","0","1","0","0","","0","0","0","10","1","1","01","0","40 04:24.800","","00","76 19:13.800","4","0","0","0","36101","0","0","0","N","0","0","0","2","36101","1","","1","01","N","N","0","","0","0","0","0","0","","1059","1","2","0","0","0","0","0","3","0","2","N","","","","","","","","","","","","03","  ","","",""
"1607","3","0","0","0","0","0","0","0","0","1","0","","36","01","2016","2016007467","2","40.1616","-76.6033","1600","08","0","0","1","0","0","0","0","0","","0","0","0","15","1","1","00","0","40 09:41.698","","00","76 36:11.782","3","0","0","0","36407","0","0","0","N","0","0","0","1","36407","0","","2","01","Y","N","0","","1","0","0","0","0","","1557","1","3","0","0","1","0","0","2","0","3","N","","","","","","","","","","","","03","  ","","",""
"1458","1","0","0","0","0","0","0","0","0","4","0","","36","01","2016","2016007631","2","40.0612","-76.346","1456","08","0","1","0","0","0","1","0","0","2","0","0","0","14","1","0","00","1","40 03:40.204","4","00","76 20:45.722","0","0","0","0","36214","0","0","0","N","0","0","0","2","36214","0","","1","01","N","N","0","","0","0","1","0","0","N","1450","0","2","0","0","0","0","0","3","0","2","N","","","","","","","","","","","","03","  ","","",""
"0735","0","0","0","0","0","0","0","0","0","4","0","","36","01","2016","2016007741","6","40.087","-76.4093","0722","08","1","0","0","0","0","0","0","0","2","0","0","0","07","1","0","02","1","40 05:13.131","2","00","76 24:33.479","0","0","0","0","36214","0","0","0","N","0","0","0","4","36214","0","","1","01","N","N","0","","0","0","2","0","0","N","0718","0","2","0","0","0","0","0","3","0","2","N","","","","","","","","","","","","03","  ","","",""
"0730","1","0","0","0","0","0","0","0","0","7","0","","36","01","2016","2016007803","4","39.9207","-76.2474","0705","08","0","0","0","0","1","0","0","0","","0","0","0","06","2","1","00","0","39 55:14.418","","00","76 14:50.778","4","0","0","0","36229","0","0","0","","0","0","0","1","68J01","1","","4","01","N","N","0","","0","0","0","0","0","","0645","1","1","0","0","0","0","0","1","0","1","N","","","","","","","","","","","","03","  ","","",""
"1449","0","0","0","0","0","0","0","0","0","7","0","","36","01","2016","2016007804","1","39.7739","-76.1789","1433","08","0","1","0","0","0","0","0","0","1","0","0","0","14","1","0","00","1","39 46:25.949","4","00","76 10:44.066","0","0","0","0","36219","0","0","0","","0","0","0","1","68J01","0","","2","09","N","N","1","","0","0","0","3","3","N","1428","0","1","0","0","1","0","0","1","0","1","N","","","","","","","","","","","","10","  ","","",""
"1106","2","0","0","0","0","0","0","0","0","1","0","","36","01","2016","2016007925","7","40.0391","-76.3882","1105","08","0","0","0","0","0","1","0","0","","0","0","0","11","1","0","00","0","40 02:20.600","","07","76 23:17.600","0","0","0","0","36223","0","0","0","N","0","0","0","2","36223","0","","1","09","N","N","0","","0","0","0","0","0","","1105","0","2","0","0","0","0","0","1","0","2","N","","","","","","","","","","","","07","  ","","",""
"1706","2","0","0","0","0","0","0","0","0","1","0","","36","01","2016","2016007936","5","40.0302","-76.2316","1652","08","0","0","0","0","0","0","0","0","","0","0","0","16","4","0","00","0","40 01:48.588","","00","76 13:53.631","0","0","0","0","36215","0","0","0","N","0","0","0","3","36215","0","","1","01","N","N","0","","0","0","0","0","0","","1650","0","3","0","0","0","0","0","1","1","3","N","","","","","","","","","","","","03","  ","","",""
"2218","1","0","0","0","0","0","0","0","0","4","0","","36","01","2016","2016007948","5","40.0349","-76.3051","2214","08","0","0","0","0","0","0","0","0","2","0","0","0","22","3","1","01","2","40 02:05.480","7","00","76 18:18.334","3","0","0","0","36301","0","0","0","N","0","0","0","2","36301","0","","1","01","N","N","0","","1","0","1","3","3","Y","2214","1","2","0","0","0","0","1","3","0","2","N","","","","","","","","","","","","03","  ","","",""
"1821","0","0","0","0","0","0","0","0","0","1","0","","36","01","2016","2016007970","5","40.0683","-76.3032","1816","08","0","0","0","0","0","0","0","0","1","0","0","0","17","4","0","00","1","40 04:06.051","3","03","76 18:11.560","0","0","0","0","36101","0","0","0","N","0","0","0","3","36101","0","","1","01","N","N","2","","0","0","1","0","0","N","1744","0","3","0","0","0","0","0","3","0","3","N","","","","","","","","","","","","03","  ","","",""
"0325","2","0","0","0","0","0","0","0","0","7","0","","36","01","2016","2016008057","2","40.0979","-76.4452","0304","08","0","0","0","0","0","0","0","0","","0","0","0","02","2","0","00","0","40 05:52.413","","00","76 26:42.798","0","0","0","0","36239","0","0","0","N","0","0","0","1","36239","0","","5","01","N","N","0","","0","0","0","0","0","","0200","0","2","0","0","0","0","0","3","0","2","N","","","","","","","","","","","","03","  ","","",""
"1548","1","0","0","0","0","0","0","0","0","4","0","","36","01","2016","2016008111","6","40.1326","-76.347","1520","08","0","0","0","0","0","2","0","0","","0","0","0","15","1","0","01","0","40 07:57.364","","00","76 20:49.148","0","0","0","0","36227","0","0","0","N","0","0","0","2","36506","0","","1","01","N","N","1","","0","0","0","3","3","","1520","0","2","0","0","0","0","0","1","0","2","N","","","","","","","","","","","","03","  ","","",""
"1243","2","0","0","0","0","0","0","0","0","1","0","","36","01","2016","2016008125","4","40.0526","-76.3042","1233","08","0","0","0","0","0","0","0","0","","0","0","0","12","1","0","01","0","40 03:09.289","","00","76 18:15.133","0","0","0","0","36301","0","0","0","N","0","0","0","2","36301","0","","1","01","N","N","0","","0","0","0","3","2","","1231","0","2","0","0","0","0","0","3","0","2","N","","","","","","","","","","","","03","  ","","",""
"0535","1","0","0","0","0","0","0","0","0","7","0","","36","01","2016","2016008194","4","40.2211","-76.2327","0527","08","0","0","0","0","0","0","0","0","1","0","0","0","05","2","0","00","1","40 13:15.900","3","00","76 13:57.600","0","0","0","0","36204","0","0","0","N","0","0","0","1","36506","0","","4","01","N","N","0","","0","0","0","0","0","N","0526","0","1","0","0","0","0","0","1","0","1","N","","","","","","","","","","","","03","  ","","",""
"1659","0","0","0","0","0","0","0","0","0","4","0","","36","01","2016","2016008195","7","40.185","-76.3091","1656","08","0","0","0","0","0","0","0","0","2","0","0","1","16","4","0","02","2","40 11:05.929","5","00","76 18:32.760","0","0","0","0","36235","5","0","0","N","0","0","0","6","36506","0","","1","09","N","N","0","","0","0","1","0","0","Y","1656","0","2","0","0","0","0","0","1","0","1","N","","","","","","","","","","","","03","  ","","",""
"1030","1","0","0","0","0","0","0","0","0","7","0","","36","01","2016","2016008196","2","40.1848","-76.3844","1019","08","0","1","0","0","0","0","0","0","2","0","0","0","10","1","0","00","1","40 11:05.100","4","00","76 23:03.900","0","0","0","0","36227","0","0","0","N","0","0","0","1","36506","0","","4","01","N","N","0","","0","0","0","0","0","N","1015","0","1","0","0","0","0","0","1","0","1","N","","","","","","","","","","","","98","  ","","",""
"1712","1","0","0","0","0","0","0","0","0","7","0","","36","01","2016","2016008197","2","40.2093","-76.2207","1704","08","0","0","0","0","0","0","0","0","","0","0","0","17","4","0","00","0","40 12:33.400","","00","76 13:14.600","0","0","0","0","36204","0","0","0","N","0","0","0","1","36506","0","","4","01","N","N","0","","0","0","0","0","0","","1703","0","1","0","0","0","0","0","1","0","1","N","","","","","","","","","","","","03","  ","","",""
"0226","0","0","0","0","0","0","0","0","0","7","0","","36","01","2016","2016008266","7","39.8495","-76.3135","0152","08","0","0","1","0","0","0","0","0","","0","0","0","01","2","2","00","0","39 50:58.301","","00","76 18:48.663","4","0","0","0","36224","0","0","0","","0","0","0","3","68J01","2","","2","01","N","N","1","","0","0","0","0","0","","0151","2","1","0","0","0","0","0","1","0","1","N","","","","","","","","","","","","03","  ","","",""
"1149","0","0","0","0","0","0","0","0","0","0","0","","36","01","2016","2016008267","7","39.7965","-76.1848","1124","08","0","1","0","0","0","0","0","0","2","0","0","0","11","1","2","00","2","39 47:47.261","5","00","76 11:05.415","4","0","0","0","36219","0","0","0","","0","0","0","2","68J01","2","","1","09","N","N","1","","0","0","0","0","0","Y","1120","2","1","0","0","0","0","0","1","0","1","N","","","","","","","","","","","","07","  ","","",""
"0439","1","0","0","0","0","0","0","0","0","7","0","","36","01","2016","2016008300","4","40.2722","-76.0892","0434","08","0","0","0","0","0","0","0","0","3","0","0","0","04","2","0","00","2","40 16:20.067","5","00","76 05:21.157","0","0","0","0","36210","0","0","0","N","0","0","0","1","36210","0","","4","01","N","N","0","","0","0","0","0","0","Y","0433","0","1","0","0","0","0","0","1","0","1","N","","","","","","","","","","","","03","  ","","",""
"1753","1","0","0","0","0","0","0","0","0","2","0","","36","01","2016","2016008324","4","40.1618","-76.393","1749","08","0","0","0","0","0","1","0","0","","0","0","0","17","4","0","01","0","40 09:42.560","","00","76 23:34.873","0","0","0","0","36410","0","0","0","N","0","0","0","2","36410","0","","1","01","N","N","0","","0","0","1","3","2","","1749","0","2","0","0","0","0","0","2","0","2","N","","","","","","","","","","","","03","  ","","",""
"1900","1","0","0","0","0","0","0","0","0","8","0","","36","01","2016","2016008325","4","40.1073","-76.3001","1854","08","0","0","0","0","0","0","0","0","3","0","0","0","18","2","1","00","2","40 06:26.324","6","00","76 18:00.355","2","0","0","0","36101","1","0","1","N","1","0","1","3","36101","0","","1","01","N","N","0","","0","1","0","0","0","N","1850","1","2","0","0","0","0","0","3","0","1","N","","","","","","","","","","","","03","  ","","",""
"1740","0","0","0","0","0","0","0","0","0","8","1","","36","01","2016","2016008330","3","40.0296","-76.2294","1739","08","0","0","0","0","0","0","0","0","2","0","1","0","17","3","1","00","1","40 01:46.507","3","00","76 13:45.883","2","0","0","0","36215","1","0","1","N","1","0","1","2","36215","0","","1","01","N","N","0","","0","1","0","0","0","N","1736","1","2","0","0","0","0","1","1","0","1","N","","","","","","","","","","","","03","  ","","",""
"1740","2","0","0","0","0","0","0","0","0","1","0","","36","01","2016","2016008336","3","40.0296","-76.2296","1739","08","0","0","0","0","1","0","0","0","2","0","0","0","17","3","0","00","1","40 01:46.666","3","00","76 13:46.560","0","0","0","0","36215","0","0","0","N","0","0","0","4","36215","0","","1","01","N","N","0","","0","0","0","0","0","N","1736","0","2","0","0","1","0","0","1","0","2","N","","","","","","","","","","","","03","  ","","",""
"0344","0","0","0","0","0","0","0","0","0","7","0","","36","01","2016","2016008352","4","40.2442","-76.2028","0330","08","0","0","0","0","0","1","0","0","","0","0","0","03","2","0","00","0","40 14:39.055","","00","76 12:10.195","0","0","0","0","36236","0","0","0","N","0","0","0","1","36408","0","","5","02","N","N","0","","0","0","0","0","0","","0328","0","1","0","0","0","0","0","1","1","1","N","","","","","","","","","","","","10","  ","","",""