"ARRIVAL_TM","AUTOMOBILE_COUNT","BELTED_DEATH_COUNT","BELTED_SUSP_SERIOUS_INJ_COUNT","BICYCLE_COUNT","BICYCLE_DEATH_COUNT","BICYCLE_SUSP_SERIOUS_INJ_COUNT","BUS_COUNT","CHLDPAS_DEATH_COUNT","CHLDPAS_SUSP_SERIOUS_INJ_COUNT","COLLISION_TYPE","COMM_VEH_COUNT","CONS_ZONE_SPD_LIM","COUNTY","CRASH_MONTH","CRASH_YEAR","CRN","DAY_OF_WEEK","DEC_LAT","DEC_LONG","DISPATCH_TM","DISTRICT","DRIVER_COUNT_16YR","DRIVER_COUNT_17YR","DRIVER_COUNT_18YR","DRIVER_COUNT_19YR","DRIVER_COUNT_20YR","DRIVER_COUNT_50_64YR","DRIVER_COUNT_65_74YR","DRIVER_COUNT_75PLUS","EST_HRS_CLOSED","FATAL_COUNT","HEAVY_TRUCK_COUNT","HORSE_BUGGY_COUNT","HOUR_OF_DAY","ILLUMINATION","INJURY_COUNT","INTERSECT_TYPE","LANE_CLOSED","LATITUDE","LN_CLOSE_DIR","LOCATION_TYPE","LONGITUDE","MAX_SEVERITY_LEVEL","MCYCLE_DEATH_COUNT","MCYCLE_SUSP_SERIOUS_INJ_COUNT","MOTORCYCLE_COUNT","MUNICIPALITY","NONMOTR_COUNT","NONMOTR_DEATH_COUNT","NONMOTR_SUSP_SERIOUS_INJ_COUNT","NTFY_HIWY_MAINT","PED_COUNT","PED_DEATH_COUNT","PED_SUSP_SERIOUS_INJ_COUNT","PERSON_COUNT","POLICE_AGCY","POSSIBLE_INJ_COUNT","RDWY_SURF_TYPE_CD","RELATION_TO_ROAD","ROAD_CONDITION","SCH_BUS_IND","SCH_ZONE_IND","SMALL_TRUCK_COUNT","SPEC_JURIS_CD","SUSP_MINOR_INJ_COUNT","SUSP_SERIOUS_INJ_COUNT","SUV_COUNT","TCD_FUNC_CD","TCD_TYPE","TFC_DETOUR_IND","TIME_OF_DAY","TOT_INJ_COUNT","TOTAL_UNITS","UNB_DEATH_COUNT","UNB_SUSP_SERIOUS_INJ_COUNT","UNBELTED_OCC_COUNT","UNK_INJ_DEG_COUNT","UNK_INJ_PER_COUNT","URBAN_RURAL","VAN_COUNT","VEHICLE_COUNT","WORK_ZONE_IND","WORK_ZONE_LOC","WORK_ZONE_TYPE","WORKERS_PRES","WZ_CLOSE_DETOUR","WZ_FLAGGER","WZ_LAW_OFFCR_IND","WZ_LN_CLOSURE","WZ_MOVING","WZ_OTHER","WZ_SHLDER_MDN","ROADWAY_CLEARED","WEATHER1","WEATHER2","WZ_WORKERS_INJ_KILLED","SECONDARY_CRASH","INTERSECTION_RELATED"
"0028","1","0","0","0","0","0","0","0","0","4","0","","36","01","2016","2016008353","1","40.0312","-76.4959","0026","08","0","0","0","0","0","0","0","0","","0","0","0","00","2","0","00","0","40 01:52.496","","00","76 29:45.259","0","0","0","0","36404","0","0","0","N","0","0","0","1","36404","0","","1","01","N","N","1","","0","0","0","0","0","","0024","0","2","0","0","0","0","0","3","0","2","N","","","","","","","","","","","","03","  ","","",""
"0149","1","0","0","0","0","0","0","0","0","7","0","","36","01","2016","2016008428","1","40.1103","-76.507","0148","08","0","0","0","0","0","0","0","0","2","0","0","0","01","3","1","00","1","40 06:36.920","2","00","76 30:25.261","4","0","0","0","36413","0","0","0","N","0","0","0","2","36413","1","","4","01","N","N","0","","0","0","0","0","0","Y","0148","1","1","0","0","1","0","0","2","0","1","N","","","","","","","","","","","","03","  ","","",""
"1905","1","0","0","0","0","0","0","0","0","7","0","","36","01","2016","2016008432","2","40.2458","-76.199","1850","08","0","0","0","0","0","0","0","0","","0","0","0","18","2","0","00","0","40 14:44.821","","00","76 11:55.554","0","0","0","0","36236","0","0","0","","0","0","0","2","68T06","0","","4","01","N","N","0","","0","0","0","0","0","","1850","0","1","0","0","0","0","0","1","0","1","N","","","","","","","","","","","","03","  ","","",""
"0237","1","0","0","0","0","0","0","0","0","6","0","","36","01","2016","2016008435","6","40.0357","-76.4172","0227","08","0","0","0","0","0","1","0","0","","0","0","0","02","3","0","00","0","40 02:08.600","","00","76 25:01.800","0","0","0","0","36223","0","0","0","N","0","0","0","2","36223","0","","6","09","N","N","0","","0","0","0","0","0","","0224","0","2","0","0","0","0","0","1","1","2","N","","","","","","","","","","","","07","  ","","",""
"0722","1","0","1","0","0","0","0","0","0","2","0","","36","01","2016","2016008468","5","40.1383","-76.1002","0715","08","0","0","0","0","0","1","0","2","2","0","0","0","07","1","2","01","1","40 08:17.897","4","00","76 06:00.677","2","0","0","0","36209","0","0","0","N","0","0","0","4","36415","0","","1","01","N","N","0","","1","1","2","3","3","N","0715","2","3","0","0","1","0","0","1","0","3","N","","","","","","","","","","","","03","  ","","",""
"0650","2","0","0","0","0","0","0","0","0","2","0","","36","01","2016","2016008532","2","40.1734","-76.1939","0646","08","0","0","0","0","0","1","0","0","2","0","0","0","06","3","2","01","1","40 10:24.160","7","00","76 11:38.086","4","0","0","0","36408","0","0","0","N","0","0","0","2","36408","2","","1","01","N","N","0","","0","0","0","3","2","N","0646","2","2","0","0","0","0","0","2","0","2","N","","","","","","","","","","","","03","  ","","",""
"1708","1","0","0","0","0","0","0","0","0","7","0","","36","01","2016","2016008538","6","40.1764","-76.1842","1705","08","0","0","0","0","0","1","0","0","2","0","0","0","17","4","1","01","2","40 10:34.924","7","00","76 11:03.184","3","0","0","0","36408","0","0","0","N","0","0","0","1","36408","0","","2","01","N","N","0","","1","0","0","0","0","Y","1705","1","1","0","0","0","0","0","2","0","1","N","","","","","","","","","","","","03","  ","","",""
"1217","2","0","0","0","0","0","0","0","0","1","0","","36","01","2016","2016008554","4","40.102","-76.4278","1205","08","0","0","0","0","0","1","0","0","2","0","0","0","12","1","1","00","2","40 06:07.071","6","00","76 25:40.224","8","0","0","0","36239","0","0","0","N","0","0","0","2","36239","0","","1","01","N","N","0","","0","0","0","0","0","Y","1203","1","2","0","0","0","1","0","3","0","2","N","","","","","","","","","","","","03","  ","","",""
"1535","0","0","0","0","0","0","0","0","0","4","0","","36","01","2016","2016008672","7","40.1559","-76.3435","1532","08","0","0","0","0","0","0","0","0","2","0","0","0","15","1","5","01","2","40 09:21.374","4","00","76 20:36.774","8","0","0","0","36227","0","0","0","N","0","0","0","5","36506","0","","1","01","N","N","1","","0","0","1","3","3","Y","1532","5","2","0","0","1","5","0","1","0","2","N","","","","","","","","","","","","03","  ","","",""
"0438","1","0","0","0","0","0","0","0","0","7","0","","36","01","2016","2016008673","7","40.2045","-76.2132","0438","08","0","0","0","0","0","0","0","0","","0","0","0","04","3","0","01","0","40 12:16.272","","00","76 12:47.372","0","0","0","0","36204","0","0","0","N","0","0","0","1","36506","0","","4","09","N","N","0","","0","0","0","3","2","","0438","0","1","0","0","1","0","0","1","0","1","N","","","","","","","","","","","","07","  ","","",""
"1053","2","0","0","0","0","0","0","0","0","4","0","","36","01","2016","2016008723","4","40.0444","-76.3634","1053","08","0","0","0","0","0","0","1","0","","0","0","0","10","1","0","02","0","40 02:39.964","","00","76 21:48.087","0","0","0","0","36214","0","0","0","N","0","0","0","2","36214","0","","1","01","N","N","0","","0","0","0","3","2","","1052","0","2","0","0","0","0","0","3","0","2","N","","","","","","","","","","","","03","  ","","",""
"1230","3","0","0","0","0","0","0","0","0","1","0","","36","01","2016","2016008724","4","40.039","-76.3599","1230","08","0","0","0","0","0","1","0","0","2","0","0","0","12","1","1","02","1","40 02:20.458","4","00","76 21:35.480","3","0","0","0","36214","0","0","0","N","0","0","0","5","36214","0","","1","01","N","N","0","","1","0","0","0","0","N","1230","1","3","0","0","1","0","0","3","0","3","N","","","","","","","","","","","","03","  ","","",""
"1615","0","0","0","0","0","0","0","0","0","1","0","","36","01","2016","2016008738","2","40.2071","-76.0363","1548","08","0","0","0","0","0","0","0","0","2","0","0","0","15","1","3","00","2","40 12:25.711","6","07","76 02:10.808","3","0","0","0","36202","0","0","0","","0","0","0","4","68J01","2","","1","01","N","N","0","","1","0","2","0","0","N","1548","3","2","0","0","0","0","0","1","0","2","N","","","","","","","","","","","","03","  ","","",""
"1251","1","0","0","0","0","0","0","0","0","0","0","","36","01","2016","2016008771","5","40.134","-76.2116","1246","08","0","0","0","0","0","0","0","0","","0","0","0","12","1","0","00","0","40 08:02.497","","00","76 12:41.808","0","0","0","0","36238","0","0","0","N","0","0","0","2","36238","0","","1","01","N","N","0","","0","0","0","0","0","","1243","0","1","0","0","0","0","0","3","0","1","N","","","","","","","","","","","","03","  ","","",""
"1916","2","0","0","0","0","0","0","0","0","1","0","","36","01","2016","2016008800","1","40.1312","-76.5638","1913","08","0","0","0","0","0","2","0","0","","0","0","0","19","3","0","01","0","40 07:52.428","","00","76 33:49.564","0","0","0","0","36225","0","0","0","N","0","0","0","4","36505","0","","1","09","N","N","0","","0","0","1","3","2","","1913","0","3","0","0","0","0","0","2","0","3","N","","","","","","","","","","","","03","  ","","",""
"1849","2","0","0","0","0","0","0","0","0","1","0","","36","01","2016","2016008834","5","40.0404","-76.2463","1844","08","0","0","0","0","1","0","1","0","","0","0","0","18","3","1","01","0","40 02:25.562","","02","76 14:49.262","3","0","0","0","36215","0","0","0","N","0","0","0","4","36215","0","","1","01","N","N","0","","1","0","0","3","2","","1840","1","2","0","0","1","0","0","1","0","2","N","","","","","","","","","","","","03","  ","","",""
"0748","0","0","0","0","0","0","0","0","0","0","0","","36","01","2016","2016008854","2","40.2173","-76.4121","0736","08","0","1","0","0","0","0","0","0","","0","0","0","07","1","0","00","0","40 13:02.267","","00","76 24:43.704","0","0","0","0","36227","0","0","0","Y","0","0","0","1","36506","0","","1","02","N","N","0","","0","0","1","0","0","","0736","0","1","0","0","0","0","0","1","0","1","N","","","","","","","","","","","","03","  ","","",""
"0828","1","0","0","0","0","0","0","0","0","4","0","","36","01","2016","2016008855","7","40.1628","-76.2761","0826","08","0","0","0","0","0","0","0","0","1","0","0","0","08","1","0","01","1","40 09:46.018","1","00","76 16:34.125","0","0","0","0","36235","0","0","0","N","0","0","0","2","36506","0","","1","01","N","N","1","","0","0","0","3","2","Y","0826","0","2","0","0","0","0","0","1","0","2","N","","","","","","","","","","","","03","  ","","",""
"1849","1","0","0","0","0","0","0","0","0","7","0","","36","01","2016","2016008895","3","39.9989","-76.4302","1844","08","0","0","0","0","0","0","0","0","1","0","0","0","18","4","0","00","1","39 59:55.956","6","00","76 25:48.704","0","0","0","0","36223","0","0","0","N","0","0","0","1","36223","0","","4","07","N","N","0","","0","0","0","0","0","Y","1830","0","1","0","0","0","0","0","1","0","1","N","","","","","","","","","","","","10","  ","","",""
"2310","1","0","0","0","0","0","0","0","0","7","0","","36","01","2016","2016008896","6","40.0058","-76.3679","2306","08","0","0","0","0","0","0","0","0","1","0","0","0","23","3","0","01","1","40 00:20.918","2","00","76 22:04.466","0","0","0","0","36223","0","0","0","N","0","0","0","1","36223","0","","4","09","N","N","0","","0","0","0","9","2","N","2300","0","1","0","0","0","0","0","1","0","1","N","","","","","","","","","","","","07","  ","","",""
"1844","0","0","0","0","0","0","0","0","0","7","0","","36","01","2016","2016008904","7","40.1817","-76.1836","1841","08","0","0","0","0","0","0","0","0","","0","0","0","18","3","0","00","0","40 10:54.109","","00","76 11:00.903","0","0","0","0","36408","0","0","0","N","0","0","0","1","36408","0","","4","01","N","N","0","","0","0","1","0","0","","1840","0","1","0","0","0","0","0","2","0","1","N","","","","","","","","","","","","03","  ","","",""
"2219","1","0","0","0","0","0","0","0","0","7","0","","36","01","2016","2016008914","7","40.1679","-76.166","2214","08","0","0","0","0","0","0","0","0","1","0","0","0","22","3","0","02","2","40 10:04.304","2","00","76 09:57.691","0","0","0","0","36408","0","0","0","N","0","0","0","2","36408","0","","2","01","N","N","0","","0","0","0","3","2","N","2210","0","1","0","0","0","0","0","2","0","1","N","","","","","","","","","","","","03","  ","","",""
"1655","2","0","0","0","0","0","0","0","0","1","0","","36","01","2016","2016008964","3","40.1775","-76.1808","1650","08","0","0","0","0","0","0","0","0","1","0","0","0","16","1","0","00","1","40 10:39.108","2","00","76 10:50.890","0","0","0","0","36408","0","0","0","N","0","0","0","1","36408","0","","1","01","N","N","0","","0","0","0","0","0","N","1645","0","2","0","0","0","0","0","2","0","2","N","","","","","","","","","","","","98","  ","","",""
"1047","1","0","0","0","0","0","0","0","0","2","0","","36","01","2016","2016008994","2","40.0373","-76.5025","1046","08","0","0","0","0","0","0","1","0","1","0","0","0","10","1","1","00","2","40 02:14.323","6","00","76 30:09.012","8","0","0","0","36404","0","0","0","N","0","0","0","2","36404","0","","6","01","N","N","2","","0","0","0","0","0","Y","1045","1","3","0","0","0","1","0","3","0","3","N","","","","","","","","","","","","03","  ","","",""
"1210","2","0","0","0","0","0","0","0","0","4","0","","36","01","2016","2016009022","6","40.1287","-76.5649","1201","08","0","0","0","0","0","1","0","0","","0","0","0","11","1","0","01","0","40 07:43.434","","00","76 33:53.722","0","0","0","0","36237","0","0","0","N","0","0","0","3","36505","0","","1","01","N","N","0","","0","0","0","3","3","","1159","0","2","0","0","0","0","0","1","0","2","N","","","","","","","","","","","","03","  ","","",""
"1259","1","0","0","0","0","0","0","0","0","7","0","","36","01","2016","2016009100","5","39.8252","-76.2128","1257","08","0","0","1","0","0","0","0","0","","0","0","0","12","1","1","00","0","39 49:30.590","","00","76 12:46.160","4","0","0","0","36208","0","0","0","","0","0","0","1","68J01","1","","4","01","N","N","0","","0","0","0","0","0","","1257","1","1","0","0","0","0","0","1","0","1","N","","","","","","","","","","","","03","  ","","",""
"1703","0","0","0","0","0","0","1","0","0","7","1","","36","01","2016","2016009146","5","39.8985","-76.3254","1642","08","0","0","0","0","0","0","1","0","","0","0","0","16","1","2","00","0","39 53:54.447","","00","76 19:31.466","4","0","0","0","36224","0","0","0","","0","0","0","2","68J01","2","","4","01","N","N","0","","0","0","0","0","0","","1642","2","1","0","0","0","0","0","1","0","1","N","","","","","","","","","","","","03","  ","","",""
"2026","1","0","0","0","0","0","0","0","0","1","0","","36","01","2016","2016009190","6","40.017","-76.3234","1954","08","0","0","0","1","0","0","0","0","","0","0","0","19","3","1","00","0","40 01:01.286","","00","76 19:24.346","4","0","0","0","36220","0","0","0","N","0","0","0","2","36101","1","","1","07","N","N","0","","0","0","1","0","0","","1954","1","2","0","0","1","0","0","3","0","2","N","","","","","","","","","","","","10","  ","","",""
"1839","1","0","0","0","0","0","0","0","0","7","0","","36","01","2016","2016009201","6","40.2542","-76.0858","1834","08","0","0","0","0","1","0","0","0","","0","0","0","18","2","0","00","0","40 15:15.115","","00","76 05:08.856","0","0","0","0","36210","0","0","0","N","0","0","0","1","36210","0","","5","07","N","N","0","","0","0","0","0","0","","1832","0","1","0","0","0","0","0","1","0","1","N","","","","","","","","","","","","10","  ","","",""
"1549","1","0","0","0","0","0","0","0","0","1","0","","36","01","2016","2016009312","6","40.0517","-76.3214","1546","08","0","0","0","0","0","0","0","0","2","0","0","0","15","1","1","01","2","40 03:06.147","3","00","76 19:16.872","4","0","0","0","36301","0","0","0","N","0","0","0","5","36101","1","","1","01","N","N","0","","0","0","1","3","2","N","1546","1","2","0","0","0","0","0","3","0","2","N","","","","","","","","","","","","03","  ","","",""
"1316","2","0","0","0","0","0","0","0","0","1","0","","36","01","2016","2016009323","6","40.0709","-76.3176","1313","08","0","0","0","0","0","1","0","0","1","0","0","0","13","1","0","01","1","40 04:15.280","2","00","76 19:04.236","0","0","0","0","36101","0","0","0","N","0","0","0","3","36101","0","","1","01","N","N","0","","0","0","1","3","2","N","1310","0","3","0","0","0","0","0","3","0","3","N","","","","","","","","","","","","03","  ","","",""
"2009","0","0","0","0","0","0","0","0","0","7","0","","36","01","2016","2016009410","6","40.0069","-76.1974","1959","08","0","0","0","0","0","0","0","0","","0","0","0","19","2","0","00","0","40 00:25.009","","00","76 11:50.607","0","0","0","0","36215","0","0","0","N","0","0","0","2","36215","0","","5","07","N","N","0","","0","0","1","0","0","","1957","0","1","0","0","0","0","0","1","0","1","N","","","","","","","","","","","","10","  ","","",""
"1933","0","0","0","0","0","0","0","0","0","4","0","","36","01","2016","2016009426","6","40.0386","-76.1816","1927","08","0","0","0","0","0","0","0","0","2","0","0","0","19","3","0","02","1","40 02:19.034","6","00","76 10:53.693","0","0","0","0","36215","0","0","0","N","0","0","0","5","36215","0","","1","07","N","N","0","","0","0","0","3","3","N","1925","0","2","0","0","1","0","0","1","2","2","N","","","","","","","","","","","","10","  ","","",""
"1515","0","0","0","0","0","0","0","0","0","8","0","","36","01","2016","2016009430","3","40.0349","-76.5007","1515","08","0","0","0","0","0","0","0","0","","0","0","0","15","1","1","01","0","40 02:05.681","","00","76 30:02.698","4","0","0","0","36404","1","0","0","N","1","0","0","2","36404","1","","1","01","N","N","0","","0","0","1","0","0","","1513","1","2","0","0","0","0","0","3","0","1","N","","","","","","","","","","","","03","  ","","",""
"1958","0","0","0","0","0","0","0","0","0","7","0","","36","01","2016","2016009441","6","40.0184","-76.3526","1938","08","0","0","0","0","0","0","0","0","","0","0","0","19","3","0","01","0","40 01:06.248","","00","76 21:09.273","0","0","0","0","36412","0","0","0","N","0","0","0","1","36101","0","","2","07","N","N","0","","0","0","1","0","0","","1938","0","1","0","0","0","0","0","3","0","1","N","","","","","","","","","","","","10","  ","","",""
"2003","0","0","0","0","0","0","0","0","0","7","0","","36","01","2016","2016009445","6","40.0695","-76.3119","1951","08","0","0","0","1","0","0","0","0","1","0","0","0","19","3","0","00","1","40 04:10.319","3","00","76 18:42.694","0","0","0","0","36101","0","0","0","N","0","0","0","1","36101","0","","2","07","N","N","0","","0","0","1","0","0","N","1920","0","1","0","0","0","0","0","3","0","1","N","","","","","","","","","","","","10","  ","","",""
"2045","1","0","0","0","0","0","0","0","0","6","0","","36","01","2016","2016009448","6","40.0216","-76.3346","2030","08","0","0","0","0","1","0","0","0","","0","0","0","20","3","0","02","0","40 01:17.712","","00","76 20:04.646","0","0","0","0","36220","0","0","0","N","0","0","0","2","36101","0","","1","07","N","N","0","","0","0","1","0","0","","2030","0","2","0","0","0","0","0","3","0","2","N","","","","","","","","","","","","10","  ","","",""
"2352","1","0","0","0","0","0","0","0","0","0","0","","36","01","2016","2016009451","7","40.0579","-76.3959","2350","08","0","0","0","0","0","1","0","0","3","0","0","0","23","2","0","00","2","40 03:28.612","1","00","76 23:45.247","0","0","0","0","36214","0","0","0","N","0","0","0","1","36214","0","","1","07","N","N","0","","0","0","0","0","0","N","2346","0","1","0","0","0","0","0","3","0","1","N","","","","","","","","","","","","03","  ","","",""
"0730","1","0","0","0","0","0","0","0","0","7","0","","36","01","2016","2016009461","4","40.1763","-76.1151","0724","08","0","0","0","0","0","0","0","0","1","0","0","0","07","1","0","00","1","40 10:34.687","1","00","76 06:54.387","0","0","0","0","36218","0","0","0","Y","0","0","0","1","36408","0","","4","02","N","N","0","","0","0","0","0","0","Y","0724","0","1","0","0","1","0","0","1","0","1","N","","","","","","","","","","","","10","  ","","",""
"0555","1","0","0","0","0","0","0","0","0","7","0","","36","01","2016","2016009475","3","40.0717","-76.421","0510","08","0","0","0","0","0","0","0","0","1","0","0","0","05","2","1","00","1","40 04:18.156","2","00","76 25:15.459","8","0","0","0","36239","0","0","0","N","0","0","0","1","36239","0","","2","01","N","N","0","","0","0","0","0","0","N","0508","1","1","0","0","0","1","0","3","0","1","N","","","","","","","","","","","","03","  ","","",""
"0655","0","0","0","0","0","0","0","0","0","7","0","","36","01","2016","2016009478","2","40.0934","-76.0904","0651","08","0","0","0","0","0","0","1","0","","0","0","0","06","5","0","02","0","40 05:36.297","","00","76 05:25.411","0","0","0","0","36209","0","0","0","N","0","0","0","1","36415","0","","4","01","N","N","0","","0","0","1","3","3","","0645","0","1","0","0","0","0","0","1","0","1","N","","","","","","","","","","","","03","  ","","",""
"0734","2","0","0","0","0","0","0","0","0","1","0","","36","01","2016","2016009479","1","40.0377","-76.2718","0725","08","0","0","0","0","0","0","0","0","1","0","0","0","07","1","1","01","1","40 02:15.617","4","00","76 16:18.739","4","0","0","0","36215","0","0","0","N","0","0","0","2","36215","1","","1","07","N","N","0","","0","0","0","3","2","N","0725","1","2","0","0","0","0","0","1","0","2","N","","","","","","","","","","","","03","  ","","",""
"1856","1","0","0","0","0","0","0","0","0","4","0","","36","01","2016","2016009489","4","40.0627","-76.4285","1854","08","0","0","0","0","0","0","0","0","1","0","0","0","18","3","0","00","1","40 03:45.787","3","00","76 25:42.453","0","0","0","0","36239","0","0","0","N","0","0","0","2","36239","0","","1","01","N","N","1","","0","0","0","0","0","N","1851","0","2","0","0","0","0","0","3","0","2","N","","","","","","","","","","","","03","  ","","",""
"1637","1","0","0","0","0","0","0","0","0","1","0","","36","01","2016","2016009500","6","40.0341","-76.4614","1632","08","0","0","0","0","0","0","1","0","2","0","0","0","16","1","0","00","1","40 02:02.729","3","00","76 27:41.213","0","0","0","0","36239","0","0","0","N","0","0","0","4","36239","0","","1","01","N","N","0","","0","0","2","0","0","N","1628","0","3","0","0","0","0","0","3","0","3","N","","","","","","","","","","","","03","  ","","",""
"1517","1","0","0","0","0","0","0","0","0","3","0","","36","01","2016","2016009654","1","40.1434","-76.5891","1508","08","0","0","0","0","0","0","0","0","3","0","0","0","15","1","0","00","1","40 08:36.110","4","07","76 35:20.904","0","0","0","0","36407","0","0","0","N","0","0","0","4","36407","0","","1","07","N","N","1","","0","0","0","0","0","N","1508","0","2","0","0","0","0","0","2","0","2","N","","","","","","","","","","","","03","  ","","",""
"2051","1","0","0","0","0","0","0","0","0","7","0","","36","01","2016","2016009661","6","40.0405","-76.5017","2049","08","0","0","0","0","0","0","0","0","","0","0","0","20","2","0","00","0","40 02:25.803","","00","76 30:06.092","0","0","0","0","36404","0","0","0","N","0","0","0","2","36404","0","","4","07","N","N","0","","0","0","0","0","0","","2045","0","1","0","0","0","0","0","3","0","1","N","","","","","","","","","","","","10","  ","","",""
"2325","0","0","0","0","0","0","0","0","0","7","0","","36","01","2016","2016009680","6","40.0811","-76.351","2301","08","0","0","0","0","0","0","0","0","","0","0","0","22","3","0","00","0","40 04:51.863","","03","76 21:03.599","0","0","0","0","36101","0","0","0","N","0","0","0","1","36101","0","","2","07","N","N","0","","0","0","1","0","0","","2255","0","1","0","0","0","0","0","3","0","1","N","","","","","","","","","","","","10","  ","","",""
"2236","1","0","0","0","0","0","0","0","0","1","0","","36","01","2016","2016009696","1","40.0426","-76.3076","2232","08","0","0","0","0","0","1","0","0","2","0","1","0","22","3","0","02","1","40 02:33.324","4","00","76 18:27.435","0","0","0","0","36301","0","0","0","N","0","0","0","3","36301","0","","1","07","N","N","0","","0","0","0","3","3","N","2229","0","2","0","0","0","0","0","3","0","2","N","","","","","","","","","","","","03","  ","","",""
"2217","1","0","0","0","0","0","0","0","0","4","0","","36","01","2016","2016009702","6","40.1798","-76.2683","2209","08","0","0","1","1","0","0","0","0","","0","0","0","22","3","0","02","0","40 10:47.409","","00","76 16:06.020","0","0","0","0","36235","0","0","0","N","0","0","0","2","36506","0","","1","07","N","N","1","","0","0","0","0","0","","2209","0","2","0","0","0","0","0","1","0","2","N","","","","","","","","","","","","10","  ","","",""
"1544","1","0","0","0","0","0","0","0","0","5","0","","36","01","2016","2016009756","5","40.0348","-76.3042","1539","08","0","0","0","0","0","1","0","0","3","0","0","0","15","1","1","00","2","40 02:05.373","4","00","76 18:15.102","8","0","0","0","36301","0","0","0","N","0","0","0","1","36301","0","","4","01","N","N","0","","0","0","2","0","0","Y","1537","1","3","0","0","0","1","0","3","0","3","N","","","","","","","","","","","","03","  ","","",""
"1831","0","0","0","0","0","0","0","0","0","0","0","","36","01","2016","2016009770","3","40.0821","-76.1921","1824","08","0","0","0","0","0","0","0","0","2","0","0","0","18","2","0","00","2","40 04:55.409","5","00","76 11:31.503","0","0","0","0","36234","0","0","0","N","0","0","0","4","36215","0","","4","07","N","N","0","","0","0","0","0","0","Y","1820","0","1","0","0","0","0","0","1","1","1","N","","","","","","","","","","","","10","  ","","",""
"0655","3","0","0","0","0","0","0","0","0","4","0","","36","01","2016","2016009790","2","40.0522","-76.3084","0648","08","0","0","0","0","0","1","0","0","2","0","0","0","06","1","0","01","1","40 03:07.752","4","00","76 18:30.128","0","0","0","0","36301","0","0","0","N","0","0","0","3","36301","0","","1","07","N","N","0","","0","0","0","3","2","Y","0645","0","3","0","0","0","0","0","3","0","3","N","","","","","","","","","","","","10","  ","","",""
"0830","0","0","0","0","0","0","0","0","0","4","0","","36","01","2016","2016009800","2","40.1119","-76.5123","0827","08","0","0","0","0","0","0","0","0","","0","0","0","08","1","0","00","0","40 06:42.990","","07","76 30:44.137","0","0","0","0","36413","0","0","0","N","0","0","0","2","36413","0","","1","02","N","N","1","","0","0","1","0","0","","0827","0","2","0","0","0","0","0","2","0","2","N","","","","","","","","","","","","03","  ","","",""
"1305","1","0","0","0","0","0","0","0","0","4","0","","36","01","2016","2016009801","5","40.0422","-76.3113","1304","08","0","0","0","0","0","0","0","0","1","0","0","0","13","1","0","01","1","40 02:32.038","4","00","76 18:40.770","9","0","0","0","36301","0","0","0","N","0","0","0","2","36301","0","","1","01","N","N","0","","0","0","1","3","2","N","1303","0","2","0","0","0","0","1","3","0","2","N","","","","","","","","","","","","03","  ","","",""
"0858","3","0","0","0","0","0","0","0","0","4","0","","36","01","2016","2016009804","2","40.0695","-76.3076","0856","08","0","0","0","0","0","2","0","0","1","0","0","0","08","1","0","01","1","40 04:10.226","4","00","76 18:28.241","0","0","0","0","36101","0","0","0","N","0","0","0","3","36101","0","","1","06","N","N","0","","0","0","0","3","2","N","0856","0","3","0","0","0","0","0","3","0","3","N","","","","","","","","","","","","03","  ","","",""
"0345","1","0","0","0","0","0","0","0","0","7","0","","36","01","2016","2016009837","5","40.0629","-76.2809","0340","08","0","0","0","0","0","0","0","0","1","0","0","0","03","2","1","00","1","40 03:46.430","4","00","76 16:51.085","2","0","0","0","36101","0","0","0","N","0","0","0","1","36101","0","","3","01","N","N","0","","0","1","0","0","0","N","0337","1","1","0","1","1","0","0","3","0","1","N","","","","","","","","","","","","03","  ","","",""
"1322","0","0","0","0","0","0","0","0","0","4","0","","36","01","2016","2016009858","3","40.0096","-76.2338","1316","08","0","0","0","0","0","0","0","0","","0","0","0","13","1","0","00","0","40 00:34.700","","07","76 14:01.500","0","0","0","0","36240","0","0","0","N","0","0","0","6","36240","0","","1","01","N","N","0","","0","0","1","0","0","","1315","0","2","0","0","0","0","0","1","1","2","N","","","","","","","","","","","","03","  ","","",""
"0820","1","0","0","0","0","0","0","0","0","4","0","","36","01","2016","2016009887","5","40.1374","-76.3824","0808","08","0","0","0","0","0","1","0","0","","0","0","0","08","1","0","00","0","40 08:14.498","","07","76 22:56.605","0","0","0","0","36227","0","0","0","N","0","0","0","2","36506","0","","1","01","N","N","1","","0","0","0","3","8","","0808","0","2","0","0","0","0","0","1","0","2","N","","","","","","","","","","","","03","  ","","",""
"1824","1","0","0","0","0","0","0","0","0","4","0","","36","01","2016","2016010105","2","40.128","-76.0755","1818","08","0","0","0","0","0","1","0","0","2","0","0","0","18","1","0","02","1","40 07:40.783","4","07","76 04:31.924","0","0","0","0","36209","0","0","0","N","0","0","0","4","36415","0","","1","02","N","N","1","","0","0","0","0","0","Y","1818","0","2","0","0","0","0","0","1","0","2","N","","","","","","","","","","","","03","  ","","",""
"0151","1","0","0","0","0","0","0","0","0","7","0","","36","01","2016","2016010112","2","40.0535","-76.3091","0141","08","0","0","0","0","0","0","0","0","","0","0","0","01","3","0","00","0","40 03:12.740","","00","76 18:32.863","0","0","0","0","36101","0","0","0","N","0","0","0","1","36101","0","","4","09","N","N","0","","0","0","0","0","0","","0138","0","1","0","0","0","0","0","3","0","1","N","","","","","","","","","","","","03","  ","","",""