"ARRIVAL_TM","AUTOMOBILE_COUNT","BELTED_DEATH_COUNT","BELTED_SUSP_SERIOUS_INJ_COUNT","BICYCLE_COUNT","BICYCLE_DEATH_COUNT","BICYCLE_SUSP_SERIOUS_INJ_COUNT","BUS_COUNT","CHLDPAS_DEATH_COUNT","CHLDPAS_SUSP_SERIOUS_INJ_COUNT","COLLISION_TYPE","COMM_VEH_COUNT","CONS_ZONE_SPD_LIM","COUNTY","CRASH_MONTH","CRASH_YEAR","CRN","DAY_OF_WEEK","DEC_LAT","DEC_LONG","DISPATCH_TM","DISTRICT","DRIVER_COUNT_16YR","DRIVER_COUNT_17YR","DRIVER_COUNT_18YR","DRIVER_COUNT_19YR","DRIVER_COUNT_20YR","DRIVER_COUNT_50_64YR","DRIVER_COUNT_65_74YR","DRIVER_COUNT_75PLUS","EST_HRS_CLOSED","FATAL_COUNT","HEAVY_TRUCK_COUNT","HORSE_BUGGY_COUNT","HOUR_OF_DAY","ILLUMINATION","INJURY_COUNT","INTERSECT_TYPE","LANE_CLOSED","LATITUDE","LN_CLOSE_DIR","LOCATION_TYPE","LONGITUDE","MAX_SEVERITY_LEVEL","MCYCLE_DEATH_COUNT","MCYCLE_SUSP_SERIOUS_INJ_COUNT","MOTORCYCLE_COUNT","MUNICIPALITY","NONMOTR_COUNT","NONMOTR_DEATH_COUNT","NONMOTR_SUSP_SERIOUS_INJ_COUNT","NTFY_HIWY_MAINT","PED_COUNT","PED_DEATH_COUNT","PED_SUSP_SERIOUS_INJ_COUNT","PERSON_COUNT","POLICE_AGCY","POSSIBLE_INJ_COUNT","RDWY_SURF_TYPE_CD","RELATION_TO_ROAD","ROAD_CONDITION","SCH_BUS_IND","SCH_ZONE_IND","SMALL_TRUCK_COUNT","SPEC_JURIS_CD","SUSP_MINOR_INJ_COUNT","SUSP_SERIOUS_INJ_COUNT","SUV_COUNT","TCD_FUNC_CD","TCD_TYPE","TFC_DETOUR_IND","TIME_OF_DAY","TOT_INJ_COUNT","TOTAL_UNITS","UNB_DEATH_COUNT","UNB_SUSP_SERIOUS_INJ_COUNT","UNBELTED_OCC_COUNT","UNK_INJ_DEG_COUNT","UNK_INJ_PER_COUNT","URBAN_RURAL","VAN_COUNT","VEHICLE_COUNT","WORK_ZONE_IND","WORK_ZONE_LOC","WORK_ZONE_TYPE","WORKERS_PRES","WZ_CLOSE_DETOUR","WZ_FLAGGER","WZ_LAW_OFFCR_IND","WZ_LN_CLOSURE","WZ_MOVING","WZ_OTHER","WZ_SHLDER_MDN","ROADWAY_CLEARED","WEATHER1","WEATHER2","WZ_WORKERS_INJ_KILLED","SECONDARY_CRASH","INTERSECTION_RELATED"
"1513","0","0","0","0","0","0","0","0","0","7","0","","36","01","2016","2016012384","5","40.1277","-76.5534","1503","08","0","0","0","0","0","0","0","0","2","0","0","0","15","1","1","00","1","40 07:39.868","3","00","76 33:12.131","4","0","0","0","36225","0","0","0","N","0","0","0","1","36505","1","","4","01","N","N","0","","0","0","1","0","0","N","1502","1","1","0","0","0","0","0","2","0","1","N","","","","","","","","","","","","03","  ","","",""
"1845","0","0","0","0","0","0","0","0","0","5","0","","36","01","2016","2016012420","3","40.0303","-76.4993","1842","08","0","0","0","0","0","1","0","0","","0","0","0","18","3","0","00","0","40 01:48.900","","00","76 29:57.642","0","0","0","0","36404","0","0","0","N","0","0","0","1","36404","0","","1","01","N","N","0","","0","0","1","0","0","","1842","0","2","0","0","0","0","0","3","1","2","N","","","","","","","","","","","","03","  ","","",""
"0455","1","0","0","0","0","0","0","0","0","7","0","","36","01","2016","2016012434","7","40.1493","-76.1779","0448","08","0","0","0","0","0","0","0","0","1","0","0","0","04","2","2","00","1","40 08:57.374","2","00","76 10:40.283","3","0","0","0","36238","0","0","0","Y","0","0","0","2","36238","1","","3","01","N","N","0","","1","0","0","0","0","N","0446","2","1","0","0","0","0","0","3","0","1","N","","","","","","","","","","","","03","  ","","",""
"0931","0","0","0","0","0","0","0","0","0","5","1","","36","01","2016","2016012490","5","40.1552","-76.1568","0922","08","0","0","0","0","0","1","0","0","2","0","1","0","09","1","1","00","1","40 09:18.728","2","00","76 09:24.647","3","0","0","0","36238","0","0","0","Y","0","0","0","2","36238","0","","1","01","N","N","0","","1","0","1","0","0","N","0920","1","2","0","0","0","0","0","3","0","2","N","","","","","","","","","","","","03","  ","","",""
"1719","0","0","0","0","0","0","0","0","0","1","0","","36","02","2016","2016012597","2","40.0434","-76.3088","1714","08","0","0","0","0","0","0","0","0","","0","0","0","17","1","1","00","0","40 02:36.393","","00","76 18:31.614","3","0","0","0","36301","0","0","0","N","0","0","0","1","36301","0","","6","09","N","N","0","","1","0","2","0","0","","1702","1","2","0","0","0","0","0","3","0","2","N","","","","","","","","","","","","07","  ","","",""
"1748","2","0","0","0","0","0","0","0","0","1","0","","36","02","2016","2016012622","2","40.0612","-76.3545","1742","08","0","0","0","0","1","1","0","0","2","0","0","0","17","2","0","00","1","40 03:40.466","4","00","76 21:16.357","0","0","0","0","36214","0","0","0","N","0","0","0","7","36214","0","","1","09","N","N","1","","0","0","2","0","0","N","1740","0","5","0","0","0","0","0","3","0","5","N","","","","","","","","","","","","03","  ","","",""
"1938","1","0","0","0","0","0","0","0","0","4","0","","36","02","2016","2016012627","2","40.133","-76.1129","1931","08","0","1","0","0","0","0","0","0","2","0","0","0","19","2","0","01","1","40 07:58.926","4","00","76 06:46.330","0","0","0","0","36209","0","0","0","Y","0","0","0","3","36415","0","","1","09","N","N","1","","0","0","0","3","3","N","1931","0","2","0","0","0","0","0","1","0","2","N","","","","","","","","","","","","03","  ","","",""
"1909","0","0","0","0","0","0","0","0","0","7","0","","36","01","2016","2016012645","2","40.135","-76.4646","1901","08","0","0","0","0","0","0","0","0","3","0","0","0","18","2","2","00","2","40 08:06.068","5","00","76 27:52.520","4","0","0","0","36230","0","0","0","N","0","0","0","2","36410","2","","5","01","N","N","0","","0","0","1","0","0","Y","1858","2","1","0","0","0","0","0","1","0","1","N","","","","","","","","","","","","03","  ","","",""
"2359","1","0","0","0","0","0","0","0","0","7","0","","36","02","2016","2016012651","2","40.1605","-76.236","2355","08","0","0","0","0","0","0","0","0","2","0","0","0","23","2","0","00","1","40 09:37.890","3","00","76 14:09.639","0","0","0","0","36218","0","0","0","Y","0","0","0","1","36408","0","","5","02","N","N","0","","0","0","0","0","0","N","2350","0","1","0","0","0","0","0","1","0","1","N","","","","","","","","","","","","98","  ","","",""
"2318","1","0","0","0","0","0","0","0","0","7","0","","36","02","2016","2016012659","2","40.1421","-76.1222","2304","08","0","0","1","0","0","0","0","0","1","0","0","0","23","2","0","00","1","40 08:31.614","1","00","76 07:19.915","0","0","0","0","36209","0","0","0","N","0","0","0","1","36415","0","","4","09","N","N","0","","0","0","0","0","0","N","2304","0","1","0","0","0","0","0","1","0","1","N","","","","","","","","","","","","05","  ","","",""
"1357","1","0","0","0","0","0","0","0","0","4","0","","36","01","2016","2016012661","4","40.0852","-76.2138","1354","08","0","0","0","0","0","1","1","0","2","0","0","0","13","1","2","00","1","40 05:06.647","6","07","76 12:49.794","3","0","0","0","36234","0","0","0","N","0","0","0","2","36215","0","","1","01","N","N","0","","2","0","1","0","0","N","1352","2","2","0","0","0","0","0","1","0","2","N","","","","","","","","","","","","03","  ","","",""
"1228","0","0","0","0","0","0","0","0","0","7","0","","36","01","2016","2016012665","3","40.0679","-76.2238","1228","08","0","0","0","1","0","0","0","0","","0","0","0","20","2","1","00","0","40 04:04.535","","00","76 13:25.528","3","0","0","0","36215","0","0","0","N","0","0","0","1","36215","0","","4","02","N","N","1","","1","0","0","0","0","","2030","1","1","0","0","0","0","0","1","0","1","N","","","","","","","","","","","","03","  ","","",""
"1800","1","0","0","0","0","0","0","0","0","4","0","","36","01","2016","2016012669","4","40.1001","-76.3524","1740","08","0","0","0","0","0","1","0","0","1","0","0","0","17","3","0","01","1","40 06:00.506","2","00","76 21:08.532","0","0","0","0","36406","0","0","0","N","0","0","0","2","36101","0","","1","01","N","N","1","","0","0","0","3","3","N","1724","0","2","0","0","0","0","0","3","0","2","N","","","","","","","","","","","","03","  ","","",""
"1919","0","0","0","0","0","0","0","0","0","7","0","","36","01","2016","2016012702","3","40.0656","-76.0185","1853","08","0","0","0","0","0","0","0","0","","0","0","0","18","2","1","00","0","40 03:56.231","","00","76 01:06.517","3","0","0","0","36232","0","0","0","","0","0","0","1","68J01","0","","4","07","N","N","0","","1","0","1","0","0","","1851","1","1","0","0","0","0","0","1","0","1","N","","","","","","","","","","","","03","  ","","",""
"0840","2","0","0","0","0","0","0","0","0","1","0","","36","01","2016","2016012716","4","40.1152","-76.4508","0754","08","0","0","0","0","0","0","0","0","2","0","0","0","07","1","1","00","2","40 06:54.757","3","01","76 27:02.826","4","0","0","0","36230","0","0","0","N","0","0","0","3","36410","1","","1","01","N","N","0","","0","0","0","0","0","Y","0751","1","2","0","0","0","0","1","1","0","2","N","","","","","","","","","","","","03","  ","","",""
"1459","2","0","0","0","0","0","0","0","0","4","0","","36","02","2016","2016012720","2","40.233","-76.137","1451","08","0","1","0","0","0","0","0","0","1","0","0","0","14","1","1","00","1","40 13:58.626","4","00","76 08:13.069","8","0","0","0","36405","0","0","0","N","0","0","0","3","36210","0","","1","01","N","N","0","","0","0","0","0","0","N","1450","1","2","0","0","0","1","0","1","0","2","N","","","","","","","","","","","","03","  ","","",""
"0730","1","0","0","0","0","0","0","0","0","1","0","","36","02","2016","2016012737","3","40.1677","-76.1657","0720","08","0","0","0","0","0","1","0","0","","0","0","0","07","1","0","00","0","40 10:03.672","","00","76 09:56.696","0","0","0","0","36408","0","0","0","N","0","0","0","2","36408","0","","1","01","N","N","0","","0","0","1","0","0","","0720","0","2","0","0","0","0","0","2","0","2","N","","","","","","","","","","","","03","  ","","",""
"1542","1","0","0","0","0","0","0","0","0","7","0","","36","02","2016","2016012741","2","40.1474","-76.4146","1538","08","0","0","0","0","0","0","0","0","","0","0","0","15","1","0","00","0","40 08:50.593","","00","76 24:52.664","0","0","0","0","36230","0","0","0","N","0","0","0","1","36410","0","","5","01","N","N","0","","0","0","0","0","0","","1535","0","1","0","0","0","0","0","1","0","1","N","","","","","","","","","","","","03","  ","","",""
"0728","0","0","0","0","0","0","0","0","0","2","0","","36","02","2016","2016012749","3","40.1799","-76.1829","0724","08","1","0","0","0","0","1","0","0","2","0","0","0","07","1","0","01","2","40 10:47.722","3","00","76 10:58.605","0","0","0","0","36408","0","0","0","N","0","0","0","2","36408","0","","1","02","N","N","0","","0","0","0","0","0","Y","0722","0","2","0","0","0","0","0","2","2","2","N","","","","","","","","","","","","03","  ","","",""
"2119","1","0","0","0","0","0","0","0","0","8","0","","36","01","2016","2016012772","5","40.2306","-76.1347","2115","08","0","0","0","0","0","0","0","0","2","0","0","0","21","3","1","02","2","40 13:50.200","6","00","76 08:04.751","2","0","0","0","36405","1","0","1","N","1","0","1","2","36210","0","","1","01","N","N","0","","0","1","0","0","0","Y","2114","1","2","0","0","0","0","0","1","0","1","N","","","","","","","","","","","","03","  ","","",""
"1302","0","0","0","0","0","0","0","0","0","4","0","","36","01","2016","2016012777","3","40.065","-76.3428","1243","08","0","0","0","0","0","1","0","0","","0","0","0","12","1","0","00","0","40 03:54.041","","00","76 20:34.231","0","0","0","0","36101","0","0","0","N","0","0","0","2","36101","0","","1","02","N","N","0","","0","0","2","0","0","","1235","0","2","0","0","0","0","0","3","0","2","N","","","","","","","","","","","","03","  ","","",""
"0934","1","0","0","0","0","0","0","0","0","4","0","","36","02","2016","2016012826","2","40.1008","-76.3059","0923","08","0","0","0","0","1","0","0","0","","0","0","0","08","1","0","02","0","40 06:02.865","","00","76 18:21.222","0","0","0","0","36101","0","0","0","N","0","0","0","2","36101","0","","1","01","N","N","0","","0","0","1","3","3","","0840","0","2","0","0","0","0","0","3","0","2","N","","","","","","","","","","","","03","  ","","",""
"1800","1","0","0","0","0","0","0","0","0","9","0","","36","01","2016","2016012835","3","40.2248","-76.4318","1752","08","0","0","0","0","0","1","0","0","2","0","0","0","99","3","1","00","1","40 13:29.366","1","00","76 25:54.545","3","0","0","0","36230","0","0","0","N","0","0","0","1","36410","0","","1","01","N","N","0","","1","0","0","0","0","Y","9999","1","1","0","0","0","0","0","1","0","1","N","","","","","","","","","","","","03","  ","","",""
"1825","1","0","0","0","0","0","0","0","0","4","0","","36","02","2016","2016012837","2","40.0751","-76.3223","1820","08","0","0","0","0","0","0","0","0","2","0","0","0","18","3","1","00","1","40 04:30.229","2","07","76 19:20.240","4","0","0","0","36101","0","0","0","N","0","0","0","3","36101","1","","1","09","N","N","0","","0","0","1","0","0","N","1818","1","2","0","0","0","0","0","3","0","2","N","","","","","","","","","","","","07","  ","","",""
"1145","1","0","0","0","0","0","0","0","0","1","0","","36","02","2016","2016012864","3","39.9972","-76.2897","1144","08","0","0","0","0","0","2","0","0","","0","0","0","11","1","0","02","0","39 59:49.991","","00","76 17:22.824","0","0","0","0","36240","0","0","0","Y","0","0","0","2","36240","0","","1","01","N","N","0","","0","0","1","0","0","","1141","0","2","0","0","0","0","0","1","0","2","N","","","","","","","","","","","","03","  ","","",""
"1211","3","0","0","0","0","0","0","0","0","1","0","","36","02","2016","2016012900","3","40.068","-76.316","1150","08","0","0","0","0","0","1","1","0","2","0","0","0","11","1","0","00","2","40 04:04.745","2","00","76 18:57.640","0","0","0","0","36301","0","0","0","N","0","0","0","3","36301","0","","1","01","N","N","0","","0","0","0","3","2","Y","1150","0","3","0","0","0","0","0","3","0","3","N","","","","","","","","","","","","03","  ","","",""
"0648","2","0","0","0","0","0","0","0","0","4","0","","36","01","2016","2016012908","6","40.0059","-76.3577","0645","08","0","0","0","1","0","0","0","0","1","0","0","0","06","5","0","02","1","40 00:21.354","1","07","76 21:27.552","0","0","0","0","36412","0","0","0","N","0","0","0","2","36412","0","","2","09","N","N","0","","0","0","0","0","0","Y","0635","0","2","0","0","0","0","0","3","0","2","N","","","","","","","","","","","","03","  ","","",""
"0945","1","0","0","0","0","0","0","0","0","7","0","","36","01","2016","2016012978","5","40.0255","-76.38","0945","08","0","0","0","0","0","0","0","0","1","0","0","0","09","1","0","00","1","40 01:31.800","2","00","76 22:47.820","0","0","0","0","36223","0","0","0","N","0","0","0","1","36223","0","","4","01","N","N","0","","0","0","0","0","0","N","0945","0","1","0","0","0","0","0","1","0","1","N","","","","","","","","","","","","03","  ","","",""
"1848","2","0","0","0","0","0","0","0","0","1","0","","36","02","2016","2016013016","3","40.0598","-76.3349","1830","08","0","0","0","0","0","0","0","0","","0","0","0","18","4","0","00","0","40 03:35.447","","00","76 20:05.729","0","0","0","0","36101","0","0","0","N","0","0","0","2","36101","0","","1","09","N","N","0","","0","0","0","0","0","","1829","0","2","0","0","0","0","0","3","0","2","N","","","","","","","","","","","","03","  ","","",""
"1517","1","0","0","0","0","0","0","0","0","4","0","","36","01","2016","2016013026","4","40.0685","-76.3074","1513","08","0","0","0","0","0","0","0","0","2","0","0","0","15","1","1","01","1","40 04:06.605","3","00","76 18:27.559","3","0","0","0","36101","0","0","0","N","0","0","0","4","36101","0","","1","09","N","N","0","","1","0","1","3","2","N","1510","1","2","0","0","0","0","0","3","0","2","N","","","","","","","","","","","","03","  ","","",""
"1700","0","0","0","0","0","0","0","0","0","0","0","","36","01","2016","2016013031","6","39.9756","-76.2454","1650","08","0","0","0","0","0","0","0","0","3","0","0","0","16","1","0","00","2","39 58:32.010","6","00","76 14:43.453","0","0","0","0","36240","0","0","0","N","0","0","0","1","36240","0","","1","02","N","N","0","","0","0","1","0","0","Y","1650","0","1","0","0","0","0","0","1","0","1","N","","","","","","","","","","","","98","  ","","",""
"0512","1","0","0","0","0","0","0","0","0","7","0","","36","02","2016","2016013037","3","40.0264","-76.2426","0511","08","0","0","0","1","0","0","0","0","2","0","0","0","05","3","0","00","2","40 01:34.992","5","00","76 14:33.297","0","0","0","0","36215","0","0","0","N","0","0","0","1","36215","0","","4","02","N","N","0","","0","0","0","0","0","Y","0509","0","1","0","0","0","0","0","1","0","1","N","","","","","","","","","","","","03","  ","","",""
"0107","1","0","0","0","0","0","0","0","0","4","0","","36","02","2016","2016013045","3","40.0433","-76.3002","0104","08","0","0","0","0","0","2","0","0","2","0","0","0","01","3","2","01","2","40 02:35.973","3","00","76 18:00.687","3","0","0","0","36301","0","0","0","N","0","0","0","5","36301","0","","1","01","N","N","1","","2","0","1","3","3","Y","0104","2","3","0","0","0","0","0","3","0","3","N","","","","","","","","","","","","03","  ","","",""
"2340","4","0","0","0","0","0","0","0","0","4","0","","36","01","2016","2016013054","7","40.0384","-76.3162","2325","08","0","0","0","0","0","0","0","0","2","0","0","0","23","3","0","01","1","40 02:18.408","4","00","76 18:58.376","0","0","0","0","36301","0","0","0","N","0","0","0","2","36301","0","","1","07","N","N","0","","0","0","0","3","3","N","2325","0","4","0","0","0","0","0","3","0","4","N","","","","","","","","","","","","03","  ","","",""
"1258","1","0","0","0","0","0","0","0","0","1","0","","36","01","2016","2016013062","5","40.0787","-76.3464","1253","08","0","0","0","0","0","0","0","1","","0","0","0","12","1","1","06","0","40 04:43.399","","02","76 20:46.906","4","0","0","0","36101","0","0","0","N","0","0","0","4","36101","1","","1","01","N","N","0","","0","0","0","3","3","","1249","1","2","0","0","0","0","0","3","1","2","N","","","","","","","","","","","","03","  ","","",""
"1758","1","0","0","0","0","0","0","0","0","4","0","","36","01","2016","2016013064","1","39.9858","-76.2836","1755","08","0","0","0","0","0","0","1","0","","0","0","0","17","3","0","01","0","39 59:09.292","","00","76 17:01.207","0","0","0","0","36240","0","0","0","N","0","0","0","7","36240","0","","1","06","N","N","1","","0","0","0","3","2","","1753","0","2","0","0","0","0","0","1","0","2","N","","","","","","","","","","","","03","  ","","",""
"0620","0","0","0","0","0","0","0","0","0","7","0","","36","02","2016","2016013075","3","40.1756","-76.5979","0620","08","1","0","0","0","0","0","0","0","","0","0","0","06","5","0","06","0","40 10:20.451","","08","76 35:37.229","0","0","0","0","36225","0","0","0","Y","0","0","0","2","36505","0","","4","02","N","N","0","","0","0","0","0","0","","0620","0","1","0","0","0","0","0","2","1","1","N","","","","","","","","","","","","98","  ","","",""
"0644","2","0","0","0","0","0","0","0","0","5","1","","36","02","2016","2016013163","4","40.1573","-76.2023","0627","08","0","0","0","0","0","0","1","0","3","0","1","0","06","5","0","00","2","40 09:26.400","6","07","76 12:08.200","0","0","0","0","36402","0","0","0","N","0","0","0","1","36402","0","","6","06","N","N","0","","0","0","0","0","0","Y","0624","0","3","0","0","0","0","0","2","0","3","N","","","","","","","","","","","","07","  ","","",""
"0758","1","0","0","0","0","0","0","0","0","4","0","","36","02","2016","2016013177","4","40.1715","-76.58","0746","08","0","1","0","0","0","0","0","0","","0","0","0","07","1","0","00","0","40 10:17.411","","07","76 34:48.047","0","0","0","0","36225","0","0","0","N","0","0","0","2","36505","0","","1","01","N","N","1","","0","0","0","0","0","","0744","0","2","0","0","0","0","0","2","0","2","N","","","","","","","","","","","","07","  ","","",""
"0805","1","0","0","0","0","0","0","0","0","1","0","","36","01","2016","2016013186","3","40.0823","-76.2331","0800","08","0","0","0","0","0","1","0","0","","0","0","0","07","1","0","00","0","40 04:56.322","","00","76 13:59.236","0","0","0","0","36234","0","0","0","N","0","0","0","3","36215","0","","1","02","N","N","0","","0","0","1","0","0","","0754","0","2","0","0","0","0","0","1","0","2","N","","","","","","","","","","","","07","  ","","",""
"1053","1","0","0","0","0","0","0","0","0","4","0","","36","02","2016","2016013209","4","40.051","-76.3535","1051","08","0","0","0","0","0","0","1","0","1","0","0","0","10","1","0","01","1","40 03:03.668","2","00","76 21:12.504","0","0","0","0","36214","0","0","0","N","0","0","0","4","36214","0","","1","09","N","N","0","","0","0","0","3","2","N","1045","0","2","0","0","0","0","0","3","1","2","N","","","","","","","","","","","","07","  ","","",""
"1045","2","0","0","0","0","0","0","0","0","5","0","","36","01","2016","2016013215","1","40.1014","-76.3112","1037","08","0","0","0","0","0","0","0","0","","0","0","0","03","6","0","00","0","40 06:05.012","","00","76 18:40.259","0","0","0","0","36101","0","0","0","N","0","0","0","1","36101","0","","6","01","N","N","0","","0","0","0","0","0","","0300","0","2","0","0","0","0","0","3","0","2","N","","","","","","","","","","","","03","  ","","",""
"0640","2","0","0","0","0","0","0","0","0","4","0","","36","01","2016","2016013239","7","40.131","-76.2171","0636","08","0","0","1","0","0","0","0","0","2","0","0","0","06","5","0","01","1","40 07:51.556","2","00","76 13:01.609","0","0","0","0","36238","0","0","0","N","0","0","0","2","36238","0","","1","01","N","N","0","","0","0","0","3","2","N","0633","0","2","0","0","0","0","0","3","0","2","N","","","","","","","","","","","","03","  ","","",""
"1500","0","0","0","0","0","0","0","0","0","4","0","","36","01","2016","2016013258","7","40.131","-76.2171","1457","08","0","0","0","0","0","0","0","0","2","0","0","0","14","1","0","01","1","40 07:51.556","1","00","76 13:01.609","0","0","0","0","36238","0","0","0","N","0","0","0","5","36238","0","","1","01","N","N","0","","0","0","1","3","2","N","1455","0","2","0","0","0","0","0","3","1","2","N","","","","","","","","","","","","03","  ","","",""
"0709","2","0","0","0","0","0","0","0","0","4","0","","36","01","2016","2016013261","7","40.0049","-76.3572","0709","08","0","0","0","0","0","0","1","0","1","0","0","0","07","1","0","01","1","40 00:17.607","2","00","76 21:25.930","0","0","0","0","36412","0","0","0","N","0","0","0","2","36412","0","","1","02","N","N","0","","0","0","0","3","3","Y","0707","0","2","0","0","0","0","0","3","0","2","N","","","","","","","","","","","","07","05","","",""
"1510","2","0","0","0","0","0","0","0","0","1","0","","36","02","2016","2016013263","4","40.04","-76.2873","1504","08","0","0","0","0","0","2","0","0","","0","0","0","15","1","1","01","0","40 02:23.969","","00","76 17:14.293","8","0","0","0","36301","0","0","0","N","0","0","0","2","36301","0","","1","01","N","N","0","","0","0","0","3","2","","1501","1","2","0","0","0","1","0","3","0","2","N","","","","","","","","","","","","07","  ","","",""
"1514","0","0","0","0","0","0","0","0","0","4","0","","36","02","2016","2016013264","4","40.0785","-76.301","1507","08","0","0","0","0","0","1","0","0","1","0","0","0","15","1","0","01","1","40 04:42.610","3","00","76 18:03.744","0","0","0","0","36101","0","0","0","N","0","0","0","2","36101","0","","1","09","N","N","0","","0","0","1","3","3","N","1507","0","2","0","0","0","0","0","3","1","2","N","","","","","","","","","","","","03","  ","","",""
"1713","2","0","0","0","0","0","0","0","0","4","0","","36","01","2016","2016013268","7","40.1277","-76.1649","1700","08","0","0","0","0","0","0","0","0","2","0","0","0","16","4","0","01","1","40 07:39.631","4","00","76 09:53.677","0","0","0","0","36238","0","0","0","N","0","0","0","2","36238","0","","1","01","N","N","0","","0","0","0","3","3","N","1655","0","2","0","0","0","0","0","3","0","2","N","","","","","","","","","","","","03","  ","","",""
"2039","0","0","0","0","0","0","0","0","0","1","0","","36","01","2016","2016013391","1","40.1501","-76.4795","2039","08","0","0","0","0","0","2","0","0","2","0","0","0","20","2","0","00","2","40 09:00.280","5","00","76 28:46.084","0","0","0","0","36230","0","0","0","N","0","0","0","2","36410","0","","1","07","N","N","0","","0","0","1","0","0","Y","2030","0","2","0","0","0","0","0","1","0","2","N","","","","","","","","","","","","10","  ","","",""
"0514","2","0","1","0","0","0","0","0","0","4","0","","36","01","2016","2016013418","7","40.0279","-76.2237","0506","08","0","0","0","0","0","0","1","0","2","0","0","0","05","3","2","03","2","40 01:40.482","4","00","76 13:25.386","2","0","0","0","36215","0","0","0","N","0","0","0","3","36215","0","","1","01","N","N","0","","1","1","0","3","3","Y","0503","2","2","0","0","0","0","0","1","0","2","N","","","","","","","","","","","","03","  ","","",""
"1820","1","0","0","0","0","0","0","0","0","4","0","","36","01","2016","2016013425","1","39.98","-76.3111","1800","08","0","0","0","0","0","0","0","1","","0","0","0","17","3","0","01","0","39 58:48.043","","00","76 18:40.056","0","0","0","0","36228","0","0","0","N","0","0","0","3","36503","0","","1","01","N","N","1","","0","0","0","3","2","","1755","0","2","0","0","0","0","0","1","0","2","N","","","","","","","","","","","","03","  ","","",""
"1853","1","0","0","0","0","0","0","0","0","4","0","","36","01","2016","2016013452","3","40.0493","-76.3256","1848","08","0","1","0","0","0","1","0","0","1","0","0","0","18","4","0","01","1","40 02:57.465","1","00","76 19:32.296","0","0","0","0","36301","0","0","0","N","0","0","0","2","36301","0","","1","06","N","N","0","","0","0","0","3","3","Y","1823","0","2","0","0","0","0","0","3","0","2","N","","","","","","","","","","","","03","  ","","",""
"1750","1","0","0","0","0","0","0","0","0","7","0","","36","01","2016","2016013455","1","40.2292","-76.4323","1744","08","0","1","0","0","0","0","0","0","1","0","0","0","17","2","1","00","1","40 13:45.068","2","00","76 25:56.393","3","0","0","0","36230","0","0","0","N","0","0","0","1","36410","0","","5","02","N","N","0","","1","0","0","0","0","Y","1742","1","1","0","0","0","0","0","1","0","1","N","","","","","","","","","","","","03","  ","","",""
"0040","0","0","0","0","0","0","0","0","0","7","0","","36","01","2016","2016013469","1","40.0884","-76.3125","0038","08","0","0","0","0","0","0","0","0","3","0","0","0","00","2","0","00","2","40 05:18.153","6","00","76 18:44.928","0","0","0","0","36101","0","0","0","N","0","0","0","1","36101","0","","5","01","N","N","0","","0","0","1","0","0","Y","0034","0","1","0","0","0","0","0","3","0","1","N","","","","","","","","","","","","03","  ","","",""
"0755","0","0","0","0","0","0","0","0","0","0","1","","36","01","2016","2016013499","3","40.0024","-76.0924","0732","08","0","0","0","0","0","0","0","0","3","0","1","0","07","1","0","00","1","40 00:08.543","3","00","76 05:32.548","0","0","0","0","36226","0","0","0","","0","0","0","1","68J01","0","","1","09","N","N","0","","0","0","0","0","0","N","0731","0","1","0","0","0","0","0","1","0","1","N","","","","","","","","","","","","07","  ","","",""
"0825","2","0","0","0","0","0","0","0","0","5","1","","36","01","2016","2016013500","3","40.2145","-76.3018","0750","08","0","1","0","0","0","0","0","0","3","0","1","0","07","1","0","00","2","40 12:52.189","5","00","76 18:06.600","0","0","0","0","36217","0","0","0","N","0","0","0","3","68J01","0","","1","02","N","N","0","","0","0","0","0","0","Y","0747","0","3","0","0","0","0","0","1","0","3","N","","","","","","","","","","","","98","  ","","",""
"1733","1","0","0","0","0","0","0","0","0","2","0","","36","02","2016","2016013501","2","39.9605","-76.2349","1719","08","0","0","0","0","0","0","0","0","2","0","0","0","17","4","0","00","2","39 57:37.680","5","03","76 14:05.540","0","0","0","0","36233","0","0","0","","0","0","0","2","68J01","0","","1","09","N","N","1","","0","0","0","0","0","N","1719","0","2","0","0","0","0","0","1","0","2","N","","","","","","","","","","","","07","  ","","",""
"1643","2","0","0","0","0","0","0","0","0","2","0","","36","02","2016","2016013524","4","40.0392","-76.4286","1642","08","0","0","0","0","0","1","0","0","2","0","0","0","16","1","0","05","2","40 02:21.030","4","00","76 25:42.816","0","0","0","0","36414","0","0","0","N","0","0","0","3","36239","0","","1","09","N","N","0","","0","0","0","3","2","Y","1631","0","2","0","0","0","0","0","3","0","2","N","","","","","","","","","","","","03","  ","","",""
"1256","0","0","0","0","0","0","0","0","0","7","1","","36","02","2016","2016013525","4","40.0129","-76.3","1253","08","0","0","0","0","0","0","0","0","6","0","1","0","12","1","0","00","2","40 00:46.413","5","00","76 18:00.042","0","0","0","0","36240","0","0","0","Y","0","0","0","1","36240","0","","4","09","N","N","0","","0","0","0","0","0","Y","1250","0","1","0","0","0","0","0","1","0","1","N","","","","","","","","","","","","07","  ","","",""
"1325","1","0","0","0","0","0","0","0","0","4","0","","36","01","2016","2016013550","1","40.0951","-76.3119","1318","08","0","0","0","0","0","0","0","0","","0","0","0","13","1","0","01","0","40 05:42.400","","00","76 18:43.000","0","0","0","0","36101","0","0","0","N","0","0","0","5","36101","0","","1","01","N","N","0","","0","0","1","0","0","","1307","0","2","0","0","1","0","0","3","0","2","N","","","","","","","","","","","","03","  ","","",""