"ARRIVAL_TM","AUTOMOBILE_COUNT","BELTED_DEATH_COUNT","BELTED_SUSP_SERIOUS_INJ_COUNT","BICYCLE_COUNT","BICYCLE_DEATH_COUNT","BICYCLE_SUSP_SERIOUS_INJ_COUNT","BUS_COUNT","CHLDPAS_DEATH_COUNT","CHLDPAS_SUSP_SERIOUS_INJ_COUNT","COLLISION_TYPE","COMM_VEH_COUNT","CONS_ZONE_SPD_LIM","COUNTY","CRASH_MONTH","CRASH_YEAR","CRN","DAY_OF_WEEK","DEC_LAT","DEC_LONG","DISPATCH_TM","DISTRICT","DRIVER_COUNT_16YR","DRIVER_COUNT_17YR","DRIVER_COUNT_18YR","DRIVER_COUNT_19YR","DRIVER_COUNT_20YR","DRIVER_COUNT_50_64YR","DRIVER_COUNT_65_74YR","DRIVER_COUNT_75PLUS","EST_HRS_CLOSED","FATAL_COUNT","HEAVY_TRUCK_COUNT","HORSE_BUGGY_COUNT","HOUR_OF_DAY","ILLUMINATION","INJURY_COUNT","INTERSECT_TYPE","LANE_CLOSED","LATITUDE","LN_CLOSE_DIR","LOCATION_TYPE","LONGITUDE","MAX_SEVERITY_LEVEL","MCYCLE_DEATH_COUNT","MCYCLE_SUSP_SERIOUS_INJ_COUNT","MOTORCYCLE_COUNT","MUNICIPALITY","NONMOTR_COUNT","NONMOTR_DEATH_COUNT","NONMOTR_SUSP_SERIOUS_INJ_COUNT","NTFY_HIWY_MAINT","PED_COUNT","PED_DEATH_COUNT","PED_SUSP_SERIOUS_INJ_COUNT","PERSON_COUNT","POLICE_AGCY","POSSIBLE_INJ_COUNT","RDWY_SURF_TYPE_CD","RELATION_TO_ROAD","ROAD_CONDITION","SCH_BUS_IND","SCH_ZONE_IND","SMALL_TRUCK_COUNT","SPEC_JURIS_CD","SUSP_MINOR_INJ_COUNT","SUSP_SERIOUS_INJ_COUNT","SUV_COUNT","TCD_FUNC_CD","TCD_TYPE","TFC_DETOUR_IND","TIME_OF_DAY","TOT_INJ_COUNT","TOTAL_UNITS","UNB_DEATH_COUNT","UNB_SUSP_SERIOUS_INJ_COUNT","UNBELTED_OCC_COUNT","UNK_INJ_DEG_COUNT","UNK_INJ_PER_COUNT","URBAN_RURAL","VAN_COUNT","VEHICLE_COUNT","WORK_ZONE_IND","WORK_ZONE_LOC","WORK_ZONE_TYPE","WORKERS_PRES","WZ_CLOSE_DETOUR","WZ_FLAGGER","WZ_LAW_OFFCR_IND","WZ_LN_CLOSURE","WZ_MOVING","WZ_OTHER","WZ_SHLDER_MDN","ROADWAY_CLEARED","WEATHER1","WEATHER2","WZ_WORKERS_INJ_KILLED","SECONDARY_CRASH","INTERSECTION_RELATED"
"1246","3","0","0","0","0","0","0","0","0","1","0","","36","02","2016","2016013654","5","40.0488","-76.3936","1244","08","0","0","0","0","0","0","1","0","2","0","0","0","12","1","2","00","1","40 02:55.701","1","00","76 23:36.812","8","0","0","0","36214","0","0","0","N","0","0","0","4","36214","0","","1","01","N","N","0","","0","0","0","0","0","N","1240","2","3","0","0","0","2","0","3","0","3","N","","","","","","","","","","","","03","  ","","",""
"1545","1","0","0","0","0","0","0","0","0","1","0","","36","02","2016","2016013681","5","40.0377","-76.4213","1545","08","0","0","0","0","1","1","0","0","","0","0","0","15","1","0","00","0","40 02:15.553","","00","76 25:16.628","0","0","0","0","36414","0","0","0","N","0","0","0","2","36239","0","","1","01","N","N","0","","0","0","1","0","0","","1540","0","2","0","0","0","0","0","3","0","2","N","","","","","","","","","","","","03","  ","","",""
"0938","0","0","0","0","0","0","0","0","0","7","0","","36","01","2016","2016014101","2","39.926","-76.2805","0847","08","0","0","0","0","0","0","0","0","2","0","0","0","08","1","0","00","2","39 55:33.668","5","00","76 16:49.856","0","0","0","0","36229","0","0","0","","0","0","0","1","68J01","0","","3","02","N","N","0","","0","0","1","0","0","N","0845","0","1","0","0","0","0","0","1","0","1","N","","","","","","","","","","","","10","  ","","",""
"1745","1","0","0","0","0","0","0","0","0","1","0","","36","02","2016","2016014135","4","40.0805","-76.3833","1739","08","0","0","0","0","0","1","0","0","1","0","0","0","17","3","0","01","1","40 04:49.623","1","00","76 22:59.948","0","0","0","0","36214","0","0","0","N","0","0","0","5","36214","0","","1","09","N","N","0","","0","0","1","3","2","N","1734","0","2","0","0","0","0","0","3","0","2","N","","","","","","","","","","","","07","  ","","",""
"1555","0","0","0","0","0","0","0","0","0","7","0","","36","02","2016","2016014171","5","40.1573","-76.1659","1548","08","0","0","0","0","1","0","0","0","","0","0","0","15","1","0","00","0","40 09:26.100","","00","76 09:57.280","0","0","0","0","36238","0","0","0","N","0","0","0","1","36238","0","","5","01","N","N","0","","0","0","0","0","0","","1539","0","1","0","0","0","0","0","3","1","1","N","","","","","","","","","","","","03","  ","","",""
"1513","1","0","0","0","0","0","1","0","0","4","1","","36","02","2016","2016014383","2","40.0149","-76.3399","1508","08","0","0","0","0","0","1","0","0","2","0","0","0","15","1","0","01","2","40 00:53.629","7","00","76 20:23.632","0","0","0","0","36412","0","0","0","N","0","0","0","20","36412","0","","1","09","Y","N","0","","0","0","0","3","3","Y","1507","0","2","0","0","0","0","0","3","0","2","N","","","","","","","","","","","","07","  ","","",""
"0745","1","0","0","0","0","0","0","0","0","4","0","","36","01","2016","2016014415","3","40.1159","-76.4997","0731","08","0","0","0","0","0","0","0","0","","0","0","0","07","1","0","02","0","40 06:57.228","","00","76 29:58.961","0","0","0","0","36225","0","0","0","N","0","0","0","4","36505","0","","1","02","N","N","0","","0","0","1","3","3","","0725","0","2","0","0","0","0","0","2","0","2","N","","","","","","","","","","","","07","  ","","",""
"0728","2","0","0","0","0","0","0","0","0","4","0","","36","01","2016","2016014522","6","40.0741","-76.5809","0722","08","0","0","1","0","0","0","0","0","","0","0","0","07","1","0","01","0","40 04:26.692","","00","76 34:51.315","0","0","0","0","36211","0","0","0","N","0","0","0","3","36504","0","","1","01","N","N","0","","0","0","0","3","3","","0720","0","2","0","0","0","0","0","1","0","2","N","","","","","","","","","","","","03","  ","","",""
"0730","2","0","0","0","0","0","0","0","0","1","0","","36","01","2016","2016014580","3","40.0963","-76.5751","0719","08","0","0","0","0","0","0","0","0","3","0","0","0","07","1","0","00","1","40 05:46.603","3","00","76 34:30.210","0","0","0","0","36211","0","0","0","N","0","0","0","2","36504","0","","1","02","N","N","0","","0","0","0","0","0","N","0716","0","2","0","0","0","0","0","1","0","2","N","","","","","","","","","","","","09","  ","","",""
"0602","1","0","0","0","0","0","0","0","0","4","0","","36","02","2016","2016014585","3","40.1797","-76.6003","0601","08","0","0","0","0","0","0","0","0","1","0","0","0","06","6","1","00","1","40 10:46.992","2","00","76 36:01.238","8","0","0","0","36225","0","0","0","N","0","0","0","2","36505","0","","1","01","N","N","1","","0","0","0","0","0","N","0600","1","2","0","0","0","1","0","2","0","2","N","","","","","","","","","","","","03","  ","","",""
"1912","2","0","0","0","0","0","0","0","0","4","0","","36","02","2016","2016014615","6","40.1796","-76.1787","1911","08","0","0","0","0","0","1","1","0","1","0","0","0","19","3","2","01","1","40 10:46.739","3","00","76 10:43.492","8","0","0","0","36408","0","0","0","N","0","0","0","5","36408","0","","1","01","N","N","0","","0","0","0","3","2","N","1910","2","2","0","0","0","2","0","2","0","2","N","","","","","","","","","","","","03","  ","","",""
"0700","0","0","0","0","0","0","0","0","0","7","0","","36","02","2016","2016014680","7","40.0477","-76.4215","0654","08","0","0","0","0","0","0","0","0","","0","0","0","06","5","0","02","0","40 02:51.589","","00","76 25:17.326","0","0","0","0","36239","0","0","0","Y","0","0","0","1","36239","0","","2","01","N","N","0","","0","0","0","3","2","","0650","0","1","0","0","0","0","0","3","1","1","N","","","","","","","","","","","","03","  ","","",""
"1720","3","0","0","0","0","0","0","0","0","1","0","","36","02","2016","2016014681","6","40.0717","-76.3264","1708","08","0","0","0","0","0","0","0","0","2","0","0","0","17","4","1","00","2","40 04:17.968","3","00","76 19:34.990","4","0","0","0","36301","0","0","0","N","0","0","0","4","36301","1","","1","01","N","N","0","","0","0","0","0","0","Y","1703","1","3","0","0","0","0","0","3","0","3","N","","","","","","","","","","","","03","  ","","",""
"1728","1","0","0","0","0","0","0","0","0","4","0","","36","02","2016","2016014688","3","40.0599","-76.2777","1721","08","0","0","0","0","0","1","0","0","3","0","0","0","17","3","0","01","1","40 03:35.856","1","02","76 16:40.025","0","0","0","0","36101","0","0","0","N","0","0","0","4","36101","0","","1","01","N","N","0","","0","0","0","3","2","N","1718","0","2","0","0","0","0","0","3","1","2","N","","","","","","","","","","","","03","  ","","",""
"1130","1","0","0","0","0","0","0","0","0","8","0","","36","02","2016","2016014691","6","40.031","-76.3208","1127","08","0","0","0","0","0","0","0","0","","0","0","0","11","1","1","01","0","40 01:51.511","","00","76 19:14.982","4","0","0","0","36301","1","0","0","N","1","0","0","2","36301","1","","1","01","N","N","0","","0","0","0","3","2","","1125","1","2","0","0","0","0","0","3","0","1","N","","","","","","","","","","","","03","  ","","",""
"0538","1","0","0","0","0","0","0","0","0","4","0","","36","02","2016","2016014710","3","40.1057","-76.0884","0538","08","0","1","0","0","0","0","0","0","1","0","0","0","05","2","0","02","1","40 06:20.654","5","00","76 05:18.100","0","0","0","0","36415","0","0","0","N","0","0","0","2","36415","0","","1","02","N","N","0","","0","0","1","3","3","N","0535","0","2","0","0","0","0","0","1","0","2","N","","","","","","","","","","","","03","  ","","",""
"0954","2","0","0","0","0","0","0","0","0","5","0","","36","02","2016","2016014711","6","40.1602","-76.3046","0950","08","0","0","0","0","0","0","0","0","","0","0","0","09","1","0","00","0","40 09:36.685","","00","76 18:16.474","0","0","0","0","36409","0","0","0","N","0","0","0","1","36409","0","","4","01","N","N","0","","0","0","0","0","0","","0946","0","2","0","0","0","0","0","3","0","2","N","","","","","","","","","","","","03","  ","","",""
"1240","0","0","0","0","0","0","0","0","0","5","1","","36","01","2016","2016014712","3","40.1484","-76.5625","1237","08","0","0","0","0","0","1","0","0","","0","1","0","12","1","0","00","0","40 08:54.149","","00","76 33:45.150","0","0","0","0","36225","0","0","0","N","0","0","0","2","36505","0","","1","01","N","N","1","","0","0","0","0","0","","1230","0","2","0","0","0","0","0","2","0","2","N","","","","","","","","","","","","03","  ","","",""
"1701","0","0","0","1","0","0","0","0","0","5","0","","36","01","2016","2016014731","4","40.1899","-76.5802","1657","08","0","0","0","0","0","1","0","0","1","0","0","0","16","1","1","00","1","40 11:23.613","6","00","76 34:48.836","8","0","0","0","36225","1","0","0","N","0","0","0","2","36505","0","","1","01","N","N","1","","0","0","0","0","0","N","1650","1","2","0","0","0","1","0","2","0","1","N","","","","","","","","","","","","03","  ","","",""
"1634","1","0","0","0","0","0","0","0","0","7","0","","36","02","2016","2016014759","7","40.1929","-76.4155","1630","08","0","0","0","0","0","0","0","0","1","0","0","0","16","1","1","02","1","40 11:34.497","4","00","76 24:55.801","3","0","0","0","36230","0","0","0","N","0","0","0","1","36410","0","","5","09","N","N","0","","1","0","0","0","0","N","1629","1","1","0","0","0","0","0","1","0","1","N","","","","","","","","","","","","03","  ","","",""
"2345","1","0","0","0","0","0","0","0","0","7","0","","36","02","2016","2016014836","7","40.0601","-76.3599","2341","08","0","1","0","0","0","0","0","0","","0","0","0","23","3","0","01","0","40 03:36.563","","02","76 21:35.506","0","0","0","0","36214","0","0","0","N","0","0","0","1","36214","0","","4","01","N","N","0","","0","0","0","3","2","","2340","0","1","0","0","0","0","0","3","0","1","N","","","","","","","","","","","","03","  ","","",""
"0129","1","0","0","0","0","0","0","0","0","7","0","","36","02","2016","2016014845","1","40.119","-76.3794","0124","08","0","1","0","0","0","0","0","0","2","0","0","0","01","3","0","00","1","40 07:08.489","2","00","76 22:45.882","9","0","0","0","36214","0","0","0","N","0","0","0","1","36214","0","","4","01","N","N","0","","0","0","0","0","0","N","0123","0","1","0","0","0","0","1","3","0","1","N","","","","","","","","","","","","03","  ","","",""
"0957","1","0","0","0","0","0","0","0","0","4","0","","36","02","2016","2016014865","7","40.0635","-76.3589","0951","08","0","0","0","0","0","1","0","0","2","0","0","0","09","1","2","01","2","40 03:48.687","2","00","76 21:32.099","8","0","0","0","36214","0","0","0","N","0","0","0","4","36214","0","","1","01","N","N","1","","0","0","0","3","2","Y","0950","2","2","0","0","0","2","0","3","0","2","N","","","","","","","","","","","","03","  ","","",""
"0849","0","0","0","0","0","0","0","0","0","1","0","","36","01","2016","2016014913","3","40.1506","-76.6309","0824","08","0","0","0","0","0","0","0","0","2","0","0","0","08","1","1","00","2","40 09:02.283","5","00","76 37:51.216","3","0","0","0","36237","0","0","0","N","0","0","0","2","36505","0","","1","02","N","N","0","","1","0","2","0","0","Y","0810","1","2","0","0","0","0","0","1","0","2","N","","","","","","","","","","","","07","  ","","",""
"1228","1","0","0","0","0","0","0","0","0","4","0","","36","02","2016","2016014931","1","40.0592","-76.069","1218","08","0","0","0","0","0","0","0","1","2","0","0","0","12","1","1","01","1","40 03:33.201","4","00","76 04:08.417","3","0","0","0","36209","0","0","0","N","0","0","0","2","36415","0","","1","01","N","N","0","","1","0","1","3","3","Y","1218","1","2","0","0","0","0","0","1","0","2","N","","","","","","","","","","","","03","  ","","",""
"1804","1","0","0","0","0","0","0","0","0","4","0","","36","02","2016","2016014933","6","40.0318","-76.2396","1803","08","0","0","0","0","0","1","0","0","2","0","0","0","18","3","2","02","1","40 01:52.758","3","02","76 14:14.278","8","0","0","0","36215","0","0","0","N","0","0","0","2","36215","0","","1","01","N","N","1","","0","0","0","3","2","N","1803","2","2","0","0","0","2","0","1","0","2","N","","","","","","","","","","","","03","  ","","",""
"1917","0","0","0","0","0","0","0","0","0","7","0","","36","01","2016","2016014957","4","39.8846","-76.2021","1905","08","0","0","1","0","0","0","0","0","3","0","0","0","19","2","1","00","2","39 53:04.728","6","00","76 12:07.511","4","0","0","0","36212","0","0","0","","0","0","0","1","68J01","1","","4","02","N","N","1","","0","0","0","0","0","Y","1904","1","1","0","0","1","0","0","1","0","1","N","","","","","","","","","","","","10","  ","","",""
"0906","1","0","0","0","0","0","0","0","0","7","0","","36","01","2016","2016014958","1","39.9855","-76.0251","0858","08","0","0","1","0","0","0","0","0","1","0","0","0","08","1","0","00","2","39 59:07.650","6","00","76 01:30.230","0","0","0","0","36232","0","0","0","","0","0","0","1","68J01","0","","4","01","N","N","0","","0","0","0","0","0","Y","0857","0","1","0","0","0","0","0","1","0","1","N","","","","","","","","","","","","03","  ","","",""
"1901","0","0","0","0","0","0","0","0","0","7","0","","36","01","2016","2016014959","1","40.2144","-76.2877","1826","08","0","0","0","1","0","0","0","0","2","0","0","0","18","2","0","00","1","40 12:51.987","3","00","76 17:15.646","0","0","0","0","36217","0","0","0","","0","0","0","1","68J01","0","","4","01","N","N","1","","0","0","0","0","0","N","1820","0","1","0","0","0","0","0","1","0","1","N","","","","","","","","","","","","03","  ","","",""
"0837","1","0","0","0","0","0","0","0","0","4","1","","36","02","2016","2016014960","3","39.9285","-76.0589","0809","08","0","0","0","0","0","1","0","0","3","0","0","0","08","1","0","00","2","39 55:42.682","3","00","76 03:31.883","0","0","0","0","36201","0","0","0","","0","0","0","1","68J01","0","","4","02","N","N","1","","0","0","0","0","0","N","0807","0","2","0","0","0","0","0","1","0","2","N","","","","","","","","","","","","03","  ","","",""
"1604","3","0","0","0","0","0","0","0","0","1","0","","36","02","2016","2016014961","5","39.9942","-76.0348","1552","08","0","0","0","0","0","1","1","0","3","0","0","0","15","1","1","00","1","39 59:39.004","3","00","76 02:05.406","3","0","0","0","36232","0","0","0","","0","0","0","6","68J01","0","","1","01","N","N","1","","1","0","0","0","0","N","1551","1","5","0","0","0","0","0","1","1","5","N","","","","","","","","","","","","03","  ","","",""
"1745","0","0","0","0","0","0","0","0","0","4","0","","36","02","2016","2016015007","1","40.0941","-76.3777","1743","08","0","0","0","0","0","1","1","0","3","0","0","0","17","3","1","01","2","40 05:38.930","5","00","76 22:39.833","2","0","0","0","36214","0","0","0","N","0","0","0","3","36214","0","","1","01","N","N","0","","0","1","2","3","2","N","1740","1","2","0","1","1","0","0","3","0","2","N","","","","","","","","","","","","03","  ","","",""
"1752","0","0","0","0","0","0","0","0","0","7","0","","36","01","2016","2016015042","1","40.0845","-76.6591","1741","08","0","0","0","0","0","0","0","0","4","0","0","0","17","2","4","00","2","40 05:04.330","5","00","76 39:32.737","8","0","0","0","36211","0","0","0","N","0","0","0","4","36504","0","","1","09","N","N","1","","0","0","0","0","0","Y","1736","4","2","0","0","0","4","0","1","1","2","N","","","","","","","","","","","","03","  ","","",""
"0255","1","0","0","0","0","0","0","0","0","7","0","","36","01","2016","2016015097","1","40.0134","-76.3341","0250","08","0","0","0","0","0","0","0","0","2","0","0","0","02","3","0","00","2","40 00:48.067","4","00","76 20:02.589","0","0","0","0","36101","0","0","0","N","0","0","0","2","36101","0","","4","02","N","N","0","","0","0","0","0","0","Y","0248","0","1","0","0","0","0","0","3","0","1","N","","","","","","","","","","","","03","  ","","",""
"0726","0","0","0","0","0","0","0","0","0","2","0","","36","02","2016","2016015118","2","40.1776","-76.1807","0725","08","0","0","0","0","0","0","0","0","1","0","0","0","07","1","0","00","1","40 10:39.324","2","00","76 10:50.376","0","0","0","0","36408","0","0","0","N","0","0","0","2","36408","0","","1","01","N","N","0","","0","0","0","0","0","N","0724","0","2","0","0","0","0","0","2","2","2","N","","","","","","","","","","","","03","  ","","",""
"1955","1","0","0","0","0","0","0","0","0","7","0","","36","01","2016","2016015122","6","40.0426","-76.4937","1951","08","0","0","0","0","1","0","0","0","","0","0","0","19","3","0","00","0","40 02:33.231","","07","76 29:37.303","0","0","0","0","36404","0","0","0","N","0","0","0","1","36404","0","","4","07","N","Y","0","","0","0","0","0","0","","1950","0","1","0","0","0","0","0","3","0","1","N","","","","","","","","","","","","10","  ","","",""
"1743","0","0","0","0","0","0","0","0","0","5","0","","36","02","2016","2016015131","1","40.1698","-76.5971","1736","08","0","0","0","0","0","0","0","0","2","0","0","0","17","1","0","00","1","40 10:11.400","4","00","76 35:49.600","0","0","0","0","36225","0","0","0","N","0","0","0","1","36505","0","","6","01","N","N","0","","0","0","2","0","0","N","1730","0","2","0","0","1","0","0","2","0","2","N","","","","","","","","","","","","03","  ","","",""
"1705","1","0","0","0","0","0","0","0","0","7","0","","36","02","2016","2016015157","5","40.1976","-76.338","1657","08","0","0","1","0","0","0","0","0","3","0","0","0","16","1","0","00","2","40 11:51.513","6","00","76 20:16.765","0","0","0","0","36227","0","0","0","N","0","0","0","1","36506","0","","4","08","N","N","0","","0","0","0","0","0","Y","1657","0","1","0","0","0","0","0","1","0","1","N","","","","","","","","","","","","03","  ","","",""
"0839","2","0","0","0","0","0","0","0","0","4","0","","36","02","2016","2016015198","3","40.0563","-76.3056","0835","08","0","0","0","0","0","1","0","0","","0","0","0","08","1","1","01","0","40 03:22.640","","00","76 18:20.032","4","0","0","0","36101","0","0","0","N","0","0","0","2","36101","1","","1","01","N","N","0","","0","0","0","3","2","","0830","1","2","0","0","0","0","0","3","0","2","N","","","","","","","","","","","","03","  ","","",""
"0728","1","0","0","0","0","0","0","0","0","8","0","","36","01","2016","2016015282","3","40.0328","-76.5037","0728","08","0","0","0","0","0","1","0","0","2","0","0","0","07","1","1","01","1","40 01:58.227","2","00","76 30:13.179","8","0","0","0","36404","1","0","0","N","1","0","0","2","36404","0","","1","02","N","N","0","","0","0","1","9","3","N","0728","1","3","0","0","0","1","0","3","0","2","N","","","","","","","","","","","","09","  ","","",""
"1707","1","0","0","0","0","0","0","0","0","7","0","","36","02","2016","2016015283","2","39.9821","-76.3011","1657","08","0","0","0","0","0","0","0","0","","0","0","0","16","1","0","00","0","39 58:55.492","","00","76 18:03.904","0","0","0","0","36228","0","0","0","","0","0","0","1","36503","0","","4","01","","","0","","0","0","0","0","0","","1657","0","1","0","0","0","0","0","1","0","1","N","","","","","","","","","","","","03","  ","","",""
"1605","1","0","0","0","0","0","0","0","0","1","0","","36","01","2016","2016015411","7","40.1807","-76.1834","1603","08","0","0","0","0","0","0","0","1","","0","0","0","16","1","1","00","0","40 10:50.668","","00","76 11:00.353","3","0","0","0","36408","0","0","0","N","0","0","0","1","36408","0","","2","01","N","N","1","","1","0","0","0","0","","1602","1","2","0","0","0","0","0","2","0","2","N","","","","","","","","","","","","03","  ","","",""
"2315","0","0","0","0","0","0","0","0","0","7","0","","36","02","2016","2016015418","1","40.0913","-76.1653","2315","08","0","0","0","0","0","1","0","0","1","0","0","0","23","3","0","00","1","40 05:28.692","3","00","76 09:55.205","0","0","0","0","36234","0","0","0","N","0","0","0","1","36215","0","","4","01","N","N","1","","0","0","0","0","0","N","2315","0","1","0","0","0","0","0","1","0","1","N","","","","","","","","","","","","03","  ","","",""
"1630","1","0","0","0","0","0","0","0","0","4","1","","36","02","2016","2016015420","2","39.9751","-76.2473","1626","08","0","0","0","0","0","1","0","1","3","0","1","0","16","1","0","01","1","39 58:30.378","6","00","76 14:50.447","0","0","0","0","36240","0","0","0","N","0","0","0","2","36240","0","","1","01","N","N","0","","0","0","0","3","2","Y","1626","0","2","0","0","0","0","0","1","0","2","N","","","","","","","","","","","","03","  ","","",""
"2023","2","0","0","0","0","0","0","0","0","5","0","","36","02","2016","2016015426","2","40.0695","-76.3312","2008","08","0","0","0","0","0","0","0","0","","0","0","0","19","3","0","00","0","40 04:10.269","","00","76 19:52.240","0","0","0","0","36101","0","0","0","N","0","0","0","2","36101","0","","1","09","N","N","0","","0","0","0","0","0","","1945","0","2","0","0","0","0","0","3","0","2","N","","","","","","","","","","","","07","  ","","",""
"1640","2","0","0","0","0","0","0","0","0","4","0","","36","01","2016","2016015430","4","40.1027","-76.4328","1633","08","0","0","0","0","0","1","0","0","2","0","0","0","16","1","2","01","2","40 06:09.637","7","00","76 25:57.928","8","0","0","0","36239","0","0","0","N","0","0","0","4","36239","0","","1","01","N","N","1","","0","0","0","3","3","Y","1632","2","3","0","0","0","2","0","3","0","3","N","","","","","","","","","","","","03","  ","","",""
"1423","0","0","0","0","0","0","0","0","0","4","0","","36","02","2016","2016015438","5","40.1413","-76.2106","1417","08","0","0","0","0","0","1","0","0","1","0","0","0","14","1","1","00","1","40 08:28.590","2","07","76 12:38.229","3","0","0","0","36238","0","0","0","N","0","0","0","3","36402","0","","1","01","N","N","1","","1","0","1","0","0","N","1417","1","2","0","0","0","0","0","3","0","2","N","","","","","","","","","","","","03","  ","","",""
"0035","1","0","0","0","0","0","0","0","0","7","0","","36","02","2016","2016015508","5","40.0589","-76.3545","0035","08","0","0","0","0","0","0","0","0","1","0","0","0","00","2","0","00","1","40 03:32.080","1","00","76 21:16.230","9","0","0","0","36214","0","0","0","N","0","0","0","1","36214","0","","2","09","N","N","0","","0","0","0","0","0","N","0030","0","1","0","0","0","0","1","3","0","1","N","","","","","","","","","","","","05","  ","","",""
"0809","1","0","0","0","0","0","0","0","0","1","0","","36","02","2016","2016015516","2","40.0906","-76.264","0759","08","0","0","0","0","0","1","0","0","2","0","0","0","07","1","0","00","2","40 05:26.209","2","00","76 15:50.329","0","0","0","0","36101","0","0","0","N","0","0","0","3","36101","0","","1","01","N","N","0","","0","0","1","0","0","N","0756","0","2","0","0","0","0","0","3","0","2","N","","","","","","","","","","","","03","  ","","",""
"0455","0","0","0","0","0","0","0","0","0","7","0","","36","02","2016","2016015534","3","40.0432","-76.4333","0451","08","0","0","0","0","1","0","0","0","2","0","0","0","04","2","0","00","1","40 02:35.362","4","00","76 25:59.925","0","0","0","0","36239","0","0","0","N","0","0","0","1","36239","0","","4","09","N","N","0","","0","0","1","0","0","N","0450","0","1","0","0","0","0","0","3","0","1","N","","","","","","","","","","","","09","  ","","",""
"0714","1","0","0","0","0","0","0","0","0","7","0","","36","02","2016","2016015540","3","40.0445","-76.4283","0710","08","0","0","0","0","0","0","0","0","","0","0","0","07","5","0","00","0","40 02:40.377","","00","76 25:41.992","0","0","0","0","36239","0","0","0","N","0","0","0","1","36239","0","","2","09","N","N","0","","0","0","0","0","0","","0710","0","1","0","0","0","0","0","3","0","1","N","","","","","","","","","","","","10","  ","","",""
"1825","0","0","0","0","0","0","0","0","0","0","1","","36","02","2016","2016015555","6","40.0903","-76.1954","1812","08","0","0","0","0","0","1","0","0","3","0","1","0","18","3","0","00","2","40 05:24.905","5","00","76 11:43.533","0","0","0","0","36234","0","0","0","N","0","0","0","1","36215","0","","1","01","N","N","0","","0","0","0","0","0","Y","1812","0","1","0","0","0","0","0","1","0","1","N","","","","","","","","","","","","03","  ","","",""
"0759","1","0","0","0","0","0","0","0","0","4","0","","36","02","2016","2016015609","3","40.0331","-76.2451","0754","08","0","0","0","0","0","1","0","0","2","0","0","0","07","1","0","02","1","40 01:59.281","1","00","76 14:42.451","0","0","0","0","36215","0","0","0","N","0","0","0","4","36215","0","","1","09","N","N","1","","0","0","1","3","2","N","0751","0","3","0","0","1","0","0","1","0","3","N","","","","","","","","","","","","10","  ","","",""
"0829","2","0","0","0","0","0","0","0","0","5","0","","36","01","2016","2016015628","4","40.1561","-76.3004","0829","08","0","0","0","0","1","0","0","0","2","0","0","0","08","1","0","00","1","40 09:21.837","4","00","76 18:01.427","9","0","0","0","36409","0","0","0","N","0","0","0","1","36409","0","","2","01","N","N","0","","0","0","0","0","0","N","0827","0","2","0","0","0","0","1","3","0","2","N","","","","","","","","","","","","03","  ","","",""
"1037","1","0","0","0","0","0","0","0","0","7","0","","36","02","2016","2016015630","3","40.0931","-76.3796","1028","08","0","0","0","0","0","0","0","0","","0","0","0","10","1","0","00","0","40 05:35.182","","00","76 22:46.564","0","0","0","0","36214","0","0","0","N","0","0","0","2","36214","0","","4","09","N","N","0","","0","0","0","0","0","","1024","0","1","0","0","0","0","0","3","0","1","N","","","","","","","","","","","","10","  ","","",""
"1345","2","0","0","0","0","0","0","0","0","4","0","","36","02","2016","2016015631","3","40.0487","-76.3088","1338","08","0","0","0","0","0","1","0","0","1","0","0","0","13","1","0","01","2","40 02:55.377","1","00","76 18:31.514","0","0","0","0","36301","0","0","0","N","0","0","0","3","36301","0","","1","07","N","N","0","","0","0","0","3","3","Y","1336","0","2","0","0","1","0","0","3","0","2","N","","","","","","","","","","","","10","  ","","",""
"1315","1","0","0","0","0","0","0","0","0","7","0","","36","02","2016","2016015637","3","40.0538","-76.5203","1308","08","0","0","0","0","0","0","0","0","2","0","0","0","13","1","0","00","1","40 03:13.504","1","00","76 31:13.086","0","0","0","0","36239","0","0","0","N","0","0","0","1","36239","0","","4","07","N","N","0","","0","0","0","0","0","Y","1300","0","1","0","0","0","0","0","3","0","1","N","","","","","","","","","","","","10","  ","","",""
"1645","1","0","0","1","0","0","0","0","0","4","0","","36","02","2016","2016015660","3","40.0515","-76.315","1641","08","0","0","0","0","0","0","0","0","","0","0","0","16","1","1","00","0","40 03:05.500","","07","76 18:53.900","4","0","0","0","36301","1","0","0","N","0","0","0","2","36301","1","","1","01","N","N","0","","0","0","0","3","3","","1639","1","2","0","0","0","0","0","3","0","1","N","","","","","","","","","","","","03","  ","","",""
"0526","0","0","0","0","0","0","0","0","0","7","0","","36","02","2016","2016015713","7","39.9605","-75.9946","0507","08","0","0","0","0","0","0","0","0","3","0","0","0","05","2","1","00","2","39 57:37.630","5","00","75 59:40.480","3","0","0","0","36403","0","0","0","","0","0","0","1","68J01","0","","5","01","N","N","1","","1","0","0","0","0","Y","0506","1","1","0","0","0","0","0","1","0","1","N","","","","","","","","","","","","03","  ","","",""
"2238","1","0","0","0","0","0","0","0","0","7","0","","36","02","2016","2016015768","6","39.7667","-76.0871","2202","08","0","0","1","0","0","0","0","0","3","0","0","0","22","2","1","00","2","39 46:00.235","6","00","76 05:13.616","8","0","0","0","36222","0","0","0","","0","0","0","1","68J01","0","","4","01","N","N","0","","0","0","0","0","0","Y","2201","1","1","0","0","0","1","0","1","0","1","N","","","","","","","","","","","","03","  ","","",""