"ARRIVAL_TM","AUTOMOBILE_COUNT","BELTED_DEATH_COUNT","BELTED_SUSP_SERIOUS_INJ_COUNT","BICYCLE_COUNT","BICYCLE_DEATH_COUNT","BICYCLE_SUSP_SERIOUS_INJ_COUNT","BUS_COUNT","CHLDPAS_DEATH_COUNT","CHLDPAS_SUSP_SERIOUS_INJ_COUNT","COLLISION_TYPE","COMM_VEH_COUNT","CONS_ZONE_SPD_LIM","COUNTY","CRASH_MONTH","CRASH_YEAR","CRN","DAY_OF_WEEK","DEC_LAT","DEC_LONG","DISPATCH_TM","DISTRICT","DRIVER_COUNT_16YR","DRIVER_COUNT_17YR","DRIVER_COUNT_18YR","DRIVER_COUNT_19YR","DRIVER_COUNT_20YR","DRIVER_COUNT_50_64YR","DRIVER_COUNT_65_74YR","DRIVER_COUNT_75PLUS","EST_HRS_CLOSED","FATAL_COUNT","HEAVY_TRUCK_COUNT","HORSE_BUGGY_COUNT","HOUR_OF_DAY","ILLUMINATION","INJURY_COUNT","INTERSECT_TYPE","LANE_CLOSED","LATITUDE","LN_CLOSE_DIR","LOCATION_TYPE","LONGITUDE","MAX_SEVERITY_LEVEL","MCYCLE_DEATH_COUNT","MCYCLE_SUSP_SERIOUS_INJ_COUNT","MOTORCYCLE_COUNT","MUNICIPALITY","NONMOTR_COUNT","NONMOTR_DEATH_COUNT","NONMOTR_SUSP_SERIOUS_INJ_COUNT","NTFY_HIWY_MAINT","PED_COUNT","PED_DEATH_COUNT","PED_SUSP_SERIOUS_INJ_COUNT","PERSON_COUNT","POLICE_AGCY","POSSIBLE_INJ_COUNT","RDWY_SURF_TYPE_CD","RELATION_TO_ROAD","ROAD_CONDITION","SCH_BUS_IND","SCH_ZONE_IND","SMALL_TRUCK_COUNT","SPEC_JURIS_CD","SUSP_MINOR_INJ_COUNT","SUSP_SERIOUS_INJ_COUNT","SUV_COUNT","TCD_FUNC_CD","TCD_TYPE","TFC_DETOUR_IND","TIME_OF_DAY","TOT_INJ_COUNT","TOTAL_UNITS","UNB_DEATH_COUNT","UNB_SUSP_SERIOUS_INJ_COUNT","UNBELTED_OCC_COUNT","UNK_INJ_DEG_COUNT","UNK_INJ_PER_COUNT","URBAN_RURAL","VAN_COUNT","VEHICLE_COUNT","WORK_ZONE_IND","WORK_ZONE_LOC","WORK_ZONE_TYPE","WORKERS_PRES","WZ_CLOSE_DETOUR","WZ_FLAGGER","WZ_LAW_OFFCR_IND","WZ_LN_CLOSURE","WZ_MOVING","WZ_OTHER","WZ_SHLDER_MDN","ROADWAY_CLEARED","WEATHER1","WEATHER2","WZ_WORKERS_INJ_KILLED","SECONDARY_CRASH","INTERSECTION_RELATED"
"2214","0","0","0","0","0","0","0","0","0","7","0","","36","02","2016","2016015769","7","39.8274","-76.2079","2201","08","0","0","0","0","0","0","0","0","2","0","0","0","22","2","1","00","1","39 49:38.615","2","00","76 12:28.603","3","0","0","0","36208","0","0","0","","0","0","0","1","68J01","0","","2","01","N","N","0","","1","0","1","0","0","N","2201","1","1","0","0","0","0","0","1","0","1","N","","","","","","","","","","","","03","  ","","",""
"0339","2","0","0","0","0","0","0","0","0","4","0","","36","01","2016","2016015831","7","40.0456","-76.2924","0336","08","0","0","0","0","0","0","0","0","1","0","0","0","03","3","0","01","1","40 02:44.055","7","00","76 17:32.492","9","0","0","0","36301","0","0","0","N","0","0","0","6","36301","0","","1","06","N","N","0","","0","0","0","3","3","N","0336","0","2","0","0","0","0","1","3","0","2","N","","","","","","","","","","","","03","  ","","",""
"0220","1","0","1","0","0","0","0","0","0","7","0","","36","02","2016","2016015837","3","40.194","-76.4164","0215","08","0","0","0","0","0","0","0","0","1","0","0","0","02","2","1","00","1","40 11:38.315","2","00","76 24:58.941","2","0","0","0","36230","0","0","0","N","0","0","0","1","36410","0","","4","06","N","N","0","","0","1","0","0","0","N","0201","1","1","0","0","0","0","0","1","0","1","N","","","","","","","","","","","","10","  ","","",""
"2222","0","0","0","0","0","0","0","0","0","7","0","","36","02","2016","2016015844","3","40.0536","-76.3637","2218","08","0","0","0","0","1","0","0","0","2","0","0","0","22","3","0","00","2","40 03:12.780","6","00","76 21:49.306","0","0","0","0","36214","0","0","0","N","0","0","0","1","36214","0","","4","07","N","N","0","","0","0","1","0","0","Y","2216","0","1","0","0","0","0","0","3","0","1","N","","","","","","","","","","","","10","  ","","",""
"1704","0","0","0","0","0","0","0","0","0","7","0","","36","02","2016","2016015847","3","40.1453","-76.4178","1702","08","0","0","0","0","0","1","0","0","","0","0","0","16","1","0","00","0","40 08:43.069","","00","76 25:04.163","0","0","0","0","36230","0","0","0","N","0","0","0","1","36410","0","","5","09","N","N","1","","0","0","0","0","0","","1659","0","1","0","0","0","0","0","1","0","1","N","","","","","","","","","","","","10","  ","","",""
"1616","1","0","0","0","0","0","0","0","0","4","0","","36","02","2016","2016015850","4","40.0333","-76.2339","1614","08","0","0","0","0","0","0","1","1","","0","0","0","16","1","0","00","0","40 01:59.961","","07","76 14:01.938","0","0","0","0","36215","0","0","0","N","0","0","0","2","36215","0","","1","09","N","N","0","","0","0","1","0","0","","1610","0","2","0","0","0","0","0","1","0","2","N","","","","","","","","","","","","07","  ","","",""
"0050","0","0","0","0","0","0","0","0","0","7","0","","36","02","2016","2016015861","4","40.0706","-76.32","0050","08","0","0","0","0","0","0","0","0","3","0","0","0","00","3","0","00","1","40 04:14.268","3","03","76 19:11.973","0","0","0","0","36101","0","0","0","N","0","0","0","2","36101","0","","2","02","N","N","0","","0","0","1","0","0","N","0050","0","1","0","0","0","0","0","3","0","1","N","","","","","","","","","","","","10","  ","","",""
"0004","1","0","0","0","0","0","0","0","0","7","0","","36","02","2016","2016015866","3","40.1043","-76.4254","0000","08","0","0","0","0","0","0","0","0","","0","0","0","23","2","0","00","0","40 06:15.641","","00","76 25:31.477","0","0","0","0","36214","0","0","0","N","0","0","0","1","36214","0","","3","07","N","N","0","","0","0","0","0","0","","2357","0","1","0","0","0","0","0","3","0","1","N","","","","","","","","","","","","10","  ","","",""
"1459","1","0","0","0","0","0","0","0","0","4","0","","36","02","2016","2016015875","4","40.2139","-76.1583","1453","08","0","0","0","1","0","0","0","0","1","0","0","0","14","1","1","01","1","40 12:50.217","1","00","76 09:29.753","4","0","0","0","36210","0","0","0","N","0","0","0","3","36210","1","","1","09","N","N","0","","0","0","1","3","3","N","1451","1","2","0","0","0","0","0","1","0","2","N","","","","","","","","","","","","07","05","","",""
"1337","1","0","0","0","0","0","0","0","0","1","0","","36","02","2016","2016015941","2","40.0392","-76.3611","1332","08","0","0","0","0","0","0","0","0","1","0","0","0","13","1","1","02","2","40 02:21.054","4","00","76 21:39.878","4","0","0","0","36214","0","0","0","N","0","0","0","4","36214","1","","1","01","N","N","0","","0","0","1","0","0","Y","1330","1","2","0","0","1","0","0","3","0","2","N","","","","","","","","","","","","03","  ","","",""
"1115","0","0","0","0","0","0","0","0","0","4","0","","36","02","2016","2016015943","7","40.0761","-76.2032","1112","08","0","0","0","0","0","1","1","0","2","0","0","0","11","1","1","01","1","40 04:33.868","7","00","76 12:11.547","4","0","0","0","36234","0","0","0","N","0","0","0","4","36215","1","","1","01","N","N","1","","0","0","0","3","3","N","1106","1","2","0","0","0","0","0","1","1","2","N","","","","","","","","","","","","03","  ","","",""
"0412","2","0","0","0","0","0","0","0","0","4","0","","36","01","2016","2016015946","5","40.0383","-76.2692","0407","08","0","0","0","0","0","1","0","0","1","0","0","0","04","2","1","00","1","40 02:18.013","4","07","76 16:09.177","4","0","0","0","36215","0","0","0","N","0","0","0","2","36215","1","","1","09","N","N","0","","0","0","0","3","3","N","0402","1","2","0","0","0","0","0","1","0","2","N","","","","","","","","","","","","03","  ","","",""
"0705","1","0","0","0","0","0","0","0","0","4","0","","36","02","2016","2016015947","4","40.0752","-76.3353","0651","08","0","0","0","0","0","0","0","0","","0","0","0","06","1","0","00","0","40 04:30.796","","00","76 20:07.200","0","0","0","0","36101","0","0","0","N","0","0","0","2","36101","0","","1","02","N","N","1","","0","0","0","0","0","","0651","0","2","0","0","0","0","0","3","0","2","N","","","","","","","","","","","","03","  ","","",""
"0700","0","0","0","0","0","0","0","0","0","7","0","","36","02","2016","2016015954","4","40.0888","-76.4208","0632","08","0","0","0","0","0","1","0","0","1","0","0","0","06","1","0","01","1","40 05:19.780","3","00","76 25:14.782","0","0","0","0","36239","0","0","0","N","0","0","0","1","36239","0","","2","02","N","N","0","","0","0","1","0","0","N","0632","0","1","0","0","0","0","0","3","0","1","N","","","","","","","","","","","","10","  ","","",""
"0759","1","0","0","0","0","0","0","0","0","7","0","","36","02","2016","2016015959","4","40.1455","-76.0466","0749","08","0","0","0","0","0","0","0","0","","0","0","0","07","1","0","00","0","40 08:43.910","","00","76 02:47.922","0","0","0","0","36213","0","0","0","N","0","0","0","1","36213","0","","4","06","N","N","0","","0","0","0","0","0","","0745","0","1","0","0","0","0","0","1","0","1","N","","","","","","","","","","","","10","  ","","",""
"0616","1","0","0","0","0","0","0","0","0","6","0","","36","02","2016","2016015975","4","40.032","-76.4551","0602","08","0","0","0","0","0","1","0","0","","0","0","0","06","2","0","00","0","40 01:55.285","","00","76 27:18.258","0","0","0","0","36239","0","0","0","N","0","0","0","2","36239","0","","1","07","N","N","1","","0","0","0","0","0","","0602","0","2","0","0","0","0","0","3","0","2","N","","","","","","","","","","","","10","  ","","",""
"1110","1","0","0","0","0","0","0","0","0","5","0","","36","02","2016","2016015997","6","40.0394","-76.4771","1101","08","0","0","0","0","0","0","0","0","4","0","0","0","11","1","2","00","1","40 02:21.951","6","00","76 28:37.572","2","0","0","0","36239","0","0","0","N","0","0","0","3","36239","0","","1","01","N","N","0","","0","2","1","0","0","N","1101","2","2","0","2","2","0","0","3","0","2","N","","","","","","","","","","","","03","  ","","",""
"0908","0","0","0","0","0","0","0","0","0","7","0","","36","01","2016","2016016008","3","40.0762","-76.2171","0826","08","0","0","0","0","0","0","0","0","","0","0","0","08","1","1","00","0","40 04:34.300","","07","76 13:01.700","3","0","0","0","36234","0","0","0","N","0","0","0","2","36215","0","","4","02","N","N","0","","1","0","2","0","0","","0826","1","2","0","0","0","0","0","1","0","2","N","","","","","","","","","","","","07","  ","","",""
"0751","1","0","0","0","0","0","0","0","0","1","0","","36","02","2016","2016016055","6","40.0794","-76.2801","0743","08","0","0","0","0","0","1","0","0","","0","0","0","07","1","0","00","0","40 04:45.867","","00","76 16:48.478","0","0","0","0","36101","0","0","0","N","0","0","0","2","36101","0","","1","01","N","N","0","","0","0","1","0","0","","0741","0","2","0","0","0","0","0","3","0","2","N","","","","","","","","","","","","03","  ","","",""
"1229","1","0","0","0","0","0","0","0","0","7","0","","36","02","2016","2016016062","4","40.0534","-76.3904","1223","08","0","0","1","0","0","0","0","0","2","0","0","0","12","1","0","00","1","40 03:12.147","4","00","76 23:25.431","0","0","0","0","36214","0","0","0","Y","0","0","0","1","36214","0","","3","06","N","N","0","","0","0","0","0","0","N","1220","0","1","0","0","0","0","0","3","0","1","N","","","","","","","","","","","","10","  ","","",""
"2324","1","0","0","0","0","0","0","0","0","7","0","","36","02","2016","2016016086","3","39.9794","-76.2303","2316","08","0","0","0","0","0","0","0","0","2","0","0","0","23","2","1","00","2","39 58:45.811","6","00","76 13:48.917","8","0","0","0","36240","0","0","0","N","0","0","0","1","36240","0","","4","07","N","N","0","","0","0","0","0","0","Y","2324","1","1","0","0","0","1","0","1","0","1","N","","","","","","","","","","","","10","  ","","",""
"1542","2","0","0","0","0","0","0","0","0","5","0","","36","02","2016","2016016112","7","40.0925","-76.6473","1537","08","0","1","0","0","0","1","0","0","2","0","0","0","15","1","3","00","2","40 05:32.823","5","00","76 38:50.189","8","0","0","0","36207","0","0","0","N","0","0","0","3","36504","0","","1","01","N","N","0","","0","0","0","0","0","Y","1535","3","2","0","0","0","3","0","1","0","2","N","","","","","","","","","","","","03","  ","","",""
"1248","0","0","0","0","0","0","0","0","0","7","0","","36","01","2016","2016016190","5","39.9898","-75.9989","1243","08","0","0","0","0","0","0","0","0","3","0","0","0","12","1","0","00","2","39 59:23.108","6","00","75 59:55.875","0","0","0","0","36232","0","0","0","","0","0","0","1","68J01","0","","4","01","N","N","0","","0","0","1","0","0","Y","1243","0","1","0","0","1","0","0","1","0","1","N","","","","","","","","","","","","03","  ","","",""
"1142","0","0","0","0","0","0","0","0","0","4","0","","36","01","2016","2016016191","6","40.0389","-76.1022","1100","08","0","0","0","0","0","1","0","0","","0","2","0","11","1","1","01","0","40 02:19.992","","00","76 06:08.030","3","0","0","0","36221","0","0","0","","0","0","0","2","68J01","0","","1","01","N","N","0","","1","0","0","3","2","","1100","1","2","0","0","0","0","0","1","0","2","N","","","","","","","","","","","","03","  ","","",""
"1603","2","0","0","0","0","0","0","0","0","1","0","","36","02","2016","2016016192","4","39.8348","-76.0575","1508","08","0","1","0","1","0","0","0","0","","0","0","0","15","1","2","00","0","39 50:05.124","","00","76 03:27.155","3","0","0","0","36205","0","0","0","","0","0","0","2","68J01","0","","1","09","N","N","0","","2","0","0","0","0","","1508","2","2","0","0","0","0","0","1","0","2","N","","","","","","","","","","","","07","05","","",""
"1644","1","0","0","0","0","0","0","0","0","4","0","","36","01","2016","2016016234","5","39.926","-76.1958","1630","08","0","0","0","0","1","1","0","0","2","0","0","0","16","1","0","02","2","39 55:33.524","5","00","76 11:44.967","0","0","0","0","36233","0","0","0","","0","0","0","3","68J01","0","","1","01","N","N","1","","0","0","1","3","3","Y","1627","0","3","0","0","0","0","0","1","0","3","N","","","","","","","","","","","","03","  ","","",""
"1701","1","0","0","0","0","0","0","0","0","7","0","","36","02","2016","2016016235","4","39.8998","-76.0254","1627","08","0","0","0","0","0","1","0","0","","0","0","0","16","1","0","00","0","39 53:59.448","","00","76 01:31.329","0","0","0","0","36201","0","0","0","","0","0","0","1","68J01","0","","4","08","N","N","0","","0","0","0","0","0","","1625","0","1","0","0","0","0","0","1","0","1","N","","","","","","","","","","","","07","05","","",""
"1815","1","0","0","0","0","0","0","0","0","1","0","","36","02","2016","2016016273","4","40.0417","-76.3638","1747","08","0","0","1","0","0","0","0","0","","0","0","0","17","3","0","00","0","40 02:30.223","","00","76 21:49.782","0","0","0","0","36214","0","0","0","N","0","0","0","2","36214","0","","1","01","N","N","0","","0","0","1","0","0","","1745","0","2","0","0","0","0","0","3","0","2","N","","","","","","","","","","","","03","  ","","",""
"2113","1","0","0","0","0","0","0","0","0","7","0","","36","02","2016","2016016291","4","40.1658","-76.2364","2105","08","0","1","0","0","0","0","0","0","2","0","0","0","21","2","0","00","1","40 09:56.872","4","03","76 14:11.067","0","0","0","0","36218","0","0","0","N","0","0","0","1","36408","0","","4","02","N","N","0","","0","0","0","0","0","N","2100","0","1","0","0","0","0","0","1","0","1","N","","","","","","","","","","","","98","  ","","",""
"2258","2","0","0","0","0","0","0","0","0","1","0","","36","02","2016","2016016297","3","40.0382","-76.3414","2257","08","0","0","1","0","0","0","0","0","2","0","0","0","22","3","1","00","2","40 02:17.365","4","00","76 20:28.944","8","0","0","0","36220","0","0","0","N","0","0","0","3","36101","0","","1","01","N","N","0","","0","0","0","3","2","N","2257","1","2","0","0","0","1","0","3","0","2","N","","","","","","","","","","","","03","  ","","",""
"2314","0","0","0","0","0","0","0","0","0","7","0","","36","02","2016","2016016307","4","40.0386","-76.2102","2310","08","0","0","0","0","0","0","0","0","2","0","0","0","23","2","0","00","2","40 02:18.900","5","00","76 12:36.600","0","0","0","0","36215","0","0","0","N","0","0","0","1","36215","0","","2","02","N","N","0","","0","0","1","0","0","Y","2308","0","1","0","0","0","0","0","1","0","1","N","","","","","","","","","","","","03","  ","","",""
"0200","1","0","0","0","0","0","0","0","0","5","0","","36","02","2016","2016016322","1","40.0373","-76.3119","0156","08","0","0","0","0","0","0","0","0","","0","0","0","01","3","0","00","0","40 02:14.271","","00","76 18:42.724","0","0","0","0","36301","0","0","0","N","0","0","0","1","36301","0","","6","02","N","N","0","","0","0","1","0","0","","0152","0","3","0","0","0","0","0","3","1","3","N","","","","","","","","","","","","98","  ","","",""
"1005","1","0","0","0","0","0","0","0","0","7","0","","36","02","2016","2016016390","4","40.1863","-75.9993","0959","08","0","0","0","0","0","0","0","0","2","0","0","0","09","1","1","00","1","40 11:12.612","4","00","75 59:59.429","8","0","0","0","36202","0","0","0","","0","0","0","1","68T06","0","","3","09","N","N","0","","0","0","0","0","0","N","0958","1","1","0","0","0","1","0","1","0","1","N","","","","","","","","","","","","03","  ","","",""
"1639","0","0","0","0","0","0","0","0","0","7","0","","36","02","2016","2016016392","4","40.1218","-76.3868","1627","08","0","0","0","0","0","0","0","0","2","0","0","0","16","1","0","00","2","40 07:18.500","5","00","76 23:12.500","0","0","0","0","36214","0","0","0","N","0","0","0","2","36214","0","","4","07","N","N","0","","0","0","1","0","0","Y","1624","0","1","0","0","0","0","0","3","0","1","N","","","","","","","","","","","","10","  ","","",""
"1639","1","0","0","0","0","0","0","0","0","4","0","","36","02","2016","2016016403","4","40.1663","-76.2067","1636","08","0","0","0","0","0","0","0","0","2","0","0","0","16","1","2","00","1","40 09:58.508","3","00","76 12:24.044","4","0","0","0","36402","0","0","0","N","0","0","0","6","36402","2","","1","01","N","N","0","","0","0","0","0","0","Y","1635","2","2","0","0","1","0","0","2","1","2","N","","","","","","","","","","","","03","  ","","",""
"1555","2","0","0","0","0","0","0","0","0","1","0","","36","02","2016","2016016404","4","40.1064","-76.3055","1546","08","0","0","0","0","0","0","0","0","2","0","0","0","15","1","0","00","1","40 06:23.130","2","00","76 18:19.653","0","0","0","0","36101","0","0","0","N","0","0","0","2","36101","0","","1","02","N","N","0","","0","0","0","3","2","N","1544","0","2","0","0","0","0","0","3","0","2","N","","","","","","","","","","","","03","  ","","",""
"1234","2","0","0","0","0","0","0","0","0","4","0","","36","02","2016","2016016411","4","40.0434","-76.3157","1227","08","0","0","0","0","0","0","0","0","","0","0","0","12","1","0","01","0","40 02:36.355","","00","76 18:56.386","0","0","0","0","36301","0","0","0","N","0","0","0","2","36301","0","","1","01","N","N","0","","0","0","0","3","3","","1218","0","2","0","0","0","0","0","3","0","2","N","","","","","","","","","","","","03","  ","","",""
"0713","0","0","0","0","0","0","0","0","0","7","0","","36","02","2016","2016016424","4","39.9831","-76.2506","0708","08","0","0","0","0","1","0","0","0","","0","0","0","07","1","1","00","0","39 58:59.015","","00","76 15:02.046","3","0","0","0","36240","0","0","0","N","0","0","0","1","36240","0","","4","02","N","N","0","","1","0","1","0","0","","0700","1","1","0","0","1","0","0","1","0","1","N","","","","","","","","","","","","10","  ","","",""
"1040","1","0","0","0","0","0","0","0","0","8","0","","36","02","2016","2016016481","5","40.0441","-76.3089","1039","08","0","0","0","0","0","1","0","0","1","0","0","0","10","1","1","01","2","40 02:38.824","3","00","76 18:32.014","8","0","0","0","36301","1","0","0","N","1","0","0","2","36301","0","","1","01","N","N","0","","0","0","0","3","2","N","1039","1","2","0","0","0","1","0","3","0","1","N","","","","","","","","","","","","03","  ","","",""
"2145","1","0","0","0","0","0","0","0","0","7","0","","36","02","2016","2016016485","6","40.1638","-76.2428","2140","08","0","0","0","0","0","0","0","0","2","0","0","0","21","2","0","00","1","40 09:49.500","3","00","76 14:34.100","0","0","0","0","36235","0","0","0","N","0","0","0","5","36506","0","","4","02","N","N","0","","0","0","0","0","0","N","2140","0","1","0","0","0","0","0","1","0","1","N","","","","","","","","","","","","03","  ","","",""
"0725","1","0","0","0","0","0","0","0","0","7","0","","36","02","2016","2016016486","4","40.1428","-76.2254","0713","08","0","0","0","0","0","0","0","0","1","0","0","0","07","1","1","00","2","40 08:34.093","6","00","76 13:31.501","8","0","0","0","36235","0","0","0","N","0","0","0","1","36506","0","","4","07","N","N","0","","0","0","0","0","0","Y","0713","1","1","0","0","0","1","0","1","0","1","N","","","","","","","","","","","","10","  ","","",""
"1641","1","0","0","0","0","0","0","0","0","8","0","","36","01","2016","2016016495","4","40.0516","-76.2898","1640","08","0","0","0","0","0","0","0","0","1","0","0","0","16","1","1","00","2","40 03:05.665","4","00","76 17:23.189","8","0","0","0","36301","1","0","0","N","1","0","0","2","36301","0","","1","01","N","N","0","","0","0","0","0","0","Y","1640","1","2","0","0","0","1","0","3","0","1","N","","","","","","","","","","","","03","  ","","",""
"1030","1","0","0","0","0","0","0","0","0","6","1","","36","02","2016","2016016500","5","40.085","-76.1118","1022","08","0","0","1","0","0","0","0","0","2","0","1","0","10","1","0","02","2","40 05:06.064","5","00","76 06:42.555","0","0","0","0","36209","0","0","0","N","0","0","0","3","36415","0","","1","07","N","N","0","","0","0","0","0","0","Y","1022","0","2","0","0","0","0","0","1","0","2","N","","","","","","","","","","","","10","  ","","",""
"0954","2","0","0","0","0","0","0","0","0","1","0","","36","02","2016","2016016507","4","40.0846","-76.3282","0950","08","0","0","0","0","0","1","0","0","","0","0","0","09","1","0","00","0","40 05:04.572","","00","76 19:41.638","0","0","0","0","36101","0","0","0","N","0","0","0","2","36101","0","","1","01","N","N","0","","0","0","0","0","0","","0947","0","2","0","0","0","0","0","3","0","2","N","","","","","","","","","","","","03","  ","","",""
"1102","3","0","0","0","0","0","0","0","0","1","0","","36","02","2016","2016016517","4","40.0794","-76.2801","1054","08","0","0","0","0","0","1","0","0","","0","0","0","10","1","0","00","0","40 04:45.867","","00","76 16:48.478","0","0","0","0","36101","0","0","0","N","0","0","0","3","36101","0","","1","01","N","N","0","","0","0","0","0","0","","1035","0","3","0","0","0","0","0","3","0","3","N","","","","","","","","","","","","03","  ","","",""
"1415","1","0","0","0","0","0","0","0","0","4","0","","36","02","2016","2016016522","5","40.0278","-76.3262","1411","08","0","0","0","0","0","2","0","0","2","0","0","0","14","1","1","00","1","40 01:39.928","3","07","76 19:34.382","4","0","0","0","36220","0","0","0","N","0","0","0","3","36101","1","","1","01","N","N","0","","0","0","1","3","2","N","1410","1","2","0","0","0","0","0","3","0","2","N","","","","","","","","","","","","03","  ","","",""
"1503","1","0","0","0","0","0","0","0","0","7","0","","36","02","2016","2016016523","5","40.0704","-76.3274","1451","08","0","0","0","0","0","1","0","0","","0","0","0","14","1","0","00","0","40 04:13.350","","00","76 19:38.565","0","0","0","0","36101","0","0","0","Y","0","0","0","1","36101","0","","5","02","N","N","0","","0","0","0","0","0","","1451","0","1","0","0","0","0","0","3","0","1","N","","","","","","","","","","","","03","  ","","",""
"1525","1","0","0","0","0","0","0","0","0","7","0","","36","02","2016","2016016533","5","40.1508","-76.0606","1519","08","0","1","0","0","0","0","0","0","2","0","0","0","15","1","0","00","1","40 09:02.923","1","00","76 03:38.293","0","0","0","0","36213","0","0","0","N","0","0","0","2","36213","0","","4","07","N","N","0","","0","0","0","0","0","N","1512","0","1","0","0","0","0","0","1","0","1","N","","","","","","","","","","","","03","  ","","",""
"0805","1","0","0","0","0","0","0","0","0","1","0","","36","02","2016","2016016549","4","40.0399","-76.2251","0805","08","0","0","0","0","0","0","1","0","","0","0","0","08","1","0","00","0","40 02:23.701","","00","76 13:30.310","0","0","0","0","36215","0","0","0","N","0","0","0","3","36215","0","","1","09","N","N","0","","0","0","1","0","0","","0800","0","3","0","0","0","0","0","1","1","3","N","","","","","","","","","","","","03","  ","","",""
"0354","3","0","0","0","0","0","0","0","0","5","0","","36","02","2016","2016016624","2","40.0408","-76.2933","0351","08","0","0","0","0","0","0","0","0","3","0","0","0","03","3","1","00","2","40 02:27.047","4","00","76 17:35.823","3","0","0","0","36301","0","0","0","N","0","0","0","1","36301","0","","6","01","N","N","0","","1","0","0","0","0","Y","0351","1","3","0","0","0","0","0","3","0","3","N","","","","","","","","","","","","03","  ","","",""
"1250","1","0","0","0","0","0","0","0","0","7","0","","36","02","2016","2016016631","5","40.1633","-76.276","1243","08","0","0","0","0","0","1","0","0","1","0","0","0","12","1","1","00","1","40 09:47.951","1","00","76 16:33.662","4","0","0","0","36235","0","0","0","N","0","0","0","1","36506","1","","4","02","N","N","0","","0","0","0","0","0","Y","1243","1","1","0","0","0","0","0","1","0","1","N","","","","","","","","","","","","98","  ","","",""
"2219","1","0","0","0","0","0","0","0","0","7","0","","36","02","2016","2016016663","4","39.8809","-76.2093","2215","08","0","0","0","0","0","1","0","0","2","0","0","0","22","2","0","02","2","39 52:51.182","6","00","76 12:33.468","0","0","0","0","36212","0","0","0","","0","0","0","1","68J01","0","","4","02","N","N","0","","0","0","0","0","0","Y","2214","0","1","0","0","0","0","0","1","0","1","N","","","","","","","","","","","","03","  ","","",""
"2133","1","1","0","0","0","0","0","0","0","2","0","","36","01","2016","2016016712","7","39.9361","-76.2546","2124","08","0","0","0","0","0","1","0","0","3","1","0","0","21","2","4","00","2","39 56:09.905","2","00","76 15:16.435","1","0","0","0","36229","0","0","0","","0","0","0","5","68J01","2","2","1","01","N","N","0","0","2","0","1","0","0","Y","2123","4","2","0","0","1","0","0","1","0","2","N","","","","","","","","","","","","05","  ","","",""
"1447","1","0","0","0","0","0","0","0","0","4","0","","36","01","2016","2016016713","2","39.9507","-76.2377","1423","08","0","0","0","0","0","0","1","0","2","0","0","0","14","1","0","00","1","39 57:02.358","2","00","76 14:15.654","0","0","0","0","36233","0","0","0","","0","0","0","2","68J01","0","","2","06","N","N","0","","0","0","0","0","0","N","1415","0","2","0","0","0","0","0","1","0","2","N","","","","","","","","","","","","03","  ","","",""
"0932","0","0","0","0","0","0","0","0","0","7","0","","36","01","2016","2016016714","3","40.1785","-76.0859","0848","08","0","0","0","0","0","1","0","0","","0","0","0","08","1","0","00","0","40 10:42.498","","00","76 05:09.299","0","0","0","0","36202","0","0","0","","0","0","0","1","68J01","0","","5","02","N","N","1","","0","0","0","0","0","","0846","0","1","0","0","0","0","0","1","0","1","N","","","","","","","","","","","","03","  ","","",""
"1222","1","0","0","0","0","0","0","0","0","7","0","","36","02","2016","2016016715","1","39.8796","-76.3651","1132","08","0","0","0","0","0","0","0","0","","0","0","0","11","1","0","00","0","39 52:46.582","","00","76 21:54.270","0","0","0","0","36224","0","0","0","","0","0","0","1","68J01","0","","4","02","N","N","0","","0","0","0","0","0","","1132","0","1","0","0","0","0","0","1","0","1","N","","","","","","","","","","","","03","  ","","",""
"1029","2","0","0","0","0","0","0","0","0","1","0","","36","02","2016","2016016716","4","40.0186","-76.0638","1012","08","0","0","0","0","0","0","0","0","","0","0","0","10","1","0","02","0","40 01:07.020","","00","76 03:49.852","0","0","0","0","36221","0","0","0","","0","0","0","2","68J01","0","","1","06","N","N","0","","0","0","0","0","0","","1006","0","2","0","0","0","0","0","1","0","2","N","","","","","","","","","","","","03","  ","","",""
"1408","1","0","0","0","0","0","0","0","0","7","0","","36","02","2016","2016016725","5","40.1398","-76.5452","1404","08","0","0","0","1","0","0","0","0","2","0","0","0","13","1","0","02","1","40 08:23.154","3","00","76 32:42.835","0","0","0","0","36225","0","0","0","N","0","0","0","1","36505","0","","4","07","N","N","0","","0","0","0","0","0","N","1355","0","1","0","0","0","0","0","2","0","1","N","","","","","","","","","","","","03","  ","","",""
"2000","1","0","0","0","0","0","0","0","0","4","0","","36","02","2016","2016016767","5","40.2078","-76.1398","1955","08","0","0","0","0","0","0","0","0","","0","0","0","19","3","1","00","0","40 12:28.107","","07","76 08:23.410","4","0","0","0","36210","0","0","0","N","0","0","0","2","36210","1","","1","02","N","N","0","","0","0","0","0","0","","1954","1","2","0","0","0","0","0","1","1","2","N","","","","","","","","","","","","03","  ","","",""
"2002","1","0","0","0","0","0","0","0","0","0","0","","36","02","2016","2016016768","5","40.0919","-76.1126","1958","08","0","0","0","0","0","0","0","0","","0","0","0","19","2","0","00","0","40 05:30.761","","00","76 06:45.250","0","0","0","0","36209","0","0","0","N","0","0","0","1","36415","0","","4","02","N","N","0","","0","0","0","0","0","","1957","0","1","0","0","0","0","0","1","0","1","N","","","","","","","","","","","","10","  ","","",""