"ARRIVAL_TM","AUTOMOBILE_COUNT","BELTED_DEATH_COUNT","BELTED_SUSP_SERIOUS_INJ_COUNT","BICYCLE_COUNT","BICYCLE_DEATH_COUNT","BICYCLE_SUSP_SERIOUS_INJ_COUNT","BUS_COUNT","CHLDPAS_DEATH_COUNT","CHLDPAS_SUSP_SERIOUS_INJ_COUNT","COLLISION_TYPE","COMM_VEH_COUNT","CONS_ZONE_SPD_LIM","COUNTY","CRASH_MONTH","CRASH_YEAR","CRN","DAY_OF_WEEK","DEC_LAT","DEC_LONG","DISPATCH_TM","DISTRICT","DRIVER_COUNT_16YR","DRIVER_COUNT_17YR","DRIVER_COUNT_18YR","DRIVER_COUNT_19YR","DRIVER_COUNT_20YR","DRIVER_COUNT_50_64YR","DRIVER_COUNT_65_74YR","DRIVER_COUNT_75PLUS","EST_HRS_CLOSED","FATAL_COUNT","HEAVY_TRUCK_COUNT","HORSE_BUGGY_COUNT","HOUR_OF_DAY","ILLUMINATION","INJURY_COUNT","INTERSECT_TYPE","LANE_CLOSED","LATITUDE","LN_CLOSE_DIR","LOCATION_TYPE","LONGITUDE","MAX_SEVERITY_LEVEL","MCYCLE_DEATH_COUNT","MCYCLE_SUSP_SERIOUS_INJ_COUNT","MOTORCYCLE_COUNT","MUNICIPALITY","NONMOTR_COUNT","NONMOTR_DEATH_COUNT","NONMOTR_SUSP_SERIOUS_INJ_COUNT","NTFY_HIWY_MAINT","PED_COUNT","PED_DEATH_COUNT","PED_SUSP_SERIOUS_INJ_COUNT","PERSON_COUNT","POLICE_AGCY","POSSIBLE_INJ_COUNT","RDWY_SURF_TYPE_CD","RELATION_TO_ROAD","ROAD_CONDITION","SCH_BUS_IND","SCH_ZONE_IND","SMALL_TRUCK_COUNT","SPEC_JURIS_CD","SUSP_MINOR_INJ_COUNT","SUSP_SERIOUS_INJ_COUNT","SUV_COUNT","TCD_FUNC_CD","TCD_TYPE","TFC_DETOUR_IND","TIME_OF_DAY","TOT_INJ_COUNT","TOTAL_UNITS","UNB_DEATH_COUNT","UNB_SUSP_SERIOUS_INJ_COUNT","UNBELTED_OCC_COUNT","UNK_INJ_DEG_COUNT","UNK_INJ_PER_COUNT","URBAN_RURAL","VAN_COUNT","VEHICLE_COUNT","WORK_ZONE_IND","WORK_ZONE_LOC","WORK_ZONE_TYPE","WORKERS_PRES","WZ_CLOSE_DETOUR","WZ_FLAGGER","WZ_LAW_OFFCR_IND","WZ_LN_CLOSURE","WZ_MOVING","WZ_OTHER","WZ_SHLDER_MDN","ROADWAY_CLEARED","WEATHER1","WEATHER2","WZ_WORKERS_INJ_KILLED","SECONDARY_CRASH","INTERSECTION_RELATED"
"2227","2","0","0","0","0","0","0","0","0","2","0","","36","02","2016","2016016778","5","40.1161","-76.0966","2221","08","0","0","0","0","0","0","0","0","2","0","0","0","22","2","0","01","2","40 06:57.873","7","00","76 05:47.937","0","0","0","0","36209","0","0","0","N","0","0","0","4","36415","0","","1","02","N","N","0","","0","0","0","0","0","N","2221","0","2","0","0","0","0","0","1","0","2","N","","","","","","","","","","","","03","  ","","",""
"1844","0","0","0","0","0","0","0","0","0","7","0","","36","02","2016","2016016780","5","40.0436","-76.5129","1830","08","0","0","0","0","0","0","0","0","","0","0","0","18","2","0","02","0","40 02:37.039","","00","76 30:46.506","0","0","0","0","36239","0","0","0","N","0","0","0","1","36239","0","","5","02","N","N","0","","0","0","1","0","0","","1827","0","1","0","0","0","0","0","3","0","1","N","","","","","","","","","","","","07","  ","","",""
"1935","0","0","0","0","0","0","0","0","0","7","0","","36","02","2016","2016016792","5","40.1705","-76.1349","1930","08","0","0","0","0","0","1","0","0","1","0","0","0","19","2","0","00","2","40 10:13.689","6","00","76 08:05.801","0","0","0","0","36218","0","0","0","N","0","0","0","1","36408","0","","4","02","N","N","1","","0","0","0","0","0","Y","1930","0","1","0","0","0","0","0","1","0","1","N","","","","","","","","","","","","03","  ","","",""
"2329","1","0","1","0","0","0","0","0","0","7","0","","36","02","2016","2016016795","5","40.075","-76.4011","2320","08","0","0","0","0","0","0","0","0","3","0","0","0","23","2","1","00","2","40 04:30.136","6","00","76 24:03.808","2","0","0","0","36214","0","0","0","N","0","0","0","1","36214","0","","2","01","N","N","0","","0","1","0","0","0","Y","2319","1","1","0","0","0","0","0","3","0","1","N","","","","","","","","","","","","03","  ","","",""
"0216","1","0","0","0","0","0","0","0","0","7","0","","36","02","2016","2016016797","6","40.2024","-76.1691","0206","08","0","0","0","0","0","0","0","0","2","0","0","0","02","2","0","00","2","40 12:08.700","5","00","76 10:08.900","0","0","0","0","36218","0","0","0","N","0","0","0","1","36408","0","","2","02","N","N","0","","0","0","0","0","0","Y","0200","0","1","0","0","0","0","0","1","0","1","N","","","","","","","","","","","","03","  ","","",""
"0551","1","0","0","0","0","0","0","0","0","7","0","","36","02","2016","2016016847","3","40.0175","-76.0597","0538","08","0","0","0","0","0","0","0","0","","0","0","0","05","2","0","00","0","40 01:03.128","","00","76 03:34.801","0","0","0","0","36232","0","0","0","","0","0","0","1","68J01","0","","5","02","N","N","1","","0","0","1","0","0","","0534","0","3","0","0","1","0","0","1","0","3","N","","","","","","","","","","","","98","  ","","",""
"1706","0","0","0","0","0","0","0","0","0","4","0","","36","02","2016","2016016848","4","40.1435","-75.9286","1658","08","0","0","0","0","0","1","0","0","2","0","0","0","16","1","1","00","1","40 08:36.434","3","00","75 55:43.068","3","0","0","0","36203","0","0","0","","0","0","0","2","68J01","0","","1","07","N","N","1","","1","0","1","0","0","N","1656","1","2","0","0","0","0","0","1","0","2","N","","","","","","","","","","","","10","  ","","",""
"1230","0","0","0","0","0","0","0","0","0","6","1","","36","02","2016","2016016870","5","39.9785","-76.2353","1220","08","0","0","0","0","0","0","0","0","2","0","1","0","12","1","0","03","2","39 58:42.672","7","00","76 14:07.241","0","0","0","0","36240","0","0","0","N","0","0","0","2","36240","0","","1","07","N","N","1","","0","0","0","0","0","Y","1220","0","2","0","0","0","0","0","1","0","2","N","","","","","","","","","","","","03","  ","","",""
"0900","2","0","0","0","0","0","0","0","0","4","0","","36","02","2016","2016016900","6","40.1772","-76.1753","0858","08","0","0","0","0","0","0","0","0","","0","0","0","08","1","0","02","0","40 10:37.780","","00","76 10:31.185","0","0","0","0","36408","0","0","0","N","0","0","0","4","36408","0","","1","01","N","N","0","","0","0","0","3","2","","0858","0","2","0","0","0","0","0","2","0","2","N","","","","","","","","","","","","03","  ","","",""
"0812","0","0","0","0","0","0","0","0","0","7","0","","36","02","2016","2016016905","6","40.1637","-76.012","0805","08","0","0","0","0","0","0","0","0","","0","0","0","08","1","0","00","0","40 09:49.344","","00","76 00:43.141","0","0","0","0","36213","0","0","0","N","0","0","0","1","36213","0","","4","06","N","N","1","","0","0","0","0","0","","0800","0","1","0","0","0","0","0","1","0","1","N","","","","","","","","","","","","10","  ","","",""
"1316","2","0","0","0","0","0","0","0","0","1","0","","36","02","2016","2016016956","6","40.0775","-76.3269","1316","08","0","0","0","0","0","2","0","0","2","0","0","0","13","1","0","00","2","40 04:39.027","1","00","76 19:36.699","0","0","0","0","36101","0","0","0","N","0","0","0","2","36101","0","","1","01","N","N","0","","0","0","0","0","0","N","1312","0","2","0","0","0","0","0","3","0","2","N","","","","","","","","","","","","03","  ","","",""
"1317","2","0","0","0","0","0","0","0","0","4","0","","36","02","2016","2016016960","6","40.0346","-76.3072","1311","08","0","0","0","0","0","1","0","0","1","0","0","0","13","1","1","01","2","40 02:04.495","2","00","76 18:25.758","3","0","0","0","36301","0","0","0","N","0","0","0","3","36301","0","","1","01","N","N","0","","1","0","0","0","0","N","1307","1","2","0","0","0","0","0","3","0","2","N","","","","","","","","","","","","03","  ","","",""
"1713","1","0","0","0","0","0","0","0","0","6","0","","36","02","2016","2016016963","5","40.1819","-76.5423","1708","08","0","0","0","0","0","0","1","0","2","0","0","0","17","1","1","00","2","40 10:54.700","5","00","76 32:32.200","3","0","0","0","36225","0","0","0","N","0","0","0","2","36505","0","","1","07","N","N","0","","1","0","1","0","0","Y","1708","1","2","0","0","0","0","0","2","0","2","N","","","","","","","","","","","","03","  ","","",""
"1744","0","0","0","0","0","0","0","0","0","4","0","","36","01","2016","2016017114","3","39.9281","-76.2524","1738","08","0","0","0","0","1","1","0","0","2","0","0","0","17","2","0","01","1","39 55:41.081","7","00","76 15:08.819","0","0","0","0","36229","0","0","0","","0","0","0","4","68J01","0","","1","01","N","N","2","","0","0","1","3","3","N","1738","0","3","0","0","0","0","0","1","0","3","N","","","","","","","","","","","","03","  ","","",""
"2003","0","0","0","0","0","0","0","0","0","4","0","","36","01","2016","2016017115","3","39.9335","-76.3064","1743","08","0","0","0","0","1","0","0","0","2","0","0","0","17","2","0","00","2","39 56:00.589","7","00","76 18:22.866","0","0","0","0","36224","0","0","0","","0","0","0","1","68J01","0","","1","02","N","N","1","","0","0","1","0","0","Y","1743","0","2","0","0","0","0","0","1","0","2","N","","","","","","","","","","","","10","  ","","",""
"1046","0","0","0","0","0","0","0","0","0","7","0","","36","01","2016","2016017116","7","39.9192","-76.2842","1024","08","0","1","0","0","0","0","0","0","2","0","0","0","10","1","3","00","2","39 55:09.140","7","00","76 17:03.250","3","0","0","0","36229","0","0","0","","0","0","0","3","68J01","1","","4","01","N","N","1","","2","0","0","0","0","Y","1021","3","1","0","0","1","0","0","1","0","1","N","","","","","","","","","","","","03","  ","","",""
"1755","3","0","0","0","0","0","0","0","0","2","0","","36","02","2016","2016017168","6","40.0478","-76.4041","1747","08","0","0","0","0","0","0","0","0","2","0","0","0","17","3","2","00","2","40 02:51.900","6","00","76 24:14.900","3","0","0","0","36214","0","0","0","N","0","0","0","3","36214","0","","1","01","N","N","0","","2","0","0","0","0","N","1745","2","3","0","0","1","0","0","3","0","3","N","","","","","","","","","","","","03","  ","","",""
"1529","1","0","0","0","0","0","0","0","0","4","0","","36","02","2016","2016017181","5","40.1959","-76.1686","1524","08","0","0","0","0","0","0","1","0","2","0","0","0","15","1","0","02","2","40 11:45.181","2","00","76 10:07.078","0","0","0","0","36218","0","0","0","N","0","0","0","2","36408","0","","1","01","N","N","1","","0","0","0","0","0","N","1523","0","2","0","0","1","0","0","1","0","2","N","","","","","","","","","","","","03","  ","","",""
"1818","1","0","0","0","0","0","0","0","0","1","0","","36","02","2016","2016017183","6","40.0218","-76.3786","1807","08","0","0","0","0","0","0","0","0","","0","0","0","17","2","1","02","0","40 01:18.382","","00","76 22:43.068","4","0","0","0","36223","0","0","0","N","0","0","0","3","36214","1","","1","01","N","N","0","","0","0","1","3","2","","1745","1","2","0","0","0","0","0","1","0","2","N","","","","","","","","","","","","03","  ","","",""
"1720","2","0","0","0","0","0","0","0","0","1","0","","36","02","2016","2016017191","6","40.0684","-76.3067","1703","08","0","0","0","0","0","0","0","0","","0","0","0","17","1","1","00","0","40 04:06.166","","00","76 18:24.254","4","0","0","0","36101","0","0","0","N","0","0","0","4","36101","1","","1","01","N","N","0","","0","0","0","0","0","","1700","1","2","0","0","0","0","0","3","0","2","N","","","","","","","","","","","","03","  ","","",""
"2210","1","0","0","0","0","0","0","0","0","7","0","","36","02","2016","2016017202","6","40.062","-76.3451","2203","08","0","0","1","0","0","0","0","0","","0","0","0","22","2","0","00","0","40 03:43.186","","00","76 20:42.370","0","0","0","0","36214","0","0","0","Y","0","0","0","1","36214","0","","4","07","N","N","0","","0","0","0","0","0","","2202","0","1","0","0","0","0","0","3","0","1","N","","","","","","","","","","","","10","  ","","",""
"0838","1","0","0","0","0","0","0","0","0","7","0","","36","02","2016","2016017230","6","40.0726","-76.5501","0835","08","0","0","0","0","0","0","0","0","1","0","0","0","08","1","0","00","1","40 04:21.536","2","00","76 33:00.510","0","0","0","0","36211","0","0","0","N","0","0","0","1","36504","0","","2","02","N","N","0","","0","0","0","0","0","N","0830","0","1","0","0","0","0","0","1","0","1","N","","","","","","","","","","","","03","  ","","",""
"1455","1","0","0","0","0","0","0","0","0","7","0","","36","02","2016","2016017291","4","39.9506","-76.4267","1431","08","0","0","0","0","0","0","0","0","1","0","0","0","14","1","1","00","2","39 57:02.250","5","00","76 25:36.076","3","0","0","0","36223","0","0","0","N","0","0","0","1","36223","0","","4","08","N","N","0","","1","0","0","0","0","Y","1425","1","1","0","0","0","0","0","1","0","1","N","","","","","","","","","","","","07","05","","",""
"1340","1","0","0","0","0","0","0","0","0","7","0","","36","02","2016","2016017300","5","40.1698","-76.1916","1326","08","0","0","0","0","0","0","0","0","1","0","0","0","13","1","0","00","1","40 10:11.143","4","00","76 11:29.785","0","0","0","0","36218","0","0","0","N","0","0","0","1","36408","0","","2","09","N","N","0","","0","0","0","0","0","N","1326","0","1","0","0","0","0","0","1","0","1","N","","","","","","","","","","","","03","  ","","",""
"0723","1","0","0","0","0","0","0","0","0","4","1","","36","02","2016","2016017308","6","40.2018","-76.2083","0719","08","0","0","0","0","0","1","0","0","1","0","0","0","07","1","1","01","1","40 12:06.558","3","00","76 12:29.972","4","0","0","0","36204","0","0","0","N","0","0","0","5","36408","1","","1","01","N","N","0","","0","0","0","3","2","N","0719","1","2","0","0","3","0","0","1","1","2","N","","","","","","","","","","","","03","  ","","",""
"1712","2","0","0","0","0","0","0","0","0","1","0","","36","02","2016","2016017359","6","40.1845","-76.601","1705","08","0","0","0","1","0","2","0","0","2","0","0","0","17","1","0","01","1","40 11:04.371","5","00","76 36:03.692","0","0","0","0","36225","0","0","0","N","0","0","0","3","36505","0","","1","01","N","N","1","","0","0","0","0","0","N","1705","0","3","0","0","0","0","0","2","0","3","N","","","","","","","","","","","","03","  ","","",""
"1329","1","0","0","0","0","0","0","0","0","4","0","","36","02","2016","2016017360","5","40.1256","-76.6508","1314","08","0","0","0","0","0","0","1","0","1","0","0","0","13","1","1","01","1","40 07:32.210","6","00","76 39:02.898","3","0","0","0","36237","0","0","0","N","0","0","0","3","36505","0","","1","01","N","N","0","","1","0","1","3","3","N","1305","1","2","0","0","0","0","0","1","0","2","N","","","","","","","","","","","","03","  ","","",""
"0953","1","0","0","0","0","0","0","0","0","1","0","","36","02","2016","2016017370","7","40.0547","-76.2687","0942","08","0","0","0","0","0","0","0","0","","0","0","0","09","1","0","06","0","40 03:15.478","","02","76 16:12.286","0","0","0","0","36301","0","0","0","N","0","0","0","2","36301","0","","1","01","N","N","0","","0","0","1","3","4","","0942","0","2","0","0","0","0","0","3","0","2","N","","","","","","","","","","","","03","  ","","",""
"1225","1","0","0","0","0","0","0","0","0","7","0","","36","02","2016","2016017382","7","40.215","-76.1461","1219","08","0","1","0","0","0","0","0","0","2","0","0","0","12","1","1","00","2","40 12:53.930","5","00","76 08:45.823","8","0","0","0","36210","0","0","0","Y","0","0","0","1","36210","0","","5","07","N","N","0","","0","0","0","0","0","Y","1216","1","1","0","0","0","1","0","1","0","1","N","","","","","","","","","","","","98","  ","","",""
"1247","1","0","0","0","0","0","0","0","0","7","0","","36","02","2016","2016017392","7","40.129","-76.0247","1247","08","0","0","0","0","0","1","0","0","2","0","0","0","12","1","0","00","1","40 07:44.280","5","00","76 01:28.841","0","0","0","0","36213","0","0","0","Y","0","0","0","1","36213","0","","5","07","N","N","0","","0","0","0","0","0","N","1246","0","1","0","0","1","0","0","1","0","1","N","","","","","","","","","","","","10","  ","","",""
"1200","0","0","1","0","0","0","0","0","0","7","0","","36","02","2016","2016017405","7","40.153","-76.0252","1154","08","0","0","0","0","0","0","0","0","2","0","0","0","11","1","1","00","2","40 09:10.927","5","00","76 01:30.623","2","0","0","0","36213","0","0","0","Y","0","0","0","3","36213","0","","4","07","N","N","0","","0","1","1","0","0","Y","1152","1","1","0","0","0","0","0","1","0","1","N","","","","","","","","","","","","10","  ","","",""
"1039","0","0","0","0","0","0","0","0","0","8","0","","36","02","2016","2016017425","6","40.0399","-76.3029","1038","08","0","0","0","0","0","0","0","0","1","0","0","0","10","1","1","02","1","40 02:23.504","4","00","76 18:10.551","8","0","0","0","36301","1","0","0","N","1","0","0","2","36301","0","","1","01","N","N","0","","0","0","1","2","3","N","1038","1","2","0","0","0","1","0","3","0","1","N","","","","","","","","","","","","03","  ","","",""
"1027","1","0","0","0","0","0","0","0","0","7","0","","36","02","2016","2016017432","7","40.1604","-76.2764","1019","08","0","1","0","0","0","0","0","0","","0","0","0","10","1","0","00","0","40 09:37.500","","00","76 16:34.900","0","0","0","0","36235","0","0","0","N","0","0","0","1","36506","0","","4","07","N","N","0","","0","0","0","0","0","","1019","0","1","0","0","0","0","0","1","0","1","N","","","","","","","","","","","","99","  ","","",""
"0639","1","0","0","0","0","0","0","0","0","2","0","","36","02","2016","2016017470","6","40.1695","-76.0079","0600","08","0","0","0","0","0","0","0","0","3","0","0","0","05","2","1","00","2","40 10:10.273","1","00","76 00:28.335","3","0","0","0","36202","0","0","0","","0","0","0","2","68J01","0","","1","02","N","N","1","","1","0","0","0","0","Y","0559","1","2","0","0","1","0","0","1","0","2","N","","","","","","","","","","","","03","  ","","",""
"0714","1","0","0","0","0","0","0","0","0","7","0","","36","02","2016","2016017471","6","39.9839","-76.172","0650","08","0","0","0","0","0","0","0","0","","0","0","0","06","1","1","00","0","39 59:01.983","","00","76 10:19.215","3","0","0","0","36417","0","0","0","","0","0","0","1","68J01","0","","5","01","N","N","0","","1","0","0","0","0","","0649","1","1","0","0","0","0","0","1","0","1","N","","","","","","","","","","","","03","  ","","",""
"0400","3","0","0","0","0","0","0","0","0","1","0","","36","02","2016","2016017514","7","40.043","-76.3037","0358","08","0","0","0","0","0","0","0","0","","0","0","0","03","3","0","00","0","40 02:34.911","","00","76 18:13.298","0","0","0","0","36301","0","0","0","N","0","0","0","1","36301","0","","2","07","N","N","0","","0","0","0","0","0","","0358","0","3","0","0","0","0","0","3","0","3","N","","","","","","","","","","","","03","  ","","",""
"1908","2","0","0","0","0","0","0","0","0","5","0","","36","02","2016","2016017531","7","40.1644","-76.2167","1902","08","1","0","0","0","0","0","0","0","","0","0","0","18","2","0","00","0","40 09:51.804","","00","76 13:00.105","0","0","0","0","36218","0","0","0","N","0","0","0","5","36408","0","","1","07","N","N","0","","0","0","0","0","0","","1859","0","2","0","0","0","0","0","1","0","2","N","","","","","","","","","","","","03","  ","","",""
"1403","1","0","0","0","0","0","0","0","0","4","0","","36","02","2016","2016017564","7","40.2382","-76.162","1354","08","0","0","1","0","0","0","0","0","1","0","0","0","13","1","0","01","1","40 14:17.614","2","00","76 09:43.115","0","0","0","0","36236","0","0","0","N","0","0","0","3","36408","0","","1","01","N","N","0","","0","0","0","3","3","N","1352","0","2","0","0","0","0","0","1","1","2","N","","","","","","","","","","","","03","  ","","",""
"0835","1","0","0","0","0","0","0","0","0","1","0","","36","02","2016","2016017574","6","40.0213","-76.319","0830","08","0","0","0","0","0","0","0","0","1","0","0","0","08","1","1","00","2","40 01:16.621","3","00","76 19:08.426","8","0","0","0","36301","0","0","0","N","0","0","0","2","36301","0","","1","01","N","N","0","","0","0","1","3","8","Y","0825","1","2","0","0","0","1","0","3","0","2","N","","","","","","","","","","","","03","  ","","",""
"1507","0","0","0","0","0","0","0","0","0","7","0","","36","02","2016","2016017575","7","40.1149","-76.0765","1503","08","0","0","0","0","0","1","0","0","1","0","0","0","15","1","0","00","1","40 06:53.469","3","00","76 04:35.407","0","0","0","0","36209","0","0","0","N","0","0","0","1","36415","0","","4","02","N","N","0","","0","0","1","0","0","N","1500","0","1","0","0","0","0","0","1","0","1","N","","","","","","","","","","","","10","  ","","",""
"0559","0","0","0","0","0","0","0","0","0","7","0","","36","02","2016","2016017582","2","39.9969","-76.4483","0548","08","0","0","0","0","0","1","0","0","","0","0","0","05","2","1","00","0","39 59:48.918","","00","76 26:53.909","8","0","0","0","36223","0","0","0","N","0","0","0","1","36223","0","","5","01","N","N","0","","0","0","1","0","0","","0545","1","1","0","0","0","1","0","1","0","1","N","","","","","","","","","","","","03","  ","","",""
"0856","2","0","0","0","0","0","0","0","0","2","0","","36","02","2016","2016017583","1","40.0254","-76.3173","0850","08","0","0","0","0","0","0","0","0","1","0","0","0","08","1","1","00","2","40 01:31.429","6","00","76 19:02.330","8","0","0","0","36301","0","0","0","N","0","0","0","1","36301","0","","6","02","N","N","0","","0","0","0","0","0","Y","0849","1","2","0","0","0","1","0","3","0","2","N","","","","","","","","","","","","03","  ","","",""
"0847","0","0","0","0","0","0","0","0","0","1","0","","36","02","2016","2016017585","7","40.0562","-76.3055","0843","08","0","0","0","0","0","0","0","0","","0","0","0","08","1","1","01","0","40 03:22.183","","00","76 18:19.963","8","0","0","0","36101","0","0","0","N","0","0","0","3","36101","0","","1","01","N","N","0","","0","0","2","3","2","","0840","1","2","0","0","0","1","0","3","0","2","N","","","","","","","","","","","","03","  ","","",""
"1604","1","0","0","0","0","0","0","0","0","1","0","","36","02","2016","2016017588","6","40.0913","-76.304","1600","08","0","0","0","0","0","0","0","0","","0","0","0","15","1","0","00","0","40 05:28.510","","00","76 18:14.269","0","0","0","0","36101","0","0","0","N","0","0","0","2","36101","0","","1","01","N","N","0","","0","0","1","0","0","","1558","0","2","0","0","0","0","0","3","0","2","N","","","","","","","","","","","","03","  ","","",""
"1106","1","0","0","0","0","0","0","0","0","6","0","","36","02","2016","2016017591","7","39.9681","-76.3224","1100","08","0","0","1","0","0","2","0","0","1","0","0","0","10","1","1","00","2","39 58:05.004","5","00","76 19:20.544","8","0","0","0","36228","0","0","0","","0","0","0","4","36503","0","","1","07","N","","1","","0","0","1","0","0","Y","1058","1","3","0","0","0","1","0","1","0","3","N","","","","","","","","","","","","10","  ","","",""
"1950","1","0","0","0","0","0","0","0","0","4","0","","36","02","2016","2016017593","4","40.0308","-76.2517","1944","08","0","0","0","0","0","0","0","0","","0","0","0","19","3","0","02","0","40 01:50.876","","00","76 15:06.116","0","0","0","0","36215","0","0","0","N","0","0","0","1","36215","0","","4","01","N","N","0","","0","0","0","3","3","","1944","0","2","0","0","0","0","0","1","1","2","N","","","","","","","","","","","","03","  ","","",""
"0841","1","0","0","0","0","0","0","0","0","4","0","","36","02","2016","2016017611","1","39.9858","-76.3154","0834","08","0","0","0","0","0","1","1","0","1","0","0","0","08","1","0","01","1","39 59:09.014","3","00","76 18:55.276","0","0","0","0","36228","0","0","0","","0","0","0","2","36503","0","","1","01","","","0","","0","0","0","3","2","N","0834","0","2","0","0","0","0","0","1","1","2","N","","","","","","","","","","","","03","  ","","",""
"1152","2","0","0","0","0","0","0","0","0","1","0","","36","02","2016","2016017628","1","40.0382","-76.3235","1148","08","0","0","0","0","0","0","0","0","","0","0","0","11","1","0","01","0","40 02:17.650","","00","76 19:24.572","0","0","0","0","36301","0","0","0","N","0","0","0","2","36301","0","","4","01","N","N","0","","0","0","0","3","2","","1148","0","2","0","0","0","0","0","3","0","2","N","","","","","","","","","","","","03","  ","","",""
"1037","0","0","0","0","0","0","0","0","0","1","1","","36","02","2016","2016017631","1","40.1452","-76.1165","1030","08","0","0","0","0","0","0","0","0","2","0","1","0","10","1","0","01","1","40 08:42.670","3","00","76 06:59.472","0","0","0","0","36209","0","0","0","N","0","0","0","3","36415","0","","1","01","N","N","1","","0","0","0","3","2","N","1030","0","2","0","0","0","0","0","1","0","2","N","","","","","","","","","","","","03","  ","","",""
"1714","1","0","0","0","0","0","0","0","0","7","0","","36","02","2016","2016017642","7","40.0679","-76.2963","1705","08","0","0","1","0","0","0","0","0","","0","0","0","17","1","0","00","0","40 04:04.375","","02","76 17:46.583","0","0","0","0","36101","0","0","0","N","0","0","0","2","36101","0","","2","02","N","N","0","","0","0","0","0","0","","1702","0","1","0","0","0","0","0","3","0","1","N","","","","","","","","","","","","03","  ","","",""
"1000","1","0","0","0","0","0","0","0","0","4","0","","36","02","2016","2016017665","7","40.0632","-76.3575","0956","08","0","0","0","0","0","0","0","0","1","0","0","0","09","1","2","00","1","40 03:47.650","3","07","76 21:26.870","3","0","0","0","36214","0","0","0","N","0","0","0","2","36214","1","","1","09","N","N","0","","1","0","1","3","3","N","0955","2","2","0","0","0","0","0","3","0","2","N","","","","","","","","","","","","03","  ","","",""
"1623","2","0","0","0","0","0","0","0","0","1","0","","36","02","2016","2016017666","6","40.1515","-76.2497","1611","08","0","0","0","0","0","1","0","0","1","0","0","0","16","1","1","00","2","40 09:05.408","6","00","76 14:59.071","4","0","0","0","36235","0","0","0","N","0","0","0","3","36506","1","","1","01","N","N","1","","0","0","0","0","0","Y","1611","1","3","0","0","0","0","0","1","0","3","N","","","","","","","","","","","","03","  ","","",""
"1414","0","0","0","0","0","0","0","0","0","1","0","","36","02","2016","2016017701","1","39.9056","-76.3287","1406","08","0","0","1","0","0","0","0","0","","0","0","0","14","1","1","02","0","39 54:20.261","","00","76 19:43.384","8","0","0","0","36206","0","0","0","N","0","0","0","4","36503","0","","1","01","N","N","1","","0","0","1","0","0","","1406","1","2","0","0","0","1","0","1","0","2","N","","","","","","","","","","","","03","  ","","",""
"1600","2","0","1","0","0","0","0","0","0","4","0","","36","02","2016","2016017702","1","40.2061","-76.149","1559","08","0","0","0","0","0","1","0","0","1","0","0","0","15","1","2","01","1","40 12:22.032","2","00","76 08:56.392","2","0","0","0","36210","0","0","0","N","0","0","0","2","36210","0","","1","01","N","N","0","","1","1","0","3","2","N","1556","2","2","0","0","0","0","0","1","0","2","N","","","","","","","","","","","","03","  ","","",""
"1008","1","0","0","0","0","0","0","0","0","7","0","","36","02","2016","2016017712","7","40.1509","-76.2632","1005","08","0","0","0","1","0","0","0","0","","0","0","0","10","1","0","00","0","40 09:03.169","","00","76 15:47.514","0","0","0","0","36235","0","0","0","N","0","0","0","1","36506","0","","4","02","N","N","0","","0","0","0","0","0","","1005","0","1","0","0","0","0","0","1","0","1","N","","","","","","","","","","","","10","  ","","",""
"1147","1","0","0","0","0","0","0","0","0","6","0","","36","02","2016","2016017713","1","40.2192","-76.4012","1138","08","0","0","0","0","1","0","0","0","","0","0","0","11","1","0","00","0","40 13:09.172","","00","76 24:04.330","0","0","0","0","36227","0","0","0","N","0","0","0","2","36506","0","","1","07","N","N","1","","0","0","0","0","0","","1138","0","2","0","0","0","0","0","1","0","2","N","","","","","","","","","","","","03","  ","","",""
"1119","0","0","0","0","0","0","0","0","0","4","1","","36","02","2016","2016017755","5","40.1425","-75.933","1059","08","0","0","0","0","0","0","0","1","2","0","1","0","10","1","1","00","2","40 08:33.072","4","00","75 55:58.821","3","0","0","0","36203","0","0","0","","0","0","0","2","68J01","0","","1","07","N","N","1","","1","0","0","0","0","N","1057","1","2","0","0","0","0","0","1","0","2","N","","","","","","","","","","","","03","  ","","",""
"1830","1","0","0","0","0","0","0","0","0","4","0","","36","02","2016","2016017756","5","40.136","-75.9029","1802","08","0","0","0","1","0","1","0","0","3","0","0","0","17","4","0","00","1","40 08:09.632","2","00","75 54:10.305","0","0","0","0","36203","0","0","0","","0","0","0","2","68J01","0","","1","07","N","N","1","","0","0","0","0","0","N","1758","0","2","0","0","0","0","0","1","0","2","N","","","","","","","","","","","","10","  ","","",""
"0929","1","0","0","0","0","0","0","0","0","7","0","","36","02","2016","2016017757","6","40.0038","-76.0726","0909","08","0","0","0","0","0","0","0","0","","0","0","0","09","1","1","00","0","40 00:13.730","","00","76 04:21.200","3","0","0","0","36226","0","0","0","","0","0","0","1","68J01","0","","4","02","N","N","0","","1","0","0","0","0","","0906","1","1","0","0","0","0","0","1","0","1","N","","","","","","","","","","","","03","  ","","",""
"0701","1","0","0","0","0","0","0","0","0","7","0","","36","02","2016","2016017758","7","39.9222","-76.1964","0640","08","0","0","0","0","0","0","0","0","","0","0","0","06","2","1","02","0","39 55:19.930","","00","76 11:47.011","8","0","0","0","36229","0","0","0","","0","0","0","1","68J01","0","","4","02","N","N","0","","0","0","0","3","3","","0640","1","1","0","0","0","1","0","1","0","1","N","","","","","","","","","","","","03","  ","","",""