"ARRIVAL_TM","AUTOMOBILE_COUNT","BELTED_DEATH_COUNT","BELTED_SUSP_SERIOUS_INJ_COUNT","BICYCLE_COUNT","BICYCLE_DEATH_COUNT","BICYCLE_SUSP_SERIOUS_INJ_COUNT","BUS_COUNT","CHLDPAS_DEATH_COUNT","CHLDPAS_SUSP_SERIOUS_INJ_COUNT","COLLISION_TYPE","COMM_VEH_COUNT","CONS_ZONE_SPD_LIM","COUNTY","CRASH_MONTH","CRASH_YEAR","CRN","DAY_OF_WEEK","DEC_LAT","DEC_LONG","DISPATCH_TM","DISTRICT","DRIVER_COUNT_16YR","DRIVER_COUNT_17YR","DRIVER_COUNT_18YR","DRIVER_COUNT_19YR","DRIVER_COUNT_20YR","DRIVER_COUNT_50_64YR","DRIVER_COUNT_65_74YR","DRIVER_COUNT_75PLUS","EST_HRS_CLOSED","FATAL_COUNT","HEAVY_TRUCK_COUNT","HORSE_BUGGY_COUNT","HOUR_OF_DAY","ILLUMINATION","INJURY_COUNT","INTERSECT_TYPE","LANE_CLOSED","LATITUDE","LN_CLOSE_DIR","LOCATION_TYPE","LONGITUDE","MAX_SEVERITY_LEVEL","MCYCLE_DEATH_COUNT","MCYCLE_SUSP_SERIOUS_INJ_COUNT","MOTORCYCLE_COUNT","MUNICIPALITY","NONMOTR_COUNT","NONMOTR_DEATH_COUNT","NONMOTR_SUSP_SERIOUS_INJ_COUNT","NTFY_HIWY_MAINT","PED_COUNT","PED_DEATH_COUNT","PED_SUSP_SERIOUS_INJ_COUNT","PERSON_COUNT","POLICE_AGCY","POSSIBLE_INJ_COUNT","RDWY_SURF_TYPE_CD","RELATION_TO_ROAD","ROAD_CONDITION","SCH_BUS_IND","SCH_ZONE_IND","SMALL_TRUCK_COUNT","SPEC_JURIS_CD","SUSP_MINOR_INJ_COUNT","SUSP_SERIOUS_INJ_COUNT","SUV_COUNT","TCD_FUNC_CD","TCD_TYPE","TFC_DETOUR_IND","TIME_OF_DAY","TOT_INJ_COUNT","TOTAL_UNITS","UNB_DEATH_COUNT","UNB_SUSP_SERIOUS_INJ_COUNT","UNBELTED_OCC_COUNT","UNK_INJ_DEG_COUNT","UNK_INJ_PER_COUNT","URBAN_RURAL","VAN_COUNT","VEHICLE_COUNT","WORK_ZONE_IND","WORK_ZONE_LOC","WORK_ZONE_TYPE","WORKERS_PRES","WZ_CLOSE_DETOUR","WZ_FLAGGER","WZ_LAW_OFFCR_IND","WZ_LN_CLOSURE","WZ_MOVING","WZ_OTHER","WZ_SHLDER_MDN","ROADWAY_CLEARED","WEATHER1","WEATHER2","WZ_WORKERS_INJ_KILLED","SECONDARY_CRASH","INTERSECTION_RELATED"
"1247","1","0","0","0","0","0","0","0","0","7","0","","36","02","2016","2016017759","7","39.9299","-76.2327","1146","08","0","1","0","0","0","0","0","0","3","0","0","0","11","1","0","00","2","39 55:47.740","6","00","76 13:57.610","0","0","0","0","36229","0","0","0","","0","0","0","1","68J01","0","","4","07","N","N","0","","0","0","0","0","0","N","1146","0","1","0","0","0","0","0","1","0","1","N","","","","","","","","","","","","03","  ","","",""
"2206","2","0","0","0","0","0","0","0","0","1","0","","36","01","2016","2016017796","6","40.1091","-76.4946","2205","08","0","0","0","0","0","0","0","0","","0","0","0","22","3","0","00","0","40 06:32.708","","00","76 29:40.673","0","0","0","0","36413","0","0","0","N","0","0","0","2","36413","0","","1","01","N","N","0","","0","0","0","0","0","","2203","0","2","0","0","0","0","0","2","0","2","N","","","","","","","","","","","","03","  ","","",""
"1857","1","0","0","0","0","0","0","0","0","4","0","","36","02","2016","2016017809","6","40.1372","-76.5824","1850","08","0","0","1","0","0","0","0","0","2","0","0","0","18","6","0","01","1","40 08:14.074","3","00","76 34:56.691","0","0","0","0","36225","0","0","0","N","0","0","0","2","36505","0","","1","01","N","N","1","","0","0","0","3","2","N","1845","0","2","0","0","0","0","0","2","0","2","N","","","","","","","","","","","","03","  ","","",""
"0719","0","0","1","0","0","0","0","0","0","2","0","","36","01","2016","2016017812","6","40.1044","-76.5113","0717","08","0","0","0","0","0","1","0","0","2","0","0","0","07","1","3","01","2","40 06:16.010","6","00","76 30:40.646","2","0","0","0","36413","0","0","0","N","0","0","0","4","36413","1","","1","01","N","N","1","","0","2","1","0","0","Y","0716","3","2","0","0","0","0","0","2","0","2","N","","","","","","","","","","","","03","  ","","",""
"2035","1","0","0","0","0","0","0","0","0","7","0","","36","02","2016","2016017833","3","39.9641","-76.2701","2035","08","0","0","0","0","0","0","0","0","","0","0","0","20","2","0","00","0","39 57:50.782","","00","76 16:12.361","0","0","0","0","36228","0","0","0","Y","0","0","0","1","36503","0","","4","09","N","N","0","","0","0","0","0","0","","2033","0","1","0","0","0","0","0","1","0","1","N","","","","","","","","","","","","10","  ","","",""
"2318","2","0","0","0","0","0","0","0","0","2","0","","36","02","2016","2016017841","1","40.1254","-76.2126","2313","08","0","0","1","0","0","0","0","0","2","0","0","0","23","3","1","00","2","40 07:31.347","6","00","76 12:45.394","4","0","0","0","36238","0","0","0","N","0","0","0","1","36238","1","","6","01","N","N","0","","0","0","0","0","0","Y","2312","1","2","0","0","0","0","0","3","0","2","N","","","","","","","","","","","","03","  ","","",""
"2027","1","0","0","0","0","0","0","0","0","8","0","","36","02","2016","2016017861","5","40.1517","-76.2467","2023","08","0","0","0","0","0","0","1","0","","0","0","0","20","2","1","02","0","40 09:06.102","","00","76 14:48.062","8","0","0","0","36235","1","0","0","N","1","0","0","2","36506","0","","1","01","N","N","0","","0","0","0","0","0","","2022","1","2","0","0","0","1","0","1","0","1","N","","","","","","","","","","","","03","  ","","",""
"2211","1","0","0","0","0","0","0","0","0","7","0","","36","02","2016","2016017862","7","40.2211","-76.2566","2210","08","0","0","0","0","0","0","0","0","","0","0","0","22","2","0","00","0","40 13:15.960","","00","76 15:23.710","0","0","0","0","36204","0","0","0","N","0","0","0","1","36506","0","","2","07","N","N","0","","0","0","0","0","0","","2210","0","1","0","0","0","0","0","1","0","1","N","","","","","","","","","","","","10","  ","","",""
"0026","1","0","0","0","0","0","0","0","0","7","0","","36","02","2016","2016017912","5","40.1475","-75.9045","0005","08","0","0","0","0","0","0","0","0","1","0","0","0","00","2","0","00","1","40 08:51.121","1","00","75 54:16.061","0","0","0","0","36203","0","0","0","","0","0","0","1","68J01","0","","9","02","N","N","0","","0","0","0","0","0","N","0003","0","1","0","0","0","0","0","1","0","1","N","","","","","","","","","","","","03","  ","","",""
"1631","0","0","0","0","0","0","0","0","0","7","0","","36","02","2016","2016017913","5","40.0669","-76.1047","1619","08","0","0","0","0","0","1","0","0","","0","0","0","16","1","1","00","0","40 04:00.950","","00","76 06:17.060","3","0","0","0","36221","0","0","0","","0","0","0","2","68J01","0","","4","02","N","N","0","","1","0","1","0","0","","1618","1","1","0","0","0","0","0","1","0","1","N","","","","","","","","","","","","03","  ","","",""
"1445","1","0","0","0","0","0","0","0","0","1","0","","36","02","2016","2016017932","3","40.0413","-76.3853","1442","08","0","0","0","0","0","0","0","0","1","0","0","0","14","1","0","00","2","40 02:28.756","4","00","76 23:07.082","9","0","0","0","36214","0","0","0","N","0","0","0","2","36214","0","","1","06","N","N","1","","0","0","0","0","0","N","1440","0","2","0","0","0","0","2","3","0","2","N","","","","","","","","","","","","10","  ","","",""
"1018","1","0","0","0","0","0","0","0","0","7","0","","36","02","2016","2016017933","7","40.0525","-76.3944","1005","08","0","0","0","0","0","0","0","0","","0","0","0","01","2","0","07","0","40 03:09.170","","02","76 23:39.703","0","0","0","0","36214","0","0","0","N","0","0","0","1","36214","0","","4","02","N","N","0","","0","0","0","0","0","","0100","0","1","0","0","0","0","0","3","0","1","N","","","","","","","","","","","","10","  ","","",""
"1100","1","0","0","0","0","0","0","0","0","7","0","","36","02","2016","2016017934","7","40.1063","-76.4119","1052","08","0","0","0","0","0","0","0","0","","0","0","0","10","1","0","00","0","40 06:22.600","","00","76 24:43.000","0","0","0","0","36214","0","0","0","N","0","0","0","1","36214","0","","4","07","N","N","0","","0","0","0","0","0","","1049","0","1","0","0","0","0","0","3","0","1","N","","","","","","","","","","","","98","  ","","",""
"1333","1","0","0","0","0","0","0","0","0","1","0","","36","02","2016","2016017968","2","40.0366","-76.3033","1325","08","0","0","0","0","0","0","0","0","","0","0","0","13","1","0","01","0","40 02:11.747","","00","76 18:11.719","0","0","0","0","36301","0","0","0","N","0","0","0","2","36301","0","","1","01","N","N","1","","0","0","0","3","2","","1325","0","2","0","0","0","0","0","3","0","2","N","","","","","","","","","","","","03","  ","","",""
"0111","1","0","0","0","0","0","0","0","0","7","0","","36","02","2016","2016017976","1","40.0669","-76.6018","0108","08","0","0","0","0","0","0","0","0","3","0","0","0","01","2","1","00","2","40 04:00.925","5","00","76 36:06.399","8","0","0","0","36211","0","0","0","N","0","0","0","1","36504","0","","4","02","N","N","0","","0","0","0","0","0","Y","0105","1","1","0","0","0","1","0","1","0","1","N","","","","","","","","","","","","03","  ","","",""
"1018","1","0","0","0","0","0","0","0","0","1","0","","36","02","2016","2016017994","2","40.0859","-76.2865","1017","08","0","0","0","0","0","0","0","0","","0","0","0","10","1","1","00","0","40 05:09.325","","07","76 17:11.436","8","0","0","0","36101","0","0","0","N","0","0","0","3","36101","0","","1","01","N","N","0","","0","0","2","0","0","","1013","1","3","0","0","0","1","0","3","0","3","N","","","","","","","","","","","","03","  ","","",""
"1729","1","0","0","0","0","0","0","0","0","1","0","","36","02","2016","2016018039","5","40.1438","-76.1168","1720","08","0","0","0","0","0","0","0","0","","0","0","0","17","2","0","00","0","40 08:37.800","","00","76 07:00.384","0","0","0","0","36209","0","0","0","N","0","0","0","2","36415","0","","1","02","N","N","0","","0","0","0","0","0","","1700","0","2","0","0","1","0","0","1","1","2","N","","","","","","","","","","","","10","  ","","",""
"1606","2","0","0","0","0","0","0","0","0","2","0","","36","02","2016","2016018047","5","40.1073","-76.0891","1601","08","0","0","0","0","0","1","0","1","2","0","0","0","16","1","2","02","2","40 06:26.240","7","00","76 05:20.844","8","0","0","0","36209","0","0","0","Y","0","0","0","3","36415","0","","1","02","N","N","1","","0","0","0","3","3","Y","1601","2","3","0","0","0","2","0","1","0","3","N","","","","","","","","","","","","03","  ","","",""
"1532","0","0","0","0","0","0","0","0","0","7","0","","36","02","2016","2016018052","2","40.0608","-76.3599","1528","08","0","0","0","0","0","0","0","0","","0","0","0","15","1","0","00","0","40 03:38.726","","00","76 21:35.778","0","0","0","0","36214","0","0","0","N","0","0","0","1","36214","0","","2","07","N","N","1","","0","0","0","0","0","","1526","0","1","0","0","0","0","0","3","0","1","N","","","","","","","","","","","","10","  ","","",""
"1540","1","0","0","0","0","0","0","0","0","7","0","","36","02","2016","2016018059","2","40.1312","-76.5728","1531","08","0","1","0","0","0","0","0","0","1","0","0","0","15","1","0","00","1","40 07:52.185","4","00","76 34:21.903","0","0","0","0","36237","0","0","0","N","0","0","0","1","36505","0","","4","07","N","N","0","","0","0","0","0","0","N","1529","0","1","0","0","0","0","0","1","0","1","N","","","","","","","","","","","","10","  ","","",""
"1023","1","0","0","0","0","0","0","0","0","1","1","","36","02","2016","2016018060","4","40.0673","-76.2882","1015","08","0","0","0","0","0","0","0","0","","0","1","0","10","1","0","00","0","40 04:02.176","","00","76 17:17.475","0","0","0","0","36101","0","0","0","N","0","0","0","2","36101","0","","1","01","N","N","0","","0","0","0","0","0","","1008","0","2","0","0","0","0","0","3","0","2","N","","","","","","","","","","","","03","  ","","",""
"1513","1","0","0","0","0","0","0","0","0","7","0","","36","02","2016","2016018062","2","40.0608","-76.3587","1508","08","0","0","1","0","0","0","0","0","","0","0","0","15","1","0","00","0","40 03:38.748","","00","76 21:31.408","0","0","0","0","36214","0","0","0","N","0","0","0","2","36214","0","","3","07","N","N","0","","0","0","0","0","0","","1500","0","1","0","0","0","0","0","3","0","1","N","","","","","","","","","","","","10","  ","","",""
"1555","2","0","0","0","0","0","0","0","0","2","0","","36","02","2016","2016018076","2","39.9898","-76.2189","1548","08","0","0","0","0","0","1","0","0","2","0","0","0","15","1","0","00","2","39 59:23.107","3","00","76 13:08.121","0","0","0","0","36233","0","0","0","N","0","0","0","4","36240","0","","1","07","N","N","0","","0","0","1","0","0","N","1546","0","3","0","0","0","0","0","1","0","3","N","","","","","","","","","","","","10","  ","","",""
"1817","3","0","0","0","0","0","0","0","0","1","0","","36","01","2016","2016018157","2","39.983","-76.1823","1817","08","0","0","0","0","0","0","0","0","2","0","0","0","18","3","0","00","2","39 58:58.722","6","00","76 10:56.311","0","0","0","0","36417","0","0","0","N","0","0","0","1","36417","0","","6","01","N","N","0","","0","0","0","0","0","Y","1816","0","3","0","0","0","0","0","1","0","3","N","","","","","","","","","","","","03","  ","","",""
"1836","1","0","0","0","0","0","0","0","0","4","0","","36","02","2016","2016018237","2","40.0752","-76.2972","1834","08","0","0","0","0","0","0","0","0","2","0","0","0","18","3","1","02","1","40 04:30.585","2","00","76 17:49.966","4","0","0","0","36101","0","0","0","N","0","0","0","2","36101","1","","1","07","N","N","1","","0","0","0","3","3","Y","1834","1","2","0","0","0","0","0","3","0","2","N","","","","","","","","","","","","10","  ","","",""
"1435","2","0","1","0","0","0","0","0","0","1","0","","36","02","2016","2016018239","6","40.039","-76.5069","1433","08","0","0","0","0","0","0","0","0","2","0","0","0","14","1","3","00","2","40 02:20.389","3","00","76 30:24.868","2","0","0","0","36404","0","0","0","N","0","0","0","4","36404","2","","1","01","N","N","0","","0","1","0","0","0","Y","1433","3","3","0","0","0","0","0","3","1","3","N","","","","","","","","","","","","03","  ","","",""
"1437","1","0","0","0","0","0","0","0","0","1","0","","36","02","2016","2016018242","6","40.1326","-76.2146","1434","08","0","0","0","0","0","0","0","0","1","0","0","0","14","1","0","00","1","40 07:57.511","5","07","76 12:52.625","0","0","0","0","36238","0","0","0","N","0","0","0","2","36238","0","","1","01","N","N","0","","0","0","1","0","0","N","1432","0","2","0","0","0","0","0","3","0","2","N","","","","","","","","","","","","03","  ","","",""
"1500","2","0","0","0","0","0","0","0","0","4","0","","36","02","2016","2016018245","5","40.2139","-76.1583","1447","08","1","0","0","0","0","0","0","0","2","0","0","0","14","1","0","01","1","40 12:50.217","2","00","76 09:29.753","0","0","0","0","36236","0","0","0","N","0","0","0","3","36408","0","","1","02","N","N","0","","0","0","0","3","3","N","1445","0","2","0","0","1","0","0","1","0","2","N","","","","","","","","","","","","10","  ","","",""
"1636","1","0","0","0","0","0","0","0","0","4","0","","36","02","2016","2016018251","5","40.2789","-76.2033","1630","08","0","0","1","0","0","0","0","0","2","0","0","0","16","1","1","00","2","40 16:44.102","5","00","76 12:11.903","8","0","0","0","36236","0","0","0","N","0","0","0","4","36408","0","","1","02","N","N","0","","0","0","1","0","0","Y","1630","1","2","0","0","1","1","0","1","0","2","N","","","","","","","","","","","","10","  ","","",""
"2151","0","0","0","0","0","0","0","0","0","7","0","","36","02","2016","2016018283","2","40.1108","-76.3278","2146","08","0","0","0","0","0","0","0","0","1","0","0","0","21","2","0","00","1","40 06:38.989","3","00","76 19:40.107","0","0","0","0","36101","0","0","0","N","0","0","0","2","36101","0","","2","06","N","N","0","","0","0","1","0","0","N","2145","0","1","0","0","0","0","0","3","0","1","N","","","","","","","","","","","","10","  ","","",""
"2218","1","0","0","0","0","0","0","0","0","7","0","","36","02","2016","2016018312","2","40.037","-76.2613","2211","08","0","0","0","0","0","0","0","0","","0","0","0","22","2","0","00","0","40 02:13.213","","00","76 15:40.622","0","0","0","0","36215","0","0","0","N","0","0","0","2","36215","0","","4","07","N","N","0","","0","0","0","0","0","","2209","0","1","0","0","0","0","0","1","0","1","N","","","","","","","","","","","","10","  ","","",""
"0748","0","0","0","0","0","0","0","0","0","7","0","","36","02","2016","2016018325","4","40.0673","-76.288","0739","08","0","0","0","0","0","0","0","0","","0","0","0","07","1","0","00","0","40 04:02.171","","03","76 17:16.835","0","0","0","0","36101","0","0","0","N","0","0","0","1","36101","0","","2","07","N","N","0","","0","0","1","0","0","","0737","0","1","0","0","0","0","0","3","0","1","N","","","","","","","","","","","","03","  ","","",""
"0036","2","0","0","0","0","0","0","0","0","5","0","","36","02","2016","2016018338","3","40.0403","-76.2984","0035","08","0","0","0","0","1","0","0","0","3","0","0","0","00","3","0","00","2","40 02:25.179","4","00","76 17:54.321","0","0","0","0","36301","0","0","0","N","0","0","0","2","36301","0","","6","02","N","N","0","","0","0","0","0","0","N","0030","0","2","0","0","0","0","0","3","0","2","N","","","","","","","","","","","","10","  ","","",""
"1548","1","0","0","0","0","0","0","0","0","0","0","","36","02","2016","2016018359","2","40.0959","-76.396","1542","08","0","0","0","0","0","0","0","0","","0","0","0","15","1","0","00","0","40 05:45.363","","00","76 23:45.432","0","0","0","0","36214","0","0","0","N","0","0","0","1","36214","0","","2","07","N","N","0","","0","0","0","0","0","","1540","0","1","0","0","0","0","0","3","0","1","N","","","","","","","","","","","","10","  ","","",""
"1042","0","0","0","0","0","0","0","0","0","7","0","","36","02","2016","2016018361","4","40.0788","-76.2811","1032","08","0","0","0","0","0","0","0","0","","0","0","0","10","1","0","00","0","40 04:43.783","","00","76 16:51.794","0","0","0","0","36101","0","0","0","Y","0","0","0","1","36101","0","","2","01","N","N","0","","0","0","1","0","0","","1029","0","1","0","0","0","0","0","3","0","1","N","","","","","","","","","","","","03","  ","","",""
"1659","0","0","0","0","0","0","0","0","0","7","0","","36","02","2016","2016018468","5","40.2258","-76.1329","1650","08","1","0","0","0","0","0","0","0","2","0","0","0","16","1","0","00","2","40 13:32.900","3","00","76 07:58.500","0","0","0","0","36210","0","0","0","N","0","0","0","1","36210","0","","4","07","N","N","0","","0","0","1","0","0","N","1650","0","1","0","0","0","0","0","1","0","1","N","","","","","","","","","","","","10","  ","","",""
"0724","0","0","0","0","0","0","0","0","0","7","0","","36","02","2016","2016018477","3","40.0754","-76.1146","0715","08","0","0","0","0","0","1","0","0","","0","0","0","07","1","0","00","0","40 04:31.600","","00","76 06:52.400","0","0","0","0","36234","0","0","0","N","0","0","0","1","36215","0","","5","06","N","N","0","","0","0","1","0","0","","0708","0","1","0","0","0","0","0","1","0","1","N","","","","","","","","","","","","07","  ","","",""
"0808","2","0","0","0","0","0","0","0","0","4","0","","36","02","2016","2016018484","3","40.0758","-76.4003","0806","08","0","0","0","0","0","2","0","0","","0","0","0","08","1","0","02","0","40 04:32.829","","00","76 24:00.961","0","0","0","0","36214","0","0","0","N","0","0","0","2","36214","0","","1","02","N","N","0","","0","0","0","0","0","","0805","0","2","0","0","0","0","0","3","0","2","N","","","","","","","","","","","","09","  ","","",""
"0813","1","0","0","0","0","0","0","0","0","8","0","","36","02","2016","2016018520","3","40.0382","-76.3107","0809","08","0","0","0","0","0","0","1","0","","0","0","0","08","1","1","01","0","40 02:17.566","","00","76 18:38.404","4","0","0","0","36301","1","0","0","N","1","0","0","2","36301","1","","1","06","N","N","0","","0","0","0","3","3","","0808","1","2","0","0","0","0","0","3","0","1","N","","","","","","","","","","","","07","  ","","",""
"1014","2","0","0","0","0","0","0","0","0","4","0","","36","02","2016","2016018533","3","40.0726","-76.395","1014","08","0","0","0","0","0","0","2","0","1","0","0","0","10","1","1","01","1","40 04:21.349","3","00","76 23:41.920","8","0","0","0","36214","0","0","0","N","0","0","0","2","36214","0","","1","09","N","N","0","","0","0","0","3","3","N","1005","1","2","0","0","0","1","0","3","0","2","N","","","","","","","","","","","","07","  ","","",""
"2341","1","0","0","0","0","0","0","0","0","7","0","","36","02","2016","2016018548","1","40.08","-76.3461","2339","08","0","0","0","0","0","0","0","0","2","0","0","0","23","2","1","00","1","40 04:48.050","3","00","76 20:45.922","2","0","0","0","36101","0","0","0","N","0","0","0","1","36101","0","","3","09","N","N","0","","0","1","0","0","0","N","2336","1","1","0","1","1","0","0","3","0","1","N","","","","","","","","","","","","03","  ","","",""
"1104","2","0","0","0","0","0","0","0","0","4","0","","36","02","2016","2016018591","3","40.0372","-76.3127","1058","08","0","0","0","0","0","0","0","0","1","0","0","0","10","1","1","05","1","40 02:13.976","4","00","76 18:45.646","3","0","0","0","36301","0","0","0","N","0","0","0","2","36301","0","","1","09","N","N","0","","1","0","0","3","2","N","1058","1","2","0","0","0","0","0","3","0","2","N","","","","","","","","","","","","07","  ","","",""
"0727","0","0","0","0","0","0","0","0","0","1","0","","36","01","2016","2016018614","3","40.0733","-76.6373","0714","08","0","0","1","0","0","0","0","0","2","0","0","0","07","1","1","00","2","40 04:23.864","5","00","76 38:14.412","8","0","0","0","36207","0","0","0","N","0","0","0","2","36504","0","","1","02","N","N","0","","0","0","2","0","0","Y","0704","1","2","0","0","0","1","0","1","0","2","N","","","","","","","","","","","","07","  ","","",""
"1549","0","0","0","0","0","0","0","0","0","7","0","","36","02","2016","2016018616","2","40.1139","-76.4898","1540","08","0","0","0","0","0","0","0","0","1","0","0","0","15","1","0","00","2","40 06:49.900","1","00","76 29:23.400","0","0","0","0","36230","0","0","0","N","0","0","0","1","36410","0","","4","02","N","N","0","","0","0","1","0","0","N","1535","0","1","0","0","0","0","0","1","0","1","N","","","","","","","","","","","","10","  ","","",""
"1125","1","0","0","0","0","0","0","0","0","4","0","","36","02","2016","2016018620","3","40.158","-76.6126","1120","08","0","0","0","0","0","0","0","0","","0","0","0","11","1","0","02","0","40 09:28.961","","00","76 36:45.355","0","0","0","0","36407","0","0","0","N","0","0","0","2","36407","0","","1","09","N","N","0","","0","0","1","0","0","","1120","0","2","0","0","0","0","0","2","0","2","N","","","","","","","","","","","","07","  ","","",""
"1433","2","0","0","0","0","0","0","0","0","2","0","","36","02","2016","2016018637","7","40.0601","-76.32","1417","08","0","0","0","0","0","1","1","0","2","0","0","0","14","1","0","01","1","40 03:36.187","1","00","76 19:12.147","0","0","0","0","36301","0","0","0","N","0","0","0","2","36301","0","","1","02","N","N","0","","0","0","0","3","2","N","1417","0","2","0","0","0","0","0","3","0","2","N","","","","","","","","","","","","03","  ","","",""
"1632","1","0","0","0","0","0","0","0","0","7","0","","36","02","2016","2016018638","2","40.2174","-76.0876","1624","08","0","0","0","0","0","0","0","0","","0","0","0","16","1","0","06","0","40 13:02.765","","02","76 05:15.222","0","0","0","0","36210","0","0","0","Y","0","0","0","1","36210","0","","3","07","N","N","0","","0","0","0","3","4","","1620","0","2","0","0","0","0","0","1","0","1","N","","","","","","","","","","","","10","  ","","",""
"0938","1","0","0","0","0","0","0","0","0","4","0","","36","02","2016","2016018641","3","40.1652","-76.5778","0932","08","0","0","1","0","0","0","1","0","","0","0","0","09","1","0","02","0","40 09:54.796","","00","76 34:40.162","0","0","0","0","36225","0","0","0","N","0","0","0","3","36505","0","","1","06","N","N","0","","0","0","0","3","3","","0925","0","2","0","0","0","0","0","2","1","2","N","","","","","","","","","","","","07","  ","","",""
"1233","1","0","0","0","0","0","0","0","0","4","0","","36","02","2016","2016018660","3","40.1452","-76.1897","1228","08","0","0","0","0","0","1","1","0","2","0","0","0","12","1","0","00","1","40 08:42.795","1","06","76 11:22.906","0","0","0","0","36238","0","0","0","N","0","0","0","2","36238","0","","1","09","N","N","0","","0","0","1","0","0","Y","1225","0","2","0","0","0","0","0","3","0","2","N","","","","","","","","","","","","07","  ","","",""
"1749","1","0","0","0","0","0","0","0","0","7","0","","36","02","2016","2016018715","7","40.0469","-76.1034","1708","08","0","0","0","0","0","0","0","0","","0","0","0","17","1","0","00","0","40 02:48.680","","00","76 06:12.150","0","0","0","0","36221","0","0","0","","0","0","0","1","68J01","0","","4","02","N","N","0","","0","0","0","0","0","","1703","0","1","0","0","0","0","0","1","0","1","N","","","","","","","","","","","","10","  ","","",""
"1446","0","0","0","0","0","0","0","0","0","4","0","","36","02","2016","2016018716","1","40.0389","-76.1022","1418","08","0","0","0","0","0","0","1","0","3","0","0","1","14","1","0","01","1","40 02:19.992","4","00","76 06:08.030","0","0","0","0","36221","3","0","0","","0","0","0","10","68J01","0","","1","01","N","N","0","","0","0","1","0","0","N","1412","0","2","0","0","0","0","0","1","0","1","N","","","","","","","","","","","","03","  ","","",""
"1830","1","0","0","0","0","0","0","0","0","7","0","","36","02","2016","2016018775","5","39.9575","-76.0767","1758","08","0","0","0","0","0","0","0","0","","0","0","0","17","4","1","00","0","39 57:26.840","","00","76 04:36.250","8","0","0","0","36201","0","0","0","","0","0","0","4","68J01","0","","5","02","N","N","0","","0","0","0","0","0","","1758","1","1","0","0","0","1","3","1","0","1","N","","","","","","","","","","","","10","  ","","",""
"1637","0","0","0","0","0","0","0","0","0","7","0","","36","02","2016","2016018776","6","39.8931","-76.295","1559","08","0","0","0","0","0","0","0","0","2","0","0","0","15","1","1","00","1","39 53:34.981","1","00","76 17:42.168","4","0","0","0","36224","0","0","0","","0","0","0","1","68J01","1","","4","02","N","N","1","","0","0","0","0","0","N","1558","1","1","0","0","0","0","0","1","0","1","N","","","","","","","","","","","","03","  ","","",""
"1621","0","0","0","0","0","0","0","0","0","7","0","","36","02","2016","2016018777","7","40.0469","-76.1034","1545","08","0","0","0","0","0","0","0","0","2","0","0","0","15","1","0","00","1","40 02:48.680","1","00","76 06:12.150","0","0","0","0","36221","0","0","0","","0","0","0","2","68J01","0","","4","02","N","N","0","","0","0","1","0","0","N","1543","0","1","0","0","0","0","0","1","0","1","N","","","","","","","","","","","","10","  ","","",""
"1834","1","0","0","0","0","0","0","0","0","7","0","","36","02","2016","2016018778","1","39.7532","-76.1269","1834","08","0","0","0","0","0","1","0","0","2","0","0","0","18","2","2","00","2","39 45:11.393","6","00","76 07:36.693","3","0","0","0","36222","0","0","0","","0","0","0","2","68J01","0","","4","2","N","N","0","","2","0","0","0","0","Y","1834","2","1","0","0","0","0","0","1","0","1","N","","","","","","","","","","","","03","  ","","",""
"1009","1","0","0","0","0","0","0","0","0","4","0","","36","02","2016","2016018835","4","40.0395","-76.2083","1006","08","0","0","0","0","0","0","0","0","3","0","0","0","10","1","1","02","1","40 02:22.332","3","07","76 12:29.802","8","0","0","0","36215","0","0","0","N","0","0","0","2","36215","0","","1","01","N","N","1","","0","0","0","3","2","N","1001","1","2","0","0","0","1","0","1","0","2","N","","","","","","","","","","","","03","  ","","",""
"1153","2","0","0","0","0","0","0","0","0","1","0","","36","02","2016","2016018842","5","40.0673","-76.2882","1143","08","0","0","0","0","0","0","0","0","","0","0","0","11","1","0","00","0","40 04:02.358","","03","76 17:17.366","0","0","0","0","36101","0","0","0","N","0","0","0","3","36101","0","","1","07","N","N","0","","0","0","0","0","0","","1139","0","2","0","0","0","0","0","3","0","2","N","","","","","","","","","","","","03","  ","","",""
"0539","0","0","0","0","0","0","0","0","0","5","0","","36","02","2016","2016018853","3","40.1762","-76.1687","0536","08","0","0","0","0","0","0","0","0","2","0","0","0","05","3","1","00","1","40 10:34.310","2","00","76 10:07.264","3","0","0","0","36408","0","0","0","N","0","0","0","2","36408","0","","2","02","N","N","1","","1","0","1","0","0","N","0535","1","2","0","0","0","0","0","2","0","2","N","","","","","","","","","","","","07","  ","","",""
"0239","0","0","0","0","0","0","0","0","0","7","0","","36","02","2016","2016018884","3","40.1818","-76.1838","0235","08","0","0","0","0","0","0","0","0","","0","0","0","02","3","0","03","0","40 10:54.593","","00","76 11:01.725","0","0","0","0","36408","0","0","0","N","0","0","0","1","36408","0","","4","02","N","N","0","","0","0","1","0","0","","0230","0","1","0","0","0","0","0","2","0","1","N","","","","","","","","","","","","07","  ","","",""