"ARRIVAL_TM","AUTOMOBILE_COUNT","BELTED_DEATH_COUNT","BELTED_SUSP_SERIOUS_INJ_COUNT","BICYCLE_COUNT","BICYCLE_DEATH_COUNT","BICYCLE_SUSP_SERIOUS_INJ_COUNT","BUS_COUNT","CHLDPAS_DEATH_COUNT","CHLDPAS_SUSP_SERIOUS_INJ_COUNT","COLLISION_TYPE","COMM_VEH_COUNT","CONS_ZONE_SPD_LIM","COUNTY","CRASH_MONTH","CRASH_YEAR","CRN","DAY_OF_WEEK","DEC_LAT","DEC_LONG","DISPATCH_TM","DISTRICT","DRIVER_COUNT_16YR","DRIVER_COUNT_17YR","DRIVER_COUNT_18YR","DRIVER_COUNT_19YR","DRIVER_COUNT_20YR","DRIVER_COUNT_50_64YR","DRIVER_COUNT_65_74YR","DRIVER_COUNT_75PLUS","EST_HRS_CLOSED","FATAL_COUNT","HEAVY_TRUCK_COUNT","HORSE_BUGGY_COUNT","HOUR_OF_DAY","ILLUMINATION","INJURY_COUNT","INTERSECT_TYPE","LANE_CLOSED","LATITUDE","LN_CLOSE_DIR","LOCATION_TYPE","LONGITUDE","MAX_SEVERITY_LEVEL","MCYCLE_DEATH_COUNT","MCYCLE_SUSP_SERIOUS_INJ_COUNT","MOTORCYCLE_COUNT","MUNICIPALITY","NONMOTR_COUNT","NONMOTR_DEATH_COUNT","NONMOTR_SUSP_SERIOUS_INJ_COUNT","NTFY_HIWY_MAINT","PED_COUNT","PED_DEATH_COUNT","PED_SUSP_SERIOUS_INJ_COUNT","PERSON_COUNT","POLICE_AGCY","POSSIBLE_INJ_COUNT","RDWY_SURF_TYPE_CD","RELATION_TO_ROAD","ROAD_CONDITION","SCH_BUS_IND","SCH_ZONE_IND","SMALL_TRUCK_COUNT","SPEC_JURIS_CD","SUSP_MINOR_INJ_COUNT","SUSP_SERIOUS_INJ_COUNT","SUV_COUNT","TCD_FUNC_CD","TCD_TYPE","TFC_DETOUR_IND","TIME_OF_DAY","TOT_INJ_COUNT","TOTAL_UNITS","UNB_DEATH_COUNT","UNB_SUSP_SERIOUS_INJ_COUNT","UNBELTED_OCC_COUNT","UNK_INJ_DEG_COUNT","UNK_INJ_PER_COUNT","URBAN_RURAL","VAN_COUNT","VEHICLE_COUNT","WORK_ZONE_IND","WORK_ZONE_LOC","WORK_ZONE_TYPE","WORKERS_PRES","WZ_CLOSE_DETOUR","WZ_FLAGGER","WZ_LAW_OFFCR_IND","WZ_LN_CLOSURE","WZ_MOVING","WZ_OTHER","WZ_SHLDER_MDN","ROADWAY_CLEARED","WEATHER1","WEATHER2","WZ_WORKERS_INJ_KILLED","SECONDARY_CRASH","INTERSECTION_RELATED"
"1308","2","0","0","0","0","0","0","0","0","4","0","","36","02","2016","2016018912","5","40.0377","-76.2718","1308","08","0","0","0","0","1","0","0","0","3","0","0","0","12","1","0","01","1","40 02:15.617","3","00","76 16:18.739","0","0","0","0","36215","0","0","0","N","0","0","0","2","36215","0","","1","01","N","N","0","","0","0","0","3","2","N","1249","0","2","0","0","0","0","0","1","0","2","N","","","","","","","","","","","","03","  ","","",""
"1945","0","0","0","0","0","0","0","0","0","4","0","","36","02","2016","2016018919","2","40.0308","-76.2363","1943","08","0","0","0","0","0","0","0","0","2","0","0","0","19","3","1","00","1","40 01:50.782","3","06","76 14:10.624","4","0","0","0","36215","0","0","0","","0","0","0","2","36215","1","","1","02","N","N","1","","0","0","1","3","3","N","1943","1","2","0","0","0","0","0","1","0","2","N","","","","","","","","","","","","09","  ","","",""
"0347","2","0","0","0","0","0","0","0","0","1","0","","36","02","2016","2016018920","4","40.0411","-76.2911","0339","08","0","0","0","0","0","1","0","0","2","0","0","0","03","3","0","00","2","40 02:27.875","4","00","76 17:27.833","0","0","0","0","36301","0","0","0","N","0","0","0","1","36301","0","","6","01","N","N","1","","0","0","1","0","0","N","0338","0","4","0","0","0","0","0","3","0","4","N","","","","","","","","","","","","03","  ","","",""
"1831","1","0","0","0","0","0","0","0","0","4","0","","36","02","2016","2016018921","3","40.0232","-76.197","1825","08","0","0","0","0","0","2","0","0","2","0","0","0","18","3","3","01","1","40 01:23.699","3","00","76 11:49.075","8","0","0","0","36215","0","0","0","N","0","0","0","3","36215","0","","1","01","N","N","0","","0","0","1","3","2","N","1823","3","2","0","0","0","3","0","1","0","2","N","","","","","","","","","","","","03","  ","","",""
"1751","1","0","0","0","0","0","0","0","0","7","0","","36","02","2016","2016018992","2","40.246","-76.2161","1730","08","0","0","0","0","0","0","0","0","2","0","0","0","17","2","0","00","1","40 14:45.466","3","00","76 12:57.554","0","0","0","0","36204","0","0","0","","0","0","0","2","68T06","0","","4","07","N","N","0","","0","0","0","0","0","N","1729","0","1","0","0","0","0","0","1","0","1","N","","","","","","","","","","","","10","  ","","",""
"2107","1","0","0","0","0","0","0","0","0","7","0","","36","02","2016","2016018994","2","40.1888","-76.0013","2044","08","0","0","0","0","0","0","0","0","","0","0","0","20","2","0","00","0","40 11:19.648","","00","76 00:04.709","0","0","0","0","36202","0","0","0","","0","0","0","3","68T06","0","","4","06","N","N","0","","0","0","0","0","0","","2043","0","1","0","0","0","0","0","1","0","1","N","","","","","","","","","","","","09","  ","","",""
"0935","0","0","0","0","0","0","0","0","0","8","0","","36","01","2016","2016019053","3","40.033","-76.3068","0933","08","0","0","0","0","0","0","0","0","","0","0","0","09","1","1","01","0","40 01:58.902","","00","76 18:24.637","8","0","0","0","36301","1","0","0","N","1","0","0","3","36301","0","","1","09","N","N","1","","0","0","0","3","2","","0933","1","2","0","0","0","1","0","3","0","1","N","","","","","","","","","","","","03","  ","","",""
"1410","1","0","0","0","0","0","0","0","0","4","0","","36","02","2016","2016019055","6","40.0703","-76.3013","1405","08","0","0","0","0","0","0","1","0","","0","0","0","14","1","0","01","0","40 04:12.969","","00","76 18:04.751","0","0","0","0","36101","0","0","0","N","0","0","0","2","36101","0","","1","01","N","N","0","","0","0","1","3","2","","1405","0","2","0","0","0","0","0","3","0","2","N","","","","","","","","","","","","03","  ","","",""
"0845","1","0","0","0","0","0","0","0","0","1","0","","36","02","2016","2016019140","4","40.0144","-76.3267","0844","08","0","0","0","1","0","0","0","0","","0","0","0","08","1","1","02","0","40 00:51.748","","00","76 19:36.109","4","0","0","0","36220","0","0","0","N","0","0","0","2","36101","1","","1","01","N","N","0","","0","0","1","0","0","","0840","1","2","0","0","0","0","0","3","0","2","N","","","","","","","","","","","","03","  ","","",""
"1608","2","0","0","0","0","0","0","0","0","4","0","","36","02","2016","2016019142","1","40.04","-76.3016","1604","08","0","0","0","0","0","0","0","1","1","0","0","0","16","1","1","01","1","40 02:24.019","4","00","76 18:05.911","3","0","0","0","36301","0","0","0","N","0","0","0","2","36301","0","","1","01","N","N","0","","1","0","0","3","2","Y","1604","1","2","0","0","0","0","0","3","0","2","N","","","","","","","","","","","","03","  ","","",""
"1543","1","0","0","0","0","0","0","0","0","2","0","","36","02","2016","2016019154","2","40.1489","-76.6536","1530","08","0","0","0","1","0","1","0","0","2","0","0","0","15","1","0","02","1","40 08:56.216","1","00","76 39:13.122","0","0","0","0","36237","0","0","0","N","0","0","0","2","36505","0","","1","07","N","N","0","","0","0","0","0","0","N","1530","0","2","0","0","0","0","0","1","1","2","N","","","","","","","","","","","","10","  ","","",""
"0747","0","0","0","0","0","0","0","0","0","7","0","","36","02","2016","2016019160","4","40.1449","-76.6536","0734","08","0","0","0","0","0","0","1","0","","0","0","0","07","1","0","00","0","40 08:41.500","","00","76 39:13.000","0","0","0","0","36237","0","0","0","N","0","0","0","1","36505","0","","4","02","N","N","0","","0","0","1","0","0","","0730","0","1","0","0","0","0","0","1","0","1","N","","","","","","","","","","","","03","  ","","",""
"1115","1","0","0","0","0","0","0","0","0","4","0","","36","02","2016","2016019161","3","40.0585","-76.312","1105","08","0","0","0","0","0","0","1","0","2","0","0","0","11","1","0","00","1","40 03:30.594","1","00","76 18:43.139","0","0","0","0","36101","0","0","0","N","0","0","0","3","36101","0","","1","09","N","N","0","","0","0","1","0","0","Y","1101","0","2","0","0","0","0","0","3","0","2","N","","","","","","","","","","","","07","  ","","",""
"0808","0","0","0","0","0","0","0","0","0","1","1","","36","02","2016","2016019167","4","40.0702","-76.2876","0801","08","0","0","0","1","0","1","0","0","1","0","1","0","08","1","4","00","1","40 04:12.612","2","02","76 17:15.393","8","0","0","0","36101","0","0","0","N","0","0","0","5","36101","0","","1","01","N","N","1","","0","0","1","0","0","Y","0800","4","3","0","0","2","4","0","3","0","3","N","","","","","","","","","","","","03","  ","","",""
"1650","0","0","0","0","0","0","0","0","0","7","1","","36","02","2016","2016019182","1","40.1556","-76.572","1643","08","0","0","0","0","0","1","0","0","3","0","1","0","16","1","0","00","1","40 09:20.286","3","00","76 34:19.257","0","0","0","0","36225","0","0","0","Y","0","0","0","1","36505","0","","3","01","N","N","0","","0","0","0","0","0","N","1645","0","1","0","0","0","0","0","2","0","1","N","","","","","","","","","","","","03","  ","","",""
"1117","1","0","0","0","0","0","0","0","0","7","0","","36","02","2016","2016019185","5","40.1651","-76.4462","1111","08","0","0","1","0","0","0","0","0","1","0","0","0","11","1","0","00","1","40 09:54.400","1","00","76 26:46.200","0","0","0","0","36230","0","0","0","N","0","0","0","1","36410","0","","4","07","N","N","0","","0","0","0","0","0","N","1111","0","1","0","0","0","0","0","1","0","1","N","","","","","","","","","","","","10","  ","","",""
"1614","1","0","0","0","0","0","0","0","0","7","0","","36","02","2016","2016019188","7","40.1641","-76.1591","1611","08","0","1","0","0","0","0","0","0","1","0","0","0","16","1","1","00","2","40 09:50.626","1","00","76 09:32.632","3","0","0","0","36218","0","0","0","N","0","0","0","1","36408","0","","2","07","N","N","0","","1","0","0","0","0","N","1610","1","1","0","0","0","0","0","1","0","1","N","","","","","","","","","","","","03","  ","","",""
"2315","2","0","0","0","0","0","0","0","0","1","0","","36","02","2016","2016019208","5","40.1177","-76.3057","2300","08","0","0","0","0","0","0","0","0","2","0","0","0","22","2","1","00","2","40 07:03.768","5","00","76 18:20.569","3","0","0","0","36101","0","0","0","","0","0","0","2","68J01","0","","1","02","N","N","0","","1","0","0","0","0","Y","2255","1","2","0","0","0","0","0","3","0","2","N","","","","","","","","","","","","03","  ","","",""
"1547","1","0","0","0","0","0","0","0","0","4","0","","36","02","2016","2016019237","4","40.1631","-76.1508","1543","08","0","0","0","0","0","1","0","0","1","0","0","0","15","1","0","02","1","40 09:47.209","4","02","76 09:02.960","0","0","0","0","36218","0","0","0","N","0","0","0","2","36408","0","","1","01","N","N","0","","0","0","0","0","0","Y","1542","0","2","0","0","0","0","0","1","1","2","N","","","","","","","","","","","","03","  ","","",""
"1956","0","0","0","0","0","0","0","0","0","7","0","","36","02","2016","2016019244","2","40.0204","-76.3573","1956","08","0","0","0","0","0","0","0","0","","0","0","0","19","2","0","00","0","40 01:13.616","","00","76 21:26.418","0","0","0","0","36223","0","0","0","N","0","0","0","3","36223","0","","5","02","N","N","1","","0","0","0","0","0","","1956","0","1","0","0","0","0","0","1","0","1","N","","","","","","","","","","","","10","  ","","",""
"1610","0","0","0","0","0","0","0","0","0","0","0","","36","02","2016","2016019304","2","39.8883","-76.1875","1534","08","0","0","0","0","0","0","0","0","","0","0","0","15","1","0","00","0","39 53:17.801","","00","76 11:15.066","0","0","0","0","36212","0","0","0","","0","0","0","2","68J01","0","","4","07","Y","N","0","","0","0","1","0","0","","1534","0","1","0","0","0","0","0","1","0","1","N","","","","","","","","","","","","10","  ","","",""
"1856","1","0","0","0","0","0","0","0","0","4","0","","36","02","2016","2016019455","5","40.158","-76.6126","1850","08","0","0","0","0","0","0","0","0","1","0","0","0","18","2","0","02","1","40 09:28.961","4","00","76 36:45.355","0","0","0","0","36407","0","0","0","N","0","0","0","4","36505","0","","1","07","N","N","0","","0","0","1","0","0","N","1850","0","2","0","0","0","0","0","2","0","2","N","","","","","","","","","","","","10","  ","","",""
"1259","0","0","0","0","0","0","0","0","0","7","0","","36","02","2016","2016019458","5","40.1803","-76.4041","1254","08","0","0","0","0","0","0","0","0","","0","0","0","12","1","0","00","0","40 10:49.088","","00","76 24:14.813","0","0","0","0","36230","0","0","0","N","0","0","0","1","36410","0","","4","07","N","N","0","","0","0","1","0","0","","1249","0","1","0","0","0","0","0","1","0","1","N","","","","","","","","","","","","10","  ","","",""
"1721","1","0","0","0","0","0","0","0","0","7","0","","36","02","2016","2016019478","5","40.0788","-76.5367","1716","08","0","0","0","0","0","0","0","0","2","0","0","0","17","1","0","00","2","40 04:43.579","6","00","76 32:11.993","0","0","0","0","36211","0","0","0","Y","0","0","0","1","36504","0","","2","02","N","N","0","","0","0","0","0","0","Y","1710","0","1","0","0","0","0","0","1","0","1","N","","","","","","","","","","","","03","  ","","",""
"2332","1","0","0","0","0","0","0","0","0","7","0","","36","02","2016","2016019506","4","40.0637","-76.2578","2326","08","0","0","0","0","0","0","0","0","","0","0","0","23","2","0","00","0","40 03:49.300","","00","76 15:28.200","0","0","0","0","36215","0","0","0","N","0","0","0","1","36215","0","","4","01","N","N","0","","0","0","0","0","0","","2325","0","1","0","0","0","0","0","1","0","1","N","","","","","","","","","","","","03","  ","","",""
"1651","2","0","0","0","0","0","0","0","0","4","0","","36","02","2016","2016019621","1","40.0424","-76.2938","1651","08","0","0","1","0","0","1","0","0","2","0","0","0","16","1","2","01","2","40 02:32.690","7","00","76 17:37.622","4","0","0","0","36301","0","0","0","N","0","0","0","3","36301","2","","1","01","N","N","0","","0","0","1","3","3","Y","1651","2","3","0","0","0","0","0","3","0","3","N","","","","","","","","","","","","03","  ","","",""
"1142","2","0","0","0","0","0","0","0","0","4","0","","36","02","2016","2016019694","4","40.0579","-76.2808","1134","08","0","0","1","0","0","0","0","0","","0","0","0","11","1","0","01","0","40 03:28.292","","00","76 16:50.947","0","0","0","0","36101","0","0","0","N","0","0","0","2","36101","0","","1","01","N","N","0","","0","0","0","3","2","","1132","0","2","0","0","0","0","0","3","0","2","N","","","","","","","","","","","","03","  ","","",""
"1245","1","0","0","0","0","0","0","0","0","1","0","","36","02","2016","2016019707","1","40.0709","-76.3176","1240","08","0","0","0","0","0","1","0","0","","0","0","0","12","1","3","02","0","40 04:15.280","","00","76 19:04.236","3","0","0","0","36101","0","0","0","N","0","0","0","5","36101","0","","1","01","N","N","0","","3","0","0","3","4","","1240","3","2","0","0","0","0","0","3","1","2","N","","","","","","","","","","","","03","  ","","",""
"1745","0","0","0","0","0","0","0","0","0","1","0","","36","02","2016","2016020024","5","39.9879","-76.275","1740","08","0","0","0","0","0","0","0","0","","0","0","0","17","4","0","00","0","39 59:16.419","","00","76 16:30.009","0","0","0","0","36240","0","0","0","N","0","0","0","3","36240","0","","1","01","N","N","0","","0","0","2","0","0","","1735","0","3","0","0","0","0","0","1","1","3","N","","","","","","","","","","","","03","  ","","",""
"1914","2","0","0","0","0","0","0","0","0","4","0","","36","02","2016","2016020044","5","40.1055","-76.4301","1907","08","1","1","0","0","0","0","0","0","2","0","0","0","19","2","1","07","2","40 06:19.808","5","02","76 25:48.360","8","0","0","0","36214","0","0","0","N","0","0","0","4","36214","0","","1","01","N","N","0","","0","0","0","0","0","Y","1906","1","2","0","0","0","1","0","3","0","2","N","","","","","","","","","","","","03","  ","","",""
"2307","1","0","0","0","0","0","0","0","0","7","0","","36","02","2016","2016020066","5","40.1081","-76.2844","2300","08","0","0","0","0","0","0","0","0","2","0","0","0","22","2","0","00","1","40 06:29.170","1","00","76 17:03.847","0","0","0","0","36101","0","0","0","N","0","0","0","1","36101","0","","5","01","N","N","0","","0","0","0","0","0","N","2259","0","1","0","0","0","0","0","3","0","1","N","","","","","","","","","","","","03","  ","","",""
"2210","2","0","0","0","0","0","0","0","0","4","0","","36","02","2016","2016020079","5","40.0606","-76.2768","2209","08","0","0","0","0","0","1","0","0","2","0","0","0","22","3","2","01","1","40 03:38.256","4","00","76 16:36.560","3","0","0","0","36101","0","0","0","Y","0","0","0","2","36101","0","","1","01","N","N","0","","1","0","0","3","2","N","2209","2","2","0","0","0","1","0","3","0","2","N","","","","","","","","","","","","03","  ","","",""
"1215","0","0","0","0","0","0","0","0","0","7","1","","36","01","2016","2016020087","6","40.1073","-76.5066","1144","08","0","0","0","0","0","0","0","0","2","0","1","0","11","1","0","01","2","40 06:26.217","7","00","76 30:23.661","0","0","0","0","36413","0","0","0","N","0","0","0","1","36413","0","","5","07","N","N","0","","0","0","0","0","0","Y","1139","0","1","0","0","0","0","0","2","0","1","N","","","","","","","","","","","","03","  ","","",""
"0748","1","0","0","0","0","0","0","0","0","1","0","","36","02","2016","2016020089","6","40.0333","-76.4979","0744","08","0","0","0","0","0","1","0","0","1","0","0","0","07","1","0","01","1","40 01:59.998","3","00","76 29:52.513","0","0","0","0","36404","0","0","0","N","0","0","0","2","36404","0","","1","01","N","N","0","","0","0","1","3","2","N","0744","0","2","0","0","0","0","0","3","0","2","N","","","","","","","","","","","","03","  ","","",""
"1129","1","0","0","0","0","0","0","0","0","4","1","","36","02","2016","2016020197","5","39.993","-76.2753","1125","08","0","0","0","0","0","0","0","1","","0","1","0","11","1","0","01","0","39 59:34.623","","00","76 16:30.907","0","0","0","0","36240","0","0","0","N","0","0","0","4","36240","0","","1","01","N","N","0","","0","0","0","3","3","","1120","0","2","0","0","0","0","0","1","0","2","N","","","","","","","","","","","","03","  ","","",""
"1657","1","0","0","0","0","0","0","0","0","4","0","","36","02","2016","2016020309","6","40.1008","-76.2827","1647","08","0","0","0","0","0","0","0","1","2","0","0","0","16","1","0","02","1","40 06:02.710","1","00","76 16:57.817","0","0","0","0","36101","0","0","0","N","0","0","0","2","36101","0","","1","01","N","N","0","","0","0","1","3","3","N","1646","0","2","0","0","0","0","0","3","0","2","N","","","","","","","","","","","","03","  ","","",""
"2141","1","0","0","0","0","0","0","0","0","5","0","","36","01","2016","2016020421","6","40.0319","-76.4915","2141","08","0","0","0","0","0","0","0","0","2","0","0","0","21","3","0","02","1","40 01:54.912","4","00","76 29:29.493","0","0","0","0","36404","0","0","0","N","0","0","0","1","36404","0","","1","09","N","N","1","","0","0","0","0","0","N","2135","0","2","0","0","0","0","0","3","0","2","N","","","","","","","","","","","","07","  ","","",""
"2244","1","0","0","0","0","0","0","0","0","7","0","","36","02","2016","2016020436","3","40.0788","-76.5367","2236","08","0","1","0","0","0","1","0","0","3","0","0","0","22","2","2","00","2","40 04:43.579","6","00","76 32:11.993","8","0","0","0","36211","0","0","0","Y","0","0","0","3","36504","0","","2","07","N","N","0","","0","0","0","0","0","Y","2232","2","2","0","0","1","2","0","1","1","2","N","","","","","","","","","","","","10","  ","","",""
"1959","1","0","0","0","0","0","0","0","0","4","0","","36","02","2016","2016020437","5","40.0229","-76.2647","1959","08","0","0","0","0","0","0","0","0","2","0","0","0","19","3","1","01","1","40 01:22.402","4","00","76 15:52.862","8","0","0","0","36240","0","0","0","N","0","0","0","2","36240","0","","1","01","N","N","0","","0","0","0","3","2","Y","1959","1","2","0","0","0","1","0","1","1","2","N","","","","","","","","","","","","03","  ","","",""
"0346","2","0","0","0","0","0","0","0","0","5","0","","36","02","2016","2016020472","7","40.1715","-76.5922","0340","08","0","0","0","0","0","0","0","0","","0","0","0","03","2","0","00","0","40 10:17.429","","00","76 35:31.795","9","0","0","0","36225","0","0","0","N","0","0","0","2","36505","0","","1","01","N","N","0","","0","0","0","0","0","","0324","0","2","0","0","0","0","1","2","0","2","N","","","","","","","","","","","","03","  ","","",""
"1805","1","0","0","0","0","0","0","0","0","7","0","","36","02","2016","2016020529","6","40.0078","-76.4797","1755","08","0","0","0","0","0","0","0","0","2","0","0","0","17","3","1","00","2","40 00:28.048","5","00","76 28:47.029","4","0","0","0","36223","0","0","0","N","0","0","0","1","36223","1","","4","01","N","N","0","","0","0","0","0","0","Y","1735","1","1","0","0","0","0","0","1","0","1","N","","","","","","","","","","","","03","  ","","",""
"2353","2","0","0","0","0","0","0","0","0","6","0","","36","02","2016","2016020530","1","39.9982","-76.4367","2344","08","0","0","0","0","0","0","1","0","1","0","0","0","23","3","0","00","1","39 59:53.510","3","00","76 26:12.161","0","0","0","0","36223","0","0","0","N","0","0","0","2","36223","0","","1","02","N","N","0","","0","0","0","0","0","N","2304","0","2","0","0","0","0","0","1","0","2","N","","","","","","","","","","","","10","  ","","",""
"0155","1","0","0","0","0","0","0","0","0","7","0","","36","02","2016","2016020531","4","40.0157","-76.4218","0145","08","0","0","0","1","0","0","0","0","","0","0","0","01","2","0","00","0","40 00:56.520","","00","76 25:18.510","0","0","0","0","36223","0","0","0","N","0","0","0","1","36223","0","","4","09","N","N","0","","0","0","0","0","0","","0143","0","1","0","0","0","0","0","1","0","1","N","","","","","","","","","","","","03","  ","","",""
"1452","3","0","0","0","0","0","0","0","0","1","0","","36","02","2016","2016020536","6","40.1025","-76.3054","1442","08","0","0","0","0","0","1","0","0","1","0","0","0","14","1","0","00","2","40 06:08.964","2","00","76 18:19.399","0","0","0","0","36101","0","0","0","N","0","0","0","4","36101","0","","1","01","N","N","0","","0","0","0","0","0","N","1439","0","3","0","0","0","0","0","3","0","3","N","","","","","","","","","","","","03","  ","","",""
"1638","0","0","0","0","0","0","0","0","0","4","0","","36","02","2016","2016020539","2","40.1755","-76.1779","1636","08","0","0","1","0","0","1","0","0","2","0","0","0","16","1","0","01","1","40 10:31.641","6","00","76 10:40.267","0","0","0","0","36408","0","0","0","N","0","0","0","2","36408","0","","1","07","N","N","0","","0","0","1","3","3","Y","1636","0","2","0","0","1","0","0","2","1","2","N","","","","","","","","","","","","10","  ","","",""
"0716","1","0","0","0","0","0","0","0","0","7","0","50","36","02","2016","2016020559","7","40.0557","-76.526","0716","08","0","0","0","0","0","0","0","0","2","0","0","0","02","2","1","00","2","40 03:20.646","5","00","76 31:33.742","2","0","0","0","36239","0","0","0","N","0","0","0","1","36239","0","","4","01","N","N","0","","0","1","0","0","0","Y","0200","1","1","0","1","1","0","0","3","0","1","Y","3","1","N","","","N","","","Y","","","03","  ","","",""
"1750","0","0","0","0","0","0","0","0","0","1","0","","36","02","2016","2016020588","3","40.0738","-76.3202","1743","08","0","0","0","0","1","1","0","0","","0","0","0","17","1","0","00","0","40 04:25.667","","00","76 19:12.672","0","0","0","0","36101","0","0","0","N","0","0","0","3","36101","0","","1","01","N","N","0","","0","0","2","0","0","","1740","0","3","0","0","0","0","0","3","1","3","N","","","","","","","","","","","","03","  ","","",""
"0930","0","0","0","0","0","0","0","0","0","7","1","","36","02","2016","2016020595","3","40.1055","-76.6781","0911","08","0","0","0","0","0","0","0","0","","0","1","0","09","1","0","00","0","40 06:19.807","","00","76 40:41.083","0","0","0","0","36207","0","0","0","N","0","0","0","1","36504","0","","4","01","N","N","0","","0","0","0","0","0","","0907","0","1","0","0","0","0","0","1","0","1","N","","","","","","","","","","","","03","  ","","",""
"1151","0","0","0","0","0","0","0","0","0","7","0","","36","02","2016","2016020611","7","39.9854","-76.2856","1149","08","0","0","0","0","0","0","0","0","2","0","0","0","11","1","0","00","2","39 59:07.531","6","00","76 17:08.134","0","0","0","0","36240","0","0","0","N","0","0","0","1","36240","0","","1","01","N","N","0","","0","0","1","0","0","Y","1147","0","1","0","0","0","0","0","1","0","1","N","","","","","","","","","","","","03","  ","","",""
"1000","2","0","0","0","0","0","0","0","0","4","0","","36","02","2016","2016020641","2","40.0399","-76.3659","0945","08","0","0","0","0","0","0","1","0","","0","0","0","09","1","1","02","0","40 02:23.597","","00","76 21:57.303","4","0","0","0","36223","0","0","0","N","0","0","0","3","36223","1","","1","01","N","N","0","","0","0","0","3","3","","0943","1","2","0","0","0","0","0","1","0","2","N","","","","","","","","","","","","03","  ","","",""
"0922","1","0","0","0","0","0","0","0","0","7","0","","36","02","2016","2016020710","4","40.0927","-76.1523","0908","08","0","0","0","0","0","0","1","0","2","0","0","0","08","1","1","02","1","40 05:33.740","6","00","76 09:08.463","8","0","0","0","36238","0","0","0","N","0","0","0","1","36238","0","","5","02","N","N","0","","0","0","0","3","3","N","0845","1","1","0","0","0","1","0","3","0","1","N","","","","","","","","","","","","03","  ","","",""
"0056","1","0","0","0","0","0","0","0","0","7","0","","36","02","2016","2016020716","6","40.1558","-76.1344","0051","08","0","0","0","0","0","0","0","0","","0","0","0","23","2","1","00","0","40 09:20.900","","00","76 08:03.800","8","0","0","0","36209","0","0","0","N","0","0","0","1","36415","0","","5","01","N","N","0","","0","0","0","3","8","","2300","1","1","0","0","1","1","0","1","0","1","N","","","","","","","","","","","","03","  ","","",""
"0212","1","0","0","0","0","0","0","0","0","7","0","","36","02","2016","2016020734","1","40.1032","-76.2551","0204","08","0","0","0","0","0","0","0","0","3","0","0","0","02","2","1","00","2","40 06:11.456","2","00","76 15:18.361","3","0","0","0","36101","0","0","0","Y","0","0","0","1","36101","0","","3","01","N","N","0","","1","0","0","0","0","Y","0204","1","1","0","0","0","0","0","3","0","1","N","","","","","","","","","","","","03","  ","","",""
"1253","3","0","0","0","0","0","0","0","0","1","0","","36","02","2016","2016020756","7","40.0384","-76.325","1252","08","0","0","0","0","0","2","1","0","2","0","0","0","12","1","1","00","2","40 02:18.117","6","00","76 19:29.892","3","0","0","0","36220","0","0","0","N","0","0","0","5","36101","0","","1","01","N","N","2","","1","0","0","0","0","Y","1252","1","5","0","0","0","0","0","3","0","5","N","","","","","","","","","","","","03","  ","","",""
"1037","1","0","0","0","0","0","0","0","0","1","0","","36","02","2016","2016020758","2","40.1574","-76.3073","1033","08","0","0","0","0","0","1","0","0","","0","0","0","10","1","0","00","0","40 09:26.668","","00","76 18:26.349","0","0","0","0","36409","0","0","0","N","0","0","0","2","36409","0","","1","01","N","N","0","","0","0","1","0","0","","1030","0","2","0","0","0","0","0","3","0","2","N","","","","","","","","","","","","03","  ","","",""
"1259","0","0","0","0","0","0","0","0","0","7","0","","36","02","2016","2016020762","2","40.0446","-76.491","1257","08","0","0","0","0","0","0","0","0","1","0","0","0","12","1","0","00","1","40 02:40.411","4","00","76 29:27.775","0","0","0","0","36404","0","0","0","N","0","0","0","1","36404","0","","2","06","N","N","0","","0","0","1","0","0","N","1255","0","1","0","0","0","0","0","3","0","1","N","","","","","","","","","","","","10","  ","","",""
"0947","0","0","0","0","0","0","0","0","0","1","0","","36","02","2016","2016020770","6","40.0392","-76.4286","0947","08","0","0","0","0","0","0","0","0","","0","0","0","09","1","1","01","0","40 02:21.030","","00","76 25:42.816","4","0","0","0","36414","0","0","0","N","0","0","0","3","36239","1","","1","01","N","N","0","","0","0","2","3","2","","0945","1","2","0","0","0","0","0","3","0","2","N","","","","","","","","","","","","03","  ","","",""
"1524","2","0","0","0","0","0","0","0","0","1","0","","36","02","2016","2016020780","7","40.1208","-76.2135","1523","08","0","0","0","0","0","0","0","0","2","0","0","0","15","1","0","02","2","40 07:14.987","6","00","76 12:48.553","0","0","0","0","36238","0","0","0","N","0","0","0","4","36238","0","","1","01","N","N","0","","0","0","1","0","0","Y","1520","0","3","0","0","0","0","0","3","0","3","N","","","","","","","","","","","","03","  ","","",""
"0638","1","0","0","0","0","0","0","0","0","7","0","","36","02","2016","2016020783","6","40.0941","-76.3105","0635","08","0","0","0","0","0","0","1","0","2","0","0","0","06","1","1","00","1","40 05:38.800","3","00","76 18:37.800","4","0","0","0","36101","0","0","0","N","0","0","0","1","36101","1","","4","01","N","N","0","","0","0","0","0","0","Y","0630","1","1","0","0","0","0","0","3","0","1","N","","","","","","","","","","","","03","  ","","",""
"1157","0","0","0","0","0","0","0","0","0","1","0","","36","02","2016","2016020785","7","40.0343","-76.5001","1156","08","0","0","0","0","0","0","0","0","1","0","0","0","11","1","1","00","1","40 02:03.559","6","00","76 30:00.323","8","0","0","0","36404","0","0","0","N","0","0","0","5","36404","0","","1","01","N","N","0","","0","0","2","0","0","N","1155","1","2","0","0","0","1","0","3","0","2","N","","","","","","","","","","","","03","  ","","",""