"ARRIVAL_TM","AUTOMOBILE_COUNT","BELTED_DEATH_COUNT","BELTED_SUSP_SERIOUS_INJ_COUNT","BICYCLE_COUNT","BICYCLE_DEATH_COUNT","BICYCLE_SUSP_SERIOUS_INJ_COUNT","BUS_COUNT","CHLDPAS_DEATH_COUNT","CHLDPAS_SUSP_SERIOUS_INJ_COUNT","COLLISION_TYPE","COMM_VEH_COUNT","CONS_ZONE_SPD_LIM","COUNTY","CRASH_MONTH","CRASH_YEAR","CRN","DAY_OF_WEEK","DEC_LAT","DEC_LONG","DISPATCH_TM","DISTRICT","DRIVER_COUNT_16YR","DRIVER_COUNT_17YR","DRIVER_COUNT_18YR","DRIVER_COUNT_19YR","DRIVER_COUNT_20YR","DRIVER_COUNT_50_64YR","DRIVER_COUNT_65_74YR","DRIVER_COUNT_75PLUS","EST_HRS_CLOSED","FATAL_COUNT","HEAVY_TRUCK_COUNT","HORSE_BUGGY_COUNT","HOUR_OF_DAY","ILLUMINATION","INJURY_COUNT","INTERSECT_TYPE","LANE_CLOSED","LATITUDE","LN_CLOSE_DIR","LOCATION_TYPE","LONGITUDE","MAX_SEVERITY_LEVEL","MCYCLE_DEATH_COUNT","MCYCLE_SUSP_SERIOUS_INJ_COUNT","MOTORCYCLE_COUNT","MUNICIPALITY","NONMOTR_COUNT","NONMOTR_DEATH_COUNT","NONMOTR_SUSP_SERIOUS_INJ_COUNT","NTFY_HIWY_MAINT","PED_COUNT","PED_DEATH_COUNT","PED_SUSP_SERIOUS_INJ_COUNT","PERSON_COUNT","POLICE_AGCY","POSSIBLE_INJ_COUNT","RDWY_SURF_TYPE_CD","RELATION_TO_ROAD","ROAD_CONDITION","SCH_BUS_IND","SCH_ZONE_IND","SMALL_TRUCK_COUNT","SPEC_JURIS_CD","SUSP_MINOR_INJ_COUNT","SUSP_SERIOUS_INJ_COUNT","SUV_COUNT","TCD_FUNC_CD","TCD_TYPE","TFC_DETOUR_IND","TIME_OF_DAY","TOT_INJ_COUNT","TOTAL_UNITS","UNB_DEATH_COUNT","UNB_SUSP_SERIOUS_INJ_COUNT","UNBELTED_OCC_COUNT","UNK_INJ_DEG_COUNT","UNK_INJ_PER_COUNT","URBAN_RURAL","VAN_COUNT","VEHICLE_COUNT","WORK_ZONE_IND","WORK_ZONE_LOC","WORK_ZONE_TYPE","WORKERS_PRES","WZ_CLOSE_DETOUR","WZ_FLAGGER","WZ_LAW_OFFCR_IND","WZ_LN_CLOSURE","WZ_MOVING","WZ_OTHER","WZ_SHLDER_MDN","ROADWAY_CLEARED","WEATHER1","WEATHER2","WZ_WORKERS_INJ_KILLED","SECONDARY_CRASH","INTERSECTION_RELATED"
"0840","1","0","0","0","0","0","0","0","0","1","0","","36","02","2016","2016020787","1","40.131","-76.2171","0829","08","0","0","0","0","0","0","0","1","","0","0","0","08","1","0","01","0","40 07:51.556","","00","76 13:01.609","0","0","0","0","36238","0","0","0","N","0","0","0","4","36238","0","","1","01","N","N","1","","0","0","0","3","2","","0825","0","2","0","0","0","0","0","3","0","2","N","","","","","","","","","","","","03","  ","","",""
"0502","2","0","0","0","0","0","0","0","0","4","0","","36","02","2016","2016020812","4","39.9858","-76.2836","0455","08","0","0","0","0","0","1","0","0","","0","0","0","04","3","0","01","0","39 59:09.292","","00","76 17:01.207","0","0","0","0","36240","0","0","0","N","0","0","0","2","36240","0","","1","06","N","N","0","","0","0","0","3","2","","0453","0","2","0","0","0","0","0","1","0","2","N","","","","","","","","","","","","03","  ","","",""
"2035","2","0","0","0","0","0","0","0","0","1","0","","36","02","2016","2016020814","7","40.1795","-76.6004","2028","08","0","0","0","0","1","0","0","0","","0","0","0","20","3","1","06","0","40 10:46.176","","02","76 36:01.501","8","0","0","0","36225","0","0","0","N","0","0","0","3","36505","0","","1","01","N","N","0","","0","0","0","3","4","","2024","1","2","0","0","0","1","0","2","0","2","N","","","","","","","","","","","","03","  ","","",""
"1133","1","0","0","0","0","0","0","0","0","7","0","","36","02","2016","2016020823","5","40.0904","-76.0762","1129","08","0","0","0","0","0","0","0","0","2","0","0","0","11","1","1","00","2","40 05:25.287","5","00","76 04:34.314","3","0","0","0","36209","0","0","0","N","0","0","0","1","36415","0","","4","07","N","N","0","","1","0","0","0","0","Y","1125","1","1","0","0","0","0","0","1","0","1","N","","","","","","","","","","","","10","  ","","",""
"1229","0","0","0","0","0","0","0","0","0","4","0","","36","02","2016","2016020865","1","40.1333","-76.0259","1227","08","0","0","0","0","0","0","1","0","2","0","0","0","12","1","0","01","1","40 08:00.043","7","00","76 01:33.130","0","0","0","0","36213","0","0","0","N","0","0","0","4","36213","0","","1","01","N","N","0","","0","0","2","3","3","N","1225","0","2","0","0","1","0","0","1","0","2","N","","","","","","","","","","","","03","  ","","",""
"1736","2","0","0","0","0","0","0","0","0","4","0","","36","02","2016","2016020871","1","40.0144","-76.3267","1732","08","0","0","0","0","0","0","0","1","","0","0","0","17","1","0","02","0","40 00:51.748","","00","76 19:36.109","0","0","0","0","36220","0","0","0","N","0","0","0","2","36101","0","","1","01","N","N","0","","0","0","0","3","3","","1732","0","2","0","0","0","0","0","3","0","2","N","","","","","","","","","","","","03","  ","","",""
"0746","1","0","0","0","0","0","0","0","0","4","0","","36","02","2016","2016020877","6","40.1802","-76.2795","0741","08","0","0","0","0","0","1","0","0","1","0","0","0","07","1","0","02","1","40 10:48.824","4","00","76 16:46.293","0","0","0","0","36235","0","0","0","N","0","0","0","3","36506","0","","1","01","N","N","0","","0","0","0","3","3","N","0741","0","2","0","0","0","0","0","1","1","2","N","","","","","","","","","","","","03","  ","","",""
"1017","2","0","0","0","0","0","0","0","0","4","0","","36","02","2016","2016020878","7","40.1533","-76.3688","1015","08","0","0","1","1","0","0","0","0","2","0","0","0","10","1","0","02","1","40 09:11.989","5","00","76 22:07.535","0","0","0","0","36227","0","0","0","N","0","0","0","3","36506","0","","1","01","N","N","0","","0","0","0","3","3","Y","1015","0","2","0","0","0","0","0","1","0","2","N","","","","","","","","","","","","03","  ","","",""
"0134","1","0","0","0","0","0","0","0","0","4","0","","36","02","2016","2016020946","7","40.0404","-76.2974","0131","08","0","0","0","0","0","0","0","0","2","0","0","0","01","3","0","01","2","40 02:25.541","4","00","76 17:50.674","0","0","0","0","36301","0","0","0","N","0","0","0","2","36301","0","","1","01","N","N","0","","0","0","1","3","2","Y","0131","0","2","0","0","0","0","0","3","0","2","N","","","","","","","","","","","","03","  ","","",""
"0231","1","0","0","0","0","0","0","0","0","5","0","","36","02","2016","2016020947","7","40.0421","-76.2918","0227","08","0","0","0","0","0","0","0","0","","0","0","0","01","3","0","00","0","40 02:31.603","","00","76 17:30.595","9","0","0","0","36301","0","0","0","N","0","0","0","1","36301","0","","6","01","N","N","0","","0","0","1","0","0","","0143","0","2","0","0","0","0","1","3","0","2","N","","","","","","","","","","","","03","  ","","",""
"0552","1","0","0","0","0","0","0","0","0","7","0","","36","02","2016","2016020950","1","39.943","-76.372","0538","08","0","0","0","0","0","0","0","0","2","0","0","0","01","3","0","00","1","39 56:34.762","5","00","76 22:19.023","0","0","0","0","36206","0","0","0","Y","0","0","0","1","36503","0","","1","98","N","N","0","","0","0","0","0","0","N","0100","0","1","0","0","0","0","0","1","0","1","N","","","","","","","","","","","","03","  ","","",""
"2352","2","0","0","0","0","0","0","0","0","4","0","","36","02","2016","2016020965","6","40.1064","-76.3055","2346","08","0","0","0","1","0","0","0","0","","0","0","0","23","3","0","01","0","40 06:22.882","","00","76 18:19.646","0","0","0","0","36101","0","0","0","N","0","0","0","3","36101","0","","1","01","N","N","0","","0","0","0","3","2","","2344","0","2","0","0","0","0","0","3","0","2","N","","","","","","","","","","","","03","  ","","",""
"1929","1","0","0","0","0","0","0","0","0","4","0","","36","02","2016","2016020973","2","40.0704","-76.2699","1917","08","0","0","0","0","0","1","0","0","","0","0","0","19","3","1","01","0","40 04:13.278","","00","76 16:11.508","3","0","0","0","36101","0","0","0","N","0","0","0","2","36101","0","","1","09","N","N","0","","1","0","2","3","2","","1914","1","3","0","0","0","0","0","3","0","3","N","","","","","","","","","","","","10","  ","","",""
"0657","0","0","0","0","0","0","0","0","0","7","0","","36","02","2016","2016021049","2","40.1131","-76.2518","0650","08","0","0","0","0","0","1","0","0","2","0","0","0","06","5","0","00","1","40 06:47.201","4","00","76 15:06.304","0","0","0","0","36101","0","0","0","N","0","0","0","1","36101","0","","4","02","N","N","0","","0","0","1","0","0","N","0645","0","1","0","0","0","0","0","3","0","1","N","","","","","","","","","","","","03","  ","","",""
"0558","1","0","0","0","0","0","0","0","0","7","0","","36","02","2016","2016021050","2","40.1601","-76.1415","0555","08","0","0","0","0","0","0","0","0","3","0","0","0","05","2","0","00","1","40 09:36.202","4","00","76 08:29.498","0","0","0","0","36218","0","0","0","N","0","0","0","1","36408","0","","4","01","N","N","0","","0","0","0","0","0","N","0555","0","1","0","0","0","0","0","1","0","1","N","","","","","","","","","","","","03","  ","","",""
"0753","0","0","0","0","0","0","0","0","0","7","0","","36","02","2016","2016021061","2","40.112","-76.2422","0747","08","0","0","0","0","0","0","0","0","1","0","0","0","07","1","0","00","2","40 06:43.020","6","00","76 14:31.862","0","0","0","0","36101","0","0","0","Y","0","0","0","1","36101","0","","4","02","N","N","1","","0","0","0","0","0","N","0735","0","1","0","0","0","0","0","3","0","1","N","","","","","","","","","","","","03","  ","","",""
"0720","1","0","0","0","0","0","0","0","0","8","0","","36","02","2016","2016021062","2","40.0213","-76.319","0717","08","0","0","0","0","0","0","0","0","1","0","0","0","07","1","1","00","1","40 01:16.621","6","00","76 19:08.426","8","0","0","0","36301","1","0","0","N","1","0","0","3","36301","0","","1","01","N","Y","0","","0","0","0","0","0","Y","0716","1","2","0","0","0","1","0","3","0","1","N","","","","","","","","","","","","03","  ","","",""
"1744","0","0","0","0","0","0","0","0","0","7","0","","36","02","2016","2016021070","5","40.1625","-76.6382","1738","08","0","0","0","0","0","0","0","0","2","0","0","0","17","4","0","00","1","40 09:44.956","4","00","76 38:17.445","0","0","0","0","36225","0","0","0","N","0","0","0","1","36505","0","","4","01","N","N","0","","0","0","1","0","0","N","1736","0","1","0","0","0","0","0","2","0","1","N","","","","","","","","","","","","03","  ","","",""
"0800","1","0","0","0","0","0","0","0","0","7","0","","36","02","2016","2016021096","2","39.957","-76.2808","0753","08","0","0","0","0","0","0","0","0","2","0","0","0","07","1","0","00","2","39 57:25.239","5","00","76 16:50.884","0","0","0","0","36228","0","0","0","Y","0","0","0","1","36503","0","","5","02","N","N","0","","0","0","0","0","0","Y","0750","0","1","0","0","0","0","0","1","0","1","N","","","","","","","","","","","","03","  ","","",""
"1104","2","0","0","0","0","0","0","0","0","4","0","","36","02","2016","2016021135","5","40.0288","-76.2908","1059","08","0","0","0","0","1","0","0","0","2","0","0","0","10","1","2","01","2","40 01:43.593","6","00","76 17:26.793","3","0","0","0","36301","0","0","0","N","0","0","0","3","36301","0","","1","01","N","N","0","","1","0","0","3","3","Y","1056","2","2","0","0","0","1","0","3","0","2","N","","","","","","","","","","","","03","  ","","",""
"1419","1","0","0","0","0","0","0","0","0","4","0","","36","02","2016","2016021148","2","40.1284","-76.2158","1419","08","0","0","0","0","0","0","0","1","2","0","0","0","14","1","1","02","1","40 07:42.915","7","02","76 12:56.695","4","0","0","0","36238","0","0","0","N","0","0","0","3","36238","1","","1","01","N","N","0","","0","0","0","3","2","N","1417","1","2","0","0","0","0","0","3","1","2","N","","","","","","","","","","","","03","  ","","",""
"1555","0","0","0","0","0","0","0","0","0","0","0","","36","02","2016","2016021170","7","39.9414","-76.2868","1550","08","0","0","0","0","0","0","0","0","1","0","0","0","15","1","0","00","2","39 56:29.106","5","00","76 17:12.522","0","0","0","0","36228","0","0","0","N","0","0","0","1","36503","0","","1","02","N","N","0","","0","0","1","0","0","N","1550","0","1","0","0","0","0","0","1","0","1","N","","","","","","","","","","","","03","  ","","",""
"1511","1","0","0","0","0","0","0","0","0","1","0","","36","02","2016","2016021172","2","40.1184","-76.6381","1458","08","0","0","0","0","0","0","0","0","2","0","0","0","14","1","0","00","2","40 07:06.377","6","00","76 38:17.186","0","0","0","0","36237","0","0","0","N","0","0","0","2","36505","0","","6","01","N","N","1","","0","0","0","0","0","Y","1455","0","2","0","0","0","0","0","1","0","2","N","","","","","","","","","","","","03","  ","","",""
"2226","1","0","0","0","0","0","0","0","0","6","0","","36","02","2016","2016021295","7","39.9941","-76.3201","2220","08","0","0","0","0","1","0","0","0","2","0","0","0","22","2","1","02","2","39 59:38.608","5","00","76 19:12.358","3","0","0","0","36228","0","0","0","N","0","0","0","2","36503","0","","1","02","N","N","0","","1","0","1","0","0","Y","2220","1","2","0","0","0","0","0","1","0","2","N","","","","","","","","","","","","98","  ","","",""
"1725","1","0","0","0","0","0","0","0","0","8","0","","36","02","2016","2016021314","2","40.191","-76.1604","1723","08","0","1","0","0","0","0","0","0","","0","0","0","07","1","1","01","0","40 11:27.654","","00","76 09:37.432","4","0","0","0","36218","1","0","0","N","1","0","0","2","36408","1","","1","01","N","N","0","","0","0","0","3","3","","0710","1","2","0","0","0","0","0","1","0","1","N","","","","","","","","","","","","03","  ","","",""
"1658","1","0","0","0","0","0","0","0","0","1","0","","36","02","2016","2016021327","4","40.0234","-76.306","1653","08","0","1","0","0","0","0","0","0","2","0","0","0","16","1","0","03","1","40 01:24.186","2","00","76 18:21.711","0","0","0","0","36301","0","0","0","N","0","0","0","3","36101","0","","1","01","N","N","0","","0","0","2","0","0","Y","1651","0","3","0","0","0","0","0","3","0","3","N","","","","","","","","","","","","03","  ","","",""
"1609","0","0","0","0","0","0","0","0","0","7","0","","36","02","2016","2016021328","5","40.0882","-76.3142","1606","08","0","0","0","0","0","0","1","0","3","0","0","0","16","1","1","00","2","40 05:17.426","6","00","76 18:51.270","3","0","0","0","36101","0","0","0","N","0","0","0","1","36101","0","","5","01","N","N","0","","1","0","1","0","0","Y","1603","1","1","0","0","0","0","0","3","0","1","N","","","","","","","","","","","","03","  ","","",""
"1005","1","0","0","0","0","0","0","0","0","5","0","","36","02","2016","2016021331","7","40.0306","-76.2343","1005","08","0","0","0","0","0","0","0","1","2","0","0","0","10","1","3","05","1","40 01:50.723","2","00","76 14:03.535","4","0","0","0","36215","0","0","0","N","0","0","0","5","36215","3","","1","01","N","N","0","","0","0","2","3","2","N","1000","3","3","0","0","0","0","1","1","0","3","N","","","","","","","","","","","","03","  ","","",""
"1700","1","0","0","0","0","0","0","0","0","1","0","","36","02","2016","2016021347","5","40.207","-76.2199","1653","08","0","0","0","0","0","1","0","0","2","0","0","0","16","1","2","01","1","40 12:25.201","4","00","76 13:11.691","3","0","0","0","36204","0","0","0","N","0","0","0","5","36506","1","","1","01","N","N","1","","1","0","1","3","2","N","1653","2","3","0","0","0","0","0","1","0","3","N","","","","","","","","","","","","03","  ","","",""
"0035","1","0","0","0","0","0","0","0","0","7","0","","36","02","2016","2016021434","2","39.9993","-76.4264","0035","08","0","0","0","0","0","0","0","0","3","0","0","0","00","2","1","03","2","39 59:57.518","6","00","76 25:35.198","8","0","0","0","36223","0","0","0","Y","0","0","0","1","36223","0","","5","01","N","N","0","","0","0","0","0","0","Y","0035","1","1","0","0","1","1","0","1","0","1","N","","","","","","","","","","","","03","  ","","",""
"0102","2","0","0","0","0","0","0","0","0","1","0","","36","02","2016","2016021435","2","40.0172","-76.3761","0054","08","0","0","0","0","0","0","0","0","","0","0","0","00","3","0","00","0","40 01:01.830","","00","76 22:33.780","0","0","0","0","36223","0","0","0","N","0","0","0","1","36223","0","","6","09","N","N","0","","0","0","0","0","0","","0044","0","2","0","0","0","0","0","1","0","2","N","","","","","","","","","","","","03","  ","","",""
"1215","1","0","0","0","0","0","0","0","0","2","0","","36","02","2016","2016021464","2","40.0899","-76.1752","1211","08","0","0","0","0","0","0","0","0","2","0","0","0","12","1","3","00","2","40 05:23.647","6","00","76 10:30.614","8","0","0","0","36234","0","0","0","N","0","0","0","3","36215","0","","1","01","N","N","0","","0","0","0","0","0","Y","1207","3","2","0","0","0","3","0","1","1","2","N","","","","","","","","","","","","03","  ","","",""
"0737","0","0","0","0","0","0","0","0","0","7","0","","36","02","2016","2016021472","3","40.07","-76.3584","0732","08","0","0","0","0","0","0","0","0","","0","0","0","07","1","0","00","0","40 04:12.051","","00","76 21:30.113","0","0","0","0","36214","0","0","0","N","0","0","0","1","36214","0","","5","09","N","N","0","","0","0","1","0","0","","0725","0","1","0","0","0","0","0","3","0","1","N","","","","","","","","","","","","07","  ","","",""
"1148","0","0","0","0","0","0","0","0","0","7","0","","36","02","2016","2016021482","6","40.0524","-76.1895","1144","08","0","0","0","0","0","0","0","1","2","0","0","0","11","1","0","00","2","40 03:08.600","5","00","76 11:22.300","0","0","0","0","36234","0","0","0","N","0","0","0","1","36215","0","","5","01","N","N","0","","0","0","1","0","0","Y","1143","0","1","0","0","1","0","0","1","0","1","N","","","","","","","","","","","","03","  ","","",""
"0758","1","0","0","0","0","0","0","0","0","1","0","","36","02","2016","2016021508","3","40.1527","-76.6068","0755","08","0","0","0","0","0","0","0","0","","0","0","0","07","1","2","00","0","40 09:09.766","","00","76 36:24.384","4","0","0","0","36407","0","0","0","N","0","0","0","2","36407","2","","1","09","N","N","0","","0","0","1","0","0","","0750","2","2","0","0","0","0","0","2","0","2","N","","","","","","","","","","","","10","  ","","",""
"1433","2","0","0","0","0","0","0","0","0","6","0","","36","02","2016","2016021518","3","40.146","-76.2784","1425","08","0","0","0","0","0","1","0","0","2","0","0","0","14","1","0","00","1","40 08:45.465","6","00","76 16:42.095","0","0","0","0","36235","0","0","0","Y","0","0","0","2","36506","0","","1","07","N","N","0","","0","0","0","0","0","Y","1425","0","2","0","0","0","0","0","1","0","2","N","","","","","","","","","","","","10","  ","","",""
"1836","1","0","0","0","0","0","0","0","0","0","0","","36","02","2016","2016021552","5","40.1792","-76.5384","1823","08","0","1","0","0","0","0","0","0","","0","0","0","18","2","0","00","0","40 10:45.063","","00","76 32:18.085","0","0","0","0","36225","0","0","0","N","0","0","0","1","36505","0","","4","02","N","N","0","","0","0","0","0","0","","1820","0","1","0","0","0","0","0","2","0","1","N","","","","","","","","","","","","03","  ","","",""
"1222","4","0","0","0","0","0","0","0","0","1","0","","36","02","2016","2016021561","3","40.1127","-76.4457","1222","08","0","0","0","0","0","0","1","0","3","0","0","0","12","1","2","00","2","40 06:45.587","3","03","76 26:44.475","8","0","0","0","36230","0","0","0","N","0","0","0","6","36410","0","","1","09","N","N","0","","0","0","1","0","0","Y","1215","2","5","0","0","0","2","0","1","0","5","N","","","","","","","","","","","","07","  ","","",""
"1550","1","0","0","0","0","0","0","0","0","4","0","","36","02","2016","2016021575","3","40.1502","-76.2988","1547","08","0","1","0","0","0","0","0","0","","0","0","0","15","1","0","01","0","40 09:00.770","","00","76 17:55.525","0","0","0","0","36409","0","0","0","N","0","0","0","6","36409","0","","1","09","N","N","0","","0","0","0","3","3","","1545","0","2","0","0","0","0","0","3","1","2","N","","","","","","","","","","","","07","  ","","",""
"1215","2","0","0","0","0","0","0","0","0","1","0","","36","02","2016","2016021578","3","40.1098","-76.4392","1210","08","0","0","1","0","0","0","0","0","2","0","0","0","12","1","0","03","1","40 06:35.338","3","00","76 26:21.273","0","0","0","0","36230","0","0","0","N","0","0","0","2","36410","0","","1","09","N","N","0","","0","0","0","3","4","N","1209","0","2","0","0","1","0","0","1","0","2","N","","","","","","","","","","","","07","  ","","",""
"1641","0","0","0","0","0","0","0","0","0","4","1","","36","01","2016","2016021598","2","40.1543","-76.3671","1635","08","0","0","0","0","0","0","1","0","2","0","1","0","16","1","1","00","2","40 09:15.583","6","00","76 22:01.386","8","0","0","0","36227","0","0","0","N","0","0","0","2","36506","0","","1","07","N","N","0","","0","0","0","0","0","Y","1635","1","2","0","0","0","1","0","1","1","2","N","","","","","","","","","","","","03","  ","","",""
"1235","1","0","0","0","0","0","0","0","0","7","0","","36","02","2016","2016021599","2","40.1451","-76.3622","1220","08","0","0","0","0","0","1","0","0","3","0","0","0","12","1","1","01","2","40 08:42.294","5","00","76 21:43.825","4","0","0","0","36227","0","0","0","N","0","0","0","1","36506","1","","4","01","N","N","0","","0","0","0","0","0","Y","1220","1","1","0","0","0","0","0","1","0","1","N","","","","","","","","","","","","03","  ","","",""
"2333","1","0","0","0","0","0","0","0","0","7","1","","36","02","2016","2016021653","2","40.2086","-76.0231","2326","08","0","0","0","0","0","0","0","0","","0","1","0","23","2","0","00","0","40 12:31.845","","00","76 01:24.833","0","0","0","0","36202","0","0","0","","0","0","0","2","68T06","0","","4","06","N","N","0","","0","0","0","0","0","","2326","0","2","0","0","0","0","0","1","0","2","N","","","","","","","","","","","","03","05","","",""
"1522","2","0","0","0","0","0","0","0","0","4","0","","36","02","2016","2016021725","2","40.1615","-76.303","1519","08","0","0","0","0","0","1","0","1","","0","0","0","15","1","1","01","0","40 09:41.461","","00","76 18:10.929","8","0","0","0","36409","0","0","0","N","0","0","0","2","36409","0","","1","01","N","N","0","","0","0","0","3","3","","1519","1","2","0","0","0","1","1","3","0","2","N","","","","","","","","","","","","03","  ","","",""
"0121","1","0","0","0","0","0","0","0","0","5","0","","36","02","2016","2016021749","4","40.0445","-76.2981","0121","08","0","0","0","0","0","0","0","0","","0","0","0","01","3","0","00","0","40 02:40.141","","00","76 17:53.296","9","0","0","0","36301","0","0","0","N","0","0","0","1","36301","0","","6","01","N","N","0","","0","0","1","0","0","","0106","0","3","0","0","0","0","1","3","0","3","N","","","","","","","","","","","","03","  ","","",""
"1801","1","0","0","0","0","0","0","0","0","4","0","","36","02","2016","2016021761","3","39.9705","-76.2737","1758","08","0","0","0","0","0","0","0","0","1","0","0","0","17","3","0","00","1","39 58:13.700","3","00","76 16:25.400","0","0","0","0","36228","0","0","0","N","0","0","0","3","36503","0","","1","09","N","N","1","","0","0","0","0","0","N","1758","0","2","0","0","0","0","0","1","0","2","N","","","","","","","","","","","","07","  ","","",""
"0352","4","0","0","0","0","0","0","0","0","4","0","","36","02","2016","2016021762","2","40.0395","-76.2925","0350","08","0","0","0","0","0","0","0","0","1","0","0","0","03","3","0","00","1","40 02:22.340","3","00","76 17:33.082","0","0","0","0","36301","0","0","0","N","0","0","0","2","36301","0","","6","01","N","N","0","","0","0","0","0","0","N","0350","0","4","0","0","0","0","0","3","0","4","N","","","","","","","","","","","","03","  ","","",""
"0008","3","0","0","0","0","0","0","0","0","5","0","","36","02","2016","2016021776","4","40.0387","-76.2989","0005","08","0","0","0","0","0","0","0","0","","0","0","0","00","3","0","00","0","40 02:19.285","","00","76 17:56.021","0","0","0","0","36301","0","0","0","N","0","0","0","2","36301","0","","1","09","N","N","1","","0","0","0","0","0","","0005","0","4","0","0","0","0","0","3","0","4","N","","","","","","","","","","","","07","  ","","",""
"2015","1","0","0","0","0","0","0","0","0","1","1","","36","02","2016","2016021782","3","40.0756","-76.3359","2010","08","0","0","0","0","0","0","0","0","2","0","1","0","20","3","1","00","1","40 04:32.254","4","00","76 20:09.372","4","0","0","0","36101","0","0","0","N","0","0","0","2","36101","1","","1","09","N","N","0","","0","0","0","0","0","N","2005","1","2","0","0","0","0","0","3","0","2","N","","","","","","","","","","","","07","  ","","",""
"1401","1","0","0","0","0","0","0","0","0","4","0","","36","02","2016","2016021870","3","40.0089","-76.3777","1349","08","0","0","0","0","0","0","1","0","1","0","0","0","13","1","2","01","1","40 00:32.101","1","00","76 22:39.644","4","0","0","0","36223","0","0","0","N","0","0","0","2","36223","2","","1","07","N","N","0","","0","0","1","3","3","N","1347","2","2","0","0","0","0","0","1","0","2","N","","","","","","","","","","","","10","  ","","",""
"1718","1","0","0","0","0","0","0","0","0","1","0","","36","02","2016","2016021907","1","40.0341","-76.2505","1715","08","0","0","0","0","0","0","0","0","","0","0","0","17","1","1","03","0","40 02:02.929","","00","76 15:01.795","3","0","0","0","36215","0","0","0","N","0","0","0","4","36215","0","","1","09","N","N","0","","1","0","1","3","2","","1715","1","2","0","0","1","0","0","1","0","2","N","","","","","","","","","","","","07","  ","","",""
"1908","1","0","0","0","0","0","0","0","0","0","0","","36","02","2016","2016021979","6","40.0994","-76.5682","1903","08","0","0","0","0","0","0","0","0","2","0","0","0","19","2","1","00","1","40 05:57.689","5","00","76 34:05.506","8","0","0","0","36211","0","0","0","N","0","0","0","1","36504","0","","5","01","N","N","0","","0","0","0","0","0","N","1900","1","1","0","0","0","1","0","1","0","1","N","","","","","","","","","","","","03","  ","","",""
"1830","1","0","0","0","0","0","0","0","0","1","0","","36","02","2016","2016021997","3","40.1618","-76.5731","1817","08","0","0","0","0","0","1","0","0","2","0","0","0","18","2","0","00","1","40 09:42.300","1","07","76 34:23.300","9","0","0","0","36225","0","0","0","N","0","0","0","3","36505","0","","1","09","N","N","1","","0","0","0","0","0","Y","1815","0","3","0","0","0","0","1","2","1","3","N","","","","","","","","","","","","03","  ","","",""
"2100","1","0","0","0","0","0","0","0","0","4","0","","36","02","2016","2016022218","4","40.0792","-76.3465","2052","08","0","0","0","0","0","0","0","0","","0","0","0","20","3","0","02","0","40 04:44.998","","02","76 20:47.326","0","0","0","0","36101","0","0","0","N","0","0","0","6","36101","0","","1","09","N","N","1","","0","0","0","0","0","","2038","0","2","0","0","0","0","0","3","0","2","N","","","","","","","","","","","","07","  ","","",""
"0124","1","0","0","0","0","0","0","0","0","2","0","","36","02","2016","2016022259","1","40.0543","-76.2888","0121","08","0","0","0","0","0","1","0","0","","0","0","0","01","2","0","00","0","40 03:15.304","","00","76 17:19.743","0","0","0","0","36101","0","0","0","N","0","0","0","1","36101","0","","6","01","N","N","1","","0","0","1","0","0","","0119","0","3","0","0","0","0","0","3","0","3","N","","","","","","","","","","","","03","  ","","",""
"1942","2","0","0","0","0","0","0","0","0","4","0","","36","02","2016","2016022262","1","40.0441","-76.2836","1934","08","0","0","0","0","0","1","0","1","","0","0","0","19","3","0","01","0","40 02:38.900","","00","76 17:01.014","0","0","0","0","36220","0","0","0","N","0","0","0","3","36101","0","","1","09","N","N","0","","0","0","0","3","3","","1918","0","2","0","0","0","0","0","3","0","2","N","","","","","","","","","","","","03","  ","","",""
"1224","3","0","0","0","0","0","0","0","0","4","0","","36","02","2016","2016022266","4","40.0319","-76.4915","1222","08","0","0","0","0","0","2","0","0","1","0","0","0","12","1","0","01","1","40 01:54.912","6","00","76 29:29.498","0","0","0","0","36404","0","0","0","N","0","0","0","2","36404","0","","1","01","N","N","0","","0","0","0","3","3","Y","1220","0","3","0","0","0","0","0","3","0","3","N","","","","","","","","","","","","03","  ","","",""
"1315","1","0","0","0","0","0","0","0","0","4","0","","36","02","2016","2016022341","4","40.0441","-76.2836","1309","08","0","0","0","0","0","0","0","0","","0","1","0","13","1","2","01","0","40 02:38.900","","00","76 17:01.014","3","0","0","0","36220","0","0","0","N","0","0","0","4","36101","0","","1","09","N","N","0","","2","0","0","3","3","","1306","2","2","0","0","0","0","0","3","0","2","N","","","","","","","","","","","","07","  ","","",""
"1717","1","0","0","0","0","0","0","0","0","1","0","","36","02","2016","2016022348","4","40.0634","-76.4323","1713","08","0","1","0","0","0","0","0","0","","0","0","0","17","1","1","02","0","40 03:48.253","","00","76 25:56.450","4","0","0","0","36239","0","0","0","N","0","0","0","2","36239","1","","1","09","N","N","1","","0","0","0","0","0","","1713","1","2","0","0","2","0","0","3","0","2","N","","","","","","","","","","","","07","  ","","",""
"1554","1","0","0","0","0","0","0","0","0","4","0","","36","02","2016","2016022349","4","40.0516","-76.3214","1553","08","0","0","0","0","0","0","0","0","","0","0","0","15","1","1","00","0","40 03:05.608","","07","76 19:17.214","3","0","0","0","36101","0","0","0","N","0","0","0","2","36101","0","","1","09","N","N","0","","1","0","1","0","0","","1549","1","2","0","0","0","0","0","3","0","2","N","","","","","","","","","","","","07","  ","","",""