"ARRIVAL_TM","AUTOMOBILE_COUNT","BELTED_DEATH_COUNT","BELTED_SUSP_SERIOUS_INJ_COUNT","BICYCLE_COUNT","BICYCLE_DEATH_COUNT","BICYCLE_SUSP_SERIOUS_INJ_COUNT","BUS_COUNT","CHLDPAS_DEATH_COUNT","CHLDPAS_SUSP_SERIOUS_INJ_COUNT","COLLISION_TYPE","COMM_VEH_COUNT","CONS_ZONE_SPD_LIM","COUNTY","CRASH_MONTH","CRASH_YEAR","CRN","DAY_OF_WEEK","DEC_LAT","DEC_LONG","DISPATCH_TM","DISTRICT","DRIVER_COUNT_16YR","DRIVER_COUNT_17YR","DRIVER_COUNT_18YR","DRIVER_COUNT_19YR","DRIVER_COUNT_20YR","DRIVER_COUNT_50_64YR","DRIVER_COUNT_65_74YR","DRIVER_COUNT_75PLUS","EST_HRS_CLOSED","FATAL_COUNT","HEAVY_TRUCK_COUNT","HORSE_BUGGY_COUNT","HOUR_OF_DAY","ILLUMINATION","INJURY_COUNT","INTERSECT_TYPE","LANE_CLOSED","LATITUDE","LN_CLOSE_DIR","LOCATION_TYPE","LONGITUDE","MAX_SEVERITY_LEVEL","MCYCLE_DEATH_COUNT","MCYCLE_SUSP_SERIOUS_INJ_COUNT","MOTORCYCLE_COUNT","MUNICIPALITY","NONMOTR_COUNT","NONMOTR_DEATH_COUNT","NONMOTR_SUSP_SERIOUS_INJ_COUNT","NTFY_HIWY_MAINT","PED_COUNT","PED_DEATH_COUNT","PED_SUSP_SERIOUS_INJ_COUNT","PERSON_COUNT","POLICE_AGCY","POSSIBLE_INJ_COUNT","RDWY_SURF_TYPE_CD","RELATION_TO_ROAD","ROAD_CONDITION","SCH_BUS_IND","SCH_ZONE_IND","SMALL_TRUCK_COUNT","SPEC_JURIS_CD","SUSP_MINOR_INJ_COUNT","SUSP_SERIOUS_INJ_COUNT","SUV_COUNT","TCD_FUNC_CD","TCD_TYPE","TFC_DETOUR_IND","TIME_OF_DAY","TOT_INJ_COUNT","TOTAL_UNITS","UNB_DEATH_COUNT","UNB_SUSP_SERIOUS_INJ_COUNT","UNBELTED_OCC_COUNT","UNK_INJ_DEG_COUNT","UNK_INJ_PER_COUNT","URBAN_RURAL","VAN_COUNT","VEHICLE_COUNT","WORK_ZONE_IND","WORK_ZONE_LOC","WORK_ZONE_TYPE","WORKERS_PRES","WZ_CLOSE_DETOUR","WZ_FLAGGER","WZ_LAW_OFFCR_IND","WZ_LN_CLOSURE","WZ_MOVING","WZ_OTHER","WZ_SHLDER_MDN","ROADWAY_CLEARED","WEATHER1","WEATHER2","WZ_WORKERS_INJ_KILLED","SECONDARY_CRASH","INTERSECTION_RELATED"
"0807","1","0","0","0","0","0","0","0","0","8","0","","36","02","2016","2016022362","5","40.0337","-76.3009","0804","08","0","0","0","1","0","0","0","0","2","0","0","0","08","1","1","00","2","40 02:01.162","2","00","76 18:03.301","3","0","0","0","36301","1","0","0","N","1","0","0","2","36301","0","","1","09","N","Y","0","","1","0","0","3","2","Y","0804","1","2","0","0","0","0","0","3","0","1","N","","","","","","","","","","","","07","  ","","",""
"0944","0","0","0","0","0","0","0","0","0","0","1","","36","02","2016","2016022363","3","40.039","-76.5105","0941","08","0","0","0","0","0","0","0","0","4","0","1","0","09","1","0","01","2","40 02:20.317","5","02","76 30:37.949","0","0","0","0","36404","0","0","0","N","0","0","0","1","36404","0","","1","09","N","N","0","","0","0","0","3","2","Y","0941","0","1","0","0","0","0","0","3","0","1","N","","","","","","","","","","","","07","  ","","",""
"1136","2","0","0","0","0","0","0","0","0","4","0","","36","02","2016","2016022402","5","40.0546","-76.3808","1134","08","0","0","0","0","0","1","0","0","1","0","0","0","11","1","0","02","1","40 03:16.545","1","00","76 22:50.716","0","0","0","0","36214","0","0","0","N","0","0","0","2","36214","0","","1","01","N","N","0","","0","0","0","3","2","N","1132","0","2","0","0","0","0","0","3","0","2","N","","","","","","","","","","","","03","  ","","",""
"0825","1","0","0","0","0","0","0","0","0","7","0","","36","02","2016","2016022410","7","40.0756","-76.404","0822","08","0","0","0","0","0","0","0","0","2","0","0","0","08","1","0","00","1","40 04:32.296","3","00","76 24:14.554","0","0","0","0","36214","0","0","0","N","0","0","0","1","36214","0","","5","01","N","N","0","","0","0","0","0","0","N","0820","0","1","0","0","0","0","0","3","0","1","N","","","","","","","","","","","","03","  ","","",""
"1201","0","0","0","0","0","0","0","0","0","7","0","","36","02","2016","2016022411","5","40.2447","-76.1236","1152","08","0","0","0","0","0","0","0","0","","0","0","0","11","1","0","00","0","40 14:40.900","","00","76 07:25.100","0","0","0","0","36210","0","0","0","N","0","0","0","1","36210","0","","4","01","N","N","1","","0","0","0","0","0","","1115","0","1","0","0","0","0","0","1","0","1","N","","","","","","","","","","","","03","  ","","",""
"1020","1","0","0","0","0","0","0","0","0","7","0","","36","02","2016","2016022414","5","40.0263","-76.3362","1006","08","0","0","0","0","0","0","0","1","3","0","0","0","09","1","1","00","2","40 01:34.543","6","00","76 20:10.408","3","0","0","0","36220","0","0","0","N","0","0","0","1","36101","0","","4","01","N","N","0","","1","0","0","0","0","N","0957","1","1","0","0","0","0","0","3","0","1","N","","","","","","","","","","","","03","  ","","",""
"1424","0","0","0","0","0","0","0","0","0","7","0","","36","02","2016","2016022423","2","40.0115","-76.2995","1419","08","0","0","1","0","0","0","0","0","2","0","0","0","14","1","0","00","2","40 00:41.497","5","00","76 17:58.073","0","0","0","0","36240","0","0","0","N","0","0","0","1","36240","0","","4","09","N","N","0","","0","0","1","0","0","Y","1418","0","1","0","0","0","0","0","1","0","1","N","","","","","","","","","","","","10","  ","","",""
"1337","1","0","0","0","0","0","0","0","0","4","0","","36","02","2016","2016022436","3","40.0365","-76.2945","1333","08","0","0","0","1","0","0","0","0","2","0","0","0","13","1","2","02","1","40 02:11.396","1","00","76 17:40.074","4","0","0","0","36301","0","0","0","N","0","0","0","2","36301","2","","1","01","N","N","0","","0","0","0","3","3","N","1333","2","2","0","0","0","0","0","3","1","2","N","","","","","","","","","","","","03","  ","","",""
"0823","0","0","0","0","0","0","0","0","0","1","0","","36","02","2016","2016022442","2","40.0496","-76.2272","0819","08","0","0","0","0","0","1","0","0","1","0","0","0","08","1","1","02","2","40 02:58.466","5","00","76 13:37.953","4","0","0","0","36215","0","0","0","N","0","0","0","2","36215","1","","1","01","N","N","0","","0","0","2","3","3","Y","0819","1","2","0","0","0","0","0","1","0","2","N","","","","","","","","","","","","03","  ","","",""
"1627","1","0","0","0","0","0","0","0","0","1","0","","36","02","2016","2016022469","5","40.0787","-76.3464","1611","08","0","0","0","0","0","0","0","0","","0","0","0","16","1","1","06","0","40 04:43.399","","02","76 20:46.906","4","0","0","0","36101","0","0","0","N","0","0","0","2","36101","1","","1","01","N","N","1","","0","0","0","3","3","","1608","1","2","0","0","0","0","0","3","0","2","N","","","","","","","","","","","","03","  ","","",""
"2251","1","0","0","0","0","0","0","0","0","0","0","","36","02","2016","2016022720","4","40.1041","-76.4917","2251","08","0","0","0","0","0","1","0","0","6","0","0","0","22","2","0","00","2","40 06:14.897","5","00","76 29:29.992","0","0","0","0","36230","0","0","0","Y","0","0","0","1","36410","0","","1","08","N","N","0","","0","0","0","0","0","N","2248","0","1","0","0","0","0","0","1","0","1","N","","","","","","","","","","","","07","  ","","",""
"2122","1","0","0","0","0","0","0","0","0","0","0","","36","02","2016","2016022722","4","40.1041","-76.4917","2111","08","0","0","0","0","0","0","0","0","6","0","0","0","20","2","0","00","2","40 06:14.897","5","00","76 29:29.992","0","0","0","0","36230","0","0","0","Y","0","0","0","1","36410","0","","1","08","N","N","0","","0","0","0","0","0","N","2058","0","1","0","0","0","0","0","1","0","1","N","","","","","","","","","","","","07","  ","","",""
"0435","0","0","0","0","0","0","0","0","0","7","0","","36","02","2016","2016022724","6","40.0018","-76.2114","0430","08","0","0","0","1","0","0","0","0","","0","0","0","04","2","0","00","0","40 00:06.301","","00","76 12:41.185","0","0","0","0","36240","0","0","0","N","0","0","0","1","36240","0","","4","01","N","N","0","","0","0","0","0","0","","0430","0","1","0","0","0","0","0","1","1","1","N","","","","","","","","","","","","03","  ","","",""
"0943","2","0","0","0","0","0","0","0","0","5","0","","36","02","2016","2016022775","3","40.0058","-76.3679","0935","08","0","0","0","0","0","0","0","0","2","0","0","0","09","1","2","02","2","40 00:20.918","7","00","76 22:04.466","4","0","0","0","36223","0","0","0","N","0","0","0","3","36223","2","","1","07","N","N","0","","0","0","1","3","2","Y","0932","2","3","0","0","0","0","0","1","0","3","N","","","","","","","","","","","","10","  ","","",""
"1731","1","0","0","0","0","0","0","0","0","4","0","","36","02","2016","2016022791","4","40.0348","-76.5033","1731","08","0","0","0","1","0","1","0","0","2","0","0","0","17","1","0","01","1","40 02:05.449","3","00","76 30:11.780","0","0","0","0","36404","0","0","0","N","0","0","0","5","36404","0","","1","01","N","N","1","","0","0","1","3","3","N","1731","0","3","0","0","2","0","0","3","0","3","N","","","","","","","","","","","","03","  ","","",""
"1650","0","0","0","0","0","0","0","0","0","1","0","","36","02","2016","2016022800","3","40.0417","-76.3638","1643","08","0","0","0","0","0","0","0","0","","0","0","0","16","1","1","02","0","40 02:30.029","","00","76 21:49.816","4","0","0","0","36214","0","0","0","N","0","0","0","2","36214","1","","1","01","N","N","0","","0","0","1","3","2","","1640","1","2","0","0","0","0","0","3","1","2","N","","","","","","","","","","","","03","  ","","",""
"2308","2","0","0","0","0","0","0","0","0","4","0","","36","02","2016","2016022806","3","39.9865","-76.2812","2303","08","0","0","0","0","0","2","0","0","2","0","0","0","23","3","1","01","1","39 59:11.342","1","00","76 16:52.253","8","0","0","0","36240","0","0","0","N","0","0","0","3","36240","0","","1","01","N","N","0","","0","0","0","3","2","Y","2303","1","2","0","0","0","1","0","1","0","2","N","","","","","","","","","","","","03","  ","","",""
"1707","2","0","0","0","0","0","0","0","0","4","0","","36","02","2016","2016022823","3","40.0515","-76.3039","1703","08","0","0","0","0","0","0","1","0","","0","0","0","17","1","0","01","0","40 03:05.573","","00","76 18:13.945","0","0","0","0","36301","0","0","0","N","0","0","0","4","36301","0","","1","09","N","N","0","","0","0","0","3","2","","1703","0","2","0","0","0","0","0","3","0","2","N","","","","","","","","","","","","07","  ","","",""
"1251","1","0","0","0","0","0","0","0","0","4","0","","36","02","2016","2016022849","3","40.0438","-76.3195","1249","08","0","0","0","0","1","0","1","0","2","0","0","0","12","1","0","00","2","40 02:37.834","2","00","76 19:10.038","0","0","0","0","36301","0","0","0","N","0","0","0","2","36301","0","","1","01","N","N","0","","0","0","1","0","0","Y","1245","0","2","0","0","0","0","0","3","0","2","N","","","","","","","","","","","","03","  ","","",""
"0716","2","0","0","0","0","0","0","0","0","1","0","","36","02","2016","2016022856","6","40.0873","-76.306","0707","08","0","0","0","0","0","1","0","0","","0","0","0","07","1","1","00","0","40 05:14.362","","00","76 18:21.677","4","0","0","0","36101","0","0","0","N","0","0","0","2","36101","1","","1","01","N","N","0","","0","0","0","3","2","","0702","1","2","0","0","0","0","0","3","0","2","N","","","","","","","","","","","","03","  ","","",""
"1431","2","0","0","0","0","0","0","0","0","4","0","","36","02","2016","2016022880","6","40.0475","-76.3629","1428","08","0","0","2","0","0","0","0","0","2","0","0","0","14","1","1","01","1","40 02:50.996","7","00","76 21:46.341","4","0","0","0","36214","0","0","0","N","0","0","0","3","36214","1","","1","01","N","N","0","","0","0","0","3","2","Y","1423","1","2","0","0","0","0","0","3","0","2","N","","","","","","","","","","","","03","  ","","",""
"1609","2","0","0","0","0","0","0","0","0","1","0","","36","02","2016","2016022889","6","40.0596","-76.3203","1556","08","0","0","0","0","0","0","1","0","","0","0","0","15","1","0","00","0","40 03:34.521","","00","76 19:13.041","0","0","0","0","36301","0","0","0","N","0","0","0","5","36301","0","","1","01","N","N","0","","0","0","0","0","0","","1541","0","2","0","0","0","0","0","3","0","2","N","","","","","","","","","","","","03","  ","","",""
"1452","1","0","0","0","0","0","0","0","0","7","0","","36","02","2016","2016022890","6","40.1299","-76.4946","1443","08","0","0","1","0","0","0","0","0","2","0","0","0","14","1","1","00","1","40 07:47.788","4","00","76 29:40.481","8","0","0","0","36230","0","0","0","Y","0","0","0","4","36410","0","","3","01","N","N","0","","0","0","0","0","0","N","1435","1","1","0","0","0","1","0","1","0","1","N","","","","","","","","","","","","03","  ","","",""
"1433","2","0","0","0","0","0","0","0","0","1","0","","36","02","2016","2016022891","4","40.0404","-76.2466","1427","08","0","0","0","0","0","0","0","0","1","0","0","0","14","1","2","00","2","40 02:25.483","3","00","76 14:47.788","8","0","0","0","36215","0","0","0","N","0","0","0","5","36215","0","","1","01","N","N","0","","0","0","0","0","0","N","1423","2","2","0","0","1","2","3","1","0","2","N","","","","","","","","","","","","03","  ","","",""
"1503","2","0","0","0","0","0","0","0","0","1","0","","36","02","2016","2016022908","6","40.0624","-76.5513","1458","08","0","0","0","0","0","1","0","0","1","0","0","0","14","1","0","01","1","40 03:44.627","2","00","76 33:04.585","0","0","0","0","36211","0","0","0","N","0","0","0","2","36504","0","","1","01","N","N","0","","0","0","0","3","2","N","1455","0","2","0","0","0","0","0","1","0","2","N","","","","","","","","","","","","03","  ","","",""
"1620","0","0","0","0","0","0","0","0","0","7","0","","36","02","2016","2016022946","5","40.1428","-75.9038","1528","08","0","1","0","0","0","0","0","0","3","0","0","0","15","1","0","00","1","40 08:34.058","2","00","75 54:13.797","0","0","0","0","36203","0","0","0","","0","0","0","1","68J01","0","","5","02","N","N","0","","0","0","1","0","0","N","1527","0","1","0","0","0","0","0","1","0","1","N","","","","","","","","","","","","03","  ","","",""
"1242","0","0","0","0","0","0","0","0","0","7","0","","36","02","2016","2016022947","5","39.8285","-76.1456","1234","08","0","0","0","0","0","0","0","0","2","0","1","0","12","1","0","00","2","39 49:42.482","5","00","76 08:44.237","0","0","0","0","36212","0","0","0","","0","0","0","1","68J01","0","","4","01","N","N","0","","0","0","0","0","0","Y","1233","0","1","0","0","0","0","0","1","0","1","N","","","","","","","","","","","","03","  ","","",""
"0630","0","0","0","0","0","0","0","0","0","4","0","","36","02","2016","2016022948","2","40.0388","-76.0707","0618","08","0","0","1","0","0","0","0","0","","0","0","0","06","5","0","00","0","40 02:19.656","","00","76 04:14.565","0","0","0","0","36221","0","0","0","","0","0","0","2","68J01","0","","1","01","N","N","1","","0","0","1","0","0","","0611","0","2","0","0","0","0","0","1","0","2","N","","","","","","","","","","","","03","  ","","",""
"0630","0","0","0","0","0","0","0","0","0","4","0","","36","02","2016","2016022949","2","39.945","-76.2337","0620","08","0","0","0","0","0","0","1","0","1","0","0","0","06","5","0","00","1","39 56:42.147","2","00","76 14:01.431","0","0","0","0","36233","0","0","0","","0","0","0","1","68J01","0","","4","02","N","N","2","","0","0","0","0","0","N","0615","0","2","0","0","0","0","0","1","0","2","N","","","","","","","","","","","","98","  ","","",""
"1845","1","0","0","0","0","0","0","0","0","1","0","","36","02","2016","2016023001","6","40.0507","-76.3951","1830","08","0","0","0","0","0","2","0","0","1","0","0","0","18","3","0","00","1","40 03:02.554","5","00","76 23:42.289","0","0","0","0","36214","0","0","0","N","0","0","0","6","36214","0","","1","01","N","N","0","","0","0","1","0","0","N","1828","0","2","0","0","0","0","0","3","0","2","N","","","","","","","","","","","","03","  ","","",""
"2101","1","0","0","0","0","0","0","0","0","8","0","","36","02","2016","2016023016","5","40.0344","-76.3157","2059","08","0","0","0","0","1","0","0","0","","0","0","0","20","3","1","00","0","40 02:03.743","","00","76 18:56.674","8","0","0","0","36301","1","0","0","N","1","0","0","2","36301","0","","1","01","N","N","0","","0","0","0","0","0","","2058","1","2","0","0","0","1","0","3","0","1","N","","","","","","","","","","","","03","  ","","",""
"2222","2","0","0","0","0","0","0","0","0","4","0","","36","02","2016","2016023035","6","40.0319","-76.4742","2216","08","0","0","0","0","0","0","0","0","2","0","0","0","22","3","3","00","1","40 01:55.018","3","07","76 28:27.106","8","0","0","0","36239","0","0","0","N","0","0","0","4","36239","0","","1","01","N","N","0","","0","0","0","0","0","Y","2216","3","2","0","0","1","3","0","3","0","2","N","","","","","","","","","","","","03","  ","","",""
"0721","0","0","0","0","0","0","0","0","0","0","0","","36","02","2016","2016023049","2","","","0714","08","0","0","0","0","0","0","0","0","1","0","0","0","07","1","0","00","1","","5","00","","0","0","0","0","36238","0","0","0","N","0","0","0","1","36238","0","","1","02","N","N","0","","0","0","1","0","0","Y","0714","0","1","0","0","0","0","0","3","0","1","N","","","","","","","","","","","","03","  ","","",""
"0211","1","0","0","0","0","0","0","0","0","5","0","","36","02","2016","2016023050","7","40.0085","-76.3162","0157","08","0","0","0","0","0","0","0","0","2","0","0","0","01","2","1","00","1","40 00:30.452","2","00","76 18:58.466","4","0","0","0","36101","0","0","0","N","0","0","0","1","36101","1","","6","01","N","N","0","","0","0","1","0","0","N","0154","1","2","0","0","0","0","0","3","0","2","N","","","","","","","","","","","","03","  ","","",""
"0214","1","0","0","0","0","0","0","0","0","7","0","","36","02","2016","2016023057","7","40.0012","-76.2104","0207","08","0","0","0","0","0","0","0","0","1","0","0","0","02","2","0","00","2","40 00:04.189","5","00","76 12:37.502","0","0","0","0","36240","0","0","0","N","0","0","0","1","36240","0","","4","01","N","N","0","","0","0","0","0","0","N","0206","0","1","0","0","0","0","0","1","0","1","N","","","","","","","","","","","","03","  ","","",""
"1715","1","0","0","0","0","0","0","0","0","4","0","","36","02","2016","2016023115","6","40.1685","-76.6058","1708","08","0","0","0","0","0","1","1","0","2","0","0","0","17","1","0","02","1","40 10:06.754","5","00","76 36:20.955","0","0","0","0","36225","0","0","0","N","0","0","0","3","36505","0","","1","01","N","N","0","","0","0","1","3","3","Y","1700","0","2","0","0","0","0","0","2","0","2","N","","","","","","","","","","","","03","  ","","",""
"1542","2","0","0","0","0","0","0","0","0","4","0","","36","02","2016","2016023129","6","40.1713","-76.1238","1539","08","0","0","0","0","1","0","0","0","","0","0","0","15","1","0","01","0","40 10:16.682","","00","76 07:25.649","0","0","0","0","36218","0","0","0","N","0","0","0","2","36408","0","","1","01","N","N","0","","0","0","0","3","3","","1538","0","2","0","0","0","0","0","1","0","2","N","","","","","","","","","","","","03","  ","","",""
"1351","1","0","0","0","0","0","0","0","0","5","0","","36","02","2016","2016023134","3","40.0681","-76.299","1349","08","0","0","0","0","0","1","0","0","1","0","0","0","13","1","1","00","1","40 04:05.026","4","00","76 17:56.315","4","0","0","0","36101","0","0","0","N","0","0","0","3","36101","1","","1","09","N","N","1","","0","0","0","0","0","N","1349","1","2","0","0","0","0","0","3","0","2","N","","","","","","","","","","","","07","  ","","",""
"1515","1","0","0","0","0","0","0","0","0","4","0","","36","02","2016","2016023143","2","40.0695","-76.3076","1507","08","0","0","0","0","0","0","0","0","","0","0","0","15","1","0","01","0","40 04:10.082","","00","76 18:27.453","0","0","0","0","36101","0","0","0","N","0","0","0","2","36101","0","","1","01","N","N","0","","0","0","0","3","2","","1507","0","2","0","0","0","0","0","3","1","2","N","","","","","","","","","","","","03","  ","","",""
"1310","2","0","0","0","0","0","0","0","0","1","0","","36","02","2016","2016023148","6","40.0798","-76.3088","1302","08","0","0","0","0","0","0","0","0","2","0","0","0","13","1","0","00","1","40 04:47.112","2","00","76 18:31.682","0","0","0","0","36101","0","0","0","N","0","0","0","2","36101","0","","1","01","N","N","0","","0","0","0","0","0","N","1302","0","2","0","0","0","0","0","3","0","2","N","","","","","","","","","","","","03","  ","","",""
"1148","2","0","0","0","0","0","0","0","0","4","0","","36","02","2016","2016023175","7","40.0487","-76.2989","1143","08","0","0","0","0","0","0","1","0","","0","0","0","11","1","0","01","0","40 02:55.215","","00","76 17:55.964","0","0","0","0","36301","0","0","0","N","0","0","0","3","36301","0","","1","01","N","N","0","","0","0","0","3","3","","1141","0","2","0","0","0","0","0","3","0","2","N","","","","","","","","","","","","03","  ","","",""
"1118","1","0","0","0","0","0","0","0","0","1","0","","36","02","2016","2016023179","7","40.0523","-76.3963","1109","08","0","0","0","0","0","0","0","1","","0","0","0","11","1","0","00","0","40 03:08.287","","00","76 23:46.718","0","0","0","0","36214","0","0","0","N","0","0","0","6","36214","0","","1","01","N","N","0","","0","0","0","3","2","","1105","0","3","0","0","0","0","0","3","2","3","N","","","","","","","","","","","","03","  ","","",""
"1846","1","0","0","0","0","0","0","0","0","4","1","","36","02","2016","2016023202","6","40.1488","-76.236","1842","08","0","0","0","0","0","1","0","0","2","0","0","0","18","2","0","02","2","40 08:55.834","6","00","76 14:09.423","0","0","0","0","36235","0","0","0","N","0","0","0","3","36506","0","","1","01","N","N","0","","0","0","1","0","0","Y","1842","0","3","0","0","0","0","0","1","0","3","N","","","","","","","","","","","","03","  ","","",""
"1141","1","0","0","0","0","0","0","0","0","7","0","","36","02","2016","2016023203","7","40.1511","-76.2578","1134","08","0","0","0","0","0","0","0","1","","0","0","0","11","1","0","00","0","40 09:04.088","","00","76 15:28.250","0","0","0","0","36235","0","0","0","N","0","0","0","2","36506","0","","5","01","N","N","0","","0","0","0","0","0","","1131","0","1","0","0","0","0","0","1","0","1","N","","","","","","","","","","","","03","  ","","",""
"1805","1","0","0","0","0","0","0","0","0","4","0","","36","02","2016","2016023204","6","40.1766","-76.3782","1800","08","0","0","0","0","0","1","1","0","1","0","0","0","18","4","0","02","1","40 10:35.817","1","00","76 22:41.563","0","0","0","0","36227","0","0","0","N","0","0","0","2","36506","0","","1","01","N","N","0","","0","0","1","3","3","N","1800","0","2","0","0","1","0","0","1","0","2","N","","","","","","","","","","","","03","  ","","",""
"1609","0","0","0","0","0","0","0","0","0","1","0","","36","02","2016","2016023240","7","40.0249","-76.2047","1606","08","0","0","0","0","0","0","0","0","2","0","0","0","16","1","1","00","1","40 01:29.645","4","00","76 12:16.755","4","0","0","0","36215","0","0","0","N","0","0","0","5","36215","1","","1","01","N","N","0","","0","0","2","3","2","N","1603","1","2","0","0","0","0","0","1","0","2","N","","","","","","","","","","","","03","  ","","",""
"2023","0","0","0","0","0","0","0","0","0","7","0","","36","02","2016","2016023265","7","40.1865","-76.5943","2019","08","0","0","0","0","0","0","0","0","3","0","0","0","20","2","0","00","2","40 11:11.500","6","00","76 35:39.600","0","0","0","0","36225","0","0","0","N","0","0","0","3","36505","0","","4","02","N","N","0","","0","0","1","0","0","Y","2018","0","1","0","0","0","0","0","2","0","1","N","","","","","","","","","","","","03","  ","","",""
"0035","3","0","0","0","0","0","0","0","0","4","0","","36","02","2016","2016023281","1","40.0506","-76.4237","0030","08","0","0","0","0","1","0","0","0","2","0","0","0","00","2","0","00","2","40 03:02.012","6","00","76 25:25.269","0","0","0","0","36239","0","0","0","N","0","0","0","1","36239","0","","2","01","N","N","0","","0","0","0","0","0","Y","0020","0","3","0","0","0","0","0","3","0","3","N","","","","","","","","","","","","03","  ","","",""
"1454","1","0","0","0","0","0","0","0","0","4","0","","36","02","2016","2016023291","6","40.1334","-76.2134","1449","08","0","0","1","0","0","0","0","0","","0","0","0","14","1","1","02","0","40 08:00.395","","00","76 12:48.069","4","0","0","0","36238","0","0","0","N","0","0","0","5","36238","1","","1","01","N","N","0","","0","0","0","3","3","","1448","1","2","0","0","0","0","0","3","1","2","N","","","","","","","","","","","","03","  ","","",""
"1243","2","0","0","0","0","0","0","0","0","2","0","","36","02","2016","2016023300","7","40.1868","-76.2119","1236","08","0","0","0","0","0","0","0","0","2","0","0","0","12","1","2","00","2","40 11:12.300","6","00","76 12:42.900","3","0","0","0","36218","0","0","0","N","0","0","0","2","36408","0","","1","07","N","N","0","","2","0","0","0","0","Y","1236","2","2","0","0","0","0","0","1","0","2","N","","","","","","","","","","","","10","  ","","",""
"1031","1","0","0","0","0","0","0","0","0","4","0","","36","02","2016","2016023302","4","40.0157","-76.3496","1029","08","0","0","0","0","0","0","0","1","1","0","0","0","10","1","1","01","1","40 00:56.470","3","00","76 20:58.524","4","0","0","0","36412","0","0","0","N","0","0","0","2","36412","1","","1","09","N","N","1","","0","0","0","3","2","Y","1029","1","2","0","0","0","0","0","3","0","2","N","","","","","","","","","","","","07","  ","","",""
"1616","2","0","0","0","0","0","0","0","0","4","0","","36","02","2016","2016023304","4","40.1697","-76.1975","1613","08","0","0","0","0","0","1","0","0","1","0","0","0","16","1","0","00","1","40 10:10.945","2","07","76 11:51.105","0","0","0","0","36408","0","0","0","N","0","0","0","3","36408","0","","1","01","N","N","0","","0","0","0","0","0","N","1613","0","2","0","0","0","0","0","2","0","2","N","","","","","","","","","","","","03","  ","","",""
"1246","1","0","0","0","0","0","0","0","0","4","0","","36","02","2016","2016023310","3","40.2139","-76.1583","1240","08","0","0","0","0","0","2","1","0","1","0","0","0","12","1","0","01","1","40 12:50.217","2","00","76 09:29.753","0","0","0","0","36236","0","0","0","N","0","0","0","4","36408","0","","1","09","N","N","0","","0","0","2","3","4","N","1240","0","3","0","0","0","0","0","1","0","3","N","","","","","","","","","","","","07","  ","","",""
"0603","1","0","0","0","0","0","0","0","0","4","0","","36","02","2016","2016023319","6","40.0409","-76.4822","0553","08","0","0","0","0","0","0","0","0","2","0","0","0","05","2","0","00","2","40 02:27.200","1","07","76 28:56.000","0","0","0","0","36239","0","0","0","N","0","0","0","2","36239","0","","1","01","N","N","0","","0","0","0","0","0","N","0553","0","2","0","0","0","0","0","3","1","2","N","","","","","","","","","","","","03","  ","","",""
"1356","1","0","0","0","0","0","0","0","0","1","0","","36","02","2016","2016023348","1","40.1128","-76.3967","1352","08","0","1","0","0","0","1","0","0","2","0","0","0","13","1","1","00","2","40 06:45.942","3","00","76 23:48.080","8","0","0","0","36214","0","0","0","N","0","0","0","2","36214","0","","1","01","N","N","0","","0","0","1","0","0","N","1345","1","2","0","0","0","1","0","3","0","2","N","","","","","","","","","","","","03","  ","","",""
"1111","1","0","0","1","0","0","0","0","0","4","0","","36","02","2016","2016023435","7","40.2161","-76.2405","1107","08","0","0","0","0","0","0","0","0","","0","0","0","11","1","1","00","0","40 12:57.940","","07","76 14:25.870","4","0","0","0","36204","1","0","0","N","0","0","0","2","36506","1","","1","01","N","N","0","","0","0","0","0","0","","1107","1","2","0","0","0","0","0","1","0","1","N","","","","","","","","","","","","03","  ","","",""
"1532","1","0","0","0","0","0","0","0","0","1","0","","36","02","2016","2016023436","7","40.2064","-76.2181","1526","08","0","1","0","0","0","0","0","1","1","0","0","0","15","1","1","00","1","40 12:22.966","4","00","76 13:05.333","8","0","0","0","36204","0","0","0","N","0","0","0","4","36506","0","","1","01","N","N","1","","0","0","0","0","0","N","1526","1","2","0","0","0","1","0","1","0","2","N","","","","","","","","","","","","03","  ","","",""
"0812","1","0","0","0","0","0","0","0","0","6","0","","36","02","2016","2016023481","4","40.0107","-76.3447","0806","08","0","0","0","0","0","0","1","0","","0","0","0","08","1","0","00","0","40 00:38.561","","00","76 20:40.988","0","0","0","0","36412","0","0","0","N","0","0","0","3","36412","0","","1","01","N","N","0","","0","0","1","0","0","","0806","0","2","0","0","0","0","0","3","0","2","N","","","","","","","","","","","","03","  ","","",""
"2122","1","0","0","0","0","0","0","0","0","9","0","","36","02","2016","2016023525","7","40.0273","-76.3037","2116","08","0","0","0","0","0","1","0","0","2","0","0","0","21","3","1","10","1","40 01:38.194","1","00","76 18:13.345","8","0","0","0","36301","0","0","0","N","0","0","0","1","36301","0","","1","01","N","N","0","","0","0","0","3","2","N","2114","1","1","0","0","0","1","0","3","0","1","N","","","","","","","","","","","","03","  ","","",""
"0211","3","0","0","0","0","0","0","0","0","1","0","","36","02","2016","2016023529","1","39.9786","-76.2762","0206","08","0","0","0","0","0","0","0","0","2","0","0","0","02","3","0","02","1","39 58:43.024","1","00","76 16:34.429","0","0","0","0","36240","0","0","0","N","0","0","0","1","36240","0","","2","01","N","N","0","","0","0","0","0","0","N","0206","0","3","0","0","0","0","0","1","0","3","N","","","","","","","","","","","","03","  ","","",""