"ARRIVAL_TM","AUTOMOBILE_COUNT","BELTED_DEATH_COUNT","BELTED_SUSP_SERIOUS_INJ_COUNT","BICYCLE_COUNT","BICYCLE_DEATH_COUNT","BICYCLE_SUSP_SERIOUS_INJ_COUNT","BUS_COUNT","CHLDPAS_DEATH_COUNT","CHLDPAS_SUSP_SERIOUS_INJ_COUNT","COLLISION_TYPE","COMM_VEH_COUNT","CONS_ZONE_SPD_LIM","COUNTY","CRASH_MONTH","CRASH_YEAR","CRN","DAY_OF_WEEK","DEC_LAT","DEC_LONG","DISPATCH_TM","DISTRICT","DRIVER_COUNT_16YR","DRIVER_COUNT_17YR","DRIVER_COUNT_18YR","DRIVER_COUNT_19YR","DRIVER_COUNT_20YR","DRIVER_COUNT_50_64YR","DRIVER_COUNT_65_74YR","DRIVER_COUNT_75PLUS","EST_HRS_CLOSED","FATAL_COUNT","HEAVY_TRUCK_COUNT","HORSE_BUGGY_COUNT","HOUR_OF_DAY","ILLUMINATION","INJURY_COUNT","INTERSECT_TYPE","LANE_CLOSED","LATITUDE","LN_CLOSE_DIR","LOCATION_TYPE","LONGITUDE","MAX_SEVERITY_LEVEL","MCYCLE_DEATH_COUNT","MCYCLE_SUSP_SERIOUS_INJ_COUNT","MOTORCYCLE_COUNT","MUNICIPALITY","NONMOTR_COUNT","NONMOTR_DEATH_COUNT","NONMOTR_SUSP_SERIOUS_INJ_COUNT","NTFY_HIWY_MAINT","PED_COUNT","PED_DEATH_COUNT","PED_SUSP_SERIOUS_INJ_COUNT","PERSON_COUNT","POLICE_AGCY","POSSIBLE_INJ_COUNT","RDWY_SURF_TYPE_CD","RELATION_TO_ROAD","ROAD_CONDITION","SCH_BUS_IND","SCH_ZONE_IND","SMALL_TRUCK_COUNT","SPEC_JURIS_CD","SUSP_MINOR_INJ_COUNT","SUSP_SERIOUS_INJ_COUNT","SUV_COUNT","TCD_FUNC_CD","TCD_TYPE","TFC_DETOUR_IND","TIME_OF_DAY","TOT_INJ_COUNT","TOTAL_UNITS","UNB_DEATH_COUNT","UNB_SUSP_SERIOUS_INJ_COUNT","UNBELTED_OCC_COUNT","UNK_INJ_DEG_COUNT","UNK_INJ_PER_COUNT","URBAN_RURAL","VAN_COUNT","VEHICLE_COUNT","WORK_ZONE_IND","WORK_ZONE_LOC","WORK_ZONE_TYPE","WORKERS_PRES","WZ_CLOSE_DETOUR","WZ_FLAGGER","WZ_LAW_OFFCR_IND","WZ_LN_CLOSURE","WZ_MOVING","WZ_OTHER","WZ_SHLDER_MDN","ROADWAY_CLEARED","WEATHER1","WEATHER2","WZ_WORKERS_INJ_KILLED","SECONDARY_CRASH","INTERSECTION_RELATED"
"1944","0","0","0","0","0","0","0","0","0","7","0","","36","02","2016","2016023536","6","39.9435","-76.3689","1939","08","0","0","0","0","1","0","0","0","2","0","0","0","19","2","0","00","2","39 56:36.673","5","00","76 22:07.991","0","0","0","0","36206","0","0","0","N","0","0","0","2","36503","0","","4","02","N","N","0","","0","0","1","0","0","Y","1939","0","1","0","0","0","0","0","1","0","1","N","","","","","","","","","","","","03","  ","","",""
"1435","1","0","0","0","0","0","0","0","0","4","0","","36","01","2016","2016023568","3","39.9","-76.225","1407","08","0","0","0","0","0","1","0","0","2","0","0","0","14","1","1","01","2","39 53:59.838","5","00","76 13:29.974","4","0","0","0","36229","0","0","0","","0","0","0","3","68J01","1","","1","09","N","N","1","","0","0","0","3","3","Y","1406","1","2","0","0","0","0","0","1","0","2","N","","","","","","","","","","","","03","  ","","",""
"1454","2","0","1","0","0","0","0","0","0","4","0","","36","02","2016","2016023569","2","39.879","-76.2417","1426","08","0","0","0","0","0","0","0","0","2","0","0","0","14","1","2","00","2","39 52:44.542","5","00","76 14:30.100","2","0","0","0","36229","0","0","0","","0","0","0","2","68J01","0","","1","06","N","N","0","","1","1","0","0","0","Y","1425","2","2","0","0","0","0","0","1","0","2","N","","","","","","","","","","","","10","  ","","",""
"1632","2","0","0","0","0","0","0","0","0","6","0","","36","02","2016","2016023570","3","39.8959","-76.2071","1601","08","0","1","0","0","0","0","0","0","","0","0","0","16","1","0","00","0","39 53:45.160","","00","76 12:25.520","0","0","0","0","36229","0","0","0","","0","0","0","2","68J01","0","","1","09","N","N","0","","0","0","0","0","0","","1600","0","2","0","0","0","0","0","1","0","2","N","","","","","","","","","","","","03","  ","","",""
"1614","1","0","0","0","0","0","0","0","0","5","0","","36","02","2016","2016023588","5","40.0472","-76.3074","1603","08","0","0","1","0","0","0","0","0","2","0","0","0","16","1","0","00","1","40 02:49.913","1","07","76 18:26.763","0","0","0","0","36301","0","0","0","N","0","0","0","3","36301","0","","1","01","N","N","1","","0","0","0","0","0","N","1603","0","2","0","0","0","0","0","3","0","2","N","","","","","","","","","","","","03","  ","","",""
"0701","2","0","0","0","0","0","0","0","0","4","0","","36","02","2016","2016023615","2","40.0499","-76.3079","0658","08","0","0","0","0","0","1","0","0","2","0","0","0","06","5","2","01","2","40 02:59.610","1","00","76 18:28.586","8","0","0","0","36301","0","0","0","N","0","0","0","3","36301","0","","1","01","N","N","0","","0","0","0","3","2","N","0658","2","2","0","0","0","2","0","3","0","2","N","","","","","","","","","","","","03","  ","","",""
"2348","0","0","0","0","0","0","0","0","0","0","0","","36","02","2016","2016023617","6","40.101","-76.5631","2344","08","0","0","0","1","0","0","0","0","1","0","0","0","23","3","2","00","1","40 06:03.737","4","00","76 33:47.178","8","0","0","0","36211","0","0","0","N","0","0","0","2","36504","0","","1","02","N","N","0","","0","0","1","0","0","N","2340","2","1","0","0","0","2","0","1","0","1","N","","","","","","","","","","","","03","  ","","",""
"1227","1","0","0","0","0","0","0","0","0","1","0","","36","02","2016","2016023648","2","40.0596","-76.2782","1219","08","0","0","0","0","0","2","0","0","","0","0","0","12","1","1","06","0","40 03:34.684","","02","76 16:41.573","4","0","0","0","36101","0","0","0","N","0","0","0","2","36101","1","","1","01","N","N","0","","0","0","1","3","4","","1217","1","2","0","0","0","0","0","3","0","2","N","","","","","","","","","","","","03","  ","","",""
"1342","0","0","0","0","0","0","0","0","0","7","0","","36","02","2016","2016023658","2","40.038","-76.3517","1338","08","0","0","0","0","0","0","1","0","3","0","0","0","13","1","0","00","2","40 02:16.791","6","00","76 21:06.178","0","0","0","0","36214","0","0","0","N","0","0","0","1","36214","0","","5","01","N","N","1","","0","0","0","0","0","Y","1334","0","1","0","0","0","0","0","3","0","1","N","","","","","","","","","","","","03","  ","","",""
"1310","1","0","0","0","0","0","0","0","0","7","0","","36","02","2016","2016023661","2","40.0514","-76.2593","1142","08","0","0","0","0","0","0","0","0","2","0","0","0","11","1","1","00","2","40 03:05.176","3","00","76 15:33.575","8","0","0","0","36301","0","0","0","N","0","0","0","1","36301","0","","3","01","N","N","0","","0","0","0","0","0","N","1142","1","1","0","0","0","1","0","3","0","1","N","","","","","","","","","","","","03","  ","","",""
"1631","0","0","0","0","0","0","0","0","0","4","0","","36","02","2016","2016023678","2","40.0408","-76.3334","1627","08","0","0","0","0","0","1","1","0","","0","0","0","15","1","0","01","0","40 02:27.042","","00","76 20:00.315","0","0","0","0","36220","0","0","0","N","0","0","0","2","36101","0","","1","01","N","N","0","","0","0","1","3","3","","1548","0","2","0","0","0","0","0","3","1","2","N","","","","","","","","","","","","03","  ","","",""
"1316","1","0","0","0","0","0","0","0","0","4","0","","36","02","2016","2016023758","2","40.0446","-76.3039","1313","08","0","0","0","0","1","0","0","0","1","0","0","0","13","1","1","00","1","40 02:40.414","3","07","76 18:14.122","4","0","0","0","36301","0","0","0","N","0","0","0","4","36301","1","","1","01","N","N","0","","0","0","1","0","0","N","1311","1","2","0","0","0","0","0","3","0","2","N","","","","","","","","","","","","03","  ","","",""
"1951","1","0","0","0","0","0","0","0","0","4","0","","36","02","2016","2016023860","7","40.2884","-76.2034","1948","08","0","0","0","0","0","1","0","0","","0","0","0","19","2","0","01","0","40 17:18.254","","00","76 12:12.309","0","0","0","0","36236","0","0","0","N","0","0","0","2","36408","0","","1","01","N","N","0","","0","0","1","0","0","","1947","0","2","0","0","0","0","0","1","0","2","N","","","","","","","","","","","","03","  ","","",""
"1925","2","0","0","0","0","0","0","0","0","0","0","","36","02","2016","2016023831","6","40.2326","-76.3262","1920","08","0","0","0","0","0","0","0","0","","0","0","0","18","2","0","00","0","40 13:57.488","","00","76 19:33.020","0","0","0","0","36217","0","0","0","","0","0","0","4","68T06","0","","1","01","N","N","0","","0","0","0","0","0","","1843","0","2","0","0","0","0","0","1","0","2","N","","","","","","","","","","","","03","  ","","",""
"2155","2","0","0","0","0","0","0","0","0","1","0","","36","02","2016","2016023857","2","40.0906","-76.2637","2144","08","0","0","0","0","0","0","0","0","","0","0","0","21","2","0","00","0","40 05:26.214","","00","76 15:49.149","0","0","0","0","36101","0","0","0","N","0","0","0","2","36101","0","","1","01","N","N","0","","0","0","0","0","0","","2111","0","2","0","0","0","0","0","3","0","2","N","","","","","","","","","","","","03","  ","","",""
"1058","2","0","0","0","0","0","0","0","0","4","0","","36","02","2016","2016023870","5","40.056","-76.3298","1052","08","0","0","0","0","0","1","0","1","1","0","0","0","10","1","2","00","1","40 03:21.709","2","07","76 19:47.306","4","0","0","0","36101","0","0","0","N","0","0","0","3","36101","2","","1","01","N","N","0","","0","0","0","0","0","N","1039","2","2","0","0","0","0","0","3","0","2","N","","","","","","","","","","","","03","  ","","",""
"2336","0","0","0","0","0","0","0","0","0","7","0","","36","02","2016","2016023883","2","40.0521","-76.2768","2332","08","0","0","1","0","0","0","0","0","2","0","0","0","23","3","0","00","1","40 03:07.739","4","00","76 16:36.438","0","0","0","0","36101","0","0","0","Y","0","0","0","1","36101","0","","3","01","N","N","0","","0","0","1","0","0","N","2302","0","1","0","0","0","0","0","3","0","1","N","","","","","","","","","","","","03","  ","","",""
"1946","1","0","0","0","0","0","0","0","0","7","0","","36","02","2016","2016023890","2","40.1115","-76.2444","1933","08","0","0","0","0","1","0","0","0","3","0","0","0","19","2","1","00","2","40 06:41.406","1","00","76 14:39.820","2","0","0","0","36101","0","0","0","N","0","0","0","1","36101","0","","3","01","N","N","0","","0","1","0","0","0","Y","1931","1","1","0","1","1","0","0","3","0","1","N","","","","","","","","","","","","03","  ","","",""
"1851","0","0","0","0","0","0","0","0","0","0","1","","36","02","2016","2016023892","4","40.142","-76.5535","1848","08","0","0","0","0","0","0","0","0","3","0","1","0","18","2","0","07","2","40 08:31.201","4","02","76 33:12.647","0","0","0","0","36225","0","0","0","N","0","0","0","1","36505","0","","1","09","N","N","0","","0","0","0","0","0","Y","1840","0","1","0","0","0","0","0","2","0","1","N","","","","","","","","","","","","07","  ","","",""
"1707","2","0","0","0","0","0","0","0","0","4","0","","36","02","2016","2016023896","6","40.0792","-76.3465","1638","08","0","0","0","0","0","0","0","0","","0","0","0","16","1","1","02","0","40 04:45.132","","02","76 20:47.361","4","0","0","0","36101","0","0","0","N","0","0","0","2","36101","1","","1","01","N","N","0","","0","0","0","3","3","","1633","1","2","0","0","0","0","0","3","0","2","N","","","","","","","","","","","","03","  ","","",""
"1732","1","0","0","0","0","0","0","0","0","1","0","","36","02","2016","2016023997","2","40.0371","-76.2621","1729","08","0","0","0","1","0","0","0","0","","0","0","0","17","1","1","00","0","40 02:13.464","","00","76 15:43.407","4","0","0","0","36215","0","0","0","N","0","0","0","5","36215","1","","1","01","N","N","0","","0","0","1","0","0","","1720","1","2","0","0","0","0","0","1","0","2","N","","","","","","","","","","","","03","  ","","",""
"0817","1","0","0","0","0","0","0","0","0","7","0","","36","03","2016","2016024004","3","40.0756","-76.3086","0814","08","0","0","0","0","0","1","0","0","","0","0","0","08","1","1","00","0","40 04:32.191","","00","76 18:31.112","4","0","0","0","36101","0","0","0","N","0","0","0","1","36101","1","","2","01","N","N","0","","0","0","0","0","0","","0813","1","1","0","0","0","0","0","3","0","1","N","","","","","","","","","","","","03","  ","","",""
"1712","2","0","0","0","0","0","0","0","0","1","0","","36","02","2016","2016024005","2","40.0379","-76.2745","1700","08","0","0","0","0","0","1","0","0","3","0","0","0","16","1","1","02","1","40 02:16.839","4","00","76 16:28.341","3","0","0","0","36220","0","0","0","N","0","0","0","4","36101","0","","1","01","N","N","0","","1","0","0","3","2","N","1632","1","2","0","0","0","0","0","3","0","2","N","","","","","","","","","","","","03","  ","","",""
"0825","1","0","0","0","0","0","0","0","0","4","0","","36","02","2016","2016024009","2","40.0679","-76.3034","0819","08","0","0","0","0","0","1","0","0","2","0","0","0","08","1","1","01","1","40 04:04.462","5","00","76 18:12.202","3","0","0","0","36101","0","0","0","N","0","0","0","2","36101","0","","1","09","N","N","0","","1","0","1","3","2","N","0818","1","2","0","0","1","0","0","3","0","2","N","","","","","","","","","","","","07","  ","","",""
"0632","1","0","0","0","0","0","0","0","0","4","0","","36","03","2016","2016024015","3","40.1383","-76.1002","0625","08","0","0","0","0","0","0","0","0","2","0","0","0","06","1","0","01","1","40 08:17.897","2","00","76 06:00.677","0","0","0","0","36209","0","0","0","N","0","0","0","2","36415","0","","1","01","N","N","1","","0","0","0","3","3","Y","0625","0","2","0","0","0","0","0","1","0","2","N","","","","","","","","","","","","03","  ","","",""
"1610","1","0","0","0","0","0","0","0","0","7","0","","36","02","2016","2016024030","4","40.1401","-76.3545","1603","08","0","0","0","0","0","0","0","0","2","0","0","0","16","1","0","00","2","40 08:24.486","5","00","76 21:16.314","0","0","0","0","36227","0","0","0","N","0","0","0","2","36506","0","","2","09","N","N","0","","0","0","0","0","0","Y","1603","0","1","0","0","0","0","0","1","0","1","N","","","","","","","","","","","","07","  ","","",""
"2140","2","0","0","0","0","0","0","0","0","2","0","","36","02","2016","2016024031","4","40.1638","-76.3672","2129","08","0","0","1","0","0","0","0","0","2","0","0","0","21","2","1","00","2","40 09:49.500","5","00","76 22:02.000","8","0","0","0","36227","0","0","0","N","0","0","0","2","36506","0","","1","02","N","N","0","","0","0","0","0","0","N","2129","1","2","0","0","0","1","0","1","0","2","N","","","","","","","","","","","","10","  ","","",""
"1146","0","0","0","0","0","0","0","0","0","7","0","","36","03","2016","2016024067","3","40.019","-76.3027","1143","08","0","0","0","0","0","0","0","1","2","0","0","0","11","1","1","00","2","40 01:08.308","2","00","76 18:09.554","4","0","0","0","36240","0","0","0","N","0","0","0","1","36240","1","","4","01","N","N","0","","0","0","1","0","0","Y","1141","1","1","0","0","0","0","0","1","0","1","N","","","","","","","","","","","","03","  ","","",""
"1233","1","0","0","0","0","0","0","0","0","4","0","","36","03","2016","2016024070","3","40.0478","-76.3406","1230","08","0","0","0","0","0","1","0","1","","0","0","0","12","1","0","01","0","40 02:51.921","","00","76 20:26.112","0","0","0","0","36220","0","0","0","N","0","0","0","2","36101","0","","1","01","N","N","0","","0","0","1","3","3","","1227","0","2","0","0","0","0","0","3","0","2","N","","","","","","","","","","","","03","  ","","",""
"1411","2","0","0","0","0","0","0","0","0","1","0","","36","03","2016","2016024071","3","40.1115","-76.356","1407","08","0","0","0","0","0","1","0","0","","0","0","0","14","1","1","02","0","40 06:41.494","","00","76 21:21.712","4","0","0","0","36214","0","0","0","N","0","0","0","2","36214","1","","1","01","N","N","0","","0","0","0","0","0","","1405","1","2","0","0","0","0","0","3","0","2","N","","","","","","","","","","","","03","  ","","",""
"1944","0","0","0","0","0","0","0","0","0","1","0","","36","03","2016","2016024219","3","40.2338","-76.1305","1939","08","0","0","0","0","0","0","1","0","2","0","0","0","19","3","0","01","1","40 14:01.602","2","00","76 07:49.956","0","0","0","0","36405","0","0","0","N","0","0","0","1","36210","0","","2","01","N","N","1","","0","0","1","0","0","N","1935","0","2","0","0","0","0","0","1","0","2","N","","","","","","","","","","","","03","  ","","",""
"0755","3","0","0","0","0","0","0","0","0","1","1","","36","02","2016","2016024228","6","40.0734","-76.2867","0746","08","0","0","0","0","0","4","0","0","3","0","1","0","07","1","3","00","1","40 04:24.404","2","00","76 17:12.232","3","0","0","0","36101","0","0","0","N","0","0","0","7","36101","1","","1","01","N","N","0","","2","0","3","0","0","N","0743","3","7","0","0","0","0","0","3","0","7","N","","","","","","","","","","","","03","  ","","",""
"2209","0","0","0","0","0","0","0","0","0","4","0","","36","03","2016","2016024229","3","40.0606","-76.2768","2205","08","0","1","0","0","0","0","0","0","","0","0","0","22","3","0","01","0","40 03:38.256","","00","76 16:36.560","0","0","0","0","36101","0","0","0","N","0","0","0","4","36101","0","","1","01","N","N","0","","0","0","2","3","2","","2204","0","2","0","0","0","0","0","3","0","2","N","","","","","","","","","","","","03","  ","","",""
"1818","1","0","0","0","0","0","0","0","0","1","0","","36","03","2016","2016024235","3","40.0876","-76.3807","1814","08","0","0","0","0","0","0","1","0","2","0","0","0","18","4","1","00","2","40 05:15.292","5","00","76 22:50.551","4","0","0","0","36214","0","0","0","N","0","0","0","4","36214","1","","1","01","N","N","0","","0","0","1","0","0","Y","1810","1","3","0","0","0","0","0","3","1","3","N","","","","","","","","","","","","03","  ","","",""
"1739","0","0","0","0","0","0","0","0","0","4","0","","36","02","2016","2016024236","4","40.0348","-76.5033","1738","08","0","0","0","0","0","1","0","0","1","0","0","0","17","1","0","01","1","40 02:05.449","6","00","76 30:11.780","9","0","0","0","36404","0","0","0","N","0","0","0","2","36404","0","","1","09","N","N","1","","0","0","1","3","3","N","1736","0","2","0","0","0","0","1","3","0","2","N","","","","","","","","","","","","07","  ","","",""
"1940","2","0","0","0","0","0","0","0","0","4","0","","36","02","2016","2016024239","2","40.0354","-76.2913","1917","08","0","1","0","0","0","0","0","0","","0","0","0","19","3","0","01","0","40 02:07.274","","00","76 17:28.806","0","0","0","0","36301","0","0","0","N","0","0","0","2","36301","0","","1","01","N","N","0","","0","0","0","0","0","","1917","0","2","0","0","1","0","0","3","0","2","N","","","","","","","","","","","","03","  ","","",""
"2116","6","0","0","0","0","0","0","0","0","1","0","","36","03","2016","2016024244","3","40.0375","-76.3171","2115","08","0","0","0","0","0","1","0","1","3","0","0","0","21","3","2","00","2","40 02:14.921","3","00","76 19:01.503","8","0","0","0","36301","0","0","0","N","0","0","0","4","36301","0","","1","01","N","N","0","","0","0","0","0","0","Y","2112","2","6","0","0","0","2","0","3","0","6","N","","","","","","","","","","","","03","  ","","",""
"0536","0","0","0","0","0","0","0","0","0","8","0","","36","03","2016","2016024265","3","40.0255","-76.3297","0535","08","0","0","0","0","0","0","0","0","","0","0","0","05","2","1","00","0","40 01:31.668","","00","76 19:46.897","4","0","0","0","36220","1","0","0","N","1","0","0","2","36101","1","","1","01","N","N","0","","0","0","0","0","0","","0532","1","2","0","0","0","0","0","3","1","1","N","","","","","","","","","","","","03","  ","","",""
"0426","0","0","0","0","0","0","0","0","0","7","0","","36","02","2016","2016024322","1","40.112","-76.5124","0424","08","0","0","0","0","0","0","0","0","2","0","0","0","04","3","0","00","1","40 06:43.115","6","00","76 30:44.605","0","0","0","0","36413","0","0","0","N","0","0","0","1","36413","0","","4","01","N","N","0","","0","0","1","0","0","Y","0422","0","1","0","0","0","0","0","2","0","1","N","","","","","","","","","","","","03","  ","","",""
"1522","2","0","0","0","0","0","0","0","0","4","0","","36","02","2016","2016024367","2","40.1288","-76.3118","1518","08","0","1","0","0","0","1","0","0","1","0","0","0","15","1","0","02","1","40 07:43.528","6","00","76 18:42.390","0","0","0","0","36235","0","0","0","N","0","0","0","2","36506","0","","1","01","N","N","0","","0","0","0","0","0","Y","1518","0","2","0","0","0","0","0","1","0","2","N","","","","","","","","","","","","03","  ","","",""
"0754","0","0","0","0","0","0","0","0","0","7","0","","36","02","2016","2016024394","1","40.0893","-76.1781","0750","08","0","0","0","0","0","0","0","1","","0","0","0","07","1","0","00","0","40 05:21.659","","00","76 10:40.996","9","0","0","0","36234","0","0","0","N","0","0","0","1","36215","0","","2","01","N","N","1","","0","0","0","0","0","","0747","0","1","0","0","0","0","1","1","0","1","N","","","","","","","","","","","","03","  ","","",""
"2237","0","0","0","0","0","0","0","0","0","1","1","","36","02","2016","2016024484","1","40.2202","-76.0871","2228","08","0","0","0","0","0","0","0","0","2","0","1","0","22","2","1","00","1","40 13:13.455","4","00","76 05:15.777","3","0","0","0","36210","0","0","0","","0","0","0","2","68T06","0","","1","01","N","N","0","","1","0","0","0","0","N","2227","1","2","0","0","1","0","0","1","1","2","N","","","","","","","","","","","","03","  ","","",""
"1732","1","0","0","0","0","0","0","0","0","1","0","","36","03","2016","2016024528","4","40.1612","-76.603","1723","08","0","0","0","0","0","0","0","0","1","0","0","0","17","1","1","00","1","40 09:40.300","2","00","76 36:10.700","8","0","0","0","36407","0","0","0","N","0","0","0","1","36407","0","","6","01","N","N","0","","0","0","0","0","0","N","1720","1","2","0","0","0","1","0","2","1","2","N","","","","","","","","","","","","03","  ","","",""
"1255","2","0","0","0","0","0","0","0","0","4","0","","36","02","2016","2016024540","1","39.9652","-76.3017","1245","08","0","0","0","0","0","0","0","0","1","0","0","0","12","1","1","01","2","39 57:54.787","7","00","76 18:06.236","8","0","0","0","36228","0","0","0","N","0","0","0","5","36503","0","","1","01","N","N","0","","0","0","0","3","3","N","1244","1","2","0","0","1","1","3","1","0","2","N","","","","","","","","","","","","03","  ","","",""
"1350","1","0","0","0","0","0","0","0","0","7","0","","36","02","2016","2016024556","1","40.0644","-76.5198","1347","08","0","0","0","0","0","0","0","0","3","0","0","0","13","1","0","00","2","40 03:51.683","7","00","76 31:11.400","0","0","0","0","36211","0","0","0","N","0","0","0","1","36504","0","","2","07","N","N","0","","0","0","0","0","0","Y","1345","0","1","0","0","0","0","0","1","0","1","N","","","","","","","","","","","","03","  ","","",""
"1531","2","0","0","0","0","0","0","0","0","1","0","45","36","03","2016","2016024640","3","39.8918","-76.1445","1524","08","0","0","0","0","0","0","0","0","2","0","0","0","15","1","0","00","1","39 53:30.300","2","00","76 08:40.208","0","0","0","0","36216","0","0","0","","0","0","0","2","68J01","0","","1","01","N","N","0","","0","0","0","3","8","N","1522","0","2","0","0","0","0","0","1","0","2","Y","2","3","Y","N","Y","N","N","N","N","N","","03","  ","","",""
"0122","0","0","0","0","0","0","0","0","0","5","1","","36","02","2016","2016024660","6","39.8831","-76.2771","0113","08","0","0","0","0","0","1","0","0","1","0","0","0","01","2","0","00","1","39 52:59.223","6","00","76 16:37.409","0","0","0","0","36224","0","0","0","","0","0","0","1","68J01","0","","4","01","Y","N","1","","0","0","0","0","0","N","0112","0","2","0","0","1","0","0","1","1","2","N","","","","","","","","","","","","03","  ","","",""
"0625","1","0","0","0","0","0","0","0","0","7","0","","36","03","2016","2016024682","5","40.0753","-76.3162","0615","08","0","0","0","0","0","1","0","0","4","0","0","0","06","1","1","00","2","40 04:30.900","6","00","76 18:58.300","8","0","0","0","36101","0","0","0","N","0","0","0","1","36101","0","","4","01","N","N","0","","0","0","0","0","0","N","0615","1","1","0","0","0","1","0","3","0","1","N","","","","","","","","","","","","03","  ","","",""
"1730","1","0","0","0","0","0","0","0","0","1","0","","36","03","2016","2016024691","4","40.0705","-76.3188","1718","08","0","0","0","0","0","1","0","0","","0","0","0","17","1","0","00","0","40 04:13.890","","00","76 19:07.800","0","0","0","0","36301","0","0","0","N","0","0","0","4","36301","0","","1","01","N","N","0","","0","0","1","0","0","","1718","0","2","0","0","0","0","0","3","0","2","N","","","","","","","","","","","","03","  ","","",""
"1740","0","0","0","0","0","0","0","0","0","4","0","","36","03","2016","2016024696","4","40.0405","-76.2477","1734","08","0","0","0","0","0","0","0","0","2","0","0","0","17","1","0","00","2","40 02:25.694","3","00","76 14:51.661","0","0","0","0","36215","0","0","0","N","0","0","0","5","36215","0","","1","01","N","N","0","","0","0","1","0","0","N","1732","0","2","0","0","0","0","0","1","1","2","N","","","","","","","","","","","","03","  ","","",""
"1041","2","0","0","0","0","0","0","0","0","4","0","","36","02","2016","2016024700","1","40.0393","-76.3081","1038","08","0","0","0","0","0","0","0","0","1","0","0","0","10","1","2","01","1","40 02:21.538","2","00","76 18:29.063","8","0","0","0","36301","0","0","0","N","0","0","0","5","36301","0","","1","01","N","N","0","","0","0","0","3","2","N","1038","2","2","0","0","0","2","1","3","0","2","N","","","","","","","","","","","","03","  ","","",""
"2330","1","0","0","0","0","0","0","0","0","7","0","","36","02","2016","2016024712","4","40.1311","-76.2507","2325","08","0","0","0","0","0","0","0","0","1","0","0","0","23","2","0","00","1","40 07:51.952","2","00","76 15:02.520","0","0","0","0","36235","0","0","0","N","0","0","0","1","36506","0","","4","02","N","N","0","","0","0","0","0","0","Y","2325","0","1","0","0","0","0","0","1","0","1","N","","","","","","","","","","","","10","  ","","",""
"1220","1","0","0","0","0","0","0","0","0","4","0","","36","03","2016","2016024750","5","40.0792","-76.3465","1212","08","0","0","0","0","0","1","0","0","3","0","0","0","12","1","1","02","1","40 04:44.998","3","02","76 20:47.326","4","0","0","0","36101","0","0","0","N","0","0","0","2","36101","1","","1","09","N","N","0","","0","0","1","3","3","N","1210","1","2","0","0","0","0","0","3","0","2","N","","","","","","","","","","","","03","  ","","",""
"1407","1","0","0","0","0","0","0","0","0","4","0","","36","03","2016","2016024775","5","40.1088","-76.0088","1403","08","0","0","0","0","0","0","0","1","2","0","0","0","14","1","0","00","2","40 06:31.800","1","07","76 00:31.600","0","0","0","0","36213","0","0","0","N","0","0","0","2","36213","0","","1","01","N","N","0","","0","0","1","3","3","N","1401","0","2","0","0","0","0","0","1","0","2","N","","","","","","","","","","","","03","  ","","",""
"2012","1","0","0","0","0","0","0","0","0","7","0","","36","03","2016","2016024879","4","40.1828","-76.6117","1957","08","0","0","0","0","0","0","0","0","","0","0","0","18","2","0","00","0","40 10:58.000","","00","76 36:42.100","0","0","0","0","36225","0","0","0","N","0","0","0","1","36505","0","","4","01","N","N","0","","0","0","0","0","0","","1855","0","1","0","0","0","0","0","2","0","1","N","","","","","","","","","","","","03","  ","","",""
"1533","0","0","0","0","0","0","0","0","0","7","0","","36","02","2016","2016024890","3","39.927","-76.0641","1516","08","0","0","0","0","0","0","0","0","","0","0","0","14","1","1","00","0","39 55:37.190","","00","76 03:50.642","3","0","0","0","36201","0","0","0","","0","0","0","1","68J01","0","","4","09","N","N","1","","1","0","0","0","0","","1453","1","1","0","0","0","0","0","1","0","1","N","","","","","","","","","","","","10","  ","","",""
"1802","0","0","0","0","0","0","0","0","0","7","0","","36","03","2016","2016024957","5","40.0209","-76.4909","1737","08","0","0","0","0","0","0","0","0","3","0","0","0","17","4","0","00","2","40 01:15.170","5","00","76 29:27.064","0","0","0","0","36239","0","0","0","N","0","0","0","1","36239","0","","2","01","N","N","0","","0","0","1","0","0","Y","1735","0","1","0","0","0","0","0","3","0","1","N","","","","","","","","","","","","03","  ","","",""
"2146","1","0","0","0","0","0","0","0","0","7","0","","36","03","2016","2016024961","5","40.1713","-76.1241","2139","08","0","0","0","0","0","0","0","0","","0","0","0","21","2","0","00","0","40 10:16.638","","00","76 07:26.935","0","0","0","0","36218","0","0","0","N","0","0","0","1","36408","0","","4","02","N","N","0","","0","0","0","0","0","","2138","0","1","0","0","0","0","0","1","0","1","N","","","","","","","","","","","","10","  ","","",""
"0020","1","0","0","0","0","0","0","0","0","0","0","","36","02","2016","2016025025","6","40.2144","-76.0633","2347","08","0","0","0","0","0","0","0","0","3","0","0","0","23","2","0","00","2","40 12:51.870","6","00","76 03:47.990","0","0","0","0","36202","0","0","0","","0","0","0","2","68J01","0","","4","07","N","N","0","","0","0","0","0","0","Y","2342","0","1","0","0","0","0","0","1","0","1","N","","","","","","","","","","","","10","  ","","",""
"1856","1","0","0","0","0","0","0","0","0","7","0","","36","02","2016","2016025026","5","39.8527","-76.1239","1846","08","0","0","0","0","0","1","0","0","","0","0","0","18","2","1","00","0","39 51:09.580","","00","76 07:26.040","3","0","0","0","36212","0","0","0","","0","0","0","1","68J01","0","","4","01","N","N","0","","1","0","0","0","0","","1843","1","1","0","0","0","0","0","1","0","1","N","","","","","","","","","","","","03","  ","","",""