"ARRIVAL_TM","AUTOMOBILE_COUNT","BELTED_DEATH_COUNT","BELTED_SUSP_SERIOUS_INJ_COUNT","BICYCLE_COUNT","BICYCLE_DEATH_COUNT","BICYCLE_SUSP_SERIOUS_INJ_COUNT","BUS_COUNT","CHLDPAS_DEATH_COUNT","CHLDPAS_SUSP_SERIOUS_INJ_COUNT","COLLISION_TYPE","COMM_VEH_COUNT","CONS_ZONE_SPD_LIM","COUNTY","CRASH_MONTH","CRASH_YEAR","CRN","DAY_OF_WEEK","DEC_LAT","DEC_LONG","DISPATCH_TM","DISTRICT","DRIVER_COUNT_16YR","DRIVER_COUNT_17YR","DRIVER_COUNT_18YR","DRIVER_COUNT_19YR","DRIVER_COUNT_20YR","DRIVER_COUNT_50_64YR","DRIVER_COUNT_65_74YR","DRIVER_COUNT_75PLUS","EST_HRS_CLOSED","FATAL_COUNT","HEAVY_TRUCK_COUNT","HORSE_BUGGY_COUNT","HOUR_OF_DAY","ILLUMINATION","INJURY_COUNT","INTERSECT_TYPE","LANE_CLOSED","LATITUDE","LN_CLOSE_DIR","LOCATION_TYPE","LONGITUDE","MAX_SEVERITY_LEVEL","MCYCLE_DEATH_COUNT","MCYCLE_SUSP_SERIOUS_INJ_COUNT","MOTORCYCLE_COUNT","MUNICIPALITY","NONMOTR_COUNT","NONMOTR_DEATH_COUNT","NONMOTR_SUSP_SERIOUS_INJ_COUNT","NTFY_HIWY_MAINT","PED_COUNT","PED_DEATH_COUNT","PED_SUSP_SERIOUS_INJ_COUNT","PERSON_COUNT","POLICE_AGCY","POSSIBLE_INJ_COUNT","RDWY_SURF_TYPE_CD","RELATION_TO_ROAD","ROAD_CONDITION","SCH_BUS_IND","SCH_ZONE_IND","SMALL_TRUCK_COUNT","SPEC_JURIS_CD","SUSP_MINOR_INJ_COUNT","SUSP_SERIOUS_INJ_COUNT","SUV_COUNT","TCD_FUNC_CD","TCD_TYPE","TFC_DETOUR_IND","TIME_OF_DAY","TOT_INJ_COUNT","TOTAL_UNITS","UNB_DEATH_COUNT","UNB_SUSP_SERIOUS_INJ_COUNT","UNBELTED_OCC_COUNT","UNK_INJ_DEG_COUNT","UNK_INJ_PER_COUNT","URBAN_RURAL","VAN_COUNT","VEHICLE_COUNT","WORK_ZONE_IND","WORK_ZONE_LOC","WORK_ZONE_TYPE","WORKERS_PRES","WZ_CLOSE_DETOUR","WZ_FLAGGER","WZ_LAW_OFFCR_IND","WZ_LN_CLOSURE","WZ_MOVING","WZ_OTHER","WZ_SHLDER_MDN","ROADWAY_CLEARED","WEATHER1","WEATHER2","WZ_WORKERS_INJ_KILLED","SECONDARY_CRASH","INTERSECTION_RELATED"
"1945","0","0","0","0","0","0","0","0","0","7","0","","36","02","2016","2016025027","6","40.2467","-76.3413","1930","08","0","0","0","0","0","0","0","0","2","0","0","0","19","2","1","00","2","40 14:48.154","4","00","76 20:28.576","3","0","0","0","36217","0","0","0","","0","0","0","2","68J01","0","","4","02","N","N","1","","1","0","0","0","0","N","1929","1","1","0","0","0","0","0","1","0","1","N","","","","","","","","","","","","03","  ","","",""
"0653","1","0","0","0","0","0","0","0","0","7","0","","36","03","2016","2016025060","6","40.1705","-76.0508","0638","08","0","0","0","0","0","0","0","0","","0","0","0","06","1","0","00","0","40 10:13.944","","00","76 03:02.721","0","0","0","0","36213","0","0","0","N","0","0","0","1","36213","0","","4","02","N","N","0","","0","0","0","0","0","","0635","0","1","0","0","0","0","0","1","0","1","N","","","","","","","","","","","","10","  ","","",""
"0701","0","0","0","0","0","0","0","0","0","1","0","","36","03","2016","2016025064","6","40.0791","-76.385","0653","08","0","0","0","0","0","1","0","0","","0","0","0","06","1","0","00","0","40 04:44.735","","00","76 23:05.840","0","0","0","0","36214","0","0","0","N","0","0","0","2","36214","0","","1","02","N","N","0","","0","0","2","0","0","","0650","0","2","0","0","0","0","0","3","0","2","N","","","","","","","","","","","","10","  ","","",""
"0806","1","0","0","0","0","0","0","0","0","7","0","","36","03","2016","2016025071","6","40.0615","-76.3538","0758","08","0","0","0","0","0","0","0","0","","0","0","0","07","1","0","00","0","40 03:41.300","","00","76 21:13.800","0","0","0","0","36214","0","0","0","N","0","0","0","1","36214","0","","2","02","N","N","0","","0","0","0","0","0","","0758","0","1","0","0","0","0","0","3","0","1","N","","","","","","","","","","","","10","  ","","",""
"0741","1","0","0","0","0","0","0","0","0","7","0","","36","03","2016","2016025076","6","40.0818","-76.3552","0735","08","0","0","0","0","0","0","0","0","2","0","0","0","07","1","0","00","1","40 04:54.553","4","00","76 21:18.702","0","0","0","0","36214","0","0","0","Y","0","0","0","1","36214","0","","2","09","N","N","0","","0","0","0","0","0","Y","0730","0","1","0","0","0","0","0","3","0","1","N","","","","","","","","","","","","10","  ","","",""
"0832","2","0","0","0","0","0","0","0","0","1","0","","36","03","2016","2016025090","6","40.0491","-76.3939","0824","08","0","0","0","0","0","0","1","0","2","0","0","0","08","1","0","00","1","40 02:56.927","2","00","76 23:37.931","0","0","0","0","36214","0","0","0","N","0","0","0","3","36214","0","","1","09","N","N","0","","0","0","1","0","0","N","0822","0","3","0","0","0","0","0","3","0","3","N","","","","","","","","","","","","03","  ","","",""
"0942","1","0","0","0","0","0","0","0","0","4","0","","36","03","2016","2016025099","6","40.0419","-76.283","0934","08","0","0","0","0","0","0","0","0","2","0","0","0","08","1","0","02","2","40 02:30.811","6","00","76 16:58.847","0","0","0","0","36220","0","0","0","N","0","0","0","2","36101","0","","1","01","N","N","0","","0","0","1","3","2","Y","0857","0","2","0","0","0","0","0","3","0","2","N","","","","","","","","","","","","03","  ","","",""
"0635","11","0","0","0","0","0","0","0","0","1","2","","36","03","2016","2016025102","6","40.0708","-76.3221","0631","08","0","0","0","1","0","5","0","0","3","0","2","0","06","5","2","00","2","40 04:14.886","3","00","76 19:19.463","8","0","0","0","36101","0","0","0","Y","0","0","0","16","36101","0","","1","02","N","N","1","","0","0","0","0","0","Y","0627","2","14","0","0","0","2","0","3","0","14","N","","","","","","","","","","","","03","  ","","",""
"0633","1","0","0","0","0","0","0","0","0","4","0","","36","03","2016","2016025110","6","40.132","-76.2134","0624","08","0","0","0","0","0","0","0","0","2","0","0","0","06","5","0","06","1","40 08:02.583","1","08","76 12:40.094","0","0","0","0","36238","0","0","0","N","0","0","0","2","36238","0","","1","02","N","N","1","","0","0","0","3","4","N","0621","0","2","0","0","0","0","0","3","0","2","N","","","","","","","","","","","","10","  ","","",""
"0715","0","0","0","0","0","0","0","0","0","7","0","","36","03","2016","2016025146","6","40.1288","-76.2168","0713","08","0","0","0","0","0","0","0","0","","0","0","0","07","1","0","00","0","40 07:43.592","","00","76 13:00.511","0","0","0","0","36238","0","0","0","N","0","0","0","1","36238","0","","4","02","N","N","1","","0","0","0","0","0","","0712","0","1","0","0","0","0","0","3","0","1","N","","","","","","","","","","","","10","  ","","",""
"1240","2","0","0","0","0","0","0","0","0","5","0","","36","03","2016","2016025185","6","40.0379","-76.3035","1240","08","0","0","0","0","1","0","0","0","","0","0","0","12","1","1","00","0","40 02:16.577","","07","76 18:12.701","8","0","0","0","36301","1","0","0","N","1","0","0","7","36301","0","","1","01","N","N","0","","0","0","0","0","0","","1205","1","3","0","0","0","1","0","3","0","2","N","","","","","","","","","","","","03","  ","","",""
"0746","1","0","0","0","0","0","0","0","0","7","0","","36","03","2016","2016025266","5","40.2421","-76.2442","0739","08","0","0","0","0","0","0","0","0","","0","0","0","07","1","0","00","0","40 14:31.305","","00","76 14:40.318","0","0","0","0","36204","0","0","0","","0","0","0","1","68T06","0","","1","01","N","N","0","","0","0","0","0","0","","0739","0","1","0","0","0","0","0","1","0","1","N","","","","","","","","","","","","03","  ","","",""
"1739","3","0","0","0","0","0","0","0","0","1","0","","36","03","2016","2016025275","6","40.256","-76.0887","1734","08","0","0","0","0","0","0","0","0","1","0","0","0","17","1","1","02","1","40 15:21.654","1","00","76 05:19.358","4","0","0","0","36210","0","0","0","N","0","0","0","3","36210","1","","1","01","N","N","0","","0","0","0","0","0","N","1733","1","3","0","0","0","0","0","1","0","3","N","","","","","","","","","","","","03","  ","","",""
"2006","0","0","0","0","0","0","0","0","0","4","0","","36","02","2016","2016025325","2","40.1051","-76.3322","2002","08","0","0","0","0","0","2","0","0","1","0","0","0","19","3","3","01","1","40 06:18.479","3","00","76 19:55.791","4","0","0","0","36101","0","0","0","N","0","0","0","4","36101","3","","1","01","N","N","0","","0","0","2","3","2","N","1953","3","2","0","0","0","0","0","3","0","2","N","","","","","","","","","","","","03","  ","","",""
"2222","2","0","0","0","0","0","0","0","0","5","0","","36","03","2016","2016025335","6","40.0409","-76.2931","2158","08","0","0","0","0","0","0","0","0","","0","0","0","21","3","0","00","0","40 02:27.098","","00","76 17:35.326","0","0","0","0","36301","0","0","0","N","0","0","0","1","36301","0","","6","01","N","N","0","","0","0","0","0","0","","2153","0","2","0","0","0","0","0","3","0","2","N","","","","","","","","","","","","03","  ","","",""
"1921","0","0","0","0","0","0","0","0","0","1","0","","36","03","2016","2016025337","6","40.0871","-76.3389","1920","08","0","0","0","0","0","0","0","0","","0","0","0","19","3","1","02","0","40 05:13.628","","00","76 20:20.151","4","0","0","0","36101","0","0","0","N","0","0","0","3","36101","1","","1","01","N","N","0","","0","0","2","0","0","","1917","1","2","0","0","0","0","0","3","0","2","N","","","","","","","","","","","","03","  ","","",""
"0525","1","0","0","0","0","0","0","0","0","7","0","","36","03","2016","2016025339","4","40.1237","-76.2139","0520","08","0","0","0","0","0","0","0","0","2","0","0","0","05","2","1","02","1","40 07:25.263","3","00","76 12:49.889","2","0","0","0","36238","0","0","0","N","0","0","0","1","36238","0","","4","01","N","N","0","","0","1","0","0","0","Y","0520","1","1","0","1","1","0","0","3","0","1","N","","","","","","","","","","","","03","  ","","",""
"1741","0","0","0","0","0","0","0","0","0","7","0","","36","02","2016","2016025364","2","39.8773","-76.2187","1732","08","0","0","0","0","0","0","0","0","4","0","0","0","17","1","1","00","1","39 52:38.147","7","00","76 13:07.172","3","0","0","0","36212","0","0","0","","0","0","0","2","68J01","0","","4","01","N","N","1","","1","0","0","0","0","Y","1731","1","1","0","0","0","0","0","1","0","1","N","","","","","","","","","","","","03","  ","","",""
"1733","3","0","0","0","0","0","0","0","0","1","0","","36","02","2016","2016025381","1","40.0258","-76.3628","1729","08","0","0","0","0","1","0","0","1","2","0","0","0","17","4","1","00","1","40 01:32.856","4","07","76 21:46.109","4","0","0","0","36223","0","0","0","N","0","0","0","3","36223","1","","1","01","N","N","0","","0","0","0","0","0","N","1724","1","3","0","0","0","0","0","1","0","3","N","","","","","","","","","","","","03","  ","","",""
"1611","2","0","0","0","0","0","0","0","0","4","0","","36","02","2016","2016025401","2","40.0378","-76.2707","1603","08","0","0","0","0","0","0","0","0","2","0","0","0","16","1","0","03","2","40 02:16.130","3","00","76 16:14.619","0","0","0","0","36215","0","0","0","N","0","0","0","4","36215","0","","1","01","N","N","0","","0","0","0","3","2","Y","1602","0","2","0","0","0","0","0","1","0","2","N","","","","","","","","","","","","03","  ","","",""
"0721","0","0","0","0","0","0","0","0","0","7","0","","36","03","2016","2016025407","7","40.053","-76.3848","0721","08","0","0","0","0","0","0","0","0","","0","0","0","04","2","0","00","0","40 03:10.631","","00","76 23:05.184","0","0","0","0","36214","0","0","0","Y","0","0","0","1","36214","0","","2","01","N","N","0","","0","0","1","0","0","","0400","0","1","0","0","0","0","0","3","0","1","N","","","","","","","","","","","","03","  ","","",""
"1227","2","0","0","0","0","0","0","0","0","4","0","","36","02","2016","2016025408","4","40.1412","-76.5671","1223","08","0","0","0","0","1","0","1","0","","0","0","0","12","1","2","01","0","40 08:28.280","","00","76 34:01.394","8","0","0","0","36225","0","0","0","N","0","0","0","3","36505","0","","1","09","N","N","0","","0","0","0","3","3","","1220","2","2","0","0","1","2","0","2","0","2","N","","","","","","","","","","","","07","  ","","",""
"1835","0","0","0","0","0","0","0","0","0","4","0","","36","03","2016","2016025510","6","39.9829","-76.2827","1829","08","1","0","0","0","0","0","0","0","2","0","0","0","18","2","2","00","1","39 58:58.496","2","07","76 16:57.601","8","0","0","0","36240","0","0","0","N","0","0","0","2","36240","0","","1","01","N","N","1","","0","0","0","0","0","N","1829","2","2","0","0","0","2","0","1","1","2","N","","","","","","","","","","","","03","  ","","",""
"2015","1","0","0","0","0","0","0","0","0","1","0","","36","03","2016","2016025529","7","40.2298","-76.0827","2015","08","0","0","1","0","0","0","0","0","","0","0","0","20","3","1","00","0","40 13:47.245","","07","76 04:57.872","4","0","0","0","36210","0","0","0","N","0","0","0","3","36210","1","","1","01","N","N","0","","0","0","1","0","0","","2014","1","2","0","0","0","0","0","1","0","2","N","","","","","","","","","","","","03","  ","","",""
"0919","1","0","0","0","0","0","0","0","0","6","0","","36","03","2016","2016025560","7","40.0255","-76.3182","0902","08","0","0","0","0","0","1","0","0","","0","0","0","09","1","0","00","0","40 01:31.629","","00","76 19:05.436","0","0","0","0","36301","0","0","0","N","0","0","0","2","36301","0","","1","01","N","N","0","","0","0","0","0","0","","0902","0","2","0","0","0","0","0","3","1","2","N","","","","","","","","","","","","03","  ","","",""
"0713","1","0","0","0","0","0","0","0","0","7","0","","36","03","2016","2016025566","1","40.0613","-76.3521","0709","08","0","0","0","0","0","1","0","0","","0","0","0","07","1","0","00","0","40 03:40.601","","00","76 21:07.657","0","0","0","0","36214","0","0","0","N","0","0","0","1","36214","0","","3","01","N","N","0","","0","0","0","0","0","","0705","0","1","0","0","0","0","0","3","0","1","N","","","","","","","","","","","","03","  ","","",""
"1342","0","0","0","0","0","0","0","0","0","5","0","","36","02","2016","2016025571","5","39.8951","-76.1702","1341","08","0","0","0","0","0","0","0","0","1","0","0","1","13","1","1","00","1","39 53:42.376","3","00","76 10:12.677","4","0","0","0","36416","1","0","0","N","0","0","0","2","36416","1","","1","01","N","N","1","","0","0","0","0","0","N","1339","1","2","0","0","0","0","0","1","0","1","N","","","","","","","","","","","","03","  ","","",""
"1456","0","0","0","0","0","0","0","0","0","1","0","","36","03","2016","2016025595","3","40.1298","-76.2166","1448","08","0","0","0","0","0","2","0","0","","0","0","0","14","1","0","01","0","40 07:47.418","","00","76 12:59.629","0","0","0","0","36238","0","0","0","N","0","0","0","2","36238","0","","1","01","N","N","1","","0","0","0","3","2","","1445","0","2","0","0","0","0","0","3","1","2","N","","","","","","","","","","","","03","  ","","",""
"0845","0","0","0","0","0","0","0","0","0","7","0","","36","03","2016","2016025596","3","40.2865","-76.1739","0835","08","0","0","0","0","0","0","0","0","","0","0","0","08","1","0","00","0","40 17:11.449","","00","76 10:25.999","0","0","0","0","36236","0","0","0","N","0","0","0","1","36408","0","","4","01","N","N","0","","0","0","1","0","0","","0830","0","1","0","0","1","0","0","1","0","1","N","","","","","","","","","","","","03","  ","","",""
"1121","1","0","0","0","0","0","0","0","0","1","0","","36","03","2016","2016025599","1","40.0388","-76.3303","1117","08","0","0","0","0","0","2","0","0","3","0","0","0","11","1","2","02","2","40 02:19.591","7","00","76 19:49.258","3","0","0","0","36220","0","0","0","N","0","0","0","5","36101","0","","1","01","N","N","0","","2","0","1","3","2","Y","1117","2","3","0","0","0","0","0","3","1","3","N","","","","","","","","","","","","03","  ","","",""
"0956","0","0","0","0","0","0","0","0","0","6","0","","36","02","2016","2016025608","2","40.125","-76.3248","0948","08","0","0","0","0","0","0","0","0","1","0","0","0","09","1","0","00","2","40 07:29.900","5","00","76 19:29.200","0","0","0","0","36101","0","0","0","N","0","0","0","3","36101","0","","1","01","N","N","0","","0","0","1","0","0","Y","0946","0","2","0","0","0","0","0","3","1","2","N","","","","","","","","","","","","03","  ","","",""
"1657","2","0","0","0","0","0","0","0","0","1","0","","36","02","2016","2016025617","2","40.0629","-76.3387","1651","08","0","0","0","0","0","1","0","0","","0","0","0","16","1","0","00","0","40 03:46.462","","00","76 20:19.172","0","0","0","0","36101","0","0","0","N","0","0","0","3","36101","0","","1","01","N","N","0","","0","0","0","0","0","","1649","0","2","0","0","0","0","0","3","0","2","N","","","","","","","","","","","","03","  ","","",""
"2046","1","0","0","0","0","0","0","0","0","7","0","","36","02","2016","2016025680","1","40.2317","-76.1259","2040","08","0","0","1","0","0","1","0","0","2","0","0","0","20","2","2","00","1","40 13:54.011","4","00","76 07:33.332","8","0","0","0","36405","0","0","0","","0","0","0","4","68T06","0","","3","01","N","N","0","","0","0","1","0","0","N","2040","2","2","0","0","0","2","1","1","0","2","N","","","","","","","","","","","","03","  ","","",""
"1526","0","0","0","0","0","0","0","0","0","7","0","","36","03","2016","2016025689","1","40.1075","-76.4196","1436","08","0","0","0","0","0","0","0","0","","0","0","0","14","1","0","00","0","40 06:26.992","","00","76 25:10.732","0","0","0","0","36214","0","0","0","N","0","0","0","1","36214","0","","4","01","N","N","0","","0","0","1","0","0","","1435","0","1","0","0","0","0","0","3","0","1","N","","","","","","","","","","","","03","  ","","",""
"2011","0","0","0","0","0","0","0","0","0","1","0","","36","02","2016","2016025690","3","40.0254","-76.3631","2007","08","0","0","0","0","0","0","0","1","","0","0","0","20","2","1","02","0","40 01:31.600","","00","76 21:47.119","4","0","0","0","36223","0","0","0","N","0","0","0","3","36223","1","","1","01","N","N","0","","0","0","2","0","0","","2005","1","2","0","0","0","0","0","1","0","2","N","","","","","","","","","","","","03","  ","","",""
"1507","1","0","0","0","0","0","0","0","0","1","0","","36","03","2016","2016025732","1","40.1073","-76.4203","1507","08","0","0","0","0","0","1","0","0","","0","0","0","15","1","3","02","0","40 06:26.222","","00","76 25:13.008","3","0","0","0","36214","0","0","0","N","0","0","0","4","36214","2","","1","01","N","N","0","","1","0","1","0","0","","1507","3","2","0","0","0","0","0","3","0","2","N","","","","","","","","","","","","03","  ","","",""
"1854","1","0","0","0","0","0","0","0","0","8","0","","36","03","2016","2016025737","6","40.0337","-76.5046","1853","08","0","0","0","0","0","0","1","0","1","0","0","0","18","3","1","00","2","40 02:01.300","5","00","76 30:16.700","8","0","0","0","36404","1","0","0","N","1","0","0","3","36404","0","","1","01","N","N","0","","0","0","0","0","0","Y","1852","1","2","0","0","0","1","0","3","0","1","N","","","","","","","","","","","","03","  ","","",""
"1720","1","0","0","0","0","0","0","0","0","6","0","","36","02","2016","2016025784","2","40.1753","-76.228","1716","08","0","0","0","0","0","0","0","0","","0","0","0","17","1","0","00","0","40 10:31.210","","00","76 13:40.817","0","0","0","0","36218","0","0","0","N","0","0","0","4","36408","0","","1","01","N","N","0","","0","0","1","0","0","","1714","0","2","0","0","0","0","0","1","0","2","N","","","","","","","","","","","","03","  ","","",""
"2023","1","0","0","0","0","0","0","0","0","7","0","","36","03","2016","2016025808","3","40.044","-76.4297","2016","08","0","0","1","0","0","0","0","0","2","0","0","0","20","2","1","00","1","40 02:38.503","3","00","76 25:47.009","8","0","0","0","36239","0","0","0","N","0","0","0","1","36239","0","","4","01","N","N","0","","0","0","0","0","0","N","2016","1","1","0","0","0","1","0","3","0","1","N","","","","","","","","","","","","03","  ","","",""
"0317","1","0","0","0","0","0","0","0","0","7","0","","36","03","2016","2016025810","2","40.0393","-76.3616","0307","08","0","0","0","0","0","0","0","0","","0","0","0","03","3","0","00","0","40 02:21.307","","00","76 21:41.610","0","0","0","0","36223","0","0","0","N","0","0","0","1","36223","0","","4","01","N","N","0","","0","0","0","0","0","","0305","0","1","0","0","0","0","0","1","0","1","N","","","","","","","","","","","","03","  ","","",""
"2258","2","0","0","0","0","0","0","0","0","1","0","","36","03","2016","2016025812","1","40.0229","-76.2647","2255","08","0","0","2","0","0","1","0","0","2","0","0","0","22","3","3","01","1","40 01:22.402","5","00","76 15:52.862","8","0","0","0","36240","0","0","0","N","0","0","0","5","36240","0","","1","01","N","N","0","","0","0","0","3","2","Y","2252","3","3","0","0","1","3","0","1","1","3","N","","","","","","","","","","","","03","  ","","",""
"1336","1","0","0","0","0","0","0","0","0","4","0","","36","03","2016","2016025878","4","40.0297","-76.3189","1327","08","0","0","0","0","0","1","0","0","","0","0","0","13","1","1","01","0","40 01:46.992","","00","76 19:07.986","3","0","0","0","36301","0","0","0","N","0","0","0","3","36301","0","","1","01","N","N","0","","1","0","0","3","3","","1326","1","2","0","0","0","0","0","3","1","2","N","","","","","","","","","","","","03","  ","","",""
"0809","1","0","0","0","0","0","0","0","0","0","0","","36","03","2016","2016025899","2","40.1621","-76.2961","0807","08","0","0","0","0","0","1","0","0","","0","0","0","08","1","0","00","0","40 09:43.600","","00","76 17:45.800","0","0","0","0","36409","0","0","0","N","0","0","0","2","36409","0","","1","01","N","N","0","","0","0","1","0","0","","0805","0","2","0","0","0","0","0","3","0","2","N","","","","","","","","","","","","03","  ","","",""
"1058","1","0","0","0","0","0","0","0","0","9","0","","36","03","2016","2016025905","2","40.0826","-76.2915","1053","08","0","0","0","0","0","0","1","0","","0","0","0","10","1","1","00","0","40 04:57.293","","00","76 17:29.396","3","0","0","0","36101","0","0","0","N","0","0","0","1","36101","0","","1","01","N","N","0","","1","0","0","0","0","","1053","1","1","0","0","0","0","0","3","0","1","N","","","","","","","","","","","","03","  ","","",""
"0635","2","0","0","0","0","0","0","0","0","4","0","","36","03","2016","2016025911","5","40.0331","-76.3059","0631","08","0","0","0","1","0","1","0","0","2","0","0","0","06","1","0","01","2","40 01:59.199","3","00","76 18:21.096","0","0","0","0","36301","0","0","0","N","0","0","0","2","36301","0","","1","01","N","N","0","","0","0","0","0","0","Y","0625","0","2","0","0","0","0","0","3","0","2","N","","","","","","","","","","","","03","  ","","",""
"1359","2","0","0","0","0","0","0","0","0","4","0","","36","03","2016","2016025933","4","40.0358","-76.3142","1359","08","0","0","0","0","0","1","0","0","2","0","0","0","13","1","0","01","2","40 02:08.744","6","00","76 18:51.092","0","0","0","0","36301","0","0","0","N","0","0","0","1","36301","0","","4","01","N","N","0","","0","0","0","3","3","Y","1354","0","3","0","0","0","0","0","3","1","3","N","","","","","","","","","","","","03","  ","","",""
"0458","0","0","0","0","0","0","0","0","0","7","0","","36","03","2016","2016025937","5","40.1249","-76.342","0455","08","0","0","0","0","0","1","0","0","2","0","0","0","04","2","1","00","1","40 07:29.495","1","00","76 20:31.318","8","0","0","0","36101","0","0","0","Y","0","0","0","1","36101","0","","4","01","N","N","1","","0","0","0","0","0","N","0453","1","1","0","0","1","1","0","3","0","1","N","","","","","","","","","","","","03","  ","","",""
"1511","1","0","0","0","0","0","0","0","0","5","0","","36","03","2016","2016025951","2","40.0438","-76.3233","1511","08","0","0","0","0","0","0","1","0","","0","0","0","14","1","0","00","0","40 02:37.800","","00","76 19:24.000","0","0","0","0","36301","0","0","0","N","0","0","0","1","36301","0","","6","01","N","N","0","","0","0","0","0","0","","1436","0","2","0","0","0","0","0","3","1","2","N","","","","","","","","","","","","03","  ","","",""
"1746","0","0","0","0","0","0","0","0","0","7","0","","36","02","2016","2016026190","2","40.0044","-76.0368","1746","08","0","0","0","0","0","0","0","0","2","0","0","0","17","2","0","00","1","40 00:16.008","3","00","76 02:12.325","0","0","0","0","36232","0","0","0","","0","0","0","1","68J01","0","","4","06","N","N","0","","0","0","1","0","0","N","1746","0","1","0","0","0","0","0","1","0","1","N","","","","","","","","","","","","10","  ","","",""
"1731","0","0","0","0","0","0","0","0","0","7","0","","36","02","2016","2016026191","3","39.9786","-76.2257","1711","08","1","0","0","0","0","0","0","0","2","0","0","0","17","1","0","00","1","39 58:43.040","3","03","76 13:32.580","0","0","0","0","36233","0","0","0","","0","0","0","2","68J01","0","","5","09","N","N","0","","0","0","1","3","8","N","1705","0","1","0","0","0","0","0","1","0","1","N","","","","","","","","","","","","03","  ","","",""
"0515","1","0","0","0","0","0","0","0","0","9","0","","36","02","2016","2016026192","6","39.8239","-76.3172","0503","08","0","0","0","0","0","0","1","0","1","0","0","0","05","2","1","00","1","39 49:26.010","4","00","76 19:01.845","3","0","0","0","36224","0","0","0","","0","0","0","7","68J01","0","","1","01","N","N","0","","1","0","0","0","0","N","0501","1","2","0","0","0","0","0","1","1","2","N","","","","","","","","","","","","03","  ","","",""
"0752","0","0","0","0","0","0","0","0","0","1","2","","36","03","2016","2016026193","3","39.9935","-76.0299","0734","08","0","0","0","0","0","0","0","0","3","0","2","0","07","1","1","00","2","39 59:36.441","3","00","76 01:47.612","3","0","0","0","36232","0","0","0","","0","0","0","2","68J01","0","","1","01","N","N","0","","1","0","0","0","0","N","0730","1","2","0","0","0","0","0","1","0","2","N","","","","","","","","","","","","03","  ","","",""
"1710","1","0","0","0","0","0","0","0","0","1","0","","36","03","2016","2016026216","5","40.0528","-76.3967","1705","08","0","0","0","0","0","0","0","0","","0","0","0","17","1","0","02","0","40 03:10.172","","02","76 23:48.153","0","0","0","0","36214","0","0","0","N","0","0","0","2","36214","0","","1","01","N","N","1","","0","0","0","3","2","","1703","0","2","0","0","0","0","0","3","0","2","N","","","","","","","","","","","","03","  ","","",""
"2028","1","0","0","0","0","0","0","0","0","4","0","","36","03","2016","2016026325","2","40.1642","-76.1543","2025","08","0","0","0","0","1","0","0","0","","0","0","0","20","3","1","02","0","40 09:51.097","","07","76 09:15.344","4","0","0","0","36218","0","0","0","N","0","0","0","3","36408","1","","1","01","N","N","1","","0","0","0","3","2","","2024","1","2","0","0","1","0","0","1","0","2","N","","","","","","","","","","","","03","  ","","",""
"1311","0","0","0","0","0","0","0","0","0","7","0","","36","02","2016","2016026237","5","39.8538","-76.2206","1306","08","0","0","0","0","1","0","0","0","","0","0","0","13","1","0","00","0","39 51:13.684","","00","76 13:14.007","0","0","0","0","36212","0","0","0","","0","0","0","1","68J01","0","","5","01","N","N","1","","0","0","0","0","0","","1300","0","1","0","0","0","0","0","1","0","1","N","","","","","","","","","","","","03","  ","","",""
"1156","1","0","0","0","0","0","0","0","0","5","0","","36","02","2016","2016026238","3","39.9245","-76.2535","1149","08","0","0","0","0","0","1","0","0","","0","0","0","11","1","0","02","0","39 55:28.040","","00","76 15:12.768","0","0","0","0","36229","0","0","0","","0","0","0","2","68J01","0","","1","02","N","N","1","","0","0","0","0","0","","1149","0","2","0","0","0","0","0","1","0","2","N","","","","","","","","","","","","10","  ","","",""
"0507","0","0","0","0","0","0","0","0","0","4","0","","36","02","2016","2016026239","4","39.9506","-76.1865","0447","08","0","0","0","0","0","0","0","0","3","0","0","1","04","2","1","00","1","39 57:02.198","6","00","76 11:11.428","8","0","0","0","36233","1","0","0","","0","0","0","2","68J01","0","","1","07","N","N","1","","0","0","0","0","0","N","0446","1","2","0","0","0","1","0","1","0","1","N","","","","","","","","","","","","10","  ","","",""
"1941","0","0","0","0","0","0","0","0","0","7","0","","36","02","2016","2016026240","2","40.0292","-75.9676","1859","08","0","0","0","0","0","0","0","0","2","0","0","0","18","3","0","00","2","40 01:45.243","6","00","75 58:03.392","0","0","0","0","36232","0","0","0","","0","0","0","3","68J01","0","","2","02","N","N","0","","0","0","1","0","0","Y","1858","0","1","0","0","0","0","0","1","0","1","N","","","","","","","","","","","","10","  ","","",""
"2159","0","0","0","0","0","0","0","0","0","4","0","","36","02","2016","2016026241","5","39.9855","-76.0178","2150","08","0","0","0","0","0","0","1","0","3","0","0","0","21","3","1","01","1","39 59:07.866","7","00","76 01:04.009","8","0","0","0","36232","0","0","0","","0","0","0","2","68J01","0","","1","01","N","N","0","","0","0","1","3","2","N","2147","1","2","0","0","0","1","0","1","1","2","N","","","","","","","","","","","","03","  ","","",""
"1650","2","0","0","0","0","0","0","0","0","4","0","","36","02","2016","2016026242","7","39.9972","-76.0313","1646","08","1","0","0","0","0","1","0","0","","0","0","0","16","1","1","02","0","39 59:49.778","","00","76 01:52.654","3","0","0","0","36232","0","0","0","","0","0","0","3","68J01","0","","1","01","N","N","0","","1","0","0","3","3","","1646","1","2","0","0","0","0","0","1","0","2","N","","","","","","","","","","","","03","  ","","",""