"ARRIVAL_TM","AUTOMOBILE_COUNT","BELTED_DEATH_COUNT","BELTED_SUSP_SERIOUS_INJ_COUNT","BICYCLE_COUNT","BICYCLE_DEATH_COUNT","BICYCLE_SUSP_SERIOUS_INJ_COUNT","BUS_COUNT","CHLDPAS_DEATH_COUNT","CHLDPAS_SUSP_SERIOUS_INJ_COUNT","COLLISION_TYPE","COMM_VEH_COUNT","CONS_ZONE_SPD_LIM","COUNTY","CRASH_MONTH","CRASH_YEAR","CRN","DAY_OF_WEEK","DEC_LAT","DEC_LONG","DISPATCH_TM","DISTRICT","DRIVER_COUNT_16YR","DRIVER_COUNT_17YR","DRIVER_COUNT_18YR","DRIVER_COUNT_19YR","DRIVER_COUNT_20YR","DRIVER_COUNT_50_64YR","DRIVER_COUNT_65_74YR","DRIVER_COUNT_75PLUS","EST_HRS_CLOSED","FATAL_COUNT","HEAVY_TRUCK_COUNT","HORSE_BUGGY_COUNT","HOUR_OF_DAY","ILLUMINATION","INJURY_COUNT","INTERSECT_TYPE","LANE_CLOSED","LATITUDE","LN_CLOSE_DIR","LOCATION_TYPE","LONGITUDE","MAX_SEVERITY_LEVEL","MCYCLE_DEATH_COUNT","MCYCLE_SUSP_SERIOUS_INJ_COUNT","MOTORCYCLE_COUNT","MUNICIPALITY","NONMOTR_COUNT","NONMOTR_DEATH_COUNT","NONMOTR_SUSP_SERIOUS_INJ_COUNT","NTFY_HIWY_MAINT","PED_COUNT","PED_DEATH_COUNT","PED_SUSP_SERIOUS_INJ_COUNT","PERSON_COUNT","POLICE_AGCY","POSSIBLE_INJ_COUNT","RDWY_SURF_TYPE_CD","RELATION_TO_ROAD","ROAD_CONDITION","SCH_BUS_IND","SCH_ZONE_IND","SMALL_TRUCK_COUNT","SPEC_JURIS_CD","SUSP_MINOR_INJ_COUNT","SUSP_SERIOUS_INJ_COUNT","SUV_COUNT","TCD_FUNC_CD","TCD_TYPE","TFC_DETOUR_IND","TIME_OF_DAY","TOT_INJ_COUNT","TOTAL_UNITS","UNB_DEATH_COUNT","UNB_SUSP_SERIOUS_INJ_COUNT","UNBELTED_OCC_COUNT","UNK_INJ_DEG_COUNT","UNK_INJ_PER_COUNT","URBAN_RURAL","VAN_COUNT","VEHICLE_COUNT","WORK_ZONE_IND","WORK_ZONE_LOC","WORK_ZONE_TYPE","WORKERS_PRES","WZ_CLOSE_DETOUR","WZ_FLAGGER","WZ_LAW_OFFCR_IND","WZ_LN_CLOSURE","WZ_MOVING","WZ_OTHER","WZ_SHLDER_MDN","ROADWAY_CLEARED","WEATHER1","WEATHER2","WZ_WORKERS_INJ_KILLED","SECONDARY_CRASH","INTERSECTION_RELATED"
"1701","2","0","0","0","0","0","0","0","0","4","0","","36","03","2016","2016026243","4","40.0314","-75.9763","1655","08","0","0","0","0","0","1","0","0","2","0","0","0","16","1","0","02","2","40 01:53.196","6","00","75 58:34.672","0","0","0","0","36232","0","0","0","","0","0","0","4","68J01","0","","1","01","N","N","0","","0","0","0","0","0","Y","1653","0","2","0","0","0","0","0","1","0","2","N","","","","","","","","","","","","03","  ","","",""
"1530","2","0","0","0","0","0","0","0","0","1","0","","36","03","2016","2016026322","4","40.0401","-76.2315","1526","08","0","0","0","0","0","1","0","0","2","0","0","0","15","1","3","00","2","40 02:24.192","6","00","76 13:53.312","3","0","0","0","36215","0","0","0","N","0","0","0","7","36215","1","","1","01","N","N","0","","2","0","1","0","0","Y","1524","3","3","0","0","0","0","0","1","0","3","N","","","","","","","","","","","","03","  ","","",""
"2339","1","0","0","0","0","0","0","0","0","4","0","","36","03","2016","2016026343","2","40.0695","-76.3575","2335","08","0","0","0","0","0","0","1","0","2","0","0","0","23","3","0","02","1","40 04:10.056","4","00","76 21:26.821","0","0","0","0","36214","0","0","0","N","0","0","0","4","36214","0","","1","01","N","N","0","","0","0","1","3","3","N","2330","0","2","0","0","0","0","0","3","0","2","N","","","","","","","","","","","","03","  ","","",""
"1456","1","0","0","0","0","0","0","0","0","1","0","","36","02","2016","2016026351","7","40.0069","-76.3629","1453","08","0","0","0","0","0","0","0","0","2","0","0","0","14","1","1","02","1","40 00:24.920","4","00","76 21:46.521","4","0","0","0","36412","0","0","0","N","0","0","0","3","36412","1","","1","01","N","N","1","","0","0","0","0","0","N","1452","1","2","0","0","0","0","0","3","0","2","N","","","","","","","","","","","","03","  ","","",""
"1915","1","0","0","0","0","0","0","0","0","4","1","","36","02","2016","2016026354","2","40.0157","-76.3496","1913","08","0","0","0","0","0","1","0","0","2","0","1","0","19","3","0","01","1","40 00:56.470","3","00","76 20:58.524","0","0","0","0","36412","0","0","0","N","0","0","0","2","36412","0","","1","01","N","N","0","","0","0","0","1","2","N","1911","0","2","0","0","0","0","0","3","0","2","N","","","","","","","","","","","","03","  ","","",""
"0815","1","0","0","0","0","0","0","0","0","5","0","","36","03","2016","2016026428","2","40.0313","-76.2998","0810","08","0","0","1","0","0","0","0","0","1","0","0","0","08","1","0","00","1","40 01:52.600","2","00","76 17:59.300","0","0","0","0","36301","0","0","0","N","0","0","0","1","36301","0","","6","01","N","N","1","","0","0","0","0","0","N","0807","0","2","0","0","0","0","0","3","0","2","N","","","","","","","","","","","","03","  ","","",""
"1242","1","0","0","0","0","0","0","0","0","5","0","","36","03","2016","2016026442","2","40.0404","-76.2974","1234","08","0","0","0","0","0","1","0","0","","0","0","0","12","1","0","01","0","40 02:25.541","","00","76 17:50.674","0","0","0","0","36301","0","0","0","N","0","0","0","2","36301","0","","1","01","N","N","0","","0","0","0","3","2","","1234","0","2","0","0","0","0","0","3","1","2","N","","","","","","","","","","","","03","  ","","",""
"1737","1","0","0","0","0","0","0","0","0","8","0","","36","03","2016","2016026450","2","40.034","-76.307","1733","08","0","0","0","0","0","1","0","0","1","0","0","0","17","1","1","00","2","40 02:02.385","2","00","76 18:25.355","2","0","0","0","36301","1","0","1","N","1","0","1","2","36301","0","","1","01","N","N","0","","0","1","0","0","0","Y","1732","1","2","0","0","0","0","0","3","0","1","N","","","","","","","","","","","","03","  ","","",""
"0720","1","0","0","0","0","0","0","0","0","4","0","","36","03","2016","2016026471","3","40.0622","-76.4899","0714","08","0","0","0","0","0","1","0","0","1","0","0","0","07","1","1","00","2","40 03:44.041","6","00","76 29:23.674","8","0","0","1","36239","0","0","0","N","0","0","0","3","36239","0","","1","01","N","N","0","","0","0","0","0","0","Y","0714","1","2","0","0","0","1","0","3","0","2","N","","","","","","","","","","","","03","  ","","",""
"1439","1","0","0","0","0","0","0","0","0","4","0","","36","03","2016","2016026474","2","40.0426","-76.4937","1438","08","0","0","0","0","0","0","1","0","2","0","0","0","14","1","1","01","2","40 02:33.372","6","00","76 29:37.278","3","0","0","0","36404","0","0","0","N","0","0","0","3","36404","0","","1","01","N","N","0","","1","0","1","3","3","Y","1438","1","2","0","0","0","0","0","3","0","2","N","","","","","","","","","","","","03","  ","","",""
"0647","1","0","0","0","0","0","0","0","0","7","0","","36","02","2016","2016026505","1","40.146","-76.2783","0631","08","0","0","0","0","0","0","0","0","","0","0","0","06","8","0","00","0","40 08:45.486","","00","76 16:41.864","9","0","0","0","36235","0","0","0","Y","0","0","0","1","36506","0","","5","01","N","N","0","","0","0","0","0","0","","0627","0","1","0","0","0","0","1","1","0","1","N","","","","","","","","","","","","03","  ","","",""
"1738","2","0","0","0","0","0","0","0","0","4","0","","36","03","2016","2016026506","2","40.1288","-76.3118","1734","08","0","0","0","0","1","0","0","0","","0","0","0","17","1","1","02","0","40 07:43.500","","00","76 18:42.400","8","0","0","0","36235","0","0","0","N","0","0","0","2","36506","0","","1","01","N","N","0","","0","0","0","3","2","","1734","1","2","0","0","0","1","0","1","0","2","N","","","","","","","","","","","","03","  ","","",""
"2322","1","0","0","0","0","0","0","0","0","4","0","","36","03","2016","2016026549","6","40.0506","-76.2558","2316","08","0","0","0","0","0","0","0","0","2","0","0","0","23","3","1","01","2","40 03:02.339","2","02","76 15:20.958","4","0","0","0","36215","0","0","0","N","0","0","0","2","36215","1","","1","01","N","N","0","","0","0","1","3","2","Y","2316","1","2","0","0","0","0","0","1","0","2","N","","","","","","","","","","","","03","  ","","",""
"0743","1","0","0","0","0","0","0","0","0","2","1","","36","03","2016","2016026577","3","40.2087","-76.225","0737","08","0","0","0","0","0","2","0","0","3","0","1","0","07","1","2","00","2","40 12:31.357","6","00","76 13:30.125","3","0","0","0","36204","0","0","0","N","0","0","0","2","36506","1","","1","01","N","N","0","","1","0","0","0","0","Y","0734","2","2","0","0","0","0","0","1","0","2","N","","","","","","","","","","","","03","  ","","",""
"0815","1","0","0","0","0","0","0","0","0","7","0","","36","02","2016","2016026601","4","39.7696","-76.1793","0714","08","0","0","0","0","0","0","0","0","1","0","0","0","07","1","0","00","1","39 46:10.406","1","00","76 10:45.501","0","0","0","0","36219","0","0","0","","0","0","0","1","68J01","0","","4","06","N","N","0","","0","0","0","0","0","N","0712","0","1","0","0","0","0","0","1","0","1","N","","","","","","","","","","","","03","  ","","",""
"0550","0","0","0","0","0","0","0","0","0","7","0","","36","02","2016","2016026602","2","39.9301","-76.2282","0533","08","0","0","0","0","0","1","0","0","","0","0","0","05","2","1","00","0","39 55:48.400","","00","76 13:41.540","3","0","0","0","36229","0","0","0","","0","0","0","1","68J01","0","","4","02","N","N","1","","1","0","0","0","0","","0531","1","1","0","0","0","0","0","1","0","1","N","","","","","","","","","","","","03","  ","","",""
"2308","0","0","0","0","0","0","0","0","0","7","0","","36","02","2016","2016026603","4","40.2437","-76.2986","2232","08","0","0","0","0","0","1","0","0","1","0","0","0","22","2","1","00","1","40 14:37.387","2","00","76 17:54.893","3","0","0","0","36217","0","0","0","","0","0","0","1","68J01","0","","5","08","N","N","1","","1","0","0","0","0","N","2228","1","1","0","0","1","0","0","1","0","1","N","","","","","","","","","","","","07","  ","","",""
"1508","0","0","0","0","0","0","0","0","0","4","1","","36","02","2016","2016026653","3","40.0112","-76.1358","1455","08","0","0","0","0","0","0","0","1","2","0","1","0","14","1","2","01","2","40 00:40.355","6","00","76 08:08.950","4","0","0","0","36226","0","0","0","","0","0","0","3","68J01","2","","1","01","N","N","1","","0","0","0","3","3","Y","1440","2","2","0","0","0","0","0","1","0","2","N","","","","","","","","","","","","03","  ","","",""
"2014","2","0","0","0","0","0","0","0","0","4","0","","36","02","2016","2016026678","1","40.1791","-76.6006","2004","08","0","0","0","0","0","1","0","0","3","0","0","0","20","3","1","01","2","40 10:44.805","2","02","76 36:01.990","8","0","0","0","36225","0","0","0","N","0","0","0","3","36505","0","","1","01","N","N","0","","0","0","0","3","2","Y","2002","1","2","0","0","1","1","0","2","0","2","N","","","","","","","","","","","","03","  ","","",""
"0234","1","0","0","0","0","0","0","0","0","7","0","","36","02","2016","2016026682","5","40.1689","-76.6032","0231","08","0","0","0","0","0","0","0","0","1","0","0","0","02","3","0","00","1","40 10:07.982","1","00","76 36:11.371","0","0","0","0","36225","0","0","0","N","0","0","0","1","36505","0","","4","09","N","N","0","","0","0","0","0","0","N","0229","0","1","0","0","0","0","0","2","0","1","N","","","","","","","","","","","","05","  ","","",""
"0524","1","0","0","0","0","0","0","0","0","7","0","","36","03","2016","2016026684","6","40.1634","-76.1513","0510","08","0","0","0","0","0","0","0","0","","0","0","0","05","2","0","00","0","40 09:48.087","","03","76 09:04.559","0","0","0","0","36218","0","0","0","Y","0","0","0","1","36408","0","","2","02","N","N","0","","0","0","0","0","0","","0508","0","1","0","0","0","0","0","1","0","1","N","","","","","","","","","","","","10","  ","","",""
"0556","1","0","0","0","0","0","0","0","0","7","1","","36","03","2016","2016026689","6","40.163","-76.1517","0556","08","0","0","0","0","0","1","0","0","3","0","1","0","05","2","1","00","2","40 09:46.696","1","00","76 09:06.008","3","0","0","0","36218","0","0","0","Y","0","0","0","3","36408","0","","3","07","N","N","0","","1","0","1","0","0","N","0544","1","3","0","0","0","0","0","1","0","3","N","","","","","","","","","","","","10","  ","","",""
"2226","2","0","0","0","0","0","0","0","0","5","0","","36","02","2016","2016026705","2","40.0556","-76.5688","2219","08","0","0","0","0","0","0","0","0","2","0","0","0","22","2","0","00","2","40 03:20.100","6","00","76 34:07.500","0","0","0","0","36411","0","0","0","N","0","0","0","1","36504","0","","6","01","N","N","0","","0","0","0","0","0","Y","2217","0","2","0","0","0","0","0","1","0","2","N","","","","","","","","","","","","03","  ","","",""
"1623","1","0","0","0","0","0","0","0","0","4","0","","36","03","2016","2016026709","5","40.0389","-76.2798","1613","08","0","0","0","0","0","1","0","0","2","0","0","0","16","1","3","02","2","40 02:20.011","4","00","76 16:47.140","4","0","0","0","36220","0","0","0","","0","0","0","5","36101","3","","1","01","N","N","0","","0","0","0","0","0","N","1610","3","2","0","0","0","0","0","3","1","2","N","","","","","","","","","","","","03","  ","","",""
"1408","0","0","0","0","0","0","0","0","0","1","0","","36","03","2016","2016026724","3","40.1852","-76.334","1404","08","0","0","1","0","0","0","0","0","2","0","0","0","14","1","0","02","1","40 11:06.658","5","00","76 20:02.299","0","0","0","0","36227","0","0","0","N","0","0","0","2","36506","0","","1","01","N","N","0","","0","0","2","0","0","N","1401","0","2","0","0","0","0","0","1","0","2","N","","","","","","","","","","","","03","  ","","",""
"1355","2","0","0","0","0","0","0","0","0","4","0","","36","01","2016","2016026753","1","39.9913","-76.0212","1337","08","0","0","0","0","0","1","0","0","","0","0","0","13","1","0","00","0","39 59:28.609","","07","76 01:16.369","0","0","0","0","36232","0","0","0","","0","0","0","3","68J01","0","","1","01","N","N","0","","0","0","0","0","0","","1306","0","2","0","0","0","0","0","1","0","2","N","","","","","","","","","","","","03","  ","","",""
"0949","1","0","0","0","0","0","0","0","0","7","0","","36","02","2016","2016026754","3","39.8855","-76.2507","0939","08","0","0","0","0","0","0","0","0","2","0","0","0","09","1","1","00","1","39 53:07.974","3","00","76 15:02.568","8","0","0","0","36229","0","0","0","","0","0","0","1","68J01","0","","4","07","N","N","0","","0","0","0","0","0","N","0938","1","1","0","0","0","1","0","1","0","1","N","","","","","","","","","","","","10","  ","","",""
"1231","2","0","0","0","0","0","0","0","0","4","0","","36","03","2016","2016026762","3","40.0886","-76.4516","1224","08","0","0","0","0","0","1","0","0","2","0","0","0","12","1","3","02","2","40 05:19.062","5","00","76 27:05.809","4","0","0","0","36239","0","0","0","N","0","0","0","3","36239","1","","1","01","N","N","0","","0","0","0","3","3","Y","1224","3","2","0","0","0","2","0","3","0","2","N","","","","","","","","","","","","03","  ","","",""
"1526","1","0","0","0","0","0","0","0","0","1","0","","36","03","2016","2016026770","3","39.9877","-76.2761","1521","08","0","0","0","0","0","0","0","0","","0","0","0","15","1","0","00","0","39 59:15.582","","00","76 16:33.908","0","0","0","0","36240","0","0","0","N","0","0","0","2","36240","0","","1","01","N","N","0","","0","0","1","0","0","","1521","0","2","0","0","0","0","0","1","0","2","N","","","","","","","","","","","","03","  ","","",""
"0805","0","0","0","0","0","0","0","0","0","1","0","","36","03","2016","2016026784","4","40.0554","-76.3845","0802","08","0","0","0","0","0","1","0","0","","0","0","0","08","1","2","00","0","40 03:19.609","","00","76 23:04.344","4","0","0","0","36214","0","0","0","N","0","0","0","2","36214","2","","1","01","N","N","0","","0","0","2","0","0","","0802","2","2","0","0","0","0","0","3","0","2","N","","","","","","","","","","","","03","  ","","",""
"1715","2","0","0","0","0","0","0","0","0","1","0","","36","03","2016","2016026786","1","40.0241","-76.2005","1711","08","0","0","0","0","0","0","0","1","2","0","0","0","17","1","1","00","1","40 01:26.647","4","07","76 12:01.853","8","0","0","0","36215","0","0","0","N","0","0","0","3","36215","0","","1","01","N","N","0","","0","0","0","3","2","N","1711","1","2","0","0","0","1","0","1","0","2","N","","","","","","","","","","","","03","  ","","",""
"0842","1","0","0","0","0","0","0","0","0","1","0","","36","03","2016","2016026795","4","40.1557","-76.2007","0841","08","0","0","0","0","0","0","0","0","2","0","0","0","08","1","0","00","2","40 09:20.500","5","00","76 12:02.600","0","0","0","0","36402","0","0","0","N","0","0","0","1","36402","0","","6","01","N","N","0","","0","0","1","0","0","Y","0840","0","2","0","0","0","0","0","2","0","2","N","","","","","","","","","","","","03","  ","","",""
"0016","1","0","0","0","0","0","0","0","0","5","0","","36","02","2016","2016026809","5","40.0165","-76.3699","0011","08","0","0","0","0","0","0","0","0","1","0","0","0","00","2","0","00","1","40 00:59.400","2","00","76 22:11.800","9","0","0","0","36223","0","0","0","N","0","0","0","2","36223","0","","6","01","N","N","0","","0","0","1","0","0","Y","0010","0","2","0","0","0","0","2","1","0","2","N","","","","","","","","","","","","03","  ","","",""
"1552","1","0","0","0","0","0","0","0","0","6","0","","36","02","2016","2016026814","2","40.1798","-76.3583","1552","08","0","0","0","0","0","1","1","0","1","0","0","0","15","1","0","00","2","40 10:47.123","6","00","76 21:29.804","0","0","0","0","36227","0","0","0","N","0","0","0","3","36506","0","","1","01","N","N","1","","0","0","0","0","0","Y","1552","0","2","0","0","0","0","0","1","0","2","N","","","","","","","","","","","","03","  ","","",""
"1425","1","0","0","0","0","0","0","0","0","6","0","","36","01","2016","2016026821","3","40.0499","-76.3079","1421","08","0","0","0","0","0","1","0","1","","0","0","0","14","1","1","01","0","40 02:59.610","","00","76 18:28.586","4","0","0","0","36301","0","0","0","N","0","0","0","2","36301","1","","1","01","N","N","0","","0","0","0","3","3","","1425","1","2","0","0","0","0","0","3","1","2","N","","","","","","","","","","","","03","  ","","",""
"1436","0","0","0","0","0","0","0","0","0","4","0","","36","03","2016","2016026835","4","40.086","-76.2865","1432","08","0","0","0","0","0","1","0","1","2","0","0","0","14","1","1","00","2","40 05:09.468","2","07","76 17:11.260","3","0","0","1","36101","0","0","0","N","0","0","0","2","36101","0","","1","01","N","N","0","","1","0","1","0","0","N","1431","1","2","0","0","0","0","0","3","0","2","N","","","","","","","","","","","","03","  ","","",""
"1948","0","0","0","0","0","0","0","0","0","1","0","","36","02","2016","2016026927","2","40.0292","-75.9677","1948","08","0","0","0","0","0","0","1","0","2","0","0","0","19","3","2","00","2","40 01:45.272","6","00","75 58:03.636","8","0","0","0","36232","0","0","0","","0","0","0","3","68J01","0","","1","02","N","N","1","","0","0","1","0","0","Y","1948","2","2","0","0","0","2","0","1","0","2","N","","","","","","","","","","","","10","  ","","",""
"2156","0","0","0","0","0","0","0","0","0","9","0","","36","03","2016","2016027009","4","40.0591","-76.0672","2151","08","0","0","0","0","0","1","0","0","","0","0","0","21","2","1","00","0","40 03:32.919","","00","76 04:02.018","8","0","0","1","36209","0","0","0","N","0","0","0","1","36415","0","","1","01","N","N","0","","0","0","0","3","8","","2150","1","1","0","0","0","1","0","1","0","1","N","","","","","","","","","","","","03","  ","","",""
"1516","2","0","0","0","0","0","0","0","0","4","0","","36","02","2016","2016027084","7","40.0282","-76.3612","1507","08","0","0","1","0","0","0","0","0","1","0","0","0","15","1","0","00","1","40 01:41.448","2","00","76 21:40.296","0","0","0","0","36223","0","0","0","","0","0","0","3","36223","0","","1","01","N","N","0","","0","0","0","0","0","N","1504","0","2","0","0","0","0","0","1","0","2","N","","","","","","","","","","","","03","  ","","",""
"0725","0","0","0","0","0","0","0","0","0","7","0","","36","03","2016","2016027094","6","40.076","-76.3367","0645","08","0","0","0","0","0","0","0","0","","0","0","0","06","1","0","00","0","40 04:33.512","","00","76 20:12.153","0","0","0","0","36101","0","0","0","N","0","0","0","3","36101","0","","3","02","N","N","0","","0","0","1","0","0","","0643","0","1","0","0","0","0","0","3","0","1","N","","","","","","","","","","","","10","  ","","",""
"0623","2","0","0","0","0","0","0","0","0","4","0","","36","03","2016","2016027097","4","40.0317","-76.477","0615","08","0","0","0","0","0","1","0","0","","0","0","0","06","1","0","02","0","40 01:54.245","","07","76 28:37.311","0","0","0","0","36239","0","0","0","N","0","0","0","2","36239","0","","1","01","N","N","0","","0","0","0","0","0","","0610","0","2","0","0","0","0","0","3","0","2","N","","","","","","","","","","","","03","  ","","",""
"0759","0","0","0","0","0","0","0","0","0","1","0","","36","03","2016","2016027104","5","40.039","-76.3599","0753","08","0","0","0","0","0","1","0","0","","0","0","0","07","1","0","01","0","40 02:20.458","","00","76 21:35.480","0","0","0","0","36214","0","0","0","N","0","0","0","2","36214","0","","1","01","N","N","1","","0","0","1","3","2","","0750","0","2","0","0","0","0","0","3","0","2","N","","","","","","","","","","","","03","  ","","",""
"1905","1","0","0","0","0","0","0","0","0","1","0","","36","03","2016","2016027111","7","40.1601","-76.2931","1859","08","0","1","0","0","0","0","0","0","","0","1","0","18","3","0","00","0","40 09:36.311","","00","76 17:35.276","0","0","0","0","36409","0","0","0","N","0","0","0","2","36409","0","","1","01","N","N","0","","0","0","1","0","0","","1859","0","3","0","0","0","0","0","3","0","3","N","","","","","","","","","","","","03","  ","","",""
"2201","0","0","0","0","0","0","0","0","0","4","0","","36","02","2016","2016027167","5","40.0426","-76.3076","2159","08","0","0","0","0","0","0","0","0","2","0","0","0","21","3","0","01","1","40 02:33.324","1","00","76 18:27.435","0","0","0","0","36301","0","0","0","N","0","0","0","2","36301","0","","1","01","N","N","0","","0","0","2","3","3","Y","2159","0","2","0","0","0","0","0","3","0","2","N","","","","","","","","","","","","03","  ","","",""
"1658","2","0","0","0","0","0","0","0","0","4","0","","36","03","2016","2016027171","6","40.0896","-76.2817","1652","08","0","0","1","0","0","0","0","0","","0","0","0","16","1","0","00","0","40 05:22.690","","00","76 16:54.213","0","0","0","0","36101","0","0","0","N","0","0","0","2","36101","0","","1","01","N","N","0","","0","0","0","0","0","","1650","0","2","0","0","0","0","0","3","0","2","N","","","","","","","","","","","","03","  ","","",""
"1529","0","0","0","1","0","0","0","0","0","6","0","","36","03","2016","2016027206","5","40.0502","-76.3504","1529","08","0","0","0","0","0","0","0","0","","0","0","0","15","1","1","02","0","40 03:00.756","","00","76 21:01.603","4","0","0","0","36214","1","0","0","N","0","0","0","2","36214","1","","2","01","N","N","0","","0","0","1","0","0","","1515","1","2","0","0","0","0","1","3","0","1","N","","","","","","","","","","","","03","  ","","",""
"1615","1","0","0","0","0","0","0","0","0","8","0","","36","03","2016","2016027214","3","40.1796","-76.1787","1614","08","0","0","0","0","0","0","0","0","2","0","0","0","16","1","2","01","1","40 10:46.739","5","00","76 10:43.492","2","0","0","0","36408","2","0","2","N","2","0","2","4","36408","0","","1","01","N","N","0","","0","2","0","3","2","Y","1613","2","3","0","0","0","0","0","2","0","1","N","","","","","","","","","","","","03","  ","","",""
"1320","1","0","0","0","0","0","0","0","0","7","0","","36","03","2016","2016027219","5","40.0619","-76.2796","1315","08","0","0","0","0","0","1","0","0","2","0","0","0","13","1","1","06","1","40 03:42.850","3","02","76 16:46.527","3","0","0","0","36101","0","0","0","N","0","0","0","1","36101","0","","1","01","N","N","0","","1","0","0","0","0","N","1312","1","1","0","0","0","0","0","3","0","1","N","","","","","","","","","","","","03","  ","","",""
"1254","1","0","0","0","0","0","0","0","0","6","0","","36","03","2016","2016027247","7","39.9604","-76.2348","1224","08","0","0","1","0","0","0","1","0","","0","0","0","12","1","0","00","0","39 57:37.410","","03","76 14:05.450","0","0","0","0","36233","0","0","0","","0","0","0","6","68J01","0","","1","01","N","N","0","","0","0","1","0","0","","1222","0","2","0","0","0","0","0","1","0","2","N","","","","","","","","","","","","03","  ","","",""
"1546","0","0","0","0","0","0","0","0","0","7","0","","36","03","2016","2016027295","1","39.8958","-76.3579","1533","08","0","0","0","0","0","1","0","0","3","0","0","0","15","1","1","00","1","39 53:44.805","6","00","76 21:28.523","2","0","0","0","36206","0","0","0","N","0","0","0","1","36503","0","","4","01","N","N","1","","0","1","0","0","0","Y","1530","1","1","0","1","1","0","0","1","0","1","N","","","","","","","","","","","","03","  ","","",""
"0903","1","0","0","0","0","0","0","0","0","4","0","","36","03","2016","2016027313","5","40.039","-76.5105","0901","08","0","0","0","0","0","2","0","0","1","0","0","0","09","1","0","01","1","40 02:20.317","1","02","76 30:37.949","0","0","0","0","36404","0","0","0","N","0","0","0","2","36404","0","","1","01","N","N","1","","0","0","0","3","2","N","0900","0","2","0","0","0","0","0","3","0","2","N","","","","","","","","","","","","03","  ","","",""
"1423","1","0","0","0","0","0","0","0","0","4","0","","36","03","2016","2016027321","4","40.0761","-76.2966","1419","08","0","0","0","0","0","0","0","0","1","0","0","0","14","1","1","02","1","40 04:34.127","2","00","76 17:47.802","3","0","0","0","36101","0","0","0","N","0","0","0","2","36101","0","","1","01","N","N","0","","1","0","1","0","0","N","1416","1","2","0","0","0","0","0","3","0","2","N","","","","","","","","","","","","03","  ","","",""
"1722","1","0","0","0","0","0","0","0","0","1","0","","36","03","2016","2016027327","5","40.0319","-76.49","1706","08","1","0","0","0","0","0","0","0","2","0","0","0","17","1","1","00","2","40 01:54.883","6","00","76 29:23.909","4","0","0","0","36404","0","0","0","N","0","0","0","1","36404","1","","1","01","N","N","0","","0","0","1","3","2","Y","1705","1","2","0","0","0","0","0","3","0","2","N","","","","","","","","","","","","03","  ","","",""
"1618","1","0","0","0","0","0","0","0","0","0","0","","36","02","2016","2016027328","4","40.0991","-76.3053","1609","08","0","0","0","0","0","1","0","0","","0","0","0","17","4","0","02","0","40 05:56.884","","00","76 18:18.952","0","0","0","0","36101","0","0","0","N","0","0","0","1","36101","0","","1","01","N","N","0","","0","0","0","0","0","","1730","0","1","0","0","0","0","0","3","0","1","N","","","","","","","","","","","","03","  ","","",""
"1935","1","0","0","0","0","0","0","0","0","1","0","","36","03","2016","2016027349","5","40.165","-76.1577","1933","08","0","0","1","0","0","1","0","0","","0","0","0","19","3","0","00","0","40 09:53.840","","00","76 09:27.594","0","0","0","0","36218","0","0","0","N","0","0","0","2","36408","0","","1","01","N","N","0","","0","0","1","0","0","","1928","0","2","0","0","0","0","0","1","0","2","N","","","","","","","","","","","","03","  ","","",""
"0614","1","0","0","0","0","0","0","0","0","7","0","","36","03","2016","2016027401","4","40.0059","-76.1055","0602","08","0","0","0","0","0","0","0","0","1","0","0","0","06","1","1","00","2","40 00:21.281","5","00","76 06:19.931","3","0","0","0","36226","0","0","0","","0","0","0","2","68J01","0","","4","01","N","N","0","","1","0","0","0","0","Y","0600","1","1","0","0","0","0","0","1","0","1","N","","","","","","","","","","","","03","  ","","",""
"2112","2","0","0","0","0","0","0","0","0","1","0","","36","03","2016","2016027409","5","40.1685","-76.6058","2104","08","0","0","0","0","0","0","2","0","1","0","0","0","21","3","0","02","1","40 10:06.754","1","00","76 36:20.955","0","0","0","0","36225","0","0","0","N","0","0","0","2","36505","0","","1","01","N","N","0","","0","0","0","0","0","N","2100","0","2","0","0","0","0","0","2","0","2","N","","","","","","","","","","","","03","  ","","",""
"1045","1","0","0","0","0","0","0","0","0","7","0","","36","02","2016","2016027417","7","40.0431","-76.2378","1042","08","0","0","0","0","1","0","0","0","","0","0","0","10","1","0","00","0","40 02:35.018","","00","76 14:15.936","0","0","0","0","36215","0","0","0","N","0","0","0","1","36215","0","","2","07","N","N","0","","0","0","0","0","0","","1039","0","1","0","0","0","0","0","1","0","1","N","","","","","","","","","","","","10","  ","","",""
"1524","0","0","0","0","0","0","0","0","0","0","0","","36","03","2016","2016027418","3","40.08","-76.346","1520","08","0","0","0","0","0","0","0","0","","0","0","0","15","1","1","06","0","40 04:43.892","","02","76 20:35.539","2","0","1","1","36101","0","0","0","N","0","0","0","1","36101","0","","1","01","N","N","0","","0","1","0","0","0","","1518","1","1","0","0","0","0","0","3","0","1","N","","","","","","","","","","","","03","  ","","",""
"1549","0","0","0","0","0","0","0","0","0","7","1","","36","03","2016","2016027483","3","40.2331","-76.1372","1544","08","0","0","0","0","0","0","0","0","3","0","1","0","15","1","0","01","2","40 13:59.328","5","00","76 08:13.950","0","0","0","0","36405","0","0","0","N","0","0","0","1","36210","0","","4","01","N","N","0","","0","0","0","3","2","Y","1541","0","1","0","0","0","0","0","1","0","1","N","","","","","","","","","","","","03","  ","","",""