"ARRIVAL_TM","AUTOMOBILE_COUNT","BELTED_DEATH_COUNT","BELTED_SUSP_SERIOUS_INJ_COUNT","BICYCLE_COUNT","BICYCLE_DEATH_COUNT","BICYCLE_SUSP_SERIOUS_INJ_COUNT","BUS_COUNT","CHLDPAS_DEATH_COUNT","CHLDPAS_SUSP_SERIOUS_INJ_COUNT","COLLISION_TYPE","COMM_VEH_COUNT","CONS_ZONE_SPD_LIM","COUNTY","CRASH_MONTH","CRASH_YEAR","CRN","DAY_OF_WEEK","DEC_LAT","DEC_LONG","DISPATCH_TM","DISTRICT","DRIVER_COUNT_16YR","DRIVER_COUNT_17YR","DRIVER_COUNT_18YR","DRIVER_COUNT_19YR","DRIVER_COUNT_20YR","DRIVER_COUNT_50_64YR","DRIVER_COUNT_65_74YR","DRIVER_COUNT_75PLUS","EST_HRS_CLOSED","FATAL_COUNT","HEAVY_TRUCK_COUNT","HORSE_BUGGY_COUNT","HOUR_OF_DAY","ILLUMINATION","INJURY_COUNT","INTERSECT_TYPE","LANE_CLOSED","LATITUDE","LN_CLOSE_DIR","LOCATION_TYPE","LONGITUDE","MAX_SEVERITY_LEVEL","MCYCLE_DEATH_COUNT","MCYCLE_SUSP_SERIOUS_INJ_COUNT","MOTORCYCLE_COUNT","MUNICIPALITY","NONMOTR_COUNT","NONMOTR_DEATH_COUNT","NONMOTR_SUSP_SERIOUS_INJ_COUNT","NTFY_HIWY_MAINT","PED_COUNT","PED_DEATH_COUNT","PED_SUSP_SERIOUS_INJ_COUNT","PERSON_COUNT","POLICE_AGCY","POSSIBLE_INJ_COUNT","RDWY_SURF_TYPE_CD","RELATION_TO_ROAD","ROAD_CONDITION","SCH_BUS_IND","SCH_ZONE_IND","SMALL_TRUCK_COUNT","SPEC_JURIS_CD","SUSP_MINOR_INJ_COUNT","SUSP_SERIOUS_INJ_COUNT","SUV_COUNT","TCD_FUNC_CD","TCD_TYPE","TFC_DETOUR_IND","TIME_OF_DAY","TOT_INJ_COUNT","TOTAL_UNITS","UNB_DEATH_COUNT","UNB_SUSP_SERIOUS_INJ_COUNT","UNBELTED_OCC_COUNT","UNK_INJ_DEG_COUNT","UNK_INJ_PER_COUNT","URBAN_RURAL","VAN_COUNT","VEHICLE_COUNT","WORK_ZONE_IND","WORK_ZONE_LOC","WORK_ZONE_TYPE","WORKERS_PRES","WZ_CLOSE_DETOUR","WZ_FLAGGER","WZ_LAW_OFFCR_IND","WZ_LN_CLOSURE","WZ_MOVING","WZ_OTHER","WZ_SHLDER_MDN","ROADWAY_CLEARED","WEATHER1","WEATHER2","WZ_WORKERS_INJ_KILLED","SECONDARY_CRASH","INTERSECTION_RELATED"
"1205","1","0","0","0","0","0","0","0","0","7","0","","36","03","2016","2016027503","6","40.0097","-76.2662","1157","08","0","0","0","0","0","1","0","0","","0","0","0","11","1","0","00","0","40 00:34.800","","00","76 15:58.200","0","0","0","0","36240","0","0","0","N","0","0","0","1","36240","0","","4","01","N","N","0","","0","0","0","0","0","","1157","0","1","0","0","0","0","0","1","0","1","N","","","","","","","","","","","","03","  ","","",""
"1250","0","0","0","0","0","0","0","0","0","1","0","","36","03","2016","2016027517","6","40.1082","-76.0567","1250","08","0","0","0","0","0","0","0","0","2","0","0","0","12","1","2","00","2","40 06:29.500","4","07","76 03:24.100","4","0","0","0","36213","0","0","0","N","0","0","0","2","36213","2","","1","01","N","N","0","","0","0","1","0","0","Y","1245","2","2","0","0","0","0","0","1","1","2","N","","","","","","","","","","","","03","  ","","",""
"1640","0","0","0","0","0","0","0","0","0","7","0","","36","03","2016","2016027661","4","40.0201","-76.4684","1625","08","0","0","0","0","0","0","1","0","2","0","0","0","16","1","1","00","2","40 01:12.439","6","00","76 28:06.382","8","0","0","1","36223","0","0","0","","0","0","0","1","36223","0","","4","01","N","N","0","","0","0","0","0","0","N","1625","1","1","0","0","0","1","0","1","0","1","N","","","","","","","","","","","","03","  ","","",""
"1724","1","0","0","0","0","0","0","0","0","7","0","","36","02","2016","2016027692","4","40.0239","-76.241","1716","08","0","0","0","0","0","1","0","0","2","0","0","0","17","1","0","00","1","40 01:25.982","2","00","76 14:27.434","0","0","0","0","36215","0","0","0","N","0","0","0","1","36215","0","","5","09","N","N","0","","0","0","0","0","0","Y","1714","0","1","0","0","0","0","0","1","0","1","N","","","","","","","","","","","","07","  ","","",""
"1627","1","0","0","0","0","0","0","0","0","4","0","","36","02","2016","2016027705","7","40.037","-76.503","1627","08","0","0","0","0","0","0","0","1","1","0","0","0","16","1","1","01","1","40 02:13.020","6","00","76 30:10.947","3","0","0","0","36404","0","0","0","N","0","0","0","2","36404","0","","1","01","N","N","1","","1","0","0","3","3","Y","1627","1","2","0","0","0","0","0","3","0","2","N","","","","","","","","","","","","03","  ","","",""
"2326","2","0","0","0","0","0","0","0","0","5","0","","36","03","2016","2016027707","6","40.0706","-76.3179","2314","08","0","0","0","0","0","0","0","0","2","0","0","0","23","3","1","03","1","40 04:14.038","4","06","76 19:04.413","4","0","0","0","36101","0","0","0","N","0","0","0","5","36101","1","","1","01","N","N","0","","0","0","0","0","0","N","2304","1","2","0","0","0","0","1","3","0","2","N","","","","","","","","","","","","03","  ","","",""
"1637","1","0","0","0","0","0","0","0","0","7","0","","36","03","2016","2016027727","6","40.1889","-76.3239","1633","08","0","0","0","0","0","1","0","0","2","0","0","0","16","1","1","00","1","40 11:20.198","3","00","76 19:26.006","8","0","0","0","36235","0","0","0","N","0","0","0","1","36506","0","","4","01","N","N","0","","0","0","0","0","0","N","1627","1","1","0","0","0","1","0","1","0","1","N","","","","","","","","","","","","03","  ","","",""
"0821","2","0","0","0","0","0","0","0","0","4","0","","36","03","2016","2016027791","6","40.1539","-76.5997","0820","08","0","0","0","0","0","0","0","0","2","0","0","0","08","1","0","01","1","40 09:14.162","5","00","76 35:58.842","0","0","0","0","36407","0","0","0","N","0","0","0","3","36407","0","","1","01","N","N","0","","0","0","0","3","3","Y","0818","0","2","0","0","0","0","0","2","0","2","N","","","","","","","","","","","","03","  ","","",""
"1333","1","0","0","0","0","0","0","0","0","5","1","","36","03","2016","2016027799","7","40.0199","-76.3033","1323","08","0","0","0","0","0","2","0","0","1","0","1","0","13","1","0","00","1","40 01:11.485","2","00","76 18:11.815","0","0","0","0","36240","0","0","0","N","0","0","0","3","36240","0","","1","01","N","N","0","","0","0","1","0","0","N","1323","0","3","0","0","0","0","0","1","0","3","N","","","","","","","","","","","","03","  ","","",""
"1707","0","0","0","0","0","0","0","0","0","0","0","","36","03","2016","2016027821","6","40.0614","-76.3525","1653","08","0","0","0","0","0","0","0","0","","0","0","0","16","1","0","00","0","40 03:41.052","","00","76 21:09.130","0","0","0","0","36214","0","0","0","","0","0","0","2","36214","0","","1","01","N","N","0","","0","0","1","0","0","","1637","0","2","0","0","0","0","0","3","1","2","N","","","","","","","","","","","","03","  ","","",""
"2219","1","0","0","0","0","0","0","0","0","7","0","","36","03","2016","2016027879","7","40.1485","-76.4416","2205","08","0","0","0","0","0","0","0","0","","0","0","0","22","2","0","02","0","40 08:54.477","","00","76 26:29.720","9","0","0","0","36230","0","0","0","N","0","0","0","1","36410","0","","4","01","N","N","0","","0","0","0","0","0","","2205","0","1","0","0","1","0","1","1","0","1","N","","","","","","","","","","","","03","  ","","",""
"1605","1","0","0","0","0","0","0","0","0","4","0","","36","03","2016","2016027905","2","40.1147","-76.244","1557","08","0","0","0","1","0","0","0","0","2","0","0","0","15","1","0","03","1","40 06:52.778","2","00","76 14:38.314","0","0","0","0","36101","0","0","0","N","0","0","0","2","36101","0","","1","01","N","N","1","","0","0","0","3","3","N","1555","0","2","0","0","0","0","0","3","0","2","N","","","","","","","","","","","","03","  ","","",""
"1023","2","0","0","0","0","0","0","0","0","1","0","","36","03","2016","2016027910","7","40.0456","-76.3071","1016","08","0","0","0","0","0","0","0","0","1","0","0","0","10","1","0","00","1","40 02:44.086","1","00","76 18:25.667","0","0","0","0","36301","0","0","0","N","0","0","0","3","36301","0","","1","01","N","N","0","","0","0","0","0","0","N","1015","0","2","0","0","0","0","0","3","0","2","N","","","","","","","","","","","","03","  ","","",""
"1529","2","0","0","0","0","0","0","0","0","4","0","90","36","01","2016","2016027915","4","40.0483","-76.3033","1527","08","0","0","0","0","0","0","0","0","3","0","0","0","15","1","2","01","2","40 02:53.883","1","00","76 18:11.731","8","0","0","0","36301","0","0","0","N","0","0","0","3","36301","0","","1","01","N","N","0","","0","0","0","3","8","Y","1526","2","2","0","0","0","2","1","3","0","2","Y","3","1","Y","","","N","","","","Y","","03","  ","","",""
"1830","0","0","0","0","0","0","0","0","0","7","0","","36","03","2016","2016027926","7","40.1481","-76.6387","1823","08","1","0","0","0","0","0","0","0","","0","0","0","18","2","0","00","0","40 08:53.116","","00","76 38:19.165","0","0","0","0","36237","0","0","0","N","0","0","0","1","36505","0","","4","01","N","N","0","","0","0","1","0","0","","1823","0","1","0","0","0","0","0","1","0","1","N","","","","","","","","","","","","03","  ","","",""
"1622","0","0","0","0","0","0","0","0","0","7","0","","36","03","2016","2016027928","6","40.0755","-76.1528","1616","08","0","0","0","0","0","0","0","0","","0","0","0","16","1","0","00","0","40 04:31.800","","00","76 09:09.900","0","0","0","0","36234","0","0","0","N","0","0","0","1","36215","0","","4","01","N","N","0","","0","0","1","3","8","","1613","0","1","0","0","0","0","0","1","0","1","N","","","","","","","","","","","","03","  ","","",""
"1609","2","0","0","0","0","0","0","0","0","4","0","","36","03","2016","2016027940","7","40.1845","-76.601","1604","08","0","0","0","0","0","0","0","0","2","0","0","0","16","1","1","01","2","40 11:04.371","5","00","76 36:03.692","8","0","0","0","36225","0","0","0","N","0","0","0","2","36505","0","","1","01","N","N","0","","0","0","0","0","0","Y","1600","1","2","0","0","0","1","0","2","0","2","N","","","","","","","","","","","","03","  ","","",""
"1638","0","0","0","0","0","0","0","0","0","8","0","","36","02","2016","2016027952","3","40.0301","-76.293","1525","08","0","0","0","0","0","0","0","0","","0","0","0","15","1","1","00","0","40 01:48.511","","00","76 17:34.724","8","0","0","0","36301","1","0","0","N","1","0","0","3","36301","0","","4","01","N","Y","0","","0","0","1","0","0","","1515","1","2","0","0","0","1","2","3","0","1","N","","","","","","","","","","","","03","  ","","",""
"1620","2","0","0","0","0","0","0","0","0","1","0","","36","03","2016","2016027969","6","40.1671","-76.2929","1617","08","0","0","0","0","0","1","0","0","1","0","0","0","16","1","0","00","1","40 10:01.435","4","00","76 17:34.499","0","0","0","0","36235","0","0","0","N","0","0","0","2","36506","0","","1","01","N","N","0","","0","0","0","0","0","N","1617","0","2","0","0","0","0","0","1","0","2","N","","","","","","","","","","","","03","  ","","",""
"1709","2","0","0","0","0","0","0","0","0","1","0","","36","03","2016","2016028001","1","40.0279","-76.2683","1701","08","0","0","0","0","1","0","0","0","2","0","0","0","16","1","0","00","2","40 01:40.485","5","00","76 16:06.012","0","0","0","0","36240","0","0","0","N","0","0","0","14","36240","0","","1","01","N","N","1","","0","0","0","0","0","Y","1651","0","4","0","0","0","0","0","1","1","4","N","","","","","","","","","","","","03","  ","","",""
"1845","1","0","0","0","0","0","0","0","0","1","0","","36","03","2016","2016028083","6","40.0709","-76.3176","1839","08","0","0","0","0","0","0","0","0","2","0","0","0","18","3","0","01","1","40 04:15.280","2","00","76 19:04.236","0","0","0","0","36101","0","0","0","N","0","0","0","7","36101","0","","1","01","N","N","0","","0","0","2","3","1","N","1839","0","3","0","0","0","0","0","3","0","3","N","","","","","","","","","","","","03","  ","","",""
"1936","1","0","0","0","0","0","0","0","0","7","0","","36","03","2016","2016028091","1","40.0742","-76.3207","1936","08","0","0","0","0","0","0","0","0","2","0","0","0","19","2","0","01","2","40 04:27.056","1","00","76 19:14.473","0","0","0","0","36101","0","0","0","N","0","0","0","1","36101","0","","2","09","N","N","0","","0","0","0","9","2","N","1934","0","1","0","0","0","0","0","3","0","1","N","","","","","","","","","","","","07","  ","","",""
"1751","1","0","0","0","0","0","0","0","0","1","0","","36","03","2016","2016028097","1","40.0642","-76.4371","1743","08","0","1","0","0","0","0","0","0","","0","0","0","17","1","0","00","0","40 03:51.287","","00","76 26:13.394","0","0","0","0","36239","0","0","0","N","0","0","0","4","36239","0","","1","09","N","N","0","","0","0","1","0","0","","1741","0","2","0","0","0","0","0","3","0","2","N","","","","","","","","","","","","07","  ","","",""
"1755","1","0","0","0","0","0","0","0","0","8","0","","36","03","2016","2016028104","4","40.0404","-76.2974","1752","08","0","0","0","0","0","1","0","0","","0","0","0","17","1","2","01","0","40 02:25.541","","00","76 17:50.674","4","0","0","0","36301","2","0","0","N","2","0","0","3","36301","2","","1","01","N","N","0","","0","0","0","3","2","","1750","2","3","0","0","0","0","0","3","0","1","N","","","","","","","","","","","","03","  ","","",""
"0047","1","0","0","0","0","0","0","0","0","7","0","","36","03","2016","2016028122","2","40.0967","-76.2812","0039","08","0","1","0","0","0","0","0","0","","0","0","0","00","2","0","00","0","40 05:47.947","","00","76 16:52.392","0","0","0","0","36101","0","0","0","N","0","0","0","1","36101","0","","4","09","N","N","0","","0","0","0","0","0","","0038","0","1","0","0","0","0","0","3","0","1","N","","","","","","","","","","","","07","  ","","",""
"1930","1","0","0","0","0","0","0","0","0","7","0","","36","03","2016","2016028125","3","40.0665","-76.3329","1926","08","0","0","0","0","0","0","0","0","2","0","0","0","19","3","1","00","2","40 03:59.490","3","00","76 19:58.416","4","0","0","0","36301","0","0","0","N","0","0","0","1","36301","1","","3","01","N","N","0","","0","0","0","0","0","N","1926","1","1","0","0","0","0","0","3","0","1","N","","","","","","","","","","","","03","  ","","",""
"1915","1","0","0","0","0","0","0","0","0","1","0","","36","03","2016","2016028128","2","40.0448","-76.3026","1911","08","0","0","0","0","0","2","0","0","1","0","0","0","19","3","0","00","1","40 02:41.432","1","00","76 18:09.366","0","0","0","0","36301","0","0","0","N","0","0","0","2","36301","0","","1","01","N","N","1","","0","0","0","0","0","N","1911","0","2","0","0","0","0","0","3","0","2","N","","","","","","","","","","","","03","  ","","",""
"1415","3","0","0","0","0","0","0","0","0","4","0","","36","02","2016","2016028184","2","40.0341","-76.2911","1411","08","0","0","0","0","0","0","0","0","","0","0","0","14","1","0","00","0","40 02:02.889","","00","76 17:28.057","0","0","0","0","36301","0","0","0","N","0","0","0","1","36301","0","","1","01","N","N","0","","0","0","0","3","3","","1411","0","3","0","0","0","0","0","3","0","3","N","","","","","","","","","","","","03","  ","","",""
"0243","0","0","0","0","0","0","0","0","0","7","0","","36","03","2016","2016028199","6","40.0857","-76.4575","0237","08","0","0","0","0","0","0","0","0","1","0","0","0","02","2","1","00","2","40 05:08.384","2","00","76 27:26.927","4","0","0","1","36239","0","0","0","N","0","0","0","1","36239","1","","2","01","N","N","0","","0","0","0","0","0","Y","0237","1","1","0","0","0","0","0","3","0","1","N","","","","","","","","","","","","03","  ","","",""
"1604","1","0","0","0","0","0","0","0","0","7","0","","36","02","2016","2016028205","4","40.0439","-76.2541","1601","08","0","0","0","0","0","0","0","0","","0","0","0","15","1","0","00","0","40 02:38.000","","01","76 15:14.700","0","0","0","0","36215","0","0","0","N","0","0","0","1","36215","0","","2","09","N","N","0","","0","0","0","3","4","","1500","0","1","0","0","0","0","0","1","0","1","N","","","","","","","","","","","","07","  ","","",""
"1046","0","0","0","0","0","0","0","0","0","8","0","","36","03","2016","2016028218","2","40.0497","-76.2956","1043","08","0","0","0","0","0","0","0","0","","0","0","0","07","5","1","01","0","40 02:58.862","","00","76 17:44.113","4","0","0","0","36301","1","0","0","N","1","0","0","2","36301","1","","1","09","N","N","1","","0","0","0","3","3","","0715","1","2","0","0","0","0","1","3","0","1","N","","","","","","","","","","","","07","  ","","",""
"1454","0","0","0","0","0","0","0","0","0","4","0","","36","03","2016","2016028282","2","40.0441","-76.2836","1444","08","0","0","0","1","0","1","0","0","1","0","0","0","14","1","0","01","1","40 02:38.900","3","00","76 17:01.014","0","0","0","0","36220","0","0","0","N","0","0","0","2","36101","0","","1","01","N","N","1","","0","0","1","3","3","N","1443","0","2","0","0","0","0","0","3","0","2","N","","","","","","","","","","","","03","  ","","",""
"1353","0","0","0","0","0","0","0","0","0","1","0","","36","03","2016","2016028362","1","40.0698","-76.3168","1323","08","0","0","0","0","0","1","0","0","","0","0","0","13","1","1","01","0","40 04:11.336","","00","76 19:00.464","3","0","0","0","36101","0","0","0","N","0","0","0","3","36101","0","","1","01","N","N","1","","1","0","1","0","0","","1310","1","2","0","0","0","0","0","3","0","2","N","","","","","","","","","","","","03","  ","","",""
"1946","2","0","0","0","0","0","0","0","0","1","0","","36","03","2016","2016028395","3","39.9902","-76.0072","1918","08","0","0","0","0","0","0","0","0","","0","0","0","19","2","0","00","0","39 59:24.732","","00","76 00:25.788","0","0","0","0","36232","0","0","0","","0","0","0","3","68J01","0","","1","01","N","N","0","","0","0","0","0","0","","1917","0","2","0","0","0","0","0","1","0","2","N","","","","","","","","","","","","03","  ","","",""
"1818","1","0","0","0","0","0","0","0","0","4","0","","36","03","2016","2016028496","2","40.0752","-76.4081","1814","08","0","1","0","0","0","0","0","0","2","0","0","0","18","1","0","01","2","40 04:30.802","5","00","76 24:29.116","0","0","0","0","36214","0","0","0","N","0","0","0","2","36214","0","","1","01","N","N","0","","0","0","0","3","3","Y","1810","0","2","0","0","0","0","0","3","1","2","N","","","","","","","","","","","","98","  ","","",""
"2117","1","0","0","0","0","0","0","0","0","7","0","","36","02","2016","2016028500","7","40.1811","-76.5294","2109","08","0","0","0","0","0","0","0","0","","0","0","0","21","2","0","00","0","40 10:51.886","","00","76 31:45.796","0","0","0","0","36225","0","0","0","N","0","0","0","1","36505","0","","2","02","N","N","0","","0","0","0","0","0","","2109","0","1","0","0","0","0","0","2","0","1","N","","","","","","","","","","","","07","  ","","",""
"2210","1","0","0","0","0","0","0","0","0","5","0","","36","02","2016","2016028518","4","40.0431","-76.3087","2201","08","0","0","0","0","0","0","0","0","","0","0","0","18","3","0","00","0","40 02:35.335","","00","76 18:31.440","9","0","0","0","36301","0","0","0","N","0","0","0","1","36301","0","","2","09","N","N","0","","0","0","0","0","0","","1800","0","2","0","0","0","0","1","3","0","2","N","","","","","","","","","","","","07","  ","","",""
"1825","0","0","0","1","0","0","0","0","0","5","0","","36","03","2016","2016028523","4","40.0465","-76.2967","1820","08","0","0","0","0","0","1","0","0","","0","0","0","18","1","1","00","0","40 02:47.323","","00","76 17:48.131","4","0","0","0","36301","1","0","0","N","0","0","0","3","36301","1","","1","01","N","N","0","","0","0","1","0","0","","1820","1","2","0","0","0","0","0","3","0","1","N","","","","","","","","","","","","03","  ","","",""
"0947","0","0","0","0","0","0","0","0","0","8","0","","36","03","2016","2016028524","7","40.1618","-76.393","0947","08","0","0","0","0","0","0","0","0","","0","0","0","09","1","1","01","0","40 09:42.560","","00","76 23:34.873","8","0","0","0","36410","1","0","0","N","1","0","0","2","36410","0","","1","01","N","N","0","","0","0","1","3","2","","0947","1","2","0","0","0","1","0","2","0","1","N","","","","","","","","","","","","03","  ","","",""
"0012","1","0","0","0","0","0","0","0","0","0","0","","36","03","2016","2016028527","3","40.1039","-76.4243","0007","08","0","0","0","0","0","0","0","0","2","0","0","0","00","2","0","00","1","40 06:14.033","4","00","76 25:27.493","0","0","0","0","36214","0","0","0","N","0","0","0","2","36214","0","","1","09","N","N","0","","0","0","0","0","0","N","0003","0","1","0","0","0","0","0","3","0","1","N","","","","","","","","","","","","07","  ","","",""
"0752","1","0","0","0","0","0","0","0","0","7","0","","36","03","2016","2016028528","1","40.0754","-76.2557","0742","08","0","0","0","0","0","0","0","0","","0","0","0","07","1","0","00","0","40 04:31.600","","00","76 15:20.500","0","0","0","0","36215","0","0","0","N","0","0","0","1","36215","0","","4","01","N","N","0","","0","0","0","0","0","","0739","0","1","0","0","0","0","0","1","0","1","N","","","","","","","","","","","","03","  ","","",""
"0149","0","0","0","0","0","0","0","0","0","7","0","","36","03","2016","2016028530","3","40.0481","-76.3564","0144","08","0","0","0","0","0","0","0","0","","0","0","0","01","2","0","00","0","40 02:53.235","","00","76 21:22.903","0","0","0","0","36214","0","0","0","N","0","0","0","1","36214","0","","5","09","N","N","1","","0","0","0","0","0","","0141","0","1","0","0","0","0","0","3","0","1","N","","","","","","","","","","","","07","  ","","",""
"0121","0","0","0","0","0","0","0","0","0","5","0","","36","03","2016","2016028531","3","40.0575","-76.3983","0117","08","0","0","0","0","0","0","1","0","","0","0","0","01","3","0","01","0","40 03:26.963","","00","76 23:53.840","0","0","0","0","36214","0","0","0","N","0","0","0","3","36214","0","","1","09","N","N","1","","0","0","1","3","1","","0116","0","2","0","0","0","0","0","3","0","2","N","","","","","","","","","","","","07","  ","","",""
"1740","0","0","0","0","0","0","0","0","0","0","0","","36","03","2016","2016028551","4","40.1037","-76.2536","1728","08","0","0","0","0","0","0","0","0","","0","0","0","17","1","1","02","0","40 06:13.442","","00","76 15:13.032","3","0","0","1","36101","0","0","0","N","0","0","0","1","36101","0","","1","01","N","N","0","","1","0","0","3","3","","1726","1","1","0","0","0","0","0","3","0","1","N","","","","","","","","","","","","03","  ","","",""
"1615","0","0","0","0","0","0","0","0","0","0","0","","36","03","2016","2016028574","7","40.066","-76.526","1606","08","0","0","0","0","0","0","0","0","2","0","1","0","16","1","1","00","2","40 03:57.700","5","00","76 31:33.500","3","0","0","0","36211","0","0","0","N","0","0","0","1","36504","0","","1","01","N","N","0","","1","0","0","0","0","Y","1606","1","1","0","0","1","0","0","1","0","1","N","","","","","","","","","","","","03","  ","","",""
"0730","1","0","0","0","0","0","0","0","0","1","0","","36","03","2016","2016028582","3","40.0602","-76.5351","0723","08","0","0","0","0","0","0","0","0","","0","0","0","07","1","0","00","0","40 03:36.837","","00","76 32:06.363","0","0","0","0","36211","0","0","0","N","0","0","0","2","36504","0","","1","09","N","N","0","","0","0","1","0","0","","0720","0","2","0","0","0","0","0","1","0","2","N","","","","","","","","","","","","03","  ","","",""
"1121","1","0","0","0","0","0","0","0","0","8","0","","36","03","2016","2016028617","3","40.0316","-76.2976","1120","08","0","0","0","0","0","0","0","0","1","0","0","0","11","1","1","00","1","40 01:53.815","2","00","76 17:51.279","8","0","0","0","36301","1","0","0","N","1","0","0","2","36301","0","","1","09","N","N","0","","0","0","0","0","0","N","1120","1","2","0","0","0","1","0","3","0","1","N","","","","","","","","","","","","07","  ","","",""
"1400","2","0","0","0","0","0","0","0","0","5","0","","36","03","2016","2016028629","6","40.0372","-76.3148","1345","08","0","0","0","0","0","0","0","0","2","0","0","0","13","1","0","00","2","40 02:13.800","1","00","76 18:53.100","0","0","0","0","36301","0","0","0","N","0","0","0","1","36301","0","","6","01","N","N","0","","0","0","0","0","0","Y","1321","0","2","0","0","0","0","0","3","0","2","N","","","","","","","","","","","","03","  ","","",""
"1737","2","0","0","0","0","0","0","0","0","4","0","","36","03","2016","2016028633","5","40.0487","-76.2989","1731","08","0","0","0","0","0","0","0","0","2","0","0","0","17","1","2","01","1","40 02:55.215","1","00","76 17:55.964","3","0","0","0","36301","0","0","0","N","0","0","0","4","36301","0","","1","01","N","N","0","","1","0","0","3","3","N","1731","2","2","0","0","0","1","0","3","0","2","N","","","","","","","","","","","","03","  ","","",""
"2156","1","0","0","0","0","0","0","0","0","4","0","","36","03","2016","2016028639","2","40.0395","-76.306","2155","08","0","0","0","1","0","0","0","0","2","0","0","0","21","3","0","01","1","40 02:22.248","4","00","76 18:21.489","0","0","0","0","36301","0","0","0","N","0","0","0","2","36301","0","","1","09","N","N","0","","0","0","1","3","2","N","2155","0","2","0","0","0","0","0","3","0","2","N","","","","","","","","","","","","07","  ","","",""
"1611","2","0","0","0","0","0","0","0","0","4","0","","36","03","2016","2016028653","3","40.0497","-76.2991","1606","08","0","0","0","0","0","0","0","0","2","0","0","0","16","1","1","01","1","40 02:59.053","4","00","76 17:56.662","3","0","0","0","36301","0","0","0","N","0","0","0","2","36301","0","","1","01","N","N","0","","1","0","0","3","3","N","1602","1","2","0","0","0","0","0","3","0","2","N","","","","","","","","","","","","03","  ","","",""
"2229","1","0","0","0","0","0","0","0","0","4","0","","36","03","2016","2016028654","6","40.0404","-76.2974","2227","08","0","0","0","0","0","0","1","0","2","0","0","0","22","3","0","01","1","40 02:25.538","1","00","76 17:50.699","0","0","0","0","36301","0","0","0","N","0","0","0","2","36301","0","","1","01","N","N","1","","0","0","0","3","2","N","2227","0","2","0","0","0","0","0","3","0","2","N","","","","","","","","","","","","03","  ","","",""
"1657","1","0","0","0","0","0","0","0","0","1","0","","36","03","2016","2016028660","3","40.0958","-76.2846","1648","08","0","0","1","0","0","0","0","0","1","0","0","0","16","1","0","00","1","40 05:44.752","1","00","76 17:04.738","0","0","0","0","36101","0","0","0","N","0","0","0","2","36101","0","","1","01","N","N","0","","0","0","1","0","0","N","1641","0","2","0","0","0","0","0","3","0","2","N","","","","","","","","","","","","03","  ","","",""
"0851","2","0","0","0","0","0","0","0","0","2","0","","36","03","2016","2016028667","3","40.0383","-76.5036","0847","08","0","0","0","0","0","0","0","1","3","0","0","0","08","1","0","00","1","40 02:18.000","3","00","76 30:12.900","0","0","0","0","36404","0","0","0","N","0","0","0","1","36404","0","","6","01","N","N","0","","0","0","0","0","0","N","0847","0","2","0","0","0","0","0","3","0","2","N","","","","","","","","","","","","03","  ","","",""
"1100","1","0","0","0","0","0","0","0","0","5","0","","36","03","2016","2016028955","1","40.034","-76.2966","1042","08","0","0","0","0","0","0","0","0","","0","0","0","06","5","0","00","0","40 02:02.300","","00","76 17:47.700","9","0","0","0","36301","0","0","0","N","0","0","0","1","36301","0","","6","09","N","N","0","","0","0","1","0","0","","0630","0","2","0","0","0","0","1","3","0","2","N","","","","","","","","","","","","03","  ","","",""
"0406","1","0","0","0","0","0","0","0","0","7","0","","36","03","2016","2016028961","4","40.0383","-76.3243","0403","08","0","0","0","0","0","0","0","0","2","0","0","0","04","3","1","00","2","40 02:17.915","7","00","76 19:27.512","8","0","0","0","36301","0","0","0","N","0","0","0","1","36301","0","","5","01","N","N","0","","0","0","0","0","0","Y","0401","1","1","0","0","1","1","0","3","0","1","N","","","","","","","","","","","","03","  ","","",""
"1258","2","0","0","0","0","0","0","0","0","1","0","","36","03","2016","2016029006","1","40.1445","-76.21","1254","08","0","0","0","0","0","1","0","0","1","0","0","0","12","1","2","01","1","40 08:40.212","2","00","76 12:36.127","3","0","0","0","36238","0","0","0","N","0","0","0","2","36238","1","","1","01","N","N","0","","1","0","0","0","0","Y","1254","2","2","0","0","0","0","0","3","0","2","N","","","","","","","","","","","","03","  ","","",""
"1547","1","0","0","0","0","0","0","0","0","0","0","","36","03","2016","2016029031","5","40.1496","-76.1765","1536","08","0","0","0","0","1","1","0","0","","0","0","0","15","1","0","00","0","40 08:58.392","","00","76 10:35.338","0","0","0","0","36238","0","0","0","N","0","0","0","2","36238","0","","1","01","N","N","0","","0","0","0","0","0","","1534","0","2","0","0","0","0","0","3","0","2","N","","","","","","","","","","","","03","  ","","",""
"0748","0","0","0","0","0","0","0","0","0","4","0","","36","03","2016","2016029036","4","40.2167","-76.1279","0743","08","0","0","0","0","0","1","0","0","1","0","0","0","07","1","0","02","1","40 13:00.207","4","00","76 07:40.324","0","0","0","0","36210","0","0","0","N","0","0","0","2","36210","0","","1","01","N","N","0","","0","0","2","3","3","N","0741","0","2","0","0","0","0","0","1","0","2","N","","","","","","","","","","","","03","  ","","",""
"0856","1","0","0","0","0","0","0","0","0","1","0","","36","03","2016","2016029042","6","40.1285","-76.2158","0850","08","0","0","0","0","0","0","0","0","","0","0","0","08","1","0","07","0","40 07:44.342","","02","76 12:57.476","0","0","0","0","36238","0","0","0","N","0","0","0","2","36238","0","","7","01","N","N","0","","0","0","1","3","2","","0850","0","2","0","0","0","0","0","3","0","2","N","","","","","","","","","","","","03","  ","","",""