"ARRIVAL_TM","AUTOMOBILE_COUNT","BELTED_DEATH_COUNT","BELTED_SUSP_SERIOUS_INJ_COUNT","BICYCLE_COUNT","BICYCLE_DEATH_COUNT","BICYCLE_SUSP_SERIOUS_INJ_COUNT","BUS_COUNT","CHLDPAS_DEATH_COUNT","CHLDPAS_SUSP_SERIOUS_INJ_COUNT","COLLISION_TYPE","COMM_VEH_COUNT","CONS_ZONE_SPD_LIM","COUNTY","CRASH_MONTH","CRASH_YEAR","CRN","DAY_OF_WEEK","DEC_LAT","DEC_LONG","DISPATCH_TM","DISTRICT","DRIVER_COUNT_16YR","DRIVER_COUNT_17YR","DRIVER_COUNT_18YR","DRIVER_COUNT_19YR","DRIVER_COUNT_20YR","DRIVER_COUNT_50_64YR","DRIVER_COUNT_65_74YR","DRIVER_COUNT_75PLUS","EST_HRS_CLOSED","FATAL_COUNT","HEAVY_TRUCK_COUNT","HORSE_BUGGY_COUNT","HOUR_OF_DAY","ILLUMINATION","INJURY_COUNT","INTERSECT_TYPE","LANE_CLOSED","LATITUDE","LN_CLOSE_DIR","LOCATION_TYPE","LONGITUDE","MAX_SEVERITY_LEVEL","MCYCLE_DEATH_COUNT","MCYCLE_SUSP_SERIOUS_INJ_COUNT","MOTORCYCLE_COUNT","MUNICIPALITY","NONMOTR_COUNT","NONMOTR_DEATH_COUNT","NONMOTR_SUSP_SERIOUS_INJ_COUNT","NTFY_HIWY_MAINT","PED_COUNT","PED_DEATH_COUNT","PED_SUSP_SERIOUS_INJ_COUNT","PERSON_COUNT","POLICE_AGCY","POSSIBLE_INJ_COUNT","RDWY_SURF_TYPE_CD","RELATION_TO_ROAD","ROAD_CONDITION","SCH_BUS_IND","SCH_ZONE_IND","SMALL_TRUCK_COUNT","SPEC_JURIS_CD","SUSP_MINOR_INJ_COUNT","SUSP_SERIOUS_INJ_COUNT","SUV_COUNT","TCD_FUNC_CD","TCD_TYPE","TFC_DETOUR_IND","TIME_OF_DAY","TOT_INJ_COUNT","TOTAL_UNITS","UNB_DEATH_COUNT","UNB_SUSP_SERIOUS_INJ_COUNT","UNBELTED_OCC_COUNT","UNK_INJ_DEG_COUNT","UNK_INJ_PER_COUNT","URBAN_RURAL","VAN_COUNT","VEHICLE_COUNT","WORK_ZONE_IND","WORK_ZONE_LOC","WORK_ZONE_TYPE","WORKERS_PRES","WZ_CLOSE_DETOUR","WZ_FLAGGER","WZ_LAW_OFFCR_IND","WZ_LN_CLOSURE","WZ_MOVING","WZ_OTHER","WZ_SHLDER_MDN","ROADWAY_CLEARED","WEATHER1","WEATHER2","WZ_WORKERS_INJ_KILLED","SECONDARY_CRASH","INTERSECTION_RELATED"
"1210","1","0","0","0","0","0","0","0","0","1","0","","36","03","2016","2016029072","7","40.076","-76.3087","1201","08","0","0","0","0","0","0","0","1","","0","0","0","11","1","1","00","0","40 04:33.587","","00","76 18:31.319","8","0","0","0","36101","0","0","0","N","0","0","0","2","36101","0","","1","01","N","N","0","","0","0","0","0","0","","1150","1","2","0","0","0","1","0","3","1","2","N","","","","","","","","","","","","03","  ","","",""
"0412","0","0","0","0","0","0","0","0","0","7","0","","36","03","2016","2016029191","6","39.8544","-76.2847","0345","08","0","0","0","0","0","0","0","0","","0","0","0","03","2","0","00","0","39 51:15.977","","00","76 17:04.886","0","0","0","0","36224","0","0","0","","0","0","0","1","68J01","0","","4","09","N","N","1","","0","0","0","0","0","","0345","0","1","0","0","0","0","0","1","0","1","N","","","","","","","","","","","","10","  ","","",""
"0136","1","0","0","0","0","0","0","0","0","7","0","","36","03","2016","2016029224","5","39.9768","-76.2035","0128","08","0","0","0","0","0","0","0","0","","0","0","0","01","2","0","02","0","39 58:36.320","","00","76 12:12.577","9","0","0","0","36233","0","0","0","","0","0","0","1","68J01","0","","4","01","N","N","0","","0","0","0","0","0","","0127","0","1","0","0","0","0","1","1","0","1","N","","","","","","","","","","","","03","  ","","",""
"1918","1","0","0","0","0","0","0","0","0","7","0","","36","03","2016","2016029262","6","40.2561","-76.12","1913","08","0","1","0","0","0","0","0","0","1","0","0","0","19","2","0","00","1","40 15:22.055","2","07","76 07:12.041","0","0","0","0","36210","0","0","0","N","0","0","0","1","36408","0","","5","01","N","N","0","","0","0","0","0","0","N","1911","0","2","0","0","0","0","0","1","0","1","N","","","","","","","","","","","","03","  ","","",""
"1016","1","0","0","0","0","0","0","0","0","4","0","","36","03","2016","2016029263","7","40.039","-76.5105","1007","08","1","0","0","0","0","0","0","0","2","0","0","0","10","1","0","01","1","40 02:20.317","5","02","76 30:37.949","0","0","0","0","36239","0","0","0","N","0","0","0","2","36404","0","","1","01","N","N","0","","0","0","0","3","2","N","1007","0","2","0","0","0","0","0","3","1","2","N","","","","","","","","","","","","03","  ","","",""
"2046","1","0","0","0","0","0","0","0","0","1","0","","36","03","2016","2016029270","1","40.1051","-76.3322","2044","08","0","0","0","0","0","0","0","0","1","0","0","0","20","3","1","01","1","40 06:18.479","2","00","76 19:55.791","4","0","0","0","36101","0","0","0","N","0","0","0","4","36101","1","","1","01","N","N","0","","0","0","1","3","2","N","2043","1","2","0","0","0","0","0","3","0","2","N","","","","","","","","","","","","03","  ","","",""
"0201","1","0","0","0","0","0","0","0","0","7","0","","36","03","2016","2016029276","3","40.038","-76.3201","0156","08","0","0","0","0","0","0","0","0","2","0","0","0","01","3","0","01","2","40 02:16.723","2","00","76 19:12.405","0","0","0","0","36301","0","0","0","N","0","0","0","1","36301","0","","4","01","N","N","0","","0","0","0","0","0","Y","0156","0","1","0","0","0","0","0","3","0","1","N","","","","","","","","","","","","03","  ","","",""
"2041","1","0","0","0","0","0","0","0","0","7","0","","36","02","2016","2016029282","6","40.1402","-76.152","2033","08","0","0","0","0","0","0","0","0","2","0","0","0","20","2","0","02","1","40 08:24.738","4","00","76 09:07.221","0","0","0","0","36238","0","0","0","N","0","0","0","1","36238","0","","5","02","N","N","0","","0","0","0","3","3","N","2030","0","1","0","0","0","0","0","3","0","1","N","","","","","","","","","","","","10","  ","","",""
"1355","0","0","0","0","0","0","0","0","0","7","0","","36","03","2016","2016029287","4","40.1187","-76.1103","1348","08","0","0","0","0","0","0","1","0","1","0","0","0","13","1","0","00","1","40 07:07.400","5","00","76 06:36.900","0","0","0","0","36209","0","0","0","N","0","0","0","1","36415","0","","4","01","N","N","0","","0","0","1","0","0","N","1348","0","1","0","0","0","0","0","1","0","1","N","","","","","","","","","","","","03","  ","","",""
"1529","1","0","0","0","0","0","0","0","0","1","0","","36","03","2016","2016029290","2","40.0812","-76.4064","1528","08","0","0","1","0","0","0","0","1","2","0","0","0","15","1","0","00","2","40 04:52.190","3","00","76 24:23.030","0","0","0","0","36214","0","0","0","","0","0","0","2","36214","0","","1","01","N","N","0","","0","0","1","0","0","N","1520","0","2","0","0","0","0","0","3","0","2","N","","","","","","","","","","","","03","  ","","",""
"1608","2","0","0","0","0","0","0","0","0","1","0","","36","03","2016","2016029291","2","40.057","-76.3946","1603","08","0","0","0","0","0","1","0","0","2","0","0","0","16","1","0","02","2","40 03:25.162","4","00","76 23:40.646","0","0","0","0","36214","0","0","0","","0","0","0","3","36214","0","","1","01","N","N","0","","0","0","0","0","0","N","1600","0","2","0","0","0","0","0","3","0","2","N","","","","","","","","","","","","03","  ","","",""
"0712","0","0","0","0","0","0","0","0","0","7","1","","36","03","2016","2016029292","6","40.0418","-76.4043","0659","08","0","0","0","0","0","1","0","0","","0","1","0","06","1","0","00","0","40 02:30.401","","07","76 24:15.636","0","0","0","0","36214","0","0","0","","0","0","0","1","36214","0","","4","09","N","N","0","","0","0","0","0","0","","0650","0","1","0","0","0","0","0","3","0","1","N","","","","","","","","","","","","07","  ","","",""
"1441","1","0","0","0","0","0","0","0","0","1","0","","36","03","2016","2016029293","7","40.0388","-76.3582","1434","08","0","0","0","1","0","1","0","0","1","0","0","0","14","1","1","00","1","40 02:19.595","4","00","76 21:29.470","3","0","0","0","36214","0","0","0","","0","0","0","4","36214","0","","1","01","N","N","0","","1","0","1","0","0","N","1425","1","2","0","0","0","0","0","3","0","2","N","","","","","","","","","","","","03","  ","","",""
"0816","2","0","0","0","0","0","0","0","0","1","0","","36","03","2016","2016029316","3","39.8972","-76.1636","0815","08","0","0","0","0","0","1","0","1","2","0","0","0","08","1","0","02","1","39 53:49.830","4","00","76 09:48.855","0","0","0","0","36416","0","0","0","N","0","0","0","3","36416","0","","1","01","N","N","0","","0","0","0","0","0","N","0814","0","2","0","0","0","0","0","1","0","2","N","","","","","","","","","","","","03","  ","","",""
"1303","2","0","0","0","0","0","0","0","0","1","0","","36","03","2016","2016029411","5","40.0823","-76.3976","1258","08","0","0","0","0","0","1","1","0","1","0","0","0","12","1","1","01","1","40 04:56.208","1","00","76 23:51.216","4","0","0","0","36214","0","0","0","N","0","0","0","3","36214","1","","1","01","N","N","1","","0","0","0","3","3","N","1255","1","3","0","0","0","0","0","3","0","3","N","","","","","","","","","","","","03","  ","","",""
"1218","1","0","0","0","0","0","0","0","0","0","0","","36","03","2016","2016029420","1","40.1551","-76.1244","1214","08","1","0","0","0","0","0","0","0","2","0","0","0","12","1","0","02","1","40 09:18.278","3","00","76 07:27.939","0","0","0","0","36218","0","0","0","N","0","0","0","1","36408","0","","1","01","N","N","0","","0","0","0","0","0","N","1212","0","1","0","0","1","0","0","1","0","1","N","","","","","","","","","","","","03","  ","","",""
"1611","2","0","0","0","0","0","0","0","0","1","0","","36","03","2016","2016029429","5","40.0561","-76.3881","1608","08","0","0","0","0","1","2","0","0","1","0","0","0","16","1","3","02","2","40 03:21.879","7","00","76 23:17.219","3","0","0","0","36214","0","0","0","N","0","0","0","3","36214","1","","1","01","N","N","0","","2","0","1","0","0","N","1603","3","3","0","0","0","0","0","3","0","3","N","","","","","","","","","","","","03","  ","","",""
"1308","2","0","0","0","0","0","0","0","0","1","0","","36","03","2016","2016029451","4","40.1327","-76.3471","1302","08","0","0","0","0","0","0","0","0","","0","0","0","13","1","0","00","0","40 07:57.725","","00","76 20:49.383","0","0","0","0","36227","0","0","0","N","0","0","0","2","36506","0","","1","01","N","N","0","","0","0","0","0","0","","1302","0","2","0","0","1","0","0","1","0","2","N","","","","","","","","","","","","03","  ","","",""
"1007","0","0","0","0","0","0","0","0","0","4","0","","36","03","2016","2016029452","5","40.1693","-76.3862","1007","08","0","0","0","0","0","0","0","0","","0","0","0","10","1","0","00","0","40 10:09.365","","00","76 23:10.293","0","0","0","0","36227","0","0","0","N","0","0","0","3","36506","0","","1","01","N","N","1","","0","0","1","0","0","","1004","0","2","0","0","0","0","0","1","0","2","N","","","","","","","","","","","","03","  ","","",""
"1547","1","0","0","0","0","0","0","0","0","4","0","","36","03","2016","2016029492","2","40.1486","-75.9042","1530","08","0","0","0","0","0","0","0","1","3","0","0","0","15","1","2","01","1","40 08:54.783","1","00","75 54:15.055","8","0","0","0","36203","0","0","0","","0","0","0","2","68J01","0","","1","01","N","N","0","","0","0","1","3","3","N","1528","2","2","0","0","0","2","0","1","0","2","N","","","","","","","","","","","","03","  ","","",""
"1032","2","0","0","0","0","0","0","0","0","4","0","","36","03","2016","2016029515","5","40.0399","-76.3664","1027","08","0","0","0","0","0","1","1","0","","0","0","0","10","1","0","02","0","40 02:23.785","","00","76 21:58.903","0","0","0","0","36214","0","0","0","","0","0","0","2","36214","0","","1","01","N","N","0","","0","0","0","3","3","","1024","0","2","0","0","0","0","0","3","0","2","N","","","","","","","","","","","","03","  ","","",""
"1555","1","0","1","0","0","0","0","0","0","4","0","","36","03","2016","2016029545","5","40.2747","-76.1354","1554","08","0","0","0","0","0","0","1","0","3","0","0","0","15","1","2","05","1","40 16:29.078","4","00","76 08:07.606","2","0","0","0","36236","0","0","0","N","0","0","0","2","36408","0","","1","01","N","N","0","","1","1","1","3","3","N","1554","2","2","0","0","0","0","0","1","0","2","N","","","","","","","","","","","","03","  ","","",""
"0135","2","0","0","0","0","0","0","0","0","1","0","","36","03","2016","2016029560","1","40.037","-76.3149","0134","08","0","0","0","0","0","0","0","0","","0","0","0","01","3","0","00","0","40 02:13.116","","00","76 18:53.603","0","0","0","0","36301","0","0","0","N","0","0","0","1","36301","0","","6","01","N","N","0","","0","0","1","0","0","","0133","0","3","0","0","0","0","0","3","0","3","N","","","","","","","","","","","","03","  ","","",""
"2033","1","0","0","0","0","0","0","0","0","1","0","","36","03","2016","2016029566","5","40.0762","-76.2966","2033","08","0","0","0","0","1","1","0","0","1","0","0","0","20","2","1","00","2","40 04:34.218","5","07","76 17:47.752","4","0","0","0","36101","0","0","0","N","0","0","0","3","36101","1","","1","01","N","N","0","","0","0","1","0","0","Y","2030","1","2","0","0","0","0","0","3","0","2","N","","","","","","","","","","","","03","  ","","",""
"1820","2","0","0","0","0","0","0","0","0","1","0","","36","03","2016","2016029573","5","40.0411","-76.364","1810","08","0","0","0","0","0","1","0","1","1","0","0","0","18","1","3","00","1","40 02:27.860","2","00","76 21:50.301","4","0","0","0","36214","0","0","0","N","0","0","0","4","36214","3","","1","01","N","N","1","","0","0","1","0","0","N","1802","3","4","0","0","0","0","0","3","0","4","N","","","","","","","","","","","","03","  ","","",""
"0535","1","0","0","0","0","0","0","0","0","1","0","","36","03","2016","2016029597","5","40.0392","-76.2948","0532","08","0","0","0","0","0","0","0","0","2","0","0","0","05","3","2","00","1","40 02:21.107","3","00","76 17:41.397","4","0","0","0","36301","0","0","0","N","0","0","0","4","36301","2","","1","01","N","N","0","","0","0","1","0","0","Y","0530","2","2","0","0","0","0","0","3","0","2","N","","","","","","","","","","","","03","  ","","",""
"1548","2","0","0","0","0","0","0","0","0","4","0","","36","03","2016","2016029654","5","40.1686","-76.2362","1538","08","0","0","0","0","1","0","1","0","2","0","0","0","15","1","0","01","1","40 10:06.990","2","00","76 14:10.429","0","0","0","0","36218","0","0","0","N","0","0","0","3","36408","0","","1","01","N","N","0","","0","0","0","3","3","Y","1538","0","2","0","0","0","0","0","1","0","2","N","","","","","","","","","","","","03","  ","","",""
"1724","1","0","0","1","0","0","0","0","0","5","0","","36","03","2016","2016030021","6","40.1305","-76.1518","1720","08","0","0","0","0","0","0","0","0","","0","0","0","17","1","1","00","0","40 07:49.647","","00","76 09:06.305","8","0","0","0","36238","1","0","0","N","0","0","0","2","36238","0","","1","01","N","N","0","","0","0","0","0","0","","1720","1","2","0","0","0","1","0","3","0","1","N","","","","","","","","","","","","03","  ","","",""
"2224","1","0","0","0","0","0","0","0","0","4","0","","36","03","2016","2016030051","6","40.0271","-76.3252","2218","08","0","0","0","0","1","1","0","0","2","0","0","0","22","3","2","01","2","40 01:37.600","5","00","76 19:30.600","3","0","0","0","36220","0","0","0","N","0","0","0","3","36101","1","","1","01","N","N","0","","1","0","1","0","0","Y","2218","2","2","0","0","0","0","0","3","0","2","N","","","","","","","","","","","","03","  ","","",""
"0058","1","0","0","0","0","0","0","0","0","7","0","","36","03","2016","2016030061","7","40.0823","-76.3976","0058","08","0","0","0","0","0","0","0","0","","0","0","0","00","2","0","01","0","40 04:56.208","","00","76 23:51.216","0","0","0","0","36214","0","0","0","N","0","0","0","1","36214","0","","2","01","N","N","0","","0","0","0","0","0","","0057","0","1","0","0","0","0","0","3","0","1","N","","","","","","","","","","","","03","  ","","",""
"1921","1","0","0","0","0","0","0","0","0","4","0","","36","03","2016","2016030074","6","40.0379","-76.2745","1912","08","0","0","0","0","0","1","0","0","3","0","0","0","19","3","2","02","2","40 02:16.839","6","00","76 16:28.341","4","0","0","0","36220","0","0","0","N","0","0","0","2","36101","2","","1","01","N","N","0","","0","0","1","3","2","Y","1909","2","2","0","0","0","0","0","3","0","2","N","","","","","","","","","","","","03","  ","","",""
"1140","0","0","0","0","0","0","0","0","0","4","0","","36","03","2016","2016030147","6","40.0386","-76.3358","1137","08","0","0","0","0","0","1","0","0","2","0","0","0","11","1","0","01","2","40 02:18.838","4","00","76 20:08.893","0","0","0","0","36220","0","0","0","N","0","0","0","5","36101","0","","1","01","N","N","0","","0","0","0","3","2","Y","1135","0","2","0","0","0","0","0","3","2","2","N","","","","","","","","","","","","03","  ","","",""
"1559","1","0","0","0","0","0","0","0","0","1","0","","36","03","2016","2016030161","6","40.1036","-76.357","1548","08","0","0","0","0","0","1","0","0","2","0","0","0","15","1","0","00","1","40 06:13.100","1","00","76 21:25.200","0","0","0","0","36406","0","0","0","N","0","0","0","1","36101","0","","6","01","N","N","0","","0","0","1","0","0","N","1532","0","2","0","0","0","0","0","3","0","2","N","","","","","","","","","","","","03","  ","","",""
"1421","1","0","0","0","0","0","0","0","0","1","0","","36","03","2016","2016030163","6","40.1148","-76.0353","1420","08","0","0","0","0","0","1","0","0","","0","0","0","14","1","0","00","0","40 06:53.300","","00","76 02:07.203","0","0","0","0","36213","0","0","0","N","0","0","0","2","36213","0","","1","01","N","N","0","","0","0","1","0","0","","1417","0","2","0","0","1","0","0","1","0","2","N","","","","","","","","","","","","03","  ","","",""
"1349","0","0","0","0","0","0","0","0","0","4","0","","36","03","2016","2016030180","5","40.044","-76.294","1347","08","0","0","0","0","0","1","0","0","1","0","0","0","13","1","1","01","1","40 02:38.288","4","00","76 17:38.561","8","0","0","1","36301","0","0","0","N","0","0","0","2","36301","0","","1","01","N","N","0","","0","0","1","0","0","N","1347","1","2","0","0","0","1","0","3","0","2","N","","","","","","","","","","","","03","  ","","",""
"1345","1","0","0","0","0","0","0","0","0","4","0","","36","03","2016","2016030190","6","40.0314","-76.4815","1341","08","0","0","0","0","0","2","0","0","1","0","0","0","13","1","0","01","1","40 01:53.031","4","00","76 28:53.503","0","0","0","0","36239","0","0","0","N","0","0","0","3","36404","0","","1","01","N","N","0","","0","0","1","3","2","Y","1340","0","2","0","0","0","0","0","3","0","2","N","","","","","","","","","","","","03","  ","","",""
"1435","0","0","0","0","0","0","0","0","0","4","0","","36","03","2016","2016030221","7","40.0661","-76.336","1429","08","0","0","0","0","0","1","0","0","","0","0","0","14","1","3","01","0","40 03:57.900","","00","76 20:09.500","3","0","0","0","36301","0","0","0","N","0","0","0","5","36301","0","","4","01","N","N","0","","2","0","1","3","3","","1429","3","2","0","0","2","1","0","3","1","2","N","","","","","","","","","","","","03","  ","","",""
"1347","2","0","0","0","0","0","0","0","0","4","0","","36","03","2016","2016030222","7","40.0382","-76.3235","1343","08","0","0","0","0","0","1","0","0","","0","0","0","13","1","0","01","0","40 02:17.650","","00","76 19:24.572","0","0","0","0","36301","0","0","0","N","0","0","0","5","36301","0","","1","01","N","N","0","","0","0","0","3","2","","1343","0","2","0","0","0","0","0","3","0","2","N","","","","","","","","","","","","03","  ","","",""
"1738","1","0","0","0","0","0","0","0","0","4","0","","36","03","2016","2016030241","6","40.1791","-76.6006","1735","08","0","0","0","0","0","0","0","0","2","0","0","0","17","1","1","01","2","40 10:44.805","2","02","76 36:01.990","8","0","0","0","36225","0","0","0","N","0","0","0","2","36505","0","","1","01","N","N","0","","0","0","1","3","2","Y","1733","1","2","0","0","1","1","0","2","0","2","N","","","","","","","","","","","","03","  ","","",""
"0155","0","0","0","0","0","0","0","0","0","7","0","","36","03","2016","2016030293","7","40.13","-76.1177","0150","08","0","0","0","0","0","0","0","0","","0","0","0","01","2","0","00","0","40 07:48.042","","00","76 07:03.672","0","0","0","0","36209","0","0","0","N","0","0","0","1","36415","0","","4","01","N","N","1","","0","0","0","3","8","","0149","0","1","0","0","0","0","0","1","0","1","N","","","","","","","","","","","","03","  ","","",""
"1847","1","0","0","0","0","0","0","0","0","1","0","","36","03","2016","2016030311","3","40.0684","-76.3301","1759","08","0","0","0","0","0","0","0","0","","0","0","0","17","1","0","00","0","40 04:06.245","","00","76 19:48.188","0","0","0","0","36301","0","0","0","N","0","0","0","2","36301","0","","1","01","N","N","0","","0","0","1","0","0","","1759","0","3","0","0","0","0","0","3","0","2","N","","","","","","","","","","","","03","  ","","",""
"0047","3","0","0","0","0","0","0","0","0","5","0","","36","03","2016","2016030322","1","40.0369","-76.2966","0042","08","0","0","0","0","0","0","0","0","2","0","0","0","00","3","0","00","2","40 02:12.800","4","00","76 17:47.600","9","0","0","0","36301","0","0","0","N","0","0","0","1","36301","0","","6","01","N","N","0","","0","0","0","0","0","Y","0042","0","3","0","0","0","0","1","3","0","3","N","","","","","","","","","","","","03","  ","","",""
"0349","1","0","0","0","0","0","0","0","0","7","0","","36","03","2016","2016030333","3","40.1866","-76.5941","0343","08","0","0","0","1","0","0","0","0","","0","0","0","03","2","0","00","0","40 11:11.900","","00","76 35:38.700","0","0","0","0","36225","0","0","0","","0","0","0","1","36505","0","","4","01","N","N","0","","0","0","0","0","0","","0335","0","1","0","0","1","0","0","2","0","1","N","","","","","","","","","","","","03","  ","","",""
"0712","1","0","0","0","0","0","0","0","0","7","0","","36","03","2016","2016030340","1","40.1176","-76.0996","0707","08","0","0","0","0","0","0","0","0","2","0","0","0","07","1","1","00","2","40 07:03.412","1","00","76 05:58.574","4","0","0","0","36209","0","0","0","N","0","0","0","1","36415","1","","4","01","N","N","0","","0","0","0","0","0","Y","0707","1","1","0","0","0","0","0","1","0","1","N","","","","","","","","","","","","03","  ","","",""
"1239","0","0","0","0","0","0","0","0","0","4","0","","36","03","2016","2016030374","7","40.044","-76.3242","1232","08","0","0","0","0","0","1","0","0","2","0","0","0","12","1","1","01","2","40 02:38.414","1","00","76 19:27.148","4","0","0","0","36301","0","0","0","N","0","0","0","3","36301","1","","1","01","N","N","0","","0","0","1","3","2","Y","1232","1","2","0","0","0","0","0","3","1","2","N","","","","","","","","","","","","03","  ","","",""
"1215","1","0","0","0","0","0","0","0","0","1","0","","36","03","2016","2016030375","1","40.2159","-76.0899","1212","08","0","0","0","0","0","0","0","1","","0","0","0","12","1","1","00","0","40 12:57.131","","00","76 05:23.611","4","0","0","0","36210","0","0","0","N","0","0","0","2","36210","1","","1","01","N","N","0","","0","0","1","0","0","","1210","1","2","0","0","0","0","0","1","0","2","N","","","","","","","","","","","","03","  ","","",""
"1451","0","0","0","0","0","0","0","0","0","7","0","","36","02","2016","2016030451","5","39.9796","-76.1997","1448","08","0","0","0","0","0","0","1","0","3","0","0","0","14","1","1","00","2","39 58:46.619","6","00","76 11:58.774","2","0","0","0","36417","0","0","0","Y","0","0","0","1","36417","0","","4","09","N","N","0","","0","1","0","0","0","Y","1445","1","1","0","0","0","0","0","1","1","1","N","","","","","","","","","","","","07","  ","","",""
"1528","1","0","0","0","0","0","0","0","0","1","0","","36","03","2016","2016030496","5","40.0252","-76.2549","1520","08","1","0","0","0","0","1","0","0","","0","0","0","15","1","0","00","0","40 01:30.800","","00","76 15:17.600","0","0","0","1","36240","0","0","0","N","0","0","0","2","36240","0","","1","01","N","N","0","","0","0","0","0","0","","1520","0","2","0","0","0","0","0","1","0","2","N","","","","","","","","","","","","03","  ","","",""
"2209","1","0","0","0","0","0","0","0","0","7","0","","36","03","2016","2016030524","7","39.9939","-76.3147","2204","08","0","0","0","0","0","0","0","0","","0","0","0","21","2","2","00","0","39 59:38.094","","00","76 18:53.008","3","0","0","0","36228","0","0","0","N","0","0","0","2","36503","1","","4","01","N","N","0","","1","0","0","0","0","","2159","2","1","0","0","0","0","0","1","0","1","N","","","","","","","","","","","","03","  ","","",""
"2033","2","0","0","0","0","0","0","0","0","4","0","","36","03","2016","2016030544","6","40.0685","-76.3074","2023","08","0","0","0","0","0","1","0","0","1","0","0","0","20","3","2","01","1","40 04:06.605","1","00","76 18:27.559","3","0","0","0","36101","0","0","0","N","0","0","0","4","36101","1","","1","01","N","N","0","","1","0","0","3","2","N","2021","2","2","0","0","0","0","0","3","0","2","N","","","","","","","","","","","","03","  ","","",""
"1700","2","0","0","0","0","0","0","0","0","4","0","","36","03","2016","2016030586","5","40.0497","-76.2991","1653","08","0","0","0","0","0","0","0","0","2","0","0","0","16","1","0","01","1","40 02:59.053","3","00","76 17:56.662","0","0","0","0","36301","0","0","0","N","0","0","0","3","36301","0","","1","01","N","N","0","","0","0","0","3","3","N","1651","0","2","0","0","0","0","0","3","0","2","N","","","","","","","","","","","","03","  ","","",""
"1233","2","0","0","0","0","0","0","0","0","4","0","","36","03","2016","2016030592","5","40.0417","-76.3167","1229","08","0","0","0","0","0","0","0","0","","0","0","0","12","1","0","01","0","40 02:30.253","","00","76 19:00.080","0","0","0","0","36301","0","0","0","N","0","0","0","2","36301","0","","1","01","N","N","0","","0","0","0","3","3","","1217","0","2","0","0","0","0","0","3","0","2","N","","","","","","","","","","","","03","  ","","",""
"2239","2","0","0","0","0","0","0","0","0","1","0","","36","03","2016","2016030598","4","40.0151","-76.3159","2233","08","0","0","0","0","0","0","0","0","2","0","0","0","22","3","0","00","1","40 00:54.194","2","00","76 18:57.265","0","0","0","0","36220","0","0","0","N","0","0","0","1","36101","0","","2","01","N","N","0","","0","0","0","0","0","N","2231","0","2","0","0","0","0","0","3","0","2","N","","","","","","","","","","","","03","  ","","",""
"1058","1","0","0","0","0","0","0","0","0","4","0","","36","03","2016","2016030628","2","40.0661","-76.3731","1049","08","0","0","1","0","0","1","0","0","","0","0","0","10","1","2","02","0","40 03:57.963","","00","76 22:23.278","8","0","0","0","36214","0","0","0","N","0","0","0","2","36214","0","","1","01","N","N","0","","0","0","1","3","3","","1048","2","2","0","0","1","2","0","3","0","2","N","","","","","","","","","","","","03","  ","","",""
"0300","1","0","0","0","0","0","0","0","0","7","0","","36","03","2016","2016030835","6","40.1158","-76.0388","0258","08","0","0","0","0","0","0","0","0","","0","0","0","02","2","0","00","0","40 06:56.853","","00","76 02:19.825","0","0","0","0","36213","0","0","0","N","0","0","0","1","36213","0","","4","01","N","N","0","","0","0","0","0","0","","0255","0","1","0","0","0","0","0","1","0","1","N","","","","","","","","","","","","03","  ","","",""
"1706","0","0","0","0","0","0","0","0","0","1","0","","36","03","2016","2016030860","1","40.0341","-76.2505","1703","08","0","0","0","0","0","0","1","0","","0","0","0","17","1","1","03","0","40 02:02.900","","00","76 15:01.759","4","0","0","0","36215","0","0","0","N","0","0","0","4","36215","1","","1","01","N","N","0","","0","0","1","3","2","","1700","1","2","0","0","0","0","0","1","1","2","N","","","","","","","","","","","","03","  ","","",""
"1042","1","0","0","0","0","0","0","0","0","1","1","","36","03","2016","2016030872","6","40.0917","-76.161","1041","08","0","0","0","0","0","2","0","0","2","0","1","0","10","1","1","00","2","40 05:30.037","6","00","76 09:39.595","3","0","0","0","36234","0","0","0","N","0","0","0","3","36215","0","","1","01","N","N","0","","1","0","1","0","0","Y","1040","1","3","0","0","0","0","0","1","0","3","N","","","","","","","","","","","","03","  ","","",""
"1142","1","0","0","0","0","0","0","0","0","4","0","","36","03","2016","2016030890","2","40.2038","-76.3488","1138","08","0","0","0","0","1","0","0","1","9","0","0","0","11","1","1","01","2","40 12:13.881","7","00","76 20:55.798","8","0","0","0","36227","0","0","0","N","0","0","0","3","36506","0","","1","01","N","N","0","","0","0","0","3","3","Y","1131","1","2","0","0","0","1","0","1","1","2","N","","","","","","","","","","","","03","  ","","",""
"1455","1","0","0","0","0","0","0","0","0","1","0","","36","03","2016","2016030955","2","40.1501","-76.0608","1448","08","0","0","0","0","0","1","1","0","2","0","0","0","14","1","1","00","1","40 09:00.300","1","07","76 03:39.000","8","0","0","0","36213","0","0","0","N","0","0","0","2","36213","0","","1","01","N","N","1","","0","0","0","0","0","N","1445","1","2","0","0","0","1","0","1","0","2","N","","","","","","","","","","","","03","  ","","",""
"1511","1","0","0","0","0","0","0","0","0","7","0","","36","03","2016","2016030959","4","40.0305","-76.3829","1508","08","0","0","1","0","0","0","0","0","","0","0","0","15","1","1","00","0","40 01:49.730","","00","76 22:58.400","8","0","0","0","36223","0","0","0","","0","0","0","1","36223","0","","5","01","N","N","0","","0","0","0","0","0","","1505","1","1","0","0","0","1","0","1","0","1","N","","","","","","","","","","","","03","  ","","",""