"ARRIVAL_TM","AUTOMOBILE_COUNT","BELTED_DEATH_COUNT","BELTED_SUSP_SERIOUS_INJ_COUNT","BICYCLE_COUNT","BICYCLE_DEATH_COUNT","BICYCLE_SUSP_SERIOUS_INJ_COUNT","BUS_COUNT","CHLDPAS_DEATH_COUNT","CHLDPAS_SUSP_SERIOUS_INJ_COUNT","COLLISION_TYPE","COMM_VEH_COUNT","CONS_ZONE_SPD_LIM","COUNTY","CRASH_MONTH","CRASH_YEAR","CRN","DAY_OF_WEEK","DEC_LAT","DEC_LONG","DISPATCH_TM","DISTRICT","DRIVER_COUNT_16YR","DRIVER_COUNT_17YR","DRIVER_COUNT_18YR","DRIVER_COUNT_19YR","DRIVER_COUNT_20YR","DRIVER_COUNT_50_64YR","DRIVER_COUNT_65_74YR","DRIVER_COUNT_75PLUS","EST_HRS_CLOSED","FATAL_COUNT","HEAVY_TRUCK_COUNT","HORSE_BUGGY_COUNT","HOUR_OF_DAY","ILLUMINATION","INJURY_COUNT","INTERSECT_TYPE","LANE_CLOSED","LATITUDE","LN_CLOSE_DIR","LOCATION_TYPE","LONGITUDE","MAX_SEVERITY_LEVEL","MCYCLE_DEATH_COUNT","MCYCLE_SUSP_SERIOUS_INJ_COUNT","MOTORCYCLE_COUNT","MUNICIPALITY","NONMOTR_COUNT","NONMOTR_DEATH_COUNT","NONMOTR_SUSP_SERIOUS_INJ_COUNT","NTFY_HIWY_MAINT","PED_COUNT","PED_DEATH_COUNT","PED_SUSP_SERIOUS_INJ_COUNT","PERSON_COUNT","POLICE_AGCY","POSSIBLE_INJ_COUNT","RDWY_SURF_TYPE_CD","RELATION_TO_ROAD","ROAD_CONDITION","SCH_BUS_IND","SCH_ZONE_IND","SMALL_TRUCK_COUNT","SPEC_JURIS_CD","SUSP_MINOR_INJ_COUNT","SUSP_SERIOUS_INJ_COUNT","SUV_COUNT","TCD_FUNC_CD","TCD_TYPE","TFC_DETOUR_IND","TIME_OF_DAY","TOT_INJ_COUNT","TOTAL_UNITS","UNB_DEATH_COUNT","UNB_SUSP_SERIOUS_INJ_COUNT","UNBELTED_OCC_COUNT","UNK_INJ_DEG_COUNT","UNK_INJ_PER_COUNT","URBAN_RURAL","VAN_COUNT","VEHICLE_COUNT","WORK_ZONE_IND","WORK_ZONE_LOC","WORK_ZONE_TYPE","WORKERS_PRES","WZ_CLOSE_DETOUR","WZ_FLAGGER","WZ_LAW_OFFCR_IND","WZ_LN_CLOSURE","WZ_MOVING","WZ_OTHER","WZ_SHLDER_MDN","ROADWAY_CLEARED","WEATHER1","WEATHER2","WZ_WORKERS_INJ_KILLED","SECONDARY_CRASH","INTERSECTION_RELATED"
"0635","3","0","0","0","0","0","0","0","0","1","0","","36","03","2016","2016030965","3","40.1709","-76.3999","0631","08","0","0","0","0","0","1","0","0","1","0","0","0","06","1","0","02","1","40 10:15.238","5","00","76 23:59.610","0","0","0","0","36230","0","0","0","N","0","0","0","3","36410","0","","1","01","N","N","0","","0","0","0","0","0","N","0631","0","3","0","0","3","0","0","1","0","3","N","","","","","","","","","","","","03","  ","","",""
"1709","1","0","0","0","0","0","0","0","0","7","0","","36","03","2016","2016030968","2","40.1535","-76.128","1705","08","0","0","0","0","0","0","0","0","","0","0","0","16","1","1","01","0","40 09:12.745","","00","76 07:40.970","8","0","0","0","36218","0","0","0","Y","0","0","0","1","36408","0","","4","01","N","N","0","","0","0","0","3","2","","1649","1","1","0","0","1","1","0","1","0","1","N","","","","","","","","","","","","03","  ","","",""
"2001","1","0","0","0","0","0","0","0","0","4","0","","36","03","2016","2016030969","2","40.0331","-76.2451","2001","08","0","0","0","0","0","0","1","0","2","0","0","0","20","3","0","02","1","40 01:59.281","1","00","76 14:42.451","0","0","0","0","36215","0","0","0","N","0","0","0","2","36215","0","","1","01","N","N","1","","0","0","0","3","2","N","2001","0","2","0","0","0","0","0","1","0","2","N","","","","","","","","","","","","03","  ","","",""
"1614","0","0","0","0","0","0","0","0","0","4","0","","36","03","2016","2016030987","2","40.045","-76.2837","1614","08","0","0","0","0","0","1","0","0","2","0","0","0","16","1","0","01","1","40 02:42.261","3","00","76 17:01.349","0","0","0","0","36301","0","0","0","N","0","0","0","4","36301","0","","1","01","N","N","0","","0","0","2","3","2","N","1612","0","2","0","0","0","0","0","3","0","2","N","","","","","","","","","","","","03","  ","","",""
"0805","1","0","0","0","0","0","0","0","0","1","0","","36","03","2016","2016030988","3","40.0852","-76.2708","0752","08","1","0","0","0","0","1","0","0","","0","0","0","07","1","0","00","0","40 05:06.726","","00","76 16:15.035","0","0","0","0","36101","0","0","0","N","0","0","0","3","36101","0","","1","01","N","N","0","","0","0","2","0","0","","0752","0","3","0","0","0","0","0","3","0","3","N","","","","","","","","","","","","03","  ","","",""
"0835","1","0","0","1","0","0","0","0","0","4","0","","36","03","2016","2016030995","2","40.0408","-76.309","0833","08","0","0","0","0","0","0","0","0","","0","0","0","08","1","1","01","0","40 02:26.998","","00","76 18:32.533","8","0","0","0","36301","1","0","0","N","0","0","0","2","36301","0","","1","01","N","N","0","","0","0","0","3","3","","0833","1","2","0","0","0","1","0","3","0","1","N","","","","","","","","","","","","03","  ","","",""
"1758","2","0","0","0","0","0","0","0","0","1","0","","36","03","2016","2016031005","2","40.0687","-76.3297","1741","08","0","0","0","0","0","0","0","0","2","0","0","0","17","1","0","00","1","40 04:07.184","3","00","76 19:46.871","0","0","0","0","36101","0","0","0","N","0","0","0","3","36101","0","","1","01","N","N","0","","0","0","0","0","0","N","1727","0","2","0","0","0","0","0","3","0","2","N","","","","","","","","","","","","03","  ","","",""
"1739","1","0","0","0","0","0","0","0","0","1","0","","36","03","2016","2016031034","2","40.0546","-76.2693","1738","08","0","0","0","1","0","0","0","0","","0","0","0","17","1","0","06","0","40 03:16.503","","02","76 16:09.404","0","0","0","0","36301","0","0","0","N","0","0","0","2","36301","0","","1","01","N","N","1","","0","0","0","3","4","","1729","0","2","0","0","0","0","0","3","0","2","N","","","","","","","","","","","","03","  ","","",""
"1658","2","0","0","0","0","0","0","0","0","4","0","","36","03","2016","2016031039","5","40.0358","-76.3102","1651","08","0","0","0","0","0","0","1","0","1","0","0","0","16","1","0","05","1","40 02:08.833","2","00","76 18:36.687","0","0","0","0","36301","0","0","0","N","0","0","0","3","36301","0","","1","01","N","N","0","","0","0","0","0","0","N","1644","0","2","0","0","0","0","0","3","0","2","N","","","","","","","","","","","","03","  ","","",""
"1937","0","0","0","0","0","0","0","0","0","7","0","","36","03","2016","2016031042","2","40.0778","-76.5435","1931","08","0","0","0","0","0","1","0","0","2","0","0","0","19","2","1","00","2","40 04:39.903","6","00","76 32:36.718","8","0","0","0","36211","0","0","0","N","0","0","0","1","36504","0","","5","01","N","N","0","","0","0","0","0","0","Y","1925","1","1","0","0","1","1","0","1","1","1","N","","","","","","","","","","","","03","  ","","",""
"1745","2","0","0","0","0","0","0","0","0","5","0","","36","03","2016","2016031099","2","40.0524","-76.5175","1740","08","0","0","0","0","0","0","0","0","","0","0","0","17","1","0","00","0","40 03:08.818","","00","76 31:02.851","0","0","0","0","36239","0","0","0","N","0","0","0","1","36239","0","","2","01","N","N","0","","0","0","0","0","0","","1730","0","2","0","0","0","0","0","3","0","2","N","","","","","","","","","","","","03","  ","","",""
"0352","1","0","0","0","0","0","0","0","0","7","0","","36","03","2016","2016031237","6","40.0376","-76.5131","0342","08","0","0","0","0","0","0","0","0","1","0","0","0","03","2","0","00","1","40 02:15.281","3","03","76 30:47.264","0","0","0","0","36404","0","0","0","Y","0","0","0","1","36404","0","","2","01","N","N","0","","0","0","0","0","0","N","0342","0","1","0","0","0","0","0","3","0","1","N","","","","","","","","","","","","03","  ","","",""
"0757","1","0","0","0","0","0","0","0","0","7","0","","36","03","2016","2016031245","5","40.0817","-76.2711","0750","08","0","0","0","0","0","1","0","0","2","0","0","0","07","1","1","00","2","40 04:54.284","2","00","76 16:15.888","3","0","0","0","36101","0","0","0","N","0","0","0","1","36101","0","","3","01","N","N","0","","1","0","0","0","0","Y","0749","1","1","0","0","0","0","0","3","0","1","N","","","","","","","","","","","","03","  ","","",""
"0110","1","0","0","0","0","0","0","0","0","7","0","","36","02","2016","2016031266","4","39.9877","-75.9747","0040","08","0","0","0","0","0","0","0","0","","0","0","0","00","2","0","00","0","39 59:15.801","","00","75 58:28.820","0","0","0","0","36231","0","0","0","","0","0","0","1","68J01","0","","2","01","N","N","0","","0","0","0","0","0","","0038","0","1","0","0","0","0","0","1","0","1","N","","","","","","","","","","","","03","  ","","",""
"0542","1","0","0","0","0","0","0","0","0","7","0","","36","03","2016","2016031267","3","40.0513","-76.1035","0534","08","0","0","0","0","0","0","0","0","1","0","0","0","05","2","1","00","1","40 03:04.540","1","00","76 06:12.470","8","0","0","0","36221","0","0","0","","0","0","0","1","68J01","0","","4","01","N","N","0","","0","0","0","0","0","Y","0531","1","1","0","0","0","1","0","1","0","1","N","","","","","","","","","","","","03","  ","","",""
"1120","0","0","0","0","0","0","0","0","0","4","0","","36","03","2016","2016031297","1","40.1529","-76.6024","1116","08","0","0","0","1","0","0","1","0","2","0","0","0","11","1","1","01","2","40 09:10.440","6","00","76 36:08.626","4","0","0","0","36407","0","0","0","N","0","0","0","3","36407","1","","1","01","N","N","0","","0","0","2","3","2","Y","1116","1","2","0","0","0","0","0","2","0","2","N","","","","","","","","","","","","03","  ","","",""
"1643","1","0","0","0","0","0","0","0","0","1","0","","36","03","2016","2016031369","6","40.0677","-76.3036","1633","08","0","0","0","0","0","0","1","0","1","0","0","0","16","1","0","00","2","40 04:03.718","1","00","76 18:12.898","0","0","0","0","36101","0","0","0","N","0","0","0","4","36101","0","","1","01","N","N","0","","0","0","1","0","0","N","1627","0","2","0","0","0","0","0","3","0","2","N","","","","","","","","","","","","03","  ","","",""
"1237","1","0","0","0","0","0","0","0","0","1","0","","36","03","2016","2016031396","4","40.0565","-76.3111","1233","08","0","0","0","0","0","0","0","1","","0","0","0","12","1","0","00","0","40 03:23.544","","03","76 18:39.889","0","0","0","0","36101","0","0","0","N","0","0","0","4","36101","0","","1","01","N","N","0","","0","0","0","0","0","","1229","0","3","0","0","0","0","0","3","2","3","N","","","","","","","","","","","","03","  ","","",""
"1305","1","0","0","0","0","0","0","0","0","4","0","","36","03","2016","2016031490","5","40.0577","-76.3544","1302","08","0","0","0","0","0","0","0","1","2","0","0","0","13","1","1","01","1","40 03:27.716","1","00","76 21:15.753","3","0","0","0","36214","0","0","0","","0","0","0","2","36214","0","","1","01","N","N","0","","1","0","1","3","3","N","1302","1","2","0","0","0","0","0","3","0","2","N","","","","","","","","","","","","03","  ","","",""
"2050","1","0","0","0","0","0","0","0","0","4","0","","36","03","2016","2016031514","4","40.0382","-76.3235","2037","08","0","0","0","0","0","0","0","0","2","0","0","0","20","3","0","01","1","40 02:17.650","3","00","76 19:24.572","0","0","0","0","36301","0","0","0","N","0","0","0","2","36301","0","","1","01","N","N","1","","0","0","0","3","2","N","2037","0","2","0","0","0","0","0","3","0","2","N","","","","","","","","","","","","03","  ","","",""
"2052","0","0","0","0","0","0","0","0","0","1","0","","36","03","2016","2016031515","4","40.1594","-76.4024","2047","08","0","0","0","0","0","0","0","0","1","0","0","0","20","3","0","00","2","40 09:33.979","6","00","76 24:08.611","0","0","0","0","36410","0","0","0","N","0","0","0","1","36410","0","","1","01","N","N","0","","0","0","2","0","0","Y","2047","0","2","0","0","0","0","0","2","0","2","N","","","","","","","","","","","","03","  ","","",""
"2112","2","0","0","0","0","0","0","0","0","4","0","","36","03","2016","2016031534","4","40.0296","-76.3052","2112","08","0","0","0","0","0","0","0","0","2","0","0","0","21","3","0","01","2","40 01:46.675","1","00","76 18:18.777","0","0","0","0","36301","0","0","0","N","0","0","0","2","36301","0","","1","01","N","N","0","","0","0","1","3","3","N","2112","0","3","0","0","0","0","0","3","0","3","N","","","","","","","","","","","","03","  ","","",""
"2252","1","0","0","0","0","0","0","0","0","7","0","","36","03","2016","2016031535","6","40.0388","-76.3233","2252","08","0","0","0","0","0","1","0","0","","0","0","0","22","3","0","00","0","40 02:19.500","","00","76 19:23.800","0","0","0","0","36301","0","0","0","N","0","0","0","1","36301","0","","3","09","N","N","0","","0","0","0","0","0","","2252","0","1","0","0","0","0","0","3","0","1","N","","","","","","","","","","","","03","  ","","",""
"1811","0","0","0","0","0","0","0","0","0","1","0","","36","03","2016","2016031559","4","40.0896","-76.2647","1806","08","0","0","0","0","0","1","0","0","3","0","0","0","18","1","4","00","1","40 05:22.732","2","00","76 15:52.965","3","0","0","0","36101","0","0","0","N","0","0","0","8","36101","0","","1","01","N","N","0","","1","0","2","0","0","N","1803","4","4","0","0","1","3","0","3","2","4","N","","","","","","","","","","","","03","  ","","",""
"1719","2","0","0","0","0","0","0","0","0","1","0","","36","03","2016","2016031565","4","40.0398","-76.5037","1711","08","0","0","0","0","0","0","0","0","1","0","0","0","17","1","1","00","1","40 02:23.410","3","00","76 30:13.456","3","0","0","0","36404","0","0","0","N","0","0","0","2","36404","0","","1","01","N","N","0","","1","0","0","0","0","N","1701","1","3","0","0","1","0","0","3","0","2","N","","","","","","","","","","","","03","  ","","",""
"0833","2","0","0","0","0","0","0","0","0","1","0","","36","03","2016","2016031609","4","40.0843","-76.2889","0821","08","0","0","0","0","0","0","0","0","2","0","0","0","08","1","0","00","1","40 05:03.452","2","00","76 17:20.143","0","0","0","0","36101","0","0","0","N","0","0","0","2","36101","0","","1","01","N","N","0","","0","0","0","0","0","N","0815","0","2","0","0","0","0","0","3","0","2","N","","","","","","","","","","","","03","  ","","",""
"1445","1","0","0","0","0","0","0","0","0","0","0","","36","03","2016","2016031617","1","40.1508","-76.1655","1440","08","0","0","0","0","0","0","0","0","2","0","0","0","14","1","1","00","1","40 09:03.006","2","00","76 09:55.632","2","0","0","0","36238","0","0","0","N","0","0","0","1","36238","0","","1","01","N","N","0","","0","1","0","0","0","Y","1435","1","1","0","0","0","0","0","3","0","1","N","","","","","","","","","","","","03","  ","","",""
"1607","1","0","0","0","0","0","0","0","0","9","0","","36","03","2016","2016031632","4","40.0389","-76.5078","1601","08","0","0","0","0","0","0","1","0","","0","0","0","16","1","0","00","0","40 02:19.949","","00","76 30:28.058","0","0","0","0","36404","0","0","0","Y","0","0","0","1","36404","0","","1","01","N","N","0","","0","0","0","0","0","","1600","0","1","0","0","0","0","0","3","0","1","N","","","","","","","","","","","","03","  ","","",""
"1859","0","0","0","0","0","0","0","0","0","0","0","","36","03","2016","2016031639","4","40.0696","-76.3166","1855","08","0","0","0","0","0","0","0","0","2","0","0","0","18","1","1","00","1","40 04:10.460","1","00","76 18:59.873","3","0","0","1","36101","0","0","0","N","0","0","0","1","36101","0","","1","01","N","N","0","","1","0","0","0","0","N","1854","1","1","0","0","0","0","0","3","0","1","N","","","","","","","","","","","","03","  ","","",""
"0855","1","0","0","0","0","0","0","0","0","1","0","","36","03","2016","2016031645","5","40.0582","-76.2803","0850","08","0","0","0","0","0","1","0","0","","0","0","0","08","1","0","00","0","40 03:29.619","","00","76 16:49.122","0","0","0","0","36101","0","0","0","N","0","0","0","4","36101","0","","1","01","N","N","0","","0","0","2","0","0","","0847","0","3","0","0","0","0","0","3","0","3","N","","","","","","","","","","","","03","  ","","",""
"0718","2","0","0","0","0","0","0","0","0","2","0","","36","03","2016","2016031649","5","40.0363","-76.4554","0710","08","0","0","0","0","0","0","1","0","2","0","0","0","07","1","2","01","2","40 02:10.845","6","00","76 27:18.895","3","0","0","0","36239","0","0","0","N","0","0","0","2","36239","0","","1","01","N","N","0","","2","0","0","3","2","Y","0710","2","2","0","0","0","0","0","3","0","2","N","","","","","","","","","","","","03","  ","","",""
"0134","2","0","0","0","0","0","0","0","0","4","0","","36","03","2016","2016031721","1","40.0393","-76.3081","0131","08","0","0","0","0","1","0","0","0","","0","0","0","01","3","0","01","0","40 02:21.538","","00","76 18:29.063","0","0","0","0","36301","0","0","0","N","0","0","0","3","36301","0","","1","01","N","N","0","","0","0","0","3","2","","0131","0","2","0","0","0","0","0","3","0","2","N","","","","","","","","","","","","03","  ","","",""
"2223","2","0","0","0","0","0","0","0","0","1","0","","36","03","2016","2016031722","6","40.0366","-76.3027","2218","08","0","0","0","0","0","0","0","0","","0","0","0","21","3","0","00","0","40 02:11.900","","00","76 18:09.800","9","0","0","0","36301","0","0","0","","0","0","0","1","36301","0","","6","01","","","0","","0","0","1","0","0","","2157","0","3","0","0","0","0","1","3","0","3","N","","","","","","","","","","","","03","  ","","",""
"0847","1","0","0","0","0","0","0","0","0","4","0","","36","03","2016","2016031770","3","40.2018","-76.2083","0832","08","0","0","0","0","0","0","0","0","3","0","0","0","08","1","0","03","2","40 12:06.558","5","00","76 12:29.972","0","0","0","0","36204","0","0","0","","0","0","0","2","68J01","0","","1","09","N","N","0","","0","0","1","0","0","Y","0817","0","2","0","0","0","0","0","1","0","2","N","","","","","","","","","","","","03","  ","","",""
"2137","0","0","0","0","0","0","0","0","0","7","0","","36","03","2016","2016031771","3","40.1976","-76.3029","2131","08","0","0","0","0","0","0","0","0","2","0","0","0","21","2","0","00","1","40 11:51.301","2","00","76 18:10.453","0","0","0","0","36217","0","0","0","","0","0","0","1","68J01","0","","4","01","N","N","0","","0","0","1","0","0","N","2130","0","1","0","0","0","0","0","1","0","1","N","","","","","","","","","","","","03","  ","","",""
"2132","1","0","0","0","0","0","0","0","0","7","0","","36","03","2016","2016031851","4","40.0822","-76.3278","2125","08","0","0","0","0","0","0","1","0","","0","0","0","21","2","0","00","0","40 04:56.088","","00","76 19:40.034","0","0","0","0","36101","0","0","0","N","0","0","0","1","36101","0","","2","01","N","N","0","","0","0","0","0","0","","2123","0","1","0","0","0","0","0","3","0","1","N","","","","","","","","","","","","03","  ","","",""
"0036","1","0","0","0","0","0","0","0","0","7","0","","36","03","2016","2016031853","6","40.189","-76.181","0033","08","0","0","0","0","0","0","0","0","2","0","0","0","00","3","1","00","1","40 11:20.267","1","07","76 10:51.776","4","0","0","0","36408","0","0","0","N","0","0","0","1","36408","1","","2","01","N","N","0","","0","0","0","0","0","N","0030","1","1","0","0","0","0","0","2","0","1","N","","","","","","","","","","","","03","  ","","",""
"2349","0","0","0","0","0","0","0","0","0","7","0","","36","02","2016","2016031888","6","39.9352","-76.203","2328","08","0","0","0","0","0","0","0","0","2","0","0","0","23","2","0","00","1","39 56:06.596","5","00","76 12:10.815","0","0","0","0","36233","0","0","0","","0","0","0","1","68J01","0","","4","02","N","N","1","","0","0","0","0","0","Y","2327","0","1","0","0","0","0","0","1","0","1","N","","","","","","","","","","","","10","  ","","",""
"2005","0","0","0","0","0","0","0","0","0","0","0","","36","03","2016","2016031905","4","40.1883","-76.1258","1958","08","0","0","0","0","0","1","0","0","1","0","0","0","19","2","0","00","1","40 11:17.703","2","00","76 07:33.024","0","0","0","0","36210","0","0","0","N","0","0","0","2","36210","0","","1","01","N","N","1","","0","0","1","0","0","N","1954","0","2","0","0","0","0","0","1","0","2","N","","","","","","","","","","","","03","  ","","",""
"1351","1","0","0","0","0","0","0","0","0","4","0","","36","03","2016","2016031972","6","40.1827","-76.4639","1339","08","0","1","0","0","0","0","0","0","","0","0","0","13","1","0","01","0","40 10:57.666","","00","76 27:50.180","0","0","0","0","36230","0","0","0","N","0","0","0","2","36410","0","","1","01","N","N","0","","0","0","1","3","3","","1338","0","2","0","0","0","0","0","1","0","2","N","","","","","","","","","","","","03","  ","","",""
"1327","1","0","0","0","0","0","0","0","0","1","0","","36","03","2016","2016031979","6","40.178","-76.1765","1327","08","0","0","0","0","0","0","0","0","","0","0","0","13","1","0","00","0","40 10:40.893","","00","76 10:35.220","0","0","0","0","36408","0","0","0","N","0","0","0","2","36408","0","","1","01","N","N","1","","0","0","0","0","0","","1324","0","2","0","0","1","0","0","2","0","2","N","","","","","","","","","","","","03","  ","","",""
"1044","1","0","0","0","0","0","0","0","0","4","0","","36","03","2016","2016032000","6","40.0279","-76.2237","1035","08","0","0","1","0","0","0","0","0","","0","0","0","10","1","0","03","0","40 01:40.482","","00","76 13:25.386","0","0","0","0","36215","0","0","0","N","0","0","0","2","36215","0","","1","01","N","N","1","","0","0","0","3","3","","1034","0","2","0","0","0","0","0","1","0","2","N","","","","","","","","","","","","03","  ","","",""
"0409","1","0","0","0","0","0","0","0","0","7","0","","36","03","2016","2016032147","6","40.2241","-76.0973","0404","08","0","0","0","0","0","0","0","0","2","0","0","0","03","3","0","00","1","40 13:26.856","3","00","76 05:51.229","0","0","0","0","36210","0","0","0","","0","0","0","1","68T06","0","","4","09","N","N","0","","0","0","0","0","0","N","0357","0","1","0","0","0","0","0","1","0","1","N","","","","","","","","","","","","07","  ","","",""
"1920","1","0","0","0","0","0","0","0","0","4","0","","36","03","2016","2016032168","6","40.0229","-76.2647","1913","08","0","0","1","0","0","1","0","0","2","0","0","0","19","4","0","01","1","40 01:22.402","3","00","76 15:52.862","0","0","0","0","36240","0","0","0","N","0","0","0","9","36240","0","","1","01","N","N","0","","0","0","2","3","2","Y","1913","0","3","0","0","0","0","0","1","0","3","N","","","","","","","","","","","","03","  ","","",""
"2137","3","0","0","0","0","0","0","0","0","4","0","","36","03","2016","2016032205","3","40.0265","-76.3036","2131","08","0","1","0","0","0","0","0","0","1","0","0","0","21","3","0","02","1","40 01:35.297","1","00","76 18:12.780","0","0","0","0","36301","0","0","0","N","0","0","0","2","36301","0","","4","01","N","N","1","","0","0","0","3","3","Y","2131","0","4","0","0","1","0","0","3","0","4","N","","","","","","","","","","","","03","  ","","",""
"1805","1","0","0","0","0","0","0","0","0","4","0","","36","03","2016","2016032244","6","40.032","-76.3304","1803","08","0","0","0","1","0","0","1","0","2","0","0","0","18","1","1","01","2","40 01:55.358","2","00","76 19:49.411","8","0","0","0","36220","0","0","0","N","0","0","0","2","36101","0","","1","01","N","N","0","","0","0","1","3","3","Y","1801","1","2","0","0","0","1","0","3","0","2","N","","","","","","","","","","","","03","  ","","",""
"0711","0","0","0","0","0","0","0","0","0","1","1","","36","03","2016","2016032250","5","40.0723","-76.2871","0700","08","0","0","0","0","0","1","1","0","","0","1","0","06","1","0","00","0","40 04:20.393","","00","76 17:13.543","0","0","0","0","36101","0","0","0","N","0","0","0","3","36101","0","","1","01","N","N","0","","0","0","0","0","0","","0654","0","3","0","0","0","0","0","3","2","3","N","","","","","","","","","","","","03","  ","","",""
"1557","2","0","0","0","0","0","0","0","0","1","0","","36","03","2016","2016032251","4","40.0597","-76.2125","1546","08","0","0","0","0","1","1","1","0","1","0","0","0","15","1","0","00","1","40 03:34.991","1","07","76 12:45.076","9","0","0","0","36215","0","0","0","N","0","0","0","5","36215","0","","1","01","N","N","1","","0","0","1","0","0","N","1545","0","4","0","0","0","0","1","1","0","4","N","","","","","","","","","","","","03","  ","","",""
"0722","1","0","0","0","0","0","0","0","0","7","0","","36","03","2016","2016032267","5","40.14","-76.6123","0714","08","0","0","0","0","0","0","0","0","2","0","0","0","07","5","0","00","2","40 08:24.050","5","00","76 36:44.271","0","0","0","0","36237","0","0","0","N","0","0","0","1","36505","0","","4","01","N","N","0","","0","0","0","0","0","Y","0712","0","1","0","0","0","0","0","1","0","1","N","","","","","","","","","","","","03","  ","","",""
"1016","1","0","0","0","0","0","0","0","0","1","0","","36","03","2016","2016032270","7","40.1959","-76.1706","1014","08","0","0","0","0","0","1","0","0","","0","0","0","10","1","0","00","0","40 11:45.148","","00","76 10:14.069","0","0","0","0","36218","0","0","0","N","0","0","0","2","36408","0","","1","01","N","N","0","","0","0","0","0","0","","1011","0","2","0","0","0","0","0","1","1","2","N","","","","","","","","","","","","03","  ","","",""
"1704","2","0","0","0","0","0","0","0","0","1","0","","36","03","2016","2016032273","6","40.0847","-76.2717","1704","08","0","0","0","0","0","1","0","0","3","0","0","0","17","1","0","00","1","40 05:04.757","2","00","76 16:18.188","0","0","0","0","36101","0","0","0","N","0","0","0","2","36101","0","","1","01","N","N","0","","0","0","0","0","0","N","1704","0","2","0","0","0","0","0","3","0","2","N","","","","","","","","","","","","03","  ","","",""
"1506","0","0","0","0","0","0","0","0","0","4","1","","36","03","2016","2016032280","6","40.2331","-76.0783","1504","08","0","0","0","0","0","0","0","0","2","0","1","0","15","1","0","01","1","40 13:59.165","2","00","76 04:42.021","0","0","0","0","36210","0","0","0","N","0","0","0","2","36210","0","","1","01","N","N","1","","0","0","0","3","2","N","1500","0","2","0","0","0","0","0","1","0","2","N","","","","","","","","","","","","03","  ","","",""
"1954","1","0","0","0","0","0","0","0","0","4","0","","36","03","2016","2016032304","6","40.2413","-76.1745","1948","08","0","0","0","0","0","0","0","1","1","0","0","0","19","3","2","01","1","40 14:28.838","3","00","76 10:28.066","3","0","0","1","36236","0","0","0","N","0","0","0","4","36408","1","","1","01","N","N","0","","1","0","0","0","0","N","1945","2","2","0","0","0","0","0","1","0","2","N","","","","","","","","","","","","03","  ","","",""
"0542","2","0","0","0","0","0","0","0","0","2","0","","36","03","2016","2016032352","7","40.0391","-76.4325","0538","08","0","0","0","0","0","0","0","0","2","0","0","0","05","3","3","00","2","40 02:20.915","6","00","76 25:57.325","2","0","0","0","36414","0","0","0","N","0","0","0","3","36239","0","","6","01","N","N","1","","1","2","0","0","0","Y","0535","3","5","0","1","1","0","0","3","2","5","N","","","","","","","","","","","","03","  ","","",""
"1935","0","0","0","0","0","0","0","0","0","0","0","","36","03","2016","2016032361","7","40.2161","-76.0845","1930","08","0","0","0","0","0","1","0","0","","0","0","0","19","1","1","00","0","40 12:58.000","","00","76 05:04.100","3","0","0","1","36210","0","0","0","N","0","0","0","1","36210","0","","1","01","N","N","0","","1","0","0","0","0","","1928","1","1","0","0","0","0","0","1","0","1","N","","","","","","","","","","","","03","  ","","",""
"2030","2","0","0","0","0","0","0","0","0","4","0","","36","03","2016","2016032368","3","40.0606","-76.2768","2026","08","0","0","0","0","0","0","0","0","2","0","0","0","20","2","1","01","2","40 03:38.256","4","02","76 16:36.560","8","0","0","0","36101","0","0","0","N","0","0","0","4","36101","0","","1","01","N","N","0","","0","0","0","3","2","N","2023","1","2","0","0","0","1","0","3","0","2","N","","","","","","","","","","","","03","  ","","",""
"0859","1","0","0","0","0","0","0","0","0","4","0","","36","03","2016","2016032372","7","40.1555","-76.2971","0857","08","0","0","0","0","0","0","0","0","1","0","0","0","08","1","0","01","2","40 09:19.848","7","00","76 17:49.631","0","0","0","0","36409","0","0","0","N","0","0","0","2","36409","0","","1","01","N","N","0","","0","0","1","3","2","Y","0857","0","2","0","0","0","0","0","3","0","2","N","","","","","","","","","","","","03","  ","","",""
"1529","0","0","0","0","0","0","0","0","0","7","0","","36","03","2016","2016032375","6","40.1298","-76.1188","1524","08","0","0","0","0","0","0","0","0","3","0","0","0","15","1","0","00","2","40 07:47.267","5","00","76 07:07.515","0","0","0","0","36209","0","0","0","N","0","0","0","1","36415","0","","4","01","N","N","0","","0","0","0","0","0","Y","1522","0","1","0","0","0","0","0","1","1","1","N","","","","","","","","","","","","03","  ","","",""
"1642","0","0","0","0","0","0","0","0","0","1","0","","36","03","2016","2016032388","6","40.0704","-76.3176","1634","08","0","0","0","0","0","0","0","0","1","0","0","0","16","1","1","00","1","40 04:13.293","3","00","76 19:03.536","4","0","0","0","36101","0","0","0","N","0","0","0","9","36101","1","","1","01","N","N","0","","0","0","1","0","0","N","1634","1","3","0","0","0","0","0","3","2","3","N","","","","","","","","","","","","03","  ","","",""
"0743","1","0","0","0","0","0","0","0","0","7","0","","36","03","2016","2016032393","6","39.9632","-76.2692","0743","08","0","0","0","0","0","0","0","0","","0","0","0","05","2","0","00","0","39 57:47.597","","00","76 16:09.090","0","0","0","0","36228","0","0","0","N","0","0","0","1","36503","0","","4","01","N","N","0","","0","0","0","0","0","","0500","0","1","0","0","0","0","0","1","0","1","N","","","","","","","","","","","","03","  ","","",""