"ARRIVAL_TM","AUTOMOBILE_COUNT","BELTED_DEATH_COUNT","BELTED_SUSP_SERIOUS_INJ_COUNT","BICYCLE_COUNT","BICYCLE_DEATH_COUNT","BICYCLE_SUSP_SERIOUS_INJ_COUNT","BUS_COUNT","CHLDPAS_DEATH_COUNT","CHLDPAS_SUSP_SERIOUS_INJ_COUNT","COLLISION_TYPE","COMM_VEH_COUNT","CONS_ZONE_SPD_LIM","COUNTY","CRASH_MONTH","CRASH_YEAR","CRN","DAY_OF_WEEK","DEC_LAT","DEC_LONG","DISPATCH_TM","DISTRICT","DRIVER_COUNT_16YR","DRIVER_COUNT_17YR","DRIVER_COUNT_18YR","DRIVER_COUNT_19YR","DRIVER_COUNT_20YR","DRIVER_COUNT_50_64YR","DRIVER_COUNT_65_74YR","DRIVER_COUNT_75PLUS","EST_HRS_CLOSED","FATAL_COUNT","HEAVY_TRUCK_COUNT","HORSE_BUGGY_COUNT","HOUR_OF_DAY","ILLUMINATION","INJURY_COUNT","INTERSECT_TYPE","LANE_CLOSED","LATITUDE","LN_CLOSE_DIR","LOCATION_TYPE","LONGITUDE","MAX_SEVERITY_LEVEL","MCYCLE_DEATH_COUNT","MCYCLE_SUSP_SERIOUS_INJ_COUNT","MOTORCYCLE_COUNT","MUNICIPALITY","NONMOTR_COUNT","NONMOTR_DEATH_COUNT","NONMOTR_SUSP_SERIOUS_INJ_COUNT","NTFY_HIWY_MAINT","PED_COUNT","PED_DEATH_COUNT","PED_SUSP_SERIOUS_INJ_COUNT","PERSON_COUNT","POLICE_AGCY","POSSIBLE_INJ_COUNT","RDWY_SURF_TYPE_CD","RELATION_TO_ROAD","ROAD_CONDITION","SCH_BUS_IND","SCH_ZONE_IND","SMALL_TRUCK_COUNT","SPEC_JURIS_CD","SUSP_MINOR_INJ_COUNT","SUSP_SERIOUS_INJ_COUNT","SUV_COUNT","TCD_FUNC_CD","TCD_TYPE","TFC_DETOUR_IND","TIME_OF_DAY","TOT_INJ_COUNT","TOTAL_UNITS","UNB_DEATH_COUNT","UNB_SUSP_SERIOUS_INJ_COUNT","UNBELTED_OCC_COUNT","UNK_INJ_DEG_COUNT","UNK_INJ_PER_COUNT","URBAN_RURAL","VAN_COUNT","VEHICLE_COUNT","WORK_ZONE_IND","WORK_ZONE_LOC","WORK_ZONE_TYPE","WORKERS_PRES","WZ_CLOSE_DETOUR","WZ_FLAGGER","WZ_LAW_OFFCR_IND","WZ_LN_CLOSURE","WZ_MOVING","WZ_OTHER","WZ_SHLDER_MDN","ROADWAY_CLEARED","WEATHER1","WEATHER2","WZ_WORKERS_INJ_KILLED","SECONDARY_CRASH","INTERSECTION_RELATED"
"1101","1","0","0","0","0","0","0","0","0","1","0","","36","03","2016","2016032394","7","40.1596","-76.3076","1157","08","0","0","1","0","0","0","0","0","","0","0","0","10","1","1","00","0","40 09:34.667","","00","76 18:27.203","8","0","0","0","36409","0","0","0","N","0","0","0","4","36409","0","","1","01","N","N","0","","0","0","1","0","0","","1057","1","2","0","0","0","1","0","3","0","2","N","","","","","","","","","","","","03","  ","","",""
"1504","2","0","0","0","0","0","0","0","0","1","0","","36","03","2016","2016032419","6","40.0847","-76.2717","1504","08","0","0","0","0","0","0","0","0","3","0","0","0","15","1","0","00","1","40 05:04.757","2","00","76 16:18.188","0","0","0","0","36101","0","0","0","N","0","0","0","2","36101","0","","1","01","N","N","0","","0","0","0","0","0","N","1504","0","2","0","0","0","0","0","3","0","2","N","","","","","","","","","","","","03","  ","","",""
"1003","1","0","0","0","0","0","0","0","0","4","0","","36","03","2016","2016032422","1","40.0685","-76.2708","0957","08","0","0","0","0","0","1","0","1","1","0","0","0","09","1","0","02","1","40 04:06.497","4","00","76 16:15.010","0","0","0","0","36101","0","0","0","N","0","0","0","5","36101","0","","1","01","N","N","0","","0","0","0","0","0","N","0957","0","2","0","0","0","0","0","3","1","2","N","","","","","","","","","","","","03","  ","","",""
"1120","1","0","0","0","0","0","0","0","0","4","0","","36","03","2016","2016032432","1","39.9679","-76.3224","1114","08","0","0","0","0","0","0","1","1","1","0","0","0","11","1","0","01","1","39 58:04.314","3","00","76 19:20.496","9","0","0","0","36228","0","0","0","","0","0","0","4","36503","0","","1","01","","","0","","0","0","1","3","3","N","1114","0","2","0","0","0","0","2","1","0","2","N","","","","","","","","","","","","03","  ","","",""
"2220","0","0","0","0","0","0","0","0","0","7","0","","36","03","2016","2016032435","6","40.1361","-76.5063","2215","08","0","0","0","0","0","0","0","0","3","0","0","0","22","2","2","00","2","40 08:09.956","5","00","76 30:22.712","8","0","0","0","36225","0","0","0","N","0","0","0","2","36505","0","","4","01","N","N","1","","0","0","0","0","0","Y","2213","2","1","0","0","0","2","0","2","0","1","N","","","","","","","","","","","","03","  ","","",""
"0905","1","0","0","0","0","0","0","0","0","1","0","","36","03","2016","2016032465","4","40.0626","-76.5496","0901","08","0","0","0","0","0","0","1","0","","0","0","0","08","1","1","01","0","40 03:45.336","","00","76 32:58.470","8","0","0","0","36211","0","0","0","N","0","0","0","3","36504","0","","1","01","N","N","0","","0","0","0","3","2","","0859","1","2","0","0","0","1","0","1","1","2","N","","","","","","","","","","","","03","  ","","",""
"0728","0","0","0","0","0","0","0","0","0","1","0","","36","02","2016","2016032479","1","39.883","-76.2749","0659","08","0","0","0","0","0","1","0","0","2","0","0","1","06","1","1","00","2","39 52:58.976","6","00","76 16:29.801","2","0","0","0","36224","1","0","1","","0","0","0","2","68J01","0","","1","01","N","N","0","","0","1","1","0","0","Y","0658","1","2","0","0","0","0","0","1","0","1","N","","","","","","","","","","","","03","  ","","",""
"1133","0","0","0","0","0","0","0","0","0","6","0","","36","03","2016","2016032480","3","40.0368","-76.1449","1120","08","1","0","0","0","0","0","0","0","","0","1","0","10","1","1","00","0","40 02:12.500","","00","76 08:41.730","3","0","0","0","36221","0","0","0","","0","0","0","2","68J01","0","","1","01","N","N","0","","1","0","1","0","0","","1058","1","2","0","0","0","0","0","1","0","2","N","","","","","","","","","","","","07","  ","","",""
"2033","1","0","0","0","0","0","0","0","0","6","0","","36","03","2016","2016032481","4","40.0032","-76.036","2025","08","0","0","0","1","0","0","0","0","3","0","0","0","20","2","0","00","1","40 00:11.693","2","00","76 02:09.533","0","0","0","0","36232","0","0","0","","0","0","0","4","68J01","0","","1","01","N","N","1","","0","0","0","0","0","N","2023","0","2","0","0","0","0","0","1","0","2","N","","","","","","","","","","","","03","  ","","",""
"0919","1","0","0","0","0","0","0","0","0","7","0","","36","03","2016","2016032482","5","40.2343","-76.0473","0901","08","0","0","0","0","0","0","0","0","","0","0","0","09","1","0","00","0","40 14:03.351","","00","76 02:50.153","0","0","0","0","36202","0","0","0","","0","0","0","1","68J01","0","","4","01","N","N","0","","0","0","0","0","0","","0900","0","1","0","0","0","0","0","1","0","1","N","","","","","","","","","","","","03","  ","","",""
"0717","1","0","0","0","0","0","0","0","0","7","0","","36","03","2016","2016032483","6","40.14","-75.9448","0656","08","0","0","0","0","1","0","0","0","","0","0","0","06","1","1","00","0","40 08:23.869","","00","75 56:41.368","8","0","0","0","36203","0","0","0","","0","0","0","1","68J01","0","","4","01","N","N","0","","0","0","0","0","0","","0654","1","1","0","0","0","1","0","1","0","1","N","","","","","","","","","","","","03","  ","","",""
"2109","1","0","0","0","0","0","0","0","0","7","0","","36","02","2016","2016032521","7","40.2221","-76.2865","2043","08","0","0","0","0","0","1","0","0","","0","0","0","20","2","1","00","0","40 13:19.694","","00","76 17:11.223","4","0","0","0","36217","0","0","0","","0","0","0","1","68J01","1","","5","01","N","N","0","","0","0","0","0","0","","2042","1","1","0","0","0","0","0","1","0","1","N","","","","","","","","","","","","03","  ","","",""
"1500","0","0","0","0","0","0","0","0","0","7","0","","36","03","2016","2016032525","4","39.9153","-76.1709","1449","08","0","0","0","0","0","0","0","0","","0","0","0","14","1","0","00","0","39 54:55.014","","00","76 10:15.283","0","0","0","0","36216","0","0","0","","0","0","0","1","68J01","0","","4","01","N","N","0","","0","0","1","0","0","","1433","0","1","0","0","0","0","0","1","0","1","N","","","","","","","","","","","","03","  ","","",""
"2356","3","0","0","0","0","0","0","0","0","5","0","","36","03","2016","2016032560","6","40.03","-76.3042","2354","08","0","0","0","1","0","0","0","0","1","0","0","0","23","3","0","00","1","40 01:47.990","1","00","76 18:15.194","0","0","0","0","36301","0","0","0","N","0","0","0","1","36301","0","","6","01","N","N","0","","0","0","0","0","0","N","2354","0","3","0","0","0","0","0","3","0","3","N","","","","","","","","","","","","03","  ","","",""
"1111","1","0","0","0","0","0","0","0","0","7","0","","36","03","2016","2016032573","1","40.183","-76.1492","1106","08","0","0","0","0","0","0","0","0","3","0","0","0","11","1","1","00","1","40 10:58.828","4","00","76 08:57.217","4","0","0","0","36408","0","0","0","N","0","0","0","2","36408","1","","5","01","N","N","0","","0","0","0","0","0","N","1102","1","1","0","0","0","0","0","2","0","1","N","","","","","","","","","","","","03","  ","","",""
"1557","0","0","0","0","0","0","0","0","0","7","1","","36","03","2016","2016032622","2","40.0555","-76.407","1552","08","0","0","0","0","0","0","0","0","2","0","0","0","15","1","0","00","2","40 03:19.976","5","00","76 24:25.190","0","0","0","0","36239","0","0","0","N","0","0","0","10","36239","0","","5","01","Y","N","0","","0","0","1","0","0","Y","1549","0","1","0","0","9","0","0","3","0","1","N","","","","","","","","","","","","03","  ","","",""
"0753","1","0","0","0","0","0","0","0","0","7","0","","36","03","2016","2016032791","6","39.743","-76.1603","0732","08","0","0","0","0","0","0","0","0","","0","0","0","07","1","1","00","0","39 44:34.919","","00","76 09:37.073","4","0","0","0","36219","0","0","0","","0","0","0","1","68J01","1","","4","01","N","N","0","","0","0","0","0","0","","0724","1","1","0","0","0","0","0","1","0","1","N","","","","","","","","","","","","03","  ","","",""
"1656","0","0","0","0","0","0","0","0","0","4","0","","36","03","2016","2016032803","6","40.001","-76.4215","1655","08","0","0","0","0","0","1","0","0","","0","0","0","16","1","1","01","0","40 00:03.498","","00","76 25:17.439","3","0","0","0","36223","0","0","0","","0","0","0","3","36223","0","","1","01","N","N","0","","1","0","2","3","3","","1650","1","2","0","0","0","0","0","1","0","2","N","","","","","","","","","","","","03","  ","","",""
"1616","2","0","0","0","0","0","0","0","0","1","0","","36","03","2016","2016032830","4","39.987","-76.279","1612","08","0","0","0","0","0","0","0","0","","0","0","0","16","1","1","00","0","39 59:13.223","","00","76 16:44.429","8","0","0","0","36240","0","0","0","N","0","0","0","2","36240","0","","1","01","N","N","0","","0","0","0","0","0","","1612","1","2","0","0","0","1","0","1","0","2","N","","","","","","","","","","","","03","  ","","",""
"0723","1","0","0","0","0","0","0","0","0","1","0","","36","03","2016","2016032867","5","40.0869","-76.3808","0718","08","0","0","0","0","0","0","0","0","2","0","0","0","07","1","0","00","1","40 05:12.733","1","00","76 22:51.008","0","0","0","0","36214","0","0","0","N","0","0","0","2","36214","0","","1","01","N","N","0","","0","0","1","0","0","N","0715","0","2","0","0","0","0","0","3","0","2","N","","","","","","","","","","","","03","  ","","",""
"1221","1","0","0","0","0","0","0","0","0","4","0","","36","03","2016","2016032873","5","40.0931","-76.4229","1213","08","0","0","0","0","0","0","0","1","2","0","0","0","12","1","0","01","2","40 05:35.016","5","00","76 25:22.364","0","0","0","0","36214","0","0","0","N","0","0","0","4","36214","0","","1","01","N","N","0","","0","0","0","3","3","Y","1210","0","2","0","0","0","0","0","3","1","2","N","","","","","","","","","","","","03","  ","","",""
"2359","1","0","0","0","0","0","0","0","0","1","0","","36","03","2016","2016032877","2","40.1083","-76.3501","2354","08","0","0","0","0","0","0","0","0","","0","0","0","23","3","0","00","0","40 06:29.700","","00","76 21:00.300","0","0","0","0","36406","0","0","0","N","0","0","0","1","36101","0","","6","01","N","N","1","","0","0","0","0","0","","2350","0","2","0","0","0","0","0","3","0","2","N","","","","","","","","","","","","03","  ","","",""
"2205","1","0","0","0","0","0","0","0","0","6","0","","36","03","2016","2016032882","2","40.1176","-76.3642","2159","08","0","0","1","0","0","1","0","0","2","0","0","0","21","2","1","00","2","40 07:03.220","5","00","76 21:51.205","3","0","0","0","36214","0","0","0","N","0","0","0","2","36214","0","","1","01","N","N","0","","1","0","1","0","0","Y","2158","1","2","0","0","0","0","0","3","0","2","N","","","","","","","","","","","","03","  ","","",""
"0756","4","0","0","0","0","0","0","0","0","1","0","","36","03","2016","2016032992","3","40.1216","-76.2235","0743","08","0","0","1","0","0","1","0","0","1","0","0","0","07","1","0","00","1","40 07:17.912","2","00","76 13:24.773","0","0","0","0","36238","0","0","0","N","0","0","0","4","36238","0","","1","01","N","N","0","","0","0","0","0","0","N","0738","0","4","0","0","0","0","0","3","0","4","N","","","","","","","","","","","","03","  ","","",""
"2325","1","0","0","0","0","0","0","0","0","7","0","","36","03","2016","2016033072","2","40.0281","-76.3","2312","08","0","0","0","0","1","0","0","0","1","0","0","0","23","2","0","00","1","40 01:41.000","3","00","76 18:00.100","0","0","0","0","36301","0","0","0","N","0","0","0","1","36301","0","","4","01","N","N","0","","0","0","0","0","0","N","2312","0","1","0","0","0","0","0","3","0","1","N","","","","","","","","","","","","03","  ","","",""
"1239","1","0","0","0","0","0","0","0","0","4","0","","36","03","2016","2016033075","3","40.1643","-76.3943","1239","08","0","0","0","0","0","1","0","0","2","0","0","0","12","1","2","01","1","40 09:51.380","3","00","76 23:39.612","4","0","0","0","36410","0","0","0","N","0","0","0","3","36410","2","","1","01","N","N","0","","0","0","1","3","3","Y","1237","2","2","0","0","1","0","0","2","0","2","N","","","","","","","","","","","","03","  ","","",""
"1818","1","0","0","0","0","0","0","0","0","4","0","","36","03","2016","2016033277","3","40.0302","-76.293","1814","08","0","0","0","0","0","1","0","0","1","0","0","0","18","1","0","01","1","40 01:48.597","3","00","76 17:34.817","0","0","0","0","36301","0","0","0","N","0","0","0","2","36301","0","","1","01","N","N","0","","0","0","1","3","3","N","1810","0","2","0","0","0","0","0","3","0","2","N","","","","","","","","","","","","03","  ","","",""
"1302","0","0","0","0","0","0","0","0","0","7","0","","36","03","2016","2016033290","5","40.0623","-76.4264","1302","08","0","0","0","0","0","0","0","0","2","0","0","0","13","1","0","00","1","40 03:44.459","4","00","76 25:34.928","0","0","0","0","36239","0","0","0","N","0","0","0","1","36239","0","","5","01","N","N","1","","0","0","0","0","0","Y","1302","0","1","0","0","1","0","0","3","0","1","N","","","","","","","","","","","","03","  ","","",""
"0310","0","0","0","0","0","0","0","0","0","7","0","","36","03","2016","2016033297","3","40.1548","-76.206","0310","08","0","0","0","0","0","0","0","0","1","0","0","0","03","3","1","00","2","40 09:17.416","5","00","76 12:21.476","3","0","0","0","36402","0","0","0","N","0","0","0","1","36402","0","","2","01","N","N","0","","1","0","1","0","0","Y","0308","1","1","0","0","0","0","0","2","0","1","N","","","","","","","","","","","","03","  ","","",""
"0259","3","0","0","0","0","0","0","0","0","4","0","","36","03","2016","2016033298","4","40.0367","-76.2967","0258","08","0","0","0","0","0","0","0","0","2","0","0","0","02","3","2","01","2","40 02:12.192","2","00","76 17:48.202","4","0","0","0","36301","0","0","0","N","0","0","0","2","36301","2","","1","01","N","N","0","","0","0","0","3","3","Y","0259","2","3","0","0","1","0","0","3","0","3","N","","","","","","","","","","","","03","  ","","",""
"1713","1","0","0","0","0","0","0","0","0","4","0","","36","03","2016","2016033321","4","40.063","-76.0132","1656","08","0","0","0","2","0","0","0","0","3","0","0","0","16","1","1","00","2","40 03:46.890","6","07","76 00:47.560","2","0","1","1","36232","0","0","0","","0","0","0","2","68J01","0","","1","01","N","N","0","","0","1","0","0","0","Y","1653","1","2","0","0","0","0","0","1","0","2","N","","","","","","","","","","","","03","  ","","",""
"1416","2","0","0","0","0","0","0","0","0","1","0","","36","03","2016","2016033337","6","40.0381","-76.3424","1407","08","0","0","0","0","0","2","0","0","2","0","0","0","14","1","0","00","1","40 02:17.085","4","00","76 20:32.775","0","0","0","0","36220","0","0","0","N","0","0","0","5","36101","0","","1","01","N","N","0","","0","0","0","0","0","N","1407","0","3","0","0","0","0","0","3","1","3","N","","","","","","","","","","","","03","  ","","",""
"0916","1","0","0","0","0","0","0","0","0","7","0","","36","02","2016","2016033343","1","40.021","-76.2391","0912","08","0","0","0","1","0","0","0","0","1","0","0","0","09","1","1","00","2","40 01:15.519","5","00","76 14:20.820","4","0","0","0","36215","0","0","0","Y","0","0","0","1","36215","1","","2","01","N","N","0","","0","0","0","0","0","Y","0911","1","1","0","0","0","0","0","1","0","1","N","","","","","","","","","","","","03","  ","","",""
"0213","1","0","0","0","0","0","0","0","0","1","0","","36","03","2016","2016033380","7","40.1562","-76.3072","0213","08","0","0","0","0","0","0","0","0","1","0","0","0","02","3","0","00","1","40 09:22.251","2","00","76 18:26.091","0","0","0","0","36409","0","0","0","N","0","0","0","1","36409","0","","6","01","N","N","1","","0","0","0","0","0","Y","0213","0","2","0","0","0","0","0","3","0","2","N","","","","","","","","","","","","03","  ","","",""
"0817","1","0","0","0","0","0","0","0","0","4","0","","36","03","2016","2016033382","4","40.1117","-76.4517","0812","08","0","0","0","0","0","1","0","0","2","0","0","0","08","1","1","01","2","40 06:42.051","4","00","76 27:06.004","8","0","0","0","36230","0","0","0","N","0","0","0","2","36410","0","","1","01","N","N","0","","0","0","1","3","2","Y","0809","1","2","0","0","0","1","0","1","0","2","N","","","","","","","","","","","","03","  ","","",""
"0753","2","0","0","0","0","0","0","0","0","4","0","","36","03","2016","2016033390","4","40.0942","-76.3776","0749","08","0","1","0","0","0","0","0","0","2","0","0","0","07","1","0","00","1","40 05:39.009","2","00","76 22:39.499","0","0","0","0","36214","0","0","0","N","0","0","0","2","36214","0","","1","01","N","N","0","","0","0","0","0","0","N","0747","0","2","0","0","0","0","0","3","0","2","N","","","","","","","","","","","","03","  ","","",""
"1330","1","0","0","0","0","0","0","0","0","4","0","","36","03","2016","2016033401","2","40.1568","-76.3815","1327","08","0","0","0","0","1","1","0","0","","0","0","0","13","1","0","01","0","40 09:24.453","","00","76 22:53.323","0","0","0","0","36227","0","0","0","N","0","0","0","2","36506","0","","1","01","N","N","0","","0","0","1","3","3","","1327","0","2","0","0","0","0","0","1","0","2","N","","","","","","","","","","","","03","  ","","",""
"1055","1","0","0","0","0","0","0","0","0","1","0","","36","03","2016","2016033416","4","40.0606","-76.2768","1047","08","0","0","0","0","0","0","0","1","","0","0","0","10","1","0","07","0","40 03:40.133","","02","76 16:35.591","0","0","0","0","36101","0","0","0","N","0","0","0","2","36101","0","","1","01","N","N","0","","0","0","1","3","4","","1045","0","2","0","0","0","0","0","3","0","2","N","","","","","","","","","","","","03","  ","","",""
"1301","1","0","0","0","0","0","0","0","0","4","0","","36","03","2016","2016033417","2","40.0506","-76.2558","1300","08","0","0","0","1","0","0","0","0","2","0","0","0","13","1","1","01","2","40 03:02.339","2","02","76 15:20.958","2","0","1","1","36215","0","0","0","N","0","0","0","2","36215","0","","1","01","N","N","0","","0","1","0","3","2","Y","1300","1","2","0","0","0","0","0","1","0","2","N","","","","","","","","","","","","03","  ","","",""
"1559","1","0","0","0","0","0","0","0","0","4","0","","36","03","2016","2016033421","3","40.0687","-76.3428","1545","08","0","0","0","0","0","0","0","1","","0","0","0","15","1","0","02","0","40 04:07.161","","07","76 20:34.220","9","0","0","0","36301","0","0","0","N","0","0","0","2","36301","0","","1","01","N","N","0","","0","0","1","3","2","","1512","0","2","0","0","0","0","1","3","0","2","N","","","","","","","","","","","","03","  ","","",""
"1523","1","0","0","0","0","0","0","0","0","4","0","","36","03","2016","2016033463","4","40.0335","-76.2773","1516","08","0","0","0","0","0","0","1","0","","0","0","0","15","1","0","01","0","40 02:00.639","","00","76 16:38.182","0","0","0","0","36220","0","0","0","N","0","0","0","2","36101","0","","1","01","N","N","0","","0","0","1","3","3","","1515","0","2","0","0","0","0","0","3","0","2","N","","","","","","","","","","","","03","  ","","",""
"1502","2","0","0","0","0","0","0","0","0","1","0","","36","03","2016","2016033555","5","40.001","-76.3549","1457","08","1","2","0","0","0","0","0","0","2","0","0","0","14","1","0","00","1","40 00:03.513","4","00","76 21:17.740","0","0","0","0","36412","0","0","0","N","0","0","0","6","36412","0","","1","01","N","Y","1","","0","0","0","0","0","N","1457","0","3","0","0","0","0","0","3","0","3","N","","","","","","","","","","","","03","  ","","",""
"1835","1","0","0","0","0","0","0","0","0","1","0","","36","03","2016","2016033601","4","40.0772","-76.3377","1821","08","0","0","0","0","0","0","0","0","","0","0","0","17","1","1","06","0","40 04:39.157","","02","76 20:16.139","3","0","0","0","36101","0","0","0","N","0","0","0","2","36101","0","","1","01","N","N","0","","1","0","0","3","4","","1755","1","2","0","0","0","0","0","3","1","2","N","","","","","","","","","","","","03","  ","","",""
"0601","1","0","0","0","0","0","0","0","0","4","0","","36","03","2016","2016033605","2","40.0606","-76.2768","0556","08","0","0","0","0","0","1","0","0","2","0","0","0","05","2","2","01","2","40 03:38.256","4","02","76 16:36.560","4","0","0","0","36101","0","0","0","Y","0","0","0","2","36101","1","","1","09","N","N","0","","0","0","1","3","2","N","0554","2","2","0","0","0","1","0","3","0","2","N","","","","","","","","","","","","03","  ","","",""
"1938","1","0","0","0","0","0","0","0","0","7","0","","36","03","2016","2016033606","7","40.068","-76.2924","1934","08","0","0","0","0","0","0","0","0","","0","0","0","19","4","1","00","0","40 04:04.758","","00","76 17:32.650","3","0","0","0","36101","0","0","0","N","0","0","0","3","36101","0","","2","01","N","N","0","","1","0","0","0","0","","1932","1","1","0","0","0","0","0","3","0","1","N","","","","","","","","","","","","03","  ","","",""
"2350","0","0","0","0","0","0","0","0","0","0","0","40","36","03","2016","2016033607","4","40.1167","-76.3057","2344","08","0","0","0","0","0","0","0","0","","0","0","0","23","3","0","00","0","40 07:00.119","","00","76 18:20.473","0","0","0","0","36101","0","0","0","N","0","0","0","1","36101","0","","1","01","N","N","0","","0","0","0","0","0","","2341","0","1","0","0","0","0","0","3","1","1","Y","4","1","Y","","Y","N","Y","","","","","03","  ","","",""
"1644","1","0","0","0","0","0","0","0","0","2","0","","36","03","2016","2016033613","4","40.0748","-76.4083","1640","08","0","0","0","0","0","2","0","0","2","0","0","0","16","1","0","00","2","40 04:29.336","5","00","76 24:29.770","0","0","0","0","36214","0","0","0","N","0","0","0","3","36214","0","","1","01","N","N","1","","0","0","1","0","0","Y","1639","0","3","0","0","0","0","0","3","0","3","N","","","","","","","","","","","","03","  ","","",""
"1829","1","0","0","0","0","0","0","0","0","7","0","","36","03","2016","2016033618","4","40.1325","-76.3332","1819","08","0","0","0","1","0","0","0","0","","0","0","0","18","1","1","02","0","40 07:56.904","","00","76 19:59.564","4","0","0","0","36235","0","0","0","N","0","0","0","1","36506","1","","2","01","N","N","0","","0","0","0","0","0","","1819","1","1","0","0","0","0","0","1","0","1","N","","","","","","","","","","","","03","  ","","",""
"0139","1","0","0","0","0","0","0","0","0","5","0","","36","03","2016","2016033660","7","40.0416","-76.3016","0136","08","0","0","0","0","0","0","0","0","","0","0","0","01","3","0","00","0","40 02:29.741","","00","76 18:05.669","0","0","0","0","36301","0","0","0","N","0","0","0","1","36301","0","","6","01","N","N","0","","0","0","1","0","0","","0136","0","2","0","0","0","0","0","3","0","2","N","","","","","","","","","","","","03","  ","","",""
"1317","2","0","0","0","0","0","0","0","0","1","0","","36","03","2016","2016033674","4","40.0062","-76.248","1312","08","0","0","0","0","0","1","0","0","","0","0","0","13","1","0","02","0","40 00:22.184","","00","76 14:52.758","0","0","0","0","36240","0","0","0","N","0","0","0","3","36240","0","","1","01","N","N","0","","0","0","0","0","0","","1312","0","2","0","0","1","0","0","1","0","2","N","","","","","","","","","","","","03","  ","","",""
"2130","1","0","0","0","0","0","0","0","0","6","0","","36","03","2016","2016033694","4","40.041","-76.3083","2130","08","0","0","0","0","0","0","1","0","2","0","0","0","21","3","0","01","1","40 02:27.420","2","00","76 18:30.009","0","0","0","0","36301","0","0","0","N","0","0","0","2","36301","0","","1","01","N","N","0","","0","0","1","3","2","N","2130","0","2","0","0","0","0","0","3","0","2","N","","","","","","","","","","","","03","  ","","",""
"1218","1","0","0","0","0","0","0","0","0","4","0","","36","03","2016","2016033701","6","40.1315","-76.1479","1211","08","0","0","0","0","0","1","1","0","3","0","0","0","12","1","0","01","2","40 07:53.254","6","00","76 08:52.441","0","0","0","0","36238","0","0","0","N","0","0","0","4","36238","0","","1","01","N","N","0","","0","0","0","3","3","Y","1205","0","2","0","0","0","0","0","3","1","2","N","","","","","","","","","","","","03","  ","","",""
"1129","0","0","0","0","0","0","0","0","0","4","0","","36","03","2016","2016033708","7","40.1317","-76.2175","1126","08","0","0","0","0","0","0","0","0","2","0","0","0","11","1","0","00","1","40 07:54.090","3","07","76 13:03.050","0","0","0","0","36238","0","0","0","N","0","0","0","7","36238","0","","1","01","N","N","0","","0","0","1","0","0","N","1125","0","2","0","0","0","0","0","3","1","2","N","","","","","","","","","","","","03","  ","","",""
"1520","1","0","0","0","0","0","0","0","0","4","0","","36","03","2016","2016033709","4","40.0522","-76.3084","1513","08","0","0","0","0","0","0","0","0","","0","0","0","15","1","0","01","0","40 03:07.752","","00","76 18:30.128","0","0","0","0","36301","0","0","0","N","0","0","0","2","36301","0","","1","01","N","N","0","","0","0","0","3","2","","1512","0","2","0","0","0","0","0","3","1","2","N","","","","","","","","","","","","03","  ","","",""
"1221","0","0","0","0","0","0","0","0","0","4","0","","36","03","2016","2016033711","3","40.0606","-76.2768","1218","08","0","0","0","0","0","0","0","0","2","0","0","0","12","1","1","01","1","40 03:38.256","4","02","76 16:36.560","3","0","0","0","36101","0","0","0","N","0","0","0","2","36101","0","","1","01","N","N","0","","1","0","2","3","2","N","1216","1","2","0","0","0","0","0","3","0","2","N","","","","","","","","","","","","03","  ","","",""
"1738","1","0","0","0","0","0","0","0","0","0","0","","36","03","2016","2016033721","7","40.1436","-76.1944","1726","08","0","0","0","1","0","0","0","0","","0","0","0","17","1","0","00","0","40 08:36.845","","00","76 11:39.932","0","0","0","0","36238","0","0","0","N","0","0","0","3","36238","0","","1","01","N","N","1","","0","0","0","0","0","","1725","0","2","0","0","0","0","0","3","0","2","N","","","","","","","","","","","","03","  ","","",""
"0754","1","0","0","1","0","0","0","0","0","4","0","","36","03","2016","2016033730","4","40.1575","-76.2047","0752","08","0","0","0","0","0","1","0","0","","0","0","0","07","1","1","01","0","40 09:27.111","","00","76 12:17.010","3","0","0","0","36402","1","0","0","N","0","0","0","2","36402","0","","1","01","N","N","0","","1","0","0","3","2","","0750","1","2","0","0","0","0","0","2","0","1","N","","","","","","","","","","","","03","  ","","",""
"1749","1","0","0","0","0","0","0","0","0","1","0","","36","03","2016","2016033745","4","40.2091","-76.135","1744","08","0","0","0","0","0","0","1","0","2","0","0","0","17","1","1","02","1","40 12:32.616","1","00","76 08:05.896","3","0","0","0","36210","0","0","0","N","0","0","0","3","36210","0","","1","01","N","N","2","","1","0","0","3","3","N","1742","1","3","0","0","0","0","0","1","0","3","N","","","","","","","","","","","","03","  ","","",""
"1352","0","0","0","0","0","0","0","0","0","7","0","","36","02","2016","2016033954","7","39.8133","-76.2893","1345","08","0","0","0","0","0","0","1","0","","0","0","0","13","1","1","00","0","39 48:47.740","","00","76 17:21.580","8","0","0","1","36208","0","0","0","","0","0","0","1","68J01","0","","2","01","N","N","0","","0","0","0","0","0","","1344","1","1","0","0","0","1","0","1","0","1","N","","","","","","","","","","","","03","  ","","",""
"1502","0","0","0","0","0","0","0","0","0","1","0","","36","03","2016","2016033955","7","40.1508","-75.9019","1427","08","0","0","0","0","0","1","0","0","","0","0","0","14","1","0","00","0","40 09:02.869","","00","75 54:06.849","0","0","0","0","36203","0","0","0","","0","0","0","5","68J01","0","","1","01","N","N","0","","0","0","2","0","0","","1422","0","2","0","0","0","0","0","1","0","2","N","","","","","","","","","","","","03","  ","","",""