"ARRIVAL_TM","AUTOMOBILE_COUNT","BELTED_DEATH_COUNT","BELTED_SUSP_SERIOUS_INJ_COUNT","BICYCLE_COUNT","BICYCLE_DEATH_COUNT","BICYCLE_SUSP_SERIOUS_INJ_COUNT","BUS_COUNT","CHLDPAS_DEATH_COUNT","CHLDPAS_SUSP_SERIOUS_INJ_COUNT","COLLISION_TYPE","COMM_VEH_COUNT","CONS_ZONE_SPD_LIM","COUNTY","CRASH_MONTH","CRASH_YEAR","CRN","DAY_OF_WEEK","DEC_LAT","DEC_LONG","DISPATCH_TM","DISTRICT","DRIVER_COUNT_16YR","DRIVER_COUNT_17YR","DRIVER_COUNT_18YR","DRIVER_COUNT_19YR","DRIVER_COUNT_20YR","DRIVER_COUNT_50_64YR","DRIVER_COUNT_65_74YR","DRIVER_COUNT_75PLUS","EST_HRS_CLOSED","FATAL_COUNT","HEAVY_TRUCK_COUNT","HORSE_BUGGY_COUNT","HOUR_OF_DAY","ILLUMINATION","INJURY_COUNT","INTERSECT_TYPE","LANE_CLOSED","LATITUDE","LN_CLOSE_DIR","LOCATION_TYPE","LONGITUDE","MAX_SEVERITY_LEVEL","MCYCLE_DEATH_COUNT","MCYCLE_SUSP_SERIOUS_INJ_COUNT","MOTORCYCLE_COUNT","MUNICIPALITY","NONMOTR_COUNT","NONMOTR_DEATH_COUNT","NONMOTR_SUSP_SERIOUS_INJ_COUNT","NTFY_HIWY_MAINT","PED_COUNT","PED_DEATH_COUNT","PED_SUSP_SERIOUS_INJ_COUNT","PERSON_COUNT","POLICE_AGCY","POSSIBLE_INJ_COUNT","RDWY_SURF_TYPE_CD","RELATION_TO_ROAD","ROAD_CONDITION","SCH_BUS_IND","SCH_ZONE_IND","SMALL_TRUCK_COUNT","SPEC_JURIS_CD","SUSP_MINOR_INJ_COUNT","SUSP_SERIOUS_INJ_COUNT","SUV_COUNT","TCD_FUNC_CD","TCD_TYPE","TFC_DETOUR_IND","TIME_OF_DAY","TOT_INJ_COUNT","TOTAL_UNITS","UNB_DEATH_COUNT","UNB_SUSP_SERIOUS_INJ_COUNT","UNBELTED_OCC_COUNT","UNK_INJ_DEG_COUNT","UNK_INJ_PER_COUNT","URBAN_RURAL","VAN_COUNT","VEHICLE_COUNT","WORK_ZONE_IND","WORK_ZONE_LOC","WORK_ZONE_TYPE","WORKERS_PRES","WZ_CLOSE_DETOUR","WZ_FLAGGER","WZ_LAW_OFFCR_IND","WZ_LN_CLOSURE","WZ_MOVING","WZ_OTHER","WZ_SHLDER_MDN","ROADWAY_CLEARED","WEATHER1","WEATHER2","WZ_WORKERS_INJ_KILLED","SECONDARY_CRASH","INTERSECTION_RELATED"
"0457","0","0","0","0","0","0","0","0","0","7","0","","36","03","2016","2016033956","3","39.8674","-76.2672","0440","08","0","0","0","0","0","0","0","0","","0","0","0","04","2","1","00","0","39 52:02.810","","00","76 16:01.950","8","0","0","0","36224","0","0","0","","0","0","0","1","68J01","0","","4","01","N","N","0","","0","0","1","0","0","","0435","1","1","0","0","0","1","0","1","0","1","N","","","","","","","","","","","","03","  ","","",""
"0247","2","0","0","0","0","0","0","0","0","4","0","","36","03","2016","2016034009","7","40.0915","-76.3801","0245","08","0","0","0","0","0","0","0","0","","0","0","0","02","2","1","00","0","40 05:29.396","","00","76 22:48.399","3","0","0","0","36214","0","0","0","","0","0","0","2","36214","0","","1","01","N","N","0","","1","0","0","0","0","","0243","1","2","0","0","1","0","0","3","0","2","N","","","","","","","","","","","","03","  ","","",""
"1635","1","0","0","0","0","0","0","0","0","4","0","","36","03","2016","2016034031","5","40.1128","-76.062","1633","08","0","0","0","0","0","0","0","0","2","0","0","0","16","1","1","02","2","40 06:46.039","6","00","76 03:43.242","3","0","0","1","36213","0","0","0","N","0","0","0","2","36213","0","","1","01","N","N","0","","1","0","0","3","3","Y","1630","1","2","0","0","0","0","0","1","0","2","N","","","","","","","","","","","","03","  ","","",""
"2213","0","0","0","0","0","0","0","0","0","7","0","","36","03","2016","2016034047","5","39.983","-76.2968","2208","08","0","0","0","0","0","0","0","0","","0","0","0","22","2","0","00","0","39 58:58.784","","00","76 17:48.509","0","0","0","0","36228","0","0","0","N","0","0","0","1","36503","0","","4","01","N","N","1","","0","0","0","0","0","","2200","0","1","0","0","0","0","0","1","0","1","N","","","","","","","","","","","","03","  ","","",""
"0600","2","0","0","0","0","0","0","0","0","1","0","","36","03","2016","2016034058","5","40.1482","-76.2709","0556","08","0","0","0","0","0","1","0","0","2","0","0","0","05","2","1","02","1","40 08:53.356","4","00","76 16:15.240","8","0","0","0","36235","0","0","0","N","0","0","0","2","36506","0","","1","01","N","N","0","","0","0","0","0","0","N","0556","1","2","0","0","0","1","0","1","0","2","N","","","","","","","","","","","","03","  ","","",""
"0819","0","0","0","0","0","0","0","0","0","4","0","","36","03","2016","2016034126","3","40.0384","-76.5047","0819","08","0","0","0","0","0","0","0","0","1","0","0","0","08","1","1","00","1","40 02:18.400","5","07","76 30:17.000","4","0","0","0","36404","0","0","0","N","0","0","0","2","36404","1","","1","01","N","N","0","","0","0","2","0","0","Y","0817","1","2","0","0","2","0","0","3","0","2","N","","","","","","","","","","","","03","  ","","",""
"1406","1","0","0","0","0","0","0","0","0","0","0","","36","04","2016","2016034217","6","40.0296","-76.229","1403","08","0","0","0","0","0","0","0","0","2","0","0","0","14","1","0","00","1","40 01:46.489","4","00","76 13:44.410","0","0","0","0","36215","0","0","0","N","0","0","0","2","36215","0","","1","01","N","N","0","","0","0","0","0","0","N","1406","0","1","0","0","0","0","0","1","0","1","N","","","","","","","","","","","","03","  ","","",""
"1109","1","0","0","0","0","0","0","0","0","7","0","","36","03","2016","2016034245","7","40.2158","-75.9973","1042","08","0","1","0","0","0","0","0","0","","0","0","0","10","1","0","00","0","40 12:57.010","","00","75 59:50.250","0","0","0","0","36202","0","0","0","","0","0","0","1","68J01","0","","4","01","N","N","0","","0","0","0","0","0","","1042","0","1","0","0","0","0","0","1","0","1","N","","","","","","","","","","","","03","  ","","",""
"0903","0","0","0","0","0","0","0","0","0","5","1","","36","03","2016","2016034302","7","40.0919","-76.1579","0858","08","0","0","0","1","0","0","0","0","2","0","1","0","08","1","0","00","1","40 05:30.878","6","00","76 09:28.602","0","0","0","0","36234","0","0","0","N","0","0","0","3","36215","0","","1","01","N","N","1","","0","0","0","0","0","N","0858","0","2","0","0","1","0","0","1","0","2","N","","","","","","","","","","","","03","  ","","",""
"1613","2","0","0","0","0","0","0","0","0","4","0","","36","03","2016","2016034308","5","40.0843","-76.2239","1606","08","0","0","0","0","0","1","0","0","3","0","0","0","16","1","1","02","2","40 05:03.562","4","07","76 13:25.980","8","0","0","0","36234","0","0","0","N","0","0","0","2","36215","0","","1","01","N","N","0","","0","0","0","3","2","N","1603","1","2","0","0","0","1","0","1","0","2","N","","","","","","","","","","","","03","  ","","",""
"2156","1","0","0","0","0","0","0","0","0","1","0","","36","04","2016","2016034312","6","40.1407","-76.5988","2151","08","0","0","0","0","0","0","1","0","2","0","0","0","21","2","0","00","2","40 08:26.428","3","00","76 35:55.792","0","0","0","0","36407","0","0","0","N","0","0","0","2","36407","0","","1","01","N","N","1","","0","0","0","0","0","N","2151","0","2","0","0","0","0","0","2","0","2","N","","","","","","","","","","","","03","  ","","",""
"2347","0","0","0","0","0","0","0","0","0","7","0","","36","04","2016","2016034326","6","40.0131","-76.2628","2343","08","0","0","0","0","0","0","0","0","2","0","0","0","23","2","1","00","2","40 00:47.100","6","00","76 15:46.000","8","0","0","1","36240","0","0","0","N","0","0","0","1","36240","0","","4","01","N","N","0","","0","0","0","0","0","Y","2336","1","1","0","0","0","1","0","1","0","1","N","","","","","","","","","","","","03","  ","","",""
"1612","1","0","0","0","0","0","0","0","0","4","0","","36","03","2016","2016034403","3","40.1117","-76.4517","1612","08","0","0","0","0","0","1","0","0","1","0","0","0","16","1","0","01","1","40 06:42.051","3","00","76 27:06.004","0","0","0","0","36230","0","0","0","N","0","0","0","2","36410","0","","1","01","N","N","1","","0","0","0","3","2","N","1608","0","2","0","0","0","0","0","1","0","2","N","","","","","","","","","","","","03","  ","","",""
"1409","0","0","0","0","0","0","0","0","0","8","0","","36","04","2016","2016034410","6","40.0951","-76.3289","1409","08","0","0","0","0","0","0","0","0","","0","0","0","13","1","1","01","0","40 05:42.190","","00","76 19:44.077","4","0","0","0","36101","1","0","0","N","1","0","0","2","36101","1","","1","01","N","N","0","","0","0","1","3","7","","1353","1","2","0","0","0","0","0","3","0","1","N","","","","","","","","","","","","03","  ","","",""
"1255","2","0","0","0","0","0","0","0","0","1","0","","36","04","2016","2016034412","6","40.2312","-76.4333","1238","08","0","0","0","0","0","0","1","0","","0","0","0","12","1","0","00","0","40 13:52.159","","00","76 25:59.918","0","0","0","0","36230","0","0","0","N","0","0","0","3","36410","0","","1","01","N","N","0","","0","0","0","0","0","","1235","0","2","0","0","0","0","0","1","0","2","N","","","","","","","","","","","","03","  ","","",""
"0652","1","0","0","0","0","0","0","0","0","4","0","","36","04","2016","2016034422","7","40.0415","-76.3252","0643","08","0","0","1","0","0","0","0","0","2","0","0","0","06","1","1","01","1","40 02:29.263","4","00","76 19:30.576","4","0","0","0","36301","0","0","0","N","0","0","0","2","36301","1","","1","09","N","N","1","","0","0","0","3","2","N","0640","1","2","0","0","0","0","0","3","0","2","N","","","","","","","","","","","","07","  ","","",""
"2332","1","0","0","0","0","0","0","0","0","7","0","","36","03","2016","2016034423","5","40.039","-76.4342","2329","08","0","0","0","0","0","0","0","0","","0","0","0","23","3","0","00","0","40 02:20.478","","00","76 26:03.012","0","0","0","0","36414","0","0","0","N","0","0","0","1","36239","0","","5","01","N","N","0","","0","0","0","0","0","","2327","0","1","0","0","0","0","0","3","0","1","N","","","","","","","","","","","","03","  ","","",""
"0934","1","0","0","0","0","0","0","0","0","5","0","","36","04","2016","2016034437","7","40.068","-76.2983","0924","08","0","0","0","0","0","0","0","0","1","0","0","0","09","1","0","00","1","40 04:04.952","4","00","76 17:53.869","9","0","0","0","36101","0","0","0","Y","0","0","0","4","36101","0","","1","09","N","N","0","","0","0","0","0","0","N","0922","0","2","0","0","0","0","1","3","1","2","N","","","","","","","","","","","","07","  ","","",""
"0854","1","0","0","0","0","0","0","0","0","7","0","","36","03","2016","2016034441","3","40.0796","-76.2521","0845","08","0","0","0","0","0","0","0","0","","0","0","0","08","1","0","05","0","40 04:46.730","","00","76 15:07.384","0","0","0","0","36215","0","0","0","N","0","0","0","1","36215","0","","4","01","N","N","0","","0","0","0","0","0","","0842","0","1","0","0","0","0","0","1","0","1","N","","","","","","","","","","","","03","  ","","",""
"1738","2","0","0","0","0","0","0","0","0","4","0","","36","04","2016","2016034447","6","40.0335","-76.3246","1732","08","0","0","0","0","0","0","0","0","","0","0","0","17","1","1","02","0","40 02:00.430","","00","76 19:28.520","8","0","0","0","36220","0","0","0","N","0","0","0","2","36101","0","","1","01","N","N","0","","0","0","0","3","3","","1732","1","2","0","0","0","1","0","3","0","2","N","","","","","","","","","","","","03","  ","","",""
"1446","2","0","0","0","0","0","0","0","0","4","0","","36","04","2016","2016034482","6","40.1555","-76.2056","1445","08","0","0","0","0","0","0","0","0","2","0","0","0","14","1","4","00","2","40 09:19.803","5","07","76 12:20.239","3","0","0","0","36402","0","0","0","N","0","0","0","5","36402","2","","1","01","N","N","0","","2","0","0","0","0","Y","1444","4","2","0","0","0","0","0","2","0","2","N","","","","","","","","","","","","03","  ","","",""
"0359","0","0","0","0","0","0","0","0","0","7","0","","36","03","2016","2016034488","6","40.0384","-76.3384","0353","08","0","0","0","0","0","0","0","0","1","0","0","0","03","2","0","00","1","40 02:18.160","4","00","76 20:18.299","0","0","0","0","36220","0","0","0","N","0","0","0","1","36101","0","","4","01","N","N","1","","0","0","0","0","0","N","0351","0","1","0","0","0","0","0","3","0","1","N","","","","","","","","","","","","03","  ","","",""
"1557","2","0","0","0","0","0","0","0","0","1","0","","36","04","2016","2016034510","7","40.0646","-76.3419","1551","08","0","0","0","0","0","1","0","0","1","0","0","0","15","1","1","00","1","40 03:52.544","1","00","76 20:30.849","8","0","0","0","36101","0","0","0","N","0","0","0","5","36101","0","","1","01","N","N","0","","0","0","0","0","0","N","1549","1","3","0","0","0","1","0","3","1","3","N","","","","","","","","","","","","03","  ","","",""
"0408","0","0","0","0","0","0","0","0","0","7","0","","36","02","2016","2016034535","7","39.9883","-76.0232","0351","08","0","0","0","0","0","0","0","0","","0","0","0","03","2","0","00","0","39 59:18.000","","00","76 01:23.400","0","0","0","0","36232","0","0","0","","0","0","0","1","68J01","0","","5","01","N","N","0","","0","0","1","0","0","","0350","0","1","0","0","0","0","0","1","0","1","N","","","","","","","","","","","","03","  ","","",""
"1846","1","0","0","0","0","0","0","0","0","4","0","","36","04","2016","2016034563","7","40.0348","-76.5033","1845","08","0","0","0","0","0","0","0","0","","0","0","0","08","1","1","01","0","40 02:05.449","","00","76 30:11.780","3","0","0","0","36404","0","0","0","N","0","0","0","6","36404","0","","1","01","N","N","1","","1","0","0","3","3","","0843","1","2","0","0","0","0","0","3","0","2","N","","","","","","","","","","","","03","  ","","",""
"1410","0","0","0","0","0","0","0","0","0","4","0","","36","03","2016","2016034603","1","40.1614","-76.4264","1359","08","0","0","0","0","0","0","1","0","","0","0","0","13","1","1","01","0","40 09:41.171","","00","76 25:35.082","4","0","0","0","36230","0","0","0","N","0","0","0","10","36410","1","","1","01","N","N","0","","0","0","1","3","3","","1359","1","2","0","0","0","0","0","1","1","2","N","","","","","","","","","","","","03","  ","","",""
"2349","2","0","0","0","0","0","0","0","0","5","0","","36","04","2016","2016034613","7","40.0345","-76.305","2343","08","0","0","0","0","1","0","0","0","","0","0","0","23","3","0","00","0","40 02:04.099","","00","76 18:18.091","0","0","0","0","36301","0","0","0","N","0","0","0","1","36301","0","","6","01","N","N","0","","0","0","1","0","0","","2322","0","3","0","0","0","0","0","3","0","3","N","","","","","","","","","","","","03","  ","","",""
"0740","0","0","0","0","0","0","0","0","0","4","0","","36","04","2016","2016034626","6","40.2609","-76.1142","0728","08","0","0","0","0","0","0","1","0","3","0","0","0","07","1","0","01","1","40 15:39.287","1","00","76 06:50.953","0","0","0","0","36236","0","0","0","N","0","0","0","2","36408","0","","1","01","N","N","1","","0","0","0","3","3","N","0728","0","2","0","0","0","0","0","1","1","2","N","","","","","","","","","","","","03","  ","","",""
"0838","0","0","0","0","0","0","0","0","0","8","0","","36","03","2016","2016034633","3","40.0349","-76.3051","0838","08","0","0","0","0","0","1","0","0","","0","0","0","08","1","1","01","0","40 02:05.480","","00","76 18:18.334","8","0","0","0","36301","1","0","0","N","1","0","0","2","36301","0","","1","01","N","N","0","","0","0","1","3","3","","0838","1","2","0","0","0","1","0","3","0","1","N","","","","","","","","","","","","03","  ","","",""
"1102","1","0","0","0","0","0","0","0","0","4","0","","36","04","2016","2016034637","7","40.0534","-76.4133","1058","08","0","0","0","0","0","0","1","0","2","0","0","0","10","1","2","02","1","40 03:12.381","1","00","76 24:47.732","3","0","0","0","36239","0","0","0","N","0","0","0","2","36239","0","","1","09","N","N","0","","2","0","1","0","0","N","1053","2","2","0","0","0","0","0","3","0","2","N","","","","","","","","","","","","03","  ","","",""
"1700","1","0","0","0","0","0","0","0","0","7","0","","36","04","2016","2016034638","7","40.0438","-76.4103","1656","08","0","0","0","0","0","0","1","0","1","0","0","0","16","1","1","00","1","40 02:37.800","2","00","76 24:37.200","4","0","0","0","36239","0","0","0","N","0","0","0","1","36239","1","","4","01","N","N","0","","0","0","0","0","0","Y","1654","1","1","0","0","0","0","0","3","0","1","N","","","","","","","","","","","","03","  ","","",""
"1453","1","0","0","0","0","0","0","0","0","4","0","","36","04","2016","2016034653","6","40.1093","-76.2501","1447","08","0","0","0","0","0","1","0","0","3","0","0","0","14","1","2","01","2","40 06:33.403","5","00","76 15:00.444","3","0","0","0","36101","0","0","0","N","0","0","0","2","36101","0","","2","01","N","N","1","","2","0","0","0","0","Y","1446","2","2","0","0","0","0","0","3","0","2","N","","","","","","","","","","","","03","  ","","",""
"0818","1","0","0","0","0","0","0","0","0","7","0","","36","04","2016","2016034659","1","40.0426","-76.435","0814","08","0","0","0","0","0","0","0","0","2","0","0","0","08","1","0","00","2","40 02:33.230","3","00","76 26:05.859","0","0","0","0","36239","0","0","0","Y","0","0","0","1","36239","0","","3","01","N","N","0","","0","0","0","0","0","N","0810","0","1","0","0","0","0","0","3","0","1","N","","","","","","","","","","","","03","  ","","",""
"1055","1","0","0","0","0","0","0","0","0","1","0","","36","04","2016","2016034667","7","39.9817","-76.2777","1052","08","0","0","0","0","0","0","1","0","1","0","0","0","10","1","1","00","1","39 58:54.141","1","07","76 16:39.596","3","0","0","0","36240","0","0","0","N","0","0","0","2","36240","0","","1","09","N","N","1","","1","0","0","0","0","N","1024","1","2","0","0","0","0","0","1","0","2","N","","","","","","","","","","","","03","  ","","",""
"1414","0","0","0","0","0","0","0","0","0","4","0","","36","04","2016","2016034670","7","40.0683","-76.3298","1405","08","0","0","0","0","1","0","0","0","","0","0","0","14","1","0","02","0","40 04:05.226","","02","76 19:47.014","0","0","0","0","36101","0","0","0","N","0","0","0","3","36101","0","","1","01","N","N","0","","0","0","1","3","2","","1400","0","2","0","0","0","0","0","3","1","2","N","","","","","","","","","","","","03","  ","","",""
"1450","0","0","0","0","0","0","0","0","0","7","0","","36","04","2016","2016034683","1","40.183","-76.1919","1446","08","0","0","0","0","0","1","0","0","","0","0","0","14","1","0","00","0","40 10:58.700","","00","76 11:30.700","0","0","0","0","36408","0","0","0","N","0","0","0","1","36408","0","","2","01","N","N","0","","0","0","1","0","0","","1446","0","1","0","0","0","0","0","2","0","1","N","","","","","","","","","","","","03","  ","","",""
"2135","3","0","0","0","0","0","0","0","0","1","0","","36","04","2016","2016034699","6","40.0358","-76.507","2134","08","0","0","0","0","0","0","0","0","3","0","0","0","21","3","1","00","2","40 02:08.847","5","00","76 30:25.106","8","0","0","0","36404","0","0","0","N","0","0","0","1","36404","0","","6","01","N","N","0","","0","0","2","0","0","Y","2133","1","5","0","0","0","1","0","3","0","5","N","","","","","","","","","","","","03","  ","","",""
"1502","1","0","0","0","0","0","0","0","0","4","0","","36","03","2016","2016034770","5","40.1547","-76.1254","1455","08","0","0","0","0","0","1","0","1","1","0","0","0","14","1","0","00","1","40 09:16.876","1","07","76 07:31.339","0","0","0","0","36218","0","0","0","N","0","0","0","3","36408","0","","1","01","N","N","0","","0","0","0","0","0","N","1449","0","2","0","0","0","0","0","1","1","2","N","","","","","","","","","","","","03","  ","","",""
"1742","1","0","0","0","0","0","0","0","0","1","0","","36","04","2016","2016034785","6","40.0587","-76.4047","1731","08","0","0","0","0","0","0","0","0","","0","0","0","17","1","1","00","0","40 03:31.220","","00","76 24:16.970","8","0","0","0","36239","0","0","0","N","0","0","0","3","36239","0","","1","01","N","N","0","","0","0","1","0","0","","1731","1","2","0","0","0","1","0","3","0","2","N","","","","","","","","","","","","03","  ","","",""
"1845","1","0","0","0","0","0","0","0","0","7","0","","36","03","2016","2016034797","5","40.0457","-76.3092","1837","08","0","0","0","0","0","1","0","0","2","0","0","0","18","1","0","01","1","40 02:44.444","2","00","76 18:32.989","0","0","0","0","36301","0","0","0","N","0","0","0","1","36301","0","","4","01","N","N","0","","0","0","0","0","0","N","1837","0","1","0","0","0","0","0","3","0","1","N","","","","","","","","","","","","03","  ","","",""
"1058","1","0","0","0","0","0","0","0","0","4","0","","36","03","2016","2016034822","6","40.086","-76.2038","1054","08","0","0","0","0","0","0","0","0","2","0","0","0","10","1","1","00","1","40 05:09.706","6","00","76 12:13.783","4","0","0","0","36234","0","0","0","N","0","0","0","2","36215","1","","1","01","N","N","1","","0","0","0","0","0","N","1054","1","2","0","0","0","0","0","1","0","2","N","","","","","","","","","","","","03","  ","","",""
"2324","1","0","0","0","0","0","0","0","1","4","0","","36","04","2016","2016034826","6","40.0319","-76.2398","2322","08","0","0","0","0","0","0","0","0","4","0","0","0","23","3","7","02","2","40 01:54.765","4","02","76 14:23.331","2","0","0","0","36215","0","0","0","N","0","0","0","7","36215","1","","1","01","N","N","0","","1","5","1","3","2","Y","2322","7","2","0","3","3","0","0","1","0","2","N","","","","","","","","","","","","03","  ","","",""
"2107","2","0","0","0","0","0","0","0","0","1","0","","36","04","2016","2016034833","1","40.0388","-76.1992","2101","08","1","0","0","0","0","0","0","0","2","0","0","0","20","2","4","00","1","40 02:19.669","2","00","76 11:57.239","4","0","0","0","36215","0","0","0","N","0","0","0","6","36215","4","","1","01","N","N","0","","0","0","0","0","0","Y","2059","4","2","0","0","0","0","0","1","0","2","N","","","","","","","","","","","","03","  ","","",""
"0628","1","0","0","0","0","0","0","0","0","9","0","","36","04","2016","2016034878","2","40.0475","-76.4837","0620","08","0","0","0","0","0","1","0","0","1","0","0","0","06","2","0","01","1","40 02:51.021","3","00","76 29:01.168","0","0","0","0","36239","0","0","0","N","0","0","0","1","36239","0","","1","01","N","N","0","","0","0","0","0","0","N","0615","0","1","0","0","0","0","0","3","0","1","N","","","","","","","","","","","","03","  ","","",""
"1500","1","0","0","0","0","0","0","0","0","1","0","","36","03","2016","2016034900","3","40.0871","-76.1951","1500","08","0","0","0","1","0","1","0","0","","0","0","0","14","1","0","00","0","40 05:13.603","","00","76 11:42.182","0","0","0","0","36234","0","0","0","N","0","0","0","5","36215","0","","1","01","Y","N","0","","0","0","0","0","0","","1455","0","2","0","0","0","0","0","1","1","2","N","","","","","","","","","","","","03","  ","","",""
"1634","1","0","0","0","0","0","0","0","0","1","1","","36","04","2016","2016034974","2","40.0331","-76.464","1630","08","0","0","0","0","0","0","0","0","","0","1","0","16","1","0","00","0","40 01:59.055","","00","76 27:50.343","0","0","0","0","36239","0","0","0","N","0","0","0","2","36239","0","","1","09","N","N","0","","0","0","0","0","0","","1620","0","2","0","0","0","0","0","3","0","2","N","","","","","","","","","","","","07","  ","","",""
"1241","0","0","0","0","0","0","0","0","1","7","0","","36","03","2016","2016035007","4","40.218","-76.2537","1235","08","0","0","0","0","0","0","0","1","1","0","0","0","12","1","1","00","1","40 13:04.762","3","00","76 15:13.409","2","0","0","0","36204","0","0","0","N","0","0","0","3","36506","0","","4","01","N","N","0","","0","1","0","0","0","Y","1235","1","1","0","0","0","0","0","1","1","1","N","","","","","","","","","","","","03","  ","","",""
"0741","1","0","0","0","0","0","0","0","0","4","0","","36","03","2016","2016035008","5","40.1503","-76.2385","0730","08","0","0","1","0","0","1","0","0","","0","0","0","07","1","1","02","0","40 09:01.231","","00","76 14:18.605","4","0","0","0","36235","0","0","0","N","0","0","0","2","36506","1","","1","01","N","N","1","","0","0","0","3","3","","0730","1","2","0","0","0","0","0","1","0","2","N","","","","","","","","","","","","03","  ","","",""
"0759","1","0","0","0","0","0","0","0","0","7","0","","36","04","2016","2016035057","1","40.1938","-76.005","0748","08","0","0","0","0","0","0","0","0","","0","0","0","06","1","1","00","0","40 11:37.877","","00","76 00:18.098","3","0","0","0","36202","0","0","0","","0","0","0","2","68T06","0","","3","01","N","N","0","","1","0","0","0","0","","0639","1","1","0","0","0","0","0","1","0","1","N","","","","","","","","","","","","03","  ","","",""
"0731","1","0","0","0","0","0","0","0","0","1","0","","36","03","2016","2016035077","5","40.0609","-76.568","0724","08","0","0","0","0","0","0","0","0","2","0","0","0","07","1","1","01","2","40 03:39.357","7","00","76 34:04.694","4","0","0","0","36211","0","0","0","N","0","0","0","3","36504","1","","1","01","N","N","0","","0","0","1","3","2","Y","0714","1","2","0","0","0","0","0","1","0","2","N","","","","","","","","","","","","03","  ","","",""
"1803","1","0","0","0","0","0","0","0","0","7","0","","36","04","2016","2016035078","1","40.1159","-76.4997","1755","08","0","0","0","0","0","0","0","0","2","0","0","0","17","1","5","02","1","40 06:57.228","5","00","76 29:58.961","4","0","0","0","36225","0","0","0","N","0","0","0","5","36505","5","","2","01","N","N","0","","0","0","0","0","0","N","1755","5","1","0","0","0","0","0","2","0","1","N","","","","","","","","","","","","03","  ","","",""
"1821","1","0","0","0","0","0","0","0","0","7","0","","36","04","2016","2016035088","2","40.0485","-76.3562","1806","08","0","0","0","0","0","0","0","0","2","0","0","0","18","1","1","00","1","40 02:54.686","2","00","76 21:22.280","8","0","0","0","36214","0","0","0","N","0","0","0","1","36214","0","","2","09","N","N","0","","0","0","0","0","0","N","1801","1","1","0","0","0","1","0","3","0","1","N","","","","","","","","","","","","03","  ","","",""
"1936","0","0","0","0","0","0","0","0","0","4","0","","36","04","2016","2016035090","2","40.1614","-76.4264","1931","08","0","0","0","0","0","1","0","0","","0","0","0","19","1","0","01","0","40 09:41.171","","00","76 25:35.082","0","0","0","0","36230","0","0","0","N","0","0","0","2","36410","0","","1","09","N","N","2","","0","0","0","3","3","","1931","0","2","0","0","2","0","0","1","0","2","N","","","","","","","","","","","","03","  ","","",""
"0303","1","0","0","0","0","0","0","0","0","5","0","","36","03","2016","2016035120","1","40.0386","-76.3213","0302","08","0","0","0","0","0","0","0","0","2","0","0","0","03","3","0","00","2","40 02:18.800","2","00","76 19:16.800","0","0","0","0","36301","0","0","0","N","0","0","0","1","36301","0","","6","01","N","N","0","","0","0","0","0","0","Y","0301","0","2","0","0","0","0","0","3","1","2","N","","","","","","","","","","","","03","  ","","",""
"2013","2","0","0","0","0","0","0","0","0","4","0","","36","04","2016","2016035128","2","40.1559","-76.0434","2011","08","0","0","0","0","0","0","0","0","2","0","0","0","20","2","1","01","2","40 09:21.104","7","00","76 02:36.199","4","0","0","0","36418","0","0","0","N","0","0","0","2","36213","1","","1","01","N","N","0","","0","0","0","0","0","Y","2010","1","2","0","0","1","0","0","1","0","2","N","","","","","","","","","","","","03","  ","","",""
"1240","0","0","0","0","0","0","0","0","0","4","0","","36","03","2016","2016035136","1","40.1298","-76.2166","1232","08","0","0","0","0","0","0","1","0","","0","0","0","12","1","1","01","0","40 07:47.738","","02","76 12:59.285","4","0","0","0","36238","0","0","0","N","0","0","0","2","36238","1","","1","01","N","N","1","","0","0","1","3","2","","1230","1","2","0","0","0","0","0","3","0","2","N","","","","","","","","","","","","03","  ","","",""
"0518","0","0","0","0","0","0","0","0","0","5","0","","36","04","2016","2016035318","1","40.1808","-76.1726","0517","08","0","0","0","0","0","0","0","0","","0","0","0","05","3","0","00","0","40 10:51.000","","00","76 10:21.500","0","0","0","0","36408","0","0","0","N","0","0","0","1","36408","0","","6","09","N","N","1","","0","0","1","0","0","","0515","0","3","0","0","0","0","0","2","1","3","N","","","","","","","","","","","","03","  ","","",""
"0819","1","0","0","0","0","0","0","0","0","7","0","","36","04","2016","2016035325","3","40.1527","-76.5762","0819","08","1","0","0","0","0","0","0","0","2","0","0","0","08","1","0","00","1","40 09:09.600","4","00","76 34:34.200","0","0","0","0","36225","0","0","0","N","0","0","0","1","36505","0","","4","01","N","N","0","","0","0","0","0","0","N","0818","0","1","0","0","0","0","0","2","0","1","N","","","","","","","","","","","","03","  ","","",""
"1300","2","0","0","0","0","0","0","0","0","1","0","","36","04","2016","2016035340","2","40.1916","-76.1769","1258","08","0","0","0","0","0","2","0","0","","0","0","0","12","1","0","00","0","40 11:29.590","","07","76 10:37.004","0","0","0","0","36408","0","0","0","N","0","0","0","2","36408","0","","1","09","N","N","0","","0","0","0","0","0","","1255","0","2","0","0","0","0","0","2","0","2","N","","","","","","","","","","","","07","  ","","",""
"1825","0","0","0","0","0","0","0","0","0","0","0","","36","03","2016","2016035373","5","40.1814","-76.5855","1816","08","0","0","0","0","0","1","0","0","3","1","0","0","18","1","1","00","2","40 10:53.110","5","00","76 35:07.648","1","1","1","1","36225","0","0","0","Y","0","0","0","2","36505","0","2","2","01","N","N","0","0","0","1","0","0","0","Y","1813","1","1","0","0","0","0","0","2","0","1","N","","","","","","","","","","","","03","  ","","",""