"ARRIVAL_TM","AUTOMOBILE_COUNT","BELTED_DEATH_COUNT","BELTED_SUSP_SERIOUS_INJ_COUNT","BICYCLE_COUNT","BICYCLE_DEATH_COUNT","BICYCLE_SUSP_SERIOUS_INJ_COUNT","BUS_COUNT","CHLDPAS_DEATH_COUNT","CHLDPAS_SUSP_SERIOUS_INJ_COUNT","COLLISION_TYPE","COMM_VEH_COUNT","CONS_ZONE_SPD_LIM","COUNTY","CRASH_MONTH","CRASH_YEAR","CRN","DAY_OF_WEEK","DEC_LAT","DEC_LONG","DISPATCH_TM","DISTRICT","DRIVER_COUNT_16YR","DRIVER_COUNT_17YR","DRIVER_COUNT_18YR","DRIVER_COUNT_19YR","DRIVER_COUNT_20YR","DRIVER_COUNT_50_64YR","DRIVER_COUNT_65_74YR","DRIVER_COUNT_75PLUS","EST_HRS_CLOSED","FATAL_COUNT","HEAVY_TRUCK_COUNT","HORSE_BUGGY_COUNT","HOUR_OF_DAY","ILLUMINATION","INJURY_COUNT","INTERSECT_TYPE","LANE_CLOSED","LATITUDE","LN_CLOSE_DIR","LOCATION_TYPE","LONGITUDE","MAX_SEVERITY_LEVEL","MCYCLE_DEATH_COUNT","MCYCLE_SUSP_SERIOUS_INJ_COUNT","MOTORCYCLE_COUNT","MUNICIPALITY","NONMOTR_COUNT","NONMOTR_DEATH_COUNT","NONMOTR_SUSP_SERIOUS_INJ_COUNT","NTFY_HIWY_MAINT","PED_COUNT","PED_DEATH_COUNT","PED_SUSP_SERIOUS_INJ_COUNT","PERSON_COUNT","POLICE_AGCY","POSSIBLE_INJ_COUNT","RDWY_SURF_TYPE_CD","RELATION_TO_ROAD","ROAD_CONDITION","SCH_BUS_IND","SCH_ZONE_IND","SMALL_TRUCK_COUNT","SPEC_JURIS_CD","SUSP_MINOR_INJ_COUNT","SUSP_SERIOUS_INJ_COUNT","SUV_COUNT","TCD_FUNC_CD","TCD_TYPE","TFC_DETOUR_IND","TIME_OF_DAY","TOT_INJ_COUNT","TOTAL_UNITS","UNB_DEATH_COUNT","UNB_SUSP_SERIOUS_INJ_COUNT","UNBELTED_OCC_COUNT","UNK_INJ_DEG_COUNT","UNK_INJ_PER_COUNT","URBAN_RURAL","VAN_COUNT","VEHICLE_COUNT","WORK_ZONE_IND","WORK_ZONE_LOC","WORK_ZONE_TYPE","WORKERS_PRES","WZ_CLOSE_DETOUR","WZ_FLAGGER","WZ_LAW_OFFCR_IND","WZ_LN_CLOSURE","WZ_MOVING","WZ_OTHER","WZ_SHLDER_MDN","ROADWAY_CLEARED","WEATHER1","WEATHER2","WZ_WORKERS_INJ_KILLED","SECONDARY_CRASH","INTERSECTION_RELATED"
"1517","1","0","0","0","0","0","0","0","0","4","1","","36","03","2016","2016035457","5","40.0866","-76.3456","1508","08","0","0","0","0","0","0","0","1","1","0","1","0","15","1","1","02","2","40 05:11.747","7","00","76 20:44.152","4","0","0","0","36214","0","0","0","","0","0","0","2","36214","1","","1","01","N","N","0","","0","0","0","3","3","N","1506","1","2","0","0","0","0","0","3","0","2","N","","","","","","","","","","","","03","  ","","",""
"1809","2","0","0","0","0","0","0","0","0","7","1","","36","04","2016","2016035484","3","40.06","-76.362","1800","08","0","0","0","0","0","2","0","0","2","0","1","0","17","1","0","00","1","40 03:35.965","3","00","76 21:43.207","0","0","0","0","36214","0","0","0","Y","0","0","0","8","36214","0","","3","01","N","N","0","","0","0","0","0","0","N","1758","0","3","0","0","1","0","0","3","0","3","N","","","","","","","","","","","","03","  ","","",""
"1811","1","0","0","0","0","0","0","0","0","5","1","","36","04","2016","2016035492","2","40.0776","-76.3404","1800","08","0","0","0","0","0","0","1","0","","0","1","0","17","1","0","00","0","40 04:39.264","","00","76 20:25.398","0","0","0","0","36101","0","0","0","N","0","0","0","2","36101","0","","1","09","N","N","0","","0","0","0","0","0","","1710","0","2","0","0","0","0","0","3","0","2","N","","","","","","","","","","","","07","  ","","",""
"2155","1","0","0","0","0","0","0","0","0","7","0","","36","04","2016","2016035513","3","40.0994","-76.3109","2148","08","0","0","0","0","0","0","0","0","","0","0","0","21","2","0","00","0","40 05:57.825","","00","76 18:39.373","0","0","0","0","36101","0","0","0","N","0","0","0","1","36101","0","","5","01","N","N","0","","0","0","0","0","0","","2146","0","1","0","0","0","0","0","3","0","1","N","","","","","","","","","","","","03","  ","","",""
"1926","0","0","0","0","0","0","0","0","0","7","0","","36","04","2016","2016035538","3","40.2094","-76.4129","1920","08","0","0","0","0","0","0","0","0","1","0","0","0","19","1","1","00","2","40 12:33.956","6","00","76 24:46.297","8","0","0","0","36227","0","0","0","N","0","0","0","1","36506","0","","4","01","N","N","0","","0","0","1","0","0","N","1918","1","1","0","0","0","1","0","1","0","1","N","","","","","","","","","","","","03","  ","","",""
"0326","1","0","0","0","0","0","0","0","0","7","0","","36","04","2016","2016035587","1","39.9819","-76.1677","0322","08","0","0","0","0","0","0","0","0","3","0","0","0","03","2","0","00","1","39 58:54.678","2","00","76 10:03.662","0","0","0","0","36233","0","0","0","","0","0","0","1","68J01","0","","4","01","N","N","0","","0","0","0","0","0","N","0320","0","1","0","0","0","0","0","1","0","1","N","","","","","","","","","","","","03","  ","","",""
"0839","0","0","0","0","0","0","0","0","0","7","0","","36","04","2016","2016035604","3","40.0618","-76.3462","0830","08","0","0","0","0","1","0","0","0","","0","0","0","08","1","0","00","0","40 03:42.333","","00","76 20:46.277","0","0","0","0","36214","0","0","0","","0","0","0","1","36214","0","","2","01","N","N","0","","0","0","1","0","0","","0830","0","1","0","0","0","0","0","3","0","1","N","","","","","","","","","","","","03","  ","","",""
"0911","2","0","0","0","0","0","0","0","0","4","0","","36","04","2016","2016035610","3","40.1","-76.3541","0909","08","0","0","0","0","0","0","0","0","","0","0","0","09","1","1","01","0","40 06:00.025","","00","76 21:14.898","3","0","0","0","36406","0","0","0","N","0","0","0","2","36101","0","","1","01","N","N","0","","1","0","0","3","2","","0907","1","2","0","0","0","0","0","3","0","2","N","","","","","","","","","","","","03","  ","","",""
"0744","0","0","0","0","0","0","0","0","0","1","0","","36","04","2016","2016035621","4","40.0501","-76.4023","0731","08","0","0","0","0","1","1","0","0","2","0","0","0","07","1","0","00","1","40 03:00.471","3","00","76 24:08.198","0","0","0","0","36214","0","0","0","N","0","0","0","3","36214","0","","1","01","N","N","0","","0","0","1","0","0","N","0728","0","2","0","0","0","0","0","3","1","2","N","","","","","","","","","","","","03","  ","","",""
"0818","2","0","0","0","0","0","0","0","0","4","0","","36","04","2016","2016035633","4","40.1611","-76.3942","0811","08","0","0","0","0","0","0","0","0","1","0","0","0","08","1","0","00","2","40 09:40.000","6","07","76 23:39.000","0","0","0","0","36410","0","0","0","N","0","0","0","2","36410","0","","1","01","N","N","0","","0","0","0","0","0","N","0805","0","2","0","0","0","0","0","2","0","2","N","","","","","","","","","","","","03","  ","","",""
"1130","0","0","0","0","0","0","0","0","0","1","0","","36","04","2016","2016035655","4","40.0705","-76.3156","1125","08","0","0","0","1","0","1","0","0","","0","0","0","11","1","0","00","0","40 04:13.660","","00","76 18:56.107","0","0","0","0","36101","0","0","0","N","0","0","0","2","36101","0","","1","01","N","N","0","","0","0","2","0","0","","1121","0","2","0","0","0","0","0","3","0","2","N","","","","","","","","","","","","03","  ","","",""
"0922","1","0","0","0","0","0","0","0","0","7","0","","36","04","2016","2016035669","2","40.1691","-76.3865","0919","08","0","0","0","0","0","1","0","0","","0","0","0","09","1","0","00","0","40 10:08.734","","00","76 23:11.351","0","0","0","0","36227","0","0","0","N","0","0","0","1","36506","0","","4","01","N","N","0","","0","0","0","0","0","","0919","0","2","0","0","0","0","0","1","0","1","N","","","","","","","","","","","","03","  ","","",""
"1612","2","0","0","0","0","0","0","0","0","4","0","","36","04","2016","2016035709","4","40.0399","-76.3664","1607","08","0","0","0","0","0","1","0","0","","0","0","0","16","1","0","02","0","40 02:23.785","","00","76 21:58.903","0","0","0","0","36214","0","0","0","N","0","0","0","2","36214","0","","1","01","N","N","0","","0","0","0","3","3","","1604","0","2","0","0","0","0","0","3","0","2","N","","","","","","","","","","","","03","  ","","",""
"0642","1","0","0","0","0","0","0","0","0","9","0","","36","03","2016","2016035755","1","39.8465","-76.2201","0642","08","0","0","0","0","0","0","0","0","","0","0","0","06","2","0","00","0","39 50:47.428","","00","76 13:12.248","0","0","0","0","36212","0","0","0","","0","0","0","1","68J01","0","","1","01","N","N","0","","0","0","0","0","0","","0642","0","1","0","0","0","0","0","1","0","1","N","","","","","","","","","","","","03","  ","","",""
"1435","1","0","0","0","0","0","0","0","0","4","0","","36","04","2016","2016035798","3","40.0833","-76.3516","1425","08","0","0","0","0","0","1","1","0","","0","0","0","14","1","0","02","0","40 05:00.042","","00","76 21:05.706","0","0","0","0","36214","0","0","0","","0","0","0","2","36214","0","","1","01","N","N","0","","0","0","0","3","3","","1425","0","2","0","0","0","0","0","3","1","2","N","","","","","","","","","","","","03","  ","","",""
"0255","1","0","0","0","0","0","0","0","0","7","0","","36","03","2016","2016035805","1","40.0085","-76.1619","0250","08","0","0","0","0","0","0","0","0","","0","0","0","02","2","0","00","0","40 00:30.690","","00","76 09:42.730","0","0","0","0","36233","0","0","0","","0","0","0","1","68J01","0","","4","01","N","N","0","","0","0","0","0","0","","0248","0","1","0","0","0","0","0","1","0","1","N","","","","","","","","","","","","03","  ","","",""
"2211","2","0","0","0","0","0","0","0","0","4","0","","36","04","2016","2016035851","4","40.1059","-76.0254","2207","08","0","0","0","0","0","0","0","1","2","0","0","0","22","2","1","01","2","40 06:21.120","6","00","76 01:31.461","3","0","0","0","36213","0","0","0","N","0","0","0","4","36213","0","","1","01","N","N","0","","1","0","0","3","3","Y","2205","1","2","0","0","1","0","0","1","0","2","N","","","","","","","","","","","","03","  ","","",""
"2147","1","0","0","0","0","0","0","0","0","0","0","","36","04","2016","2016035856","4","40.0374","-76.5146","2140","08","0","0","0","0","0","0","0","0","2","0","0","0","21","2","0","00","2","40 02:14.673","4","03","76 30:52.725","0","0","0","0","36239","0","0","0","N","0","0","0","2","36239","0","","1","01","N","N","0","","0","0","0","0","0","Y","2140","0","1","0","0","2","0","0","3","0","1","N","","","","","","","","","","","","03","  ","","",""
"1832","2","0","0","0","0","0","0","0","0","5","0","","36","04","2016","2016035865","4","40.1084","-76.2475","1825","08","0","0","0","0","0","0","0","0","","0","0","0","18","1","1","00","0","40 06:30.101","","00","76 14:51.002","3","0","0","0","36101","0","0","0","N","0","0","0","3","36101","0","","1","01","N","N","0","","1","0","0","0","0","","1823","1","2","0","0","0","0","0","3","0","2","N","","","","","","","","","","","","03","  ","","",""
"0057","1","0","0","0","0","0","0","0","0","0","0","","36","04","2016","2016035866","5","40.0216","-76.2703","0051","08","0","0","0","0","0","0","0","0","","0","0","0","00","6","0","00","0","40 01:17.870","","00","76 16:13.199","9","0","0","0","36240","0","0","0","N","0","0","0","1","36240","0","","4","01","N","N","0","","0","0","0","0","0","","0049","0","1","0","0","0","0","1","1","0","1","N","","","","","","","","","","","","03","  ","","",""
"0739","1","0","0","0","0","0","0","0","0","5","1","","36","04","2016","2016035877","4","40.2136","-76.0984","0734","08","0","0","0","0","0","1","0","0","3","0","1","0","07","1","1","00","1","40 12:48.966","1","00","76 05:54.123","8","0","0","0","36210","0","0","0","N","0","0","0","3","36210","0","","1","01","N","N","0","","0","0","1","0","0","N","0733","1","3","0","0","0","1","0","1","0","3","N","","","","","","","","","","","","03","  ","","",""
"1709","0","0","0","0","0","0","0","0","0","7","0","","36","03","2016","2016035913","6","40.0201","-76.4681","1702","08","0","0","0","0","0","1","0","0","2","0","0","0","17","1","1","00","1","40 01:12.304","3","00","76 28:05.239","8","0","0","1","36223","0","0","0","","0","0","0","1","36223","0","","4","01","N","N","0","","0","0","0","0","0","N","1702","1","1","0","0","0","1","0","1","0","1","N","","","","","","","","","","","","03","  ","","",""
"1358","1","0","0","0","0","0","0","0","0","2","0","","36","03","2016","2016035914","7","40.0398","-76.3967","1336","08","0","0","0","0","0","0","0","0","","0","0","0","13","1","1","00","0","40 02:23.314","","00","76 23:48.113","3","0","0","0","36223","0","0","0","","0","0","0","6","36223","0","","1","01","N","N","1","","1","0","0","0","0","","1332","1","2","0","0","0","0","0","1","0","2","N","","","","","","","","","","","","03","  ","","",""
"1708","1","0","0","0","0","0","0","0","0","2","0","","36","04","2016","2016035918","4","40.0351","-76.303","1659","08","0","0","0","0","0","1","0","0","2","0","0","0","16","1","0","00","1","40 02:06.382","2","00","76 18:10.770","0","0","0","0","36301","0","0","0","N","0","0","0","3","36301","0","","1","01","N","N","1","","0","0","0","0","0","N","1654","0","2","0","0","0","0","0","3","0","2","N","","","","","","","","","","","","03","  ","","",""
"0802","2","0","0","0","0","0","0","0","0","1","0","","36","04","2016","2016035920","4","40.1246","-76.4691","0754","08","0","0","1","0","0","1","0","0","","0","0","0","99","1","0","00","0","40 07:28.602","","03","76 28:08.708","0","0","0","0","36230","0","0","0","N","0","0","0","4","36410","0","","1","01","N","N","0","","0","0","2","0","0","","9999","0","4","0","0","0","0","0","1","0","4","N","","","","","","","","","","","","03","  ","","",""
"1549","2","0","0","0","0","0","0","0","0","1","0","","36","04","2016","2016035924","4","40.1488","-76.4124","1545","08","0","0","0","0","0","0","0","0","","0","0","0","99","1","0","02","0","40 08:55.616","","00","76 24:44.597","0","0","0","0","36230","0","0","0","N","0","0","0","2","36410","0","","4","01","N","N","0","","0","0","0","0","0","","9999","0","2","0","0","0","0","0","1","0","2","N","","","","","","","","","","","","03","  ","","",""
"1530","1","0","0","0","0","0","0","0","0","7","0","","36","04","2016","2016035931","4","40.0458","-76.4556","1510","08","0","0","0","0","0","1","0","0","","0","0","0","15","1","0","00","0","40 02:44.869","","00","76 27:20.158","0","0","0","0","36239","0","0","0","Y","0","0","0","1","36239","0","","4","01","N","N","0","","0","0","0","0","0","","1507","0","1","0","0","0","0","0","3","0","1","N","","","","","","","","","","","","03","  ","","",""
"0902","1","0","0","0","0","0","0","0","0","4","0","","36","04","2016","2016035938","5","40.0792","-76.3465","0855","08","0","0","0","0","0","1","0","0","","0","0","0","08","1","0","02","0","40 04:44.998","","02","76 20:47.326","0","0","0","0","36101","0","0","0","N","0","0","0","2","36101","0","","1","09","N","N","0","","0","0","1","3","3","","0850","0","2","0","0","0","0","0","3","0","2","N","","","","","","","","","","","","07","  ","","",""
"1205","2","0","0","0","0","0","0","0","0","4","0","","36","04","2016","2016035948","4","40.0763","-76.3249","1200","08","0","0","0","0","0","1","0","1","2","0","0","0","11","1","0","00","1","40 04:34.612","2","07","76 19:29.643","0","0","0","0","36101","0","0","0","N","0","0","0","3","36101","0","","1","01","N","N","0","","0","0","0","3","2","N","1157","0","2","0","0","0","0","0","3","0","2","N","","","","","","","","","","","","03","  ","","",""
"0800","2","0","0","0","0","0","0","0","0","1","0","","36","04","2016","2016035962","5","40.0456","-76.4219","0746","08","0","0","0","0","0","0","0","0","1","0","0","0","07","1","1","00","2","40 02:44.050","3","00","76 25:18.750","4","0","0","0","36239","0","0","0","N","0","0","0","2","36239","1","","1","09","N","N","0","","0","0","0","0","0","N","0743","1","2","0","0","0","0","0","3","0","2","N","","","","","","","","","","","","07","  ","","",""
"1036","1","0","0","0","0","0","0","0","0","7","0","","36","04","2016","2016035967","5","40.0588","-76.364","1031","08","0","0","0","0","0","0","0","0","1","0","0","0","10","1","0","00","1","40 03:31.663","3","00","76 21:50.236","0","0","0","0","36214","0","0","0","N","0","0","0","1","36214","0","","3","09","N","N","0","","0","0","0","0","0","N","1029","0","1","0","0","0","0","0","3","0","1","N","","","","","","","","","","","","07","  ","","",""
"1327","1","0","0","0","0","0","0","0","0","7","0","","36","04","2016","2016036004","4","40.0924","-76.278","1323","08","0","0","0","0","0","1","0","0","3","0","0","0","13","1","1","02","2","40 05:32.492","7","00","76 16:40.827","3","0","0","0","36101","0","0","0","N","0","0","0","1","36101","0","","4","01","N","N","0","","1","0","0","0","0","Y","1320","1","1","0","0","0","0","0","3","0","1","N","","","","","","","","","","","","03","  ","","",""
"2054","2","0","0","0","0","0","0","0","0","4","0","","36","03","2016","2016036110","4","39.9611","-76.4458","2036","08","1","0","0","0","0","0","0","0","","0","0","0","20","3","1","00","0","39 57:39.966","","00","76 26:44.752","8","0","0","0","36223","0","0","0","","0","0","0","3","36223","0","","1","01","N","N","0","","0","0","0","3","3","","2033","1","2","0","0","0","1","0","1","0","2","N","","","","","","","","","","","","03","  ","","",""
"1549","1","0","0","0","0","0","0","0","0","1","0","","36","03","2016","2016036111","5","40.038","-76.3497","1535","08","0","1","0","0","0","0","0","0","","0","0","0","15","1","0","01","0","40 02:16.727","","00","76 20:59.033","0","0","0","0","36223","0","0","0","","0","0","0","2","36223","0","","1","01","N","N","0","","0","0","1","3","2","","1533","0","2","0","0","0","0","0","1","0","2","N","","","","","","","","","","","","03","  ","","",""
"1646","0","0","0","0","0","0","0","0","0","7","0","","36","04","2016","2016036116","5","40.0735","-76.3505","1641","08","0","0","0","0","0","1","0","0","2","0","0","0","16","1","0","00","2","40 04:24.572","2","00","76 21:01.622","0","0","0","0","36214","0","0","0","Y","0","0","0","1","36214","0","","2","01","N","N","0","","0","0","1","0","0","N","1635","0","1","0","0","0","0","0","3","0","1","N","","","","","","","","","","","","03","  ","","",""
"1740","0","0","0","0","0","0","0","0","0","6","0","","36","03","2016","2016036131","2","40.2154","-76.1231","1740","08","0","0","0","0","0","1","1","0","2","0","0","0","17","1","1","00","1","40 12:55.606","5","00","76 07:23.316","8","0","0","0","36210","0","0","0","N","0","0","0","2","36210","0","","1","01","N","N","1","","0","0","0","0","0","N","1738","1","2","0","0","0","1","0","1","1","2","N","","","","","","","","","","","","03","  ","","",""
"2230","1","0","0","0","0","0","0","0","0","1","0","","36","04","2016","2016036133","7","39.9962","-76.3638","2228","08","0","0","0","1","0","0","0","0","2","0","0","0","22","3","0","00","1","39 59:46.400","2","00","76 21:49.700","0","0","0","0","36412","0","0","0","N","0","0","0","2","36412","0","","1","09","N","N","0","","0","0","1","0","0","N","2225","0","2","0","0","0","0","0","3","0","2","N","","","","","","","","","","","","07","  ","","",""
"1844","0","0","0","0","0","0","0","0","0","1","0","","36","03","2016","2016036172","3","39.9902","-76.2466","1840","08","0","0","0","1","0","0","0","0","2","0","0","0","18","1","1","00","2","39 59:24.868","6","00","76 14:47.906","4","0","0","1","36240","0","0","0","N","0","0","0","2","36240","1","","1","01","N","N","0","","0","0","1","0","0","Y","1840","1","2","0","0","0","0","0","1","0","2","N","","","","","","","","","","","","03","  ","","",""
"1221","2","0","0","0","0","0","0","0","0","5","0","","36","04","2016","2016036182","1","40.2213","-76.4323","1201","08","0","0","0","0","0","0","0","0","","0","0","0","11","1","0","01","0","40 13:16.697","","00","76 25:56.245","0","0","0","0","36230","0","0","0","N","0","0","0","2","36410","0","","1","01","N","N","0","","0","0","0","0","0","","1158","0","2","0","0","0","0","0","1","0","2","N","","","","","","","","","","","","03","  ","","",""
"2119","0","0","0","0","0","0","0","0","0","7","0","","36","04","2016","2016036240","4","40.0112","-76.3747","2112","08","0","0","0","0","0","1","0","0","","0","0","0","21","2","1","02","0","40 00:40.406","","00","76 22:29.045","4","0","0","0","36223","0","0","0","","0","0","0","1","36223","1","","4","01","N","N","1","","0","0","0","0","0","","2109","1","1","0","0","0","0","0","1","0","1","N","","","","","","","","","","","","03","  ","","",""
"1345","2","0","0","0","0","0","0","0","0","4","0","","36","04","2016","2016036243","2","40.0352","-76.3355","1341","08","0","0","0","0","0","2","0","0","1","0","0","0","13","1","1","01","1","40 02:06.698","1","00","76 20:07.641","4","0","0","0","36220","0","0","0","N","0","0","0","2","36101","1","","1","01","N","N","0","","0","0","0","3","3","N","1340","1","2","0","0","0","0","0","3","0","2","N","","","","","","","","","","","","03","  ","","",""
"1551","1","0","0","0","0","0","0","0","0","1","0","","36","04","2016","2016036251","2","40.0404","-76.2471","1544","08","0","0","0","1","0","0","0","0","2","0","0","0","15","1","2","02","1","40 02:25.580","4","02","76 14:49.597","3","0","0","0","36215","0","0","0","N","0","0","0","4","36215","0","","1","09","N","N","1","","2","0","0","3","4","N","1541","2","2","0","0","0","0","0","1","0","2","N","","","","","","","","","","","","07","  ","","",""
"1124","1","0","0","0","0","0","0","0","0","7","0","","36","04","2016","2016036253","4","40.2408","-76.058","1115","08","0","0","0","0","0","1","0","0","","0","0","0","11","1","0","00","0","40 14:26.920","","00","76 03:28.827","0","0","0","0","36401","0","0","0","N","0","0","0","1","36408","0","","2","01","N","N","0","","0","0","0","0","0","","1110","0","1","0","0","0","0","0","1","0","1","N","","","","","","","","","","","","03","  ","","",""
"1621","0","0","0","0","0","0","0","0","0","3","0","","36","04","2016","2016036255","2","40.0408","-76.2935","1618","08","0","0","0","0","0","0","0","0","2","0","0","0","16","1","0","00","1","40 02:26.982","4","00","76 17:36.447","0","0","0","0","36301","0","0","0","N","0","0","0","2","36301","0","","1","01","N","N","0","","0","0","2","0","0","N","1612","0","2","0","0","0","0","0","3","0","2","N","","","","","","","","","","","","03","  ","","",""
"0858","1","0","0","0","0","0","0","0","0","1","0","","36","04","2016","2016036259","3","40.0897","-76.3046","0853","08","0","0","0","0","0","0","0","0","","0","0","0","08","1","1","00","0","40 05:22.871","","00","76 18:16.554","8","0","0","0","36101","0","0","0","N","0","0","0","2","36101","0","","1","01","N","N","0","","0","0","1","0","0","","0850","1","2","0","0","0","1","0","3","0","2","N","","","","","","","","","","","","03","  ","","",""
"1137","1","0","0","0","0","0","0","0","0","1","0","","36","04","2016","2016036260","4","40.0837","-76.2898","1134","08","0","0","0","0","0","0","0","0","2","0","0","0","11","1","1","00","1","40 05:01.442","1","00","76 17:23.157","4","0","0","0","36101","0","0","0","N","0","0","0","4","36101","1","","1","01","N","N","0","","0","0","1","0","0","N","1121","1","2","0","0","0","0","0","3","0","2","N","","","","","","","","","","","","03","  ","","",""
"1542","1","0","0","0","0","0","0","0","0","7","0","","36","04","2016","2016036268","5","40.0837","-76.2728","1530","08","0","0","0","0","0","0","0","0","","0","0","0","15","1","0","00","0","40 05:01.230","","00","76 16:22.118","0","0","0","0","36101","0","0","0","N","0","0","0","1","36101","0","","3","01","N","N","0","","0","0","0","0","0","","1523","0","1","0","0","0","0","0","3","0","1","N","","","","","","","","","","","","03","  ","","",""
"1201","1","0","0","0","0","0","0","0","0","7","0","","36","04","2016","2016036275","3","40.0043","-76.349","1156","08","0","0","0","0","0","1","0","0","2","0","0","0","11","1","1","01","1","40 00:15.548","3","00","76 20:56.454","3","0","0","0","36412","0","0","0","N","0","0","0","1","36412","0","","5","01","N","N","0","","1","0","0","3","3","N","1156","1","1","0","0","0","0","0","3","0","1","N","","","","","","","","","","","","03","  ","","",""
"0612","1","0","0","0","0","0","0","0","0","7","0","","36","03","2016","2016036326","2","40.045","-76.2837","0608","08","0","0","0","0","0","1","0","0","1","0","0","0","06","3","0","01","1","40 02:41.866","3","00","76 17:01.190","0","0","0","0","36301","0","0","0","N","0","0","0","1","36301","0","","3","09","N","N","0","","0","0","0","3","2","N","0608","0","2","0","0","0","0","0","3","0","1","N","","","","","","","","","","","","07","  ","","",""
"0512","1","0","0","0","0","0","0","0","0","4","0","","36","04","2016","2016036329","6","40.0389","-76.2971","0509","08","0","0","1","0","0","1","0","0","1","0","0","0","05","3","1","01","2","40 02:20.048","3","00","76 17:49.543","3","0","0","0","36301","0","0","0","N","0","0","0","2","36301","0","","1","01","N","N","1","","1","0","0","3","2","Y","0509","1","2","0","0","0","0","0","3","0","2","N","","","","","","","","","","","","03","  ","","",""
"1419","1","0","0","0","0","0","0","0","0","1","0","","36","04","2016","2016036341","6","40.0775","-76.3268","1414","08","0","0","0","0","0","1","0","0","","0","0","0","14","1","0","00","0","40 04:38.989","","00","76 19:36.659","0","0","0","0","36101","0","0","0","N","0","0","0","2","36101","0","","1","01","N","N","1","","0","0","0","3","2","","1410","0","2","0","0","0","0","0","3","0","2","N","","","","","","","","","","","","03","  ","","",""
"1744","0","0","0","0","0","0","0","0","0","1","2","","36","03","2016","2016036562","2","39.9631","-75.9974","1723","08","0","0","1","0","0","1","0","0","2","0","2","0","17","1","0","01","1","39 57:47.302","1","00","75 59:50.526","9","0","0","0","36231","0","0","0","","0","0","0","2","68J01","0","","1","01","N","N","0","","0","0","0","3","2","N","1719","0","2","0","0","0","0","1","1","0","2","N","","","","","","","","","","","","03","  ","","",""
"0553","0","0","0","0","0","0","0","0","0","0","0","","36","03","2016","2016036609","3","40.038","-76.3439","0542","08","0","0","0","0","0","1","0","0","2","0","0","0","05","3","0","01","1","40 02:16.808","2","00","76 20:37.911","0","0","0","0","36223","0","0","0","","0","0","0","2","36223","0","","1","01","N","N","0","","0","0","0","0","0","N","0542","0","1","0","0","0","0","0","1","1","1","N","","","","","","","","","","","","03","  ","","",""
"1535","1","0","0","0","0","0","0","0","0","4","0","","36","04","2016","2016036633","5","40.012","-76.2263","1527","08","0","0","0","0","1","1","0","0","2","0","0","0","15","1","2","01","2","40 00:43.379","7","00","76 13:34.666","4","0","0","0","36240","0","0","0","N","0","0","0","2","36240","2","","1","01","N","N","0","","0","0","1","3","3","Y","1526","2","2","0","0","0","0","0","1","0","2","N","","","","","","","","","","","","03","  ","","",""
"2017","0","0","0","0","0","0","0","0","0","7","0","","36","04","2016","2016036636","6","40.1873","-76.1897","2015","08","0","0","0","0","0","1","0","0","","0","0","0","20","3","0","00","0","40 11:14.432","","00","76 11:22.966","0","0","0","0","36408","0","0","0","Y","0","0","0","1","36408","0","","4","01","N","N","0","","0","0","0","0","0","","2014","0","1","0","0","1","0","0","2","1","1","N","","","","","","","","","","","","03","  ","","",""
"0617","1","0","0","0","0","0","0","0","0","7","0","","36","04","2016","2016036707","7","40.2286","-76.1439","0609","08","0","0","0","0","0","0","1","0","1","0","0","0","06","3","0","00","1","40 13:42.997","5","00","76 08:37.998","0","0","0","0","36405","0","0","0","N","0","0","0","1","36210","0","","4","01","N","N","0","","0","0","0","0","0","N","0606","0","1","0","0","0","0","0","1","0","1","N","","","","","","","","","","","","03","  ","","",""
"1831","2","0","0","0","0","0","0","0","0","4","0","","36","04","2016","2016036739","6","40.1588","-76.6043","1828","08","0","0","0","0","0","0","0","0","2","0","0","0","18","1","1","01","2","40 09:31.838","3","00","76 36:15.519","4","0","0","0","36407","0","0","0","N","0","0","0","5","36407","1","","1","01","N","N","0","","0","0","0","3","3","Y","1823","1","2","0","0","0","0","1","2","0","2","N","","","","","","","","","","","","03","  ","","",""
"1724","1","0","0","0","0","0","0","0","0","1","0","","36","04","2016","2016036740","2","40.079","-76.3386","1711","08","1","0","0","0","0","0","1","0","","0","0","0","17","1","1","00","0","40 04:44.240","","00","76 20:18.964","4","0","0","0","36101","0","0","0","N","0","0","0","2","36101","1","","1","09","N","N","0","","0","0","1","0","0","","1708","1","2","0","0","0","0","0","3","0","2","N","","","","","","","","","","","","07","  ","","",""
"0859","1","0","0","0","0","0","0","0","0","7","0","","36","04","2016","2016036772","7","40.1594","-76.5769","0829","08","0","0","0","0","0","0","0","0","","0","0","0","08","1","0","00","0","40 09:33.996","","00","76 34:37.015","0","0","0","0","36225","0","0","0","N","0","0","0","3","36505","0","","2","02","N","N","0","","0","0","0","0","0","","0829","0","1","0","0","0","0","0","2","0","1","N","","","","","","","","","","","","10","  ","","",""