"ARRIVAL_TM","AUTOMOBILE_COUNT","BELTED_DEATH_COUNT","BELTED_SUSP_SERIOUS_INJ_COUNT","BICYCLE_COUNT","BICYCLE_DEATH_COUNT","BICYCLE_SUSP_SERIOUS_INJ_COUNT","BUS_COUNT","CHLDPAS_DEATH_COUNT","CHLDPAS_SUSP_SERIOUS_INJ_COUNT","COLLISION_TYPE","COMM_VEH_COUNT","CONS_ZONE_SPD_LIM","COUNTY","CRASH_MONTH","CRASH_YEAR","CRN","DAY_OF_WEEK","DEC_LAT","DEC_LONG","DISPATCH_TM","DISTRICT","DRIVER_COUNT_16YR","DRIVER_COUNT_17YR","DRIVER_COUNT_18YR","DRIVER_COUNT_19YR","DRIVER_COUNT_20YR","DRIVER_COUNT_50_64YR","DRIVER_COUNT_65_74YR","DRIVER_COUNT_75PLUS","EST_HRS_CLOSED","FATAL_COUNT","HEAVY_TRUCK_COUNT","HORSE_BUGGY_COUNT","HOUR_OF_DAY","ILLUMINATION","INJURY_COUNT","INTERSECT_TYPE","LANE_CLOSED","LATITUDE","LN_CLOSE_DIR","LOCATION_TYPE","LONGITUDE","MAX_SEVERITY_LEVEL","MCYCLE_DEATH_COUNT","MCYCLE_SUSP_SERIOUS_INJ_COUNT","MOTORCYCLE_COUNT","MUNICIPALITY","NONMOTR_COUNT","NONMOTR_DEATH_COUNT","NONMOTR_SUSP_SERIOUS_INJ_COUNT","NTFY_HIWY_MAINT","PED_COUNT","PED_DEATH_COUNT","PED_SUSP_SERIOUS_INJ_COUNT","PERSON_COUNT","POLICE_AGCY","POSSIBLE_INJ_COUNT","RDWY_SURF_TYPE_CD","RELATION_TO_ROAD","ROAD_CONDITION","SCH_BUS_IND","SCH_ZONE_IND","SMALL_TRUCK_COUNT","SPEC_JURIS_CD","SUSP_MINOR_INJ_COUNT","SUSP_SERIOUS_INJ_COUNT","SUV_COUNT","TCD_FUNC_CD","TCD_TYPE","TFC_DETOUR_IND","TIME_OF_DAY","TOT_INJ_COUNT","TOTAL_UNITS","UNB_DEATH_COUNT","UNB_SUSP_SERIOUS_INJ_COUNT","UNBELTED_OCC_COUNT","UNK_INJ_DEG_COUNT","UNK_INJ_PER_COUNT","URBAN_RURAL","VAN_COUNT","VEHICLE_COUNT","WORK_ZONE_IND","WORK_ZONE_LOC","WORK_ZONE_TYPE","WORKERS_PRES","WZ_CLOSE_DETOUR","WZ_FLAGGER","WZ_LAW_OFFCR_IND","WZ_LN_CLOSURE","WZ_MOVING","WZ_OTHER","WZ_SHLDER_MDN","ROADWAY_CLEARED","WEATHER1","WEATHER2","WZ_WORKERS_INJ_KILLED","SECONDARY_CRASH","INTERSECTION_RELATED"
"1744","1","0","0","0","0","0","0","0","0","1","0","","36","04","2016","2016036942","6","40.1049","-76.2547","1723","08","0","0","0","0","1","1","0","0","","0","0","0","17","1","0","00","0","40 06:17.765","","00","76 15:16.996","0","0","0","0","36101","0","0","0","N","0","0","0","2","36101","0","","1","01","N","N","0","","0","0","1","3","2","","1721","0","2","0","0","0","0","0","3","0","2","N","","","","","","","","","","","","03","  ","","",""
"1317","2","0","0","0","0","0","0","0","0","1","0","","36","04","2016","2016036951","7","40.0883","-76.3054","1313","08","0","0","1","0","0","0","1","0","2","0","0","0","13","1","0","00","1","40 05:17.961","1","00","76 18:19.356","0","0","0","0","36101","0","0","0","N","0","0","0","2","36101","0","","1","09","N","N","0","","0","0","0","3","2","N","1311","0","2","0","0","0","0","0","3","0","2","N","","","","","","","","","","","","07","  ","","",""
"1439","2","0","0","0","0","0","0","0","0","1","0","","36","04","2016","2016036966","7","40.0377","-76.3084","1439","08","0","0","0","0","0","1","0","0","2","0","0","0","14","1","0","00","1","40 02:15.592","3","00","76 18:30.334","0","0","0","0","36301","0","0","0","N","0","0","0","5","36301","0","","1","09","N","N","0","","0","0","0","3","2","N","1439","0","3","0","0","5","0","0","3","1","3","N","","","","","","","","","","","","03","  ","","",""
"1203","1","0","0","0","0","0","0","0","0","7","0","","36","04","2016","2016036979","1","40.182","-76.6062","1152","08","0","0","0","0","0","0","0","0","1","0","0","0","11","1","0","00","1","40 10:55.106","3","00","76 36:22.298","0","0","0","0","36225","0","0","0","N","0","0","0","1","36505","0","","3","01","N","N","0","","0","0","0","0","0","N","1150","0","1","0","0","0","0","0","2","0","1","N","","","","","","","","","","","","03","  ","","",""
"1106","1","0","0","1","0","0","0","0","0","4","0","","36","04","2016","2016036980","1","40.1769","-76.1798","1105","08","0","0","0","0","0","0","1","0","","0","0","0","11","1","1","00","0","40 10:37.000","","07","76 10:47.200","4","0","0","0","36408","1","0","0","N","0","0","0","2","36408","1","","1","01","N","N","0","","0","0","0","0","0","","1105","1","2","0","0","0","0","0","2","0","1","N","","","","","","","","","","","","03","  ","","",""
"1426","1","0","0","0","0","0","0","0","0","4","0","","36","03","2016","2016036987","6","40.1866","-76.1886","1423","08","0","0","0","0","0","1","0","0","1","0","0","0","14","1","0","00","1","40 11:11.648","4","07","76 11:18.970","0","0","0","0","36408","0","0","0","N","0","0","0","3","36408","0","","1","01","N","N","0","","0","0","1","0","0","N","1423","0","2","0","0","0","0","0","2","0","2","N","","","","","","","","","","","","03","  ","","",""
"1151","2","0","0","0","0","0","0","0","0","2","0","","36","04","2016","2016036994","7","40.0833","-76.2738","1140","08","0","0","0","0","0","0","1","0","","0","0","0","11","1","1","00","0","40 05:00.006","","00","76 16:25.809","3","0","0","0","36101","0","0","0","N","0","0","0","2","36101","0","","1","09","N","N","0","","1","0","0","0","0","","1137","1","2","0","0","0","0","0","3","0","2","N","","","","","","","","","","","","10","  ","","",""
"1030","1","0","0","0","0","0","0","0","0","2","0","","36","04","2016","2016036998","7","40.247","-76.3579","1020","08","0","0","0","0","0","0","0","0","2","0","0","0","10","1","1","00","1","40 14:49.139","3","00","76 21:28.422","4","0","0","0","36227","0","0","0","N","0","0","0","3","36506","1","","1","07","N","N","0","","0","0","0","0","0","Y","1020","1","2","0","0","0","0","0","1","1","2","N","","","","","","","","","","","","10","  ","","",""
"1310","1","0","0","0","0","0","0","0","0","4","0","","36","04","2016","2016036999","7","40.204","-76.3562","1258","08","0","0","0","0","0","0","1","0","","0","0","0","12","1","0","00","0","40 12:14.553","","07","76 21:22.271","0","0","0","0","36227","0","0","0","N","0","0","0","2","36506","0","","1","09","N","N","1","","0","0","0","0","0","","1258","0","2","0","0","0","0","0","1","0","2","N","","","","","","","","","","","","10","  ","","",""
"1416","1","0","0","0","0","0","0","0","0","4","0","","36","04","2016","2016037046","7","40.1895","-76.31","1411","08","0","0","0","0","0","1","1","0","1","0","0","0","14","1","1","01","1","40 11:22.225","1","00","76 18:36.138","4","0","0","0","36235","0","0","0","N","0","0","0","3","36506","1","","1","09","N","N","0","","0","0","1","3","3","Y","1411","1","2","0","0","1","0","0","1","0","2","N","","","","","","","","","","","","03","  ","","",""
"1339","1","0","0","0","0","0","0","0","0","7","0","","36","04","2016","2016037047","1","40.1628","-76.2761","1338","08","0","0","0","0","0","0","0","0","","0","0","0","13","1","0","01","0","40 09:46.018","","00","76 16:34.125","0","0","0","0","36235","0","0","0","N","0","0","0","1","36506","0","","5","01","N","N","0","","0","0","0","3","2","","1338","0","1","0","0","0","0","0","1","0","1","N","","","","","","","","","","","","03","  ","","",""
"1849","0","0","0","0","0","0","0","0","0","0","0","","36","03","2016","2016037066","5","39.7719","-76.2353","1841","08","0","0","0","0","0","0","0","0","","0","0","0","18","1","1","00","0","39 46:18.970","","00","76 14:07.060","3","0","0","1","36208","0","0","0","","0","0","0","1","68J01","0","","1","01","N","N","0","","1","0","0","0","0","","1840","1","1","0","0","0","0","0","1","0","1","N","","","","","","","","","","","","03","  ","","",""
"1934","0","0","0","0","0","0","0","0","0","4","0","","36","03","2016","2016037067","5","39.9061","-76.0198","1921","08","0","0","0","0","0","1","0","0","","0","0","0","16","1","1","00","0","39 54:21.900","","07","76 01:11.200","3","0","0","1","36231","0","0","0","","0","0","0","2","68J01","0","","1","01","N","N","0","","1","0","0","0","0","","1645","1","2","0","0","0","0","0","1","0","2","N","","","","","","","","","","","","03","  ","","",""
"1705","2","0","0","0","0","0","0","0","0","4","0","","36","03","2016","2016037068","7","40.0388","-76.1442","1655","08","0","0","0","0","0","0","0","1","","0","0","0","16","3","0","02","0","40 02:19.525","","00","76 08:39.068","0","0","0","0","36221","0","0","0","","0","0","0","2","68J01","0","","1","01","N","N","0","","0","0","0","3","3","","1655","0","2","0","0","0","0","0","1","0","2","N","","","","","","","","","","","","03","  ","","",""
"0303","0","0","0","0","0","0","0","0","0","7","0","","36","03","2016","2016037069","1","39.9112","-76.1695","0239","08","0","0","0","0","0","0","0","0","","0","0","0","02","2","0","00","0","39 54:40.191","","00","76 10:10.277","0","0","0","0","36216","0","0","0","","0","0","0","1","68J01","0","","4","01","N","N","0","","0","0","0","0","0","","0237","0","1","0","0","0","0","0","1","1","1","N","","","","","","","","","","","","03","  ","","",""
"1600","0","0","0","0","0","0","0","0","0","7","0","","36","04","2016","2016037076","2","39.8844","-76.2011","1543","08","0","0","0","0","1","0","0","0","","0","0","0","15","1","1","00","0","39 53:03.843","","00","76 12:04.061","3","0","0","0","36212","0","0","0","","0","0","0","1","68J01","0","","2","09","N","N","0","","1","0","1","0","0","","1538","1","1","0","0","0","0","0","1","0","1","N","","","","","","","","","","","","07","  ","","",""
"1822","0","0","0","0","0","0","0","0","0","4","0","","36","04","2016","2016037081","4","39.8773","-76.2733","1819","08","0","0","0","1","0","0","0","0","2","0","0","0","18","1","0","01","2","39 52:38.411","1","00","76 16:24.049","0","0","0","0","36224","0","0","0","","0","0","0","2","68J01","0","","1","01","N","N","1","","0","0","1","3","3","N","1818","0","2","0","0","0","0","0","1","0","2","N","","","","","","","","","","","","03","  ","","",""
"2151","1","0","0","0","0","0","0","0","0","7","0","","36","04","2016","2016037083","4","39.9114","-76.1702","2140","08","0","0","0","0","0","0","0","0","2","0","0","0","21","2","1","00","2","39 54:40.951","5","00","76 10:12.678","8","0","0","0","36216","0","0","0","","0","0","0","1","68J01","0","","4","01","N","N","0","","0","0","0","0","0","Y","2140","1","1","0","0","0","1","0","1","0","1","N","","","","","","","","","","","","03","  ","","",""
"0940","0","0","0","0","0","0","0","0","0","7","0","","36","04","2016","2016037085","5","39.8751","-76.0259","0930","08","0","0","0","0","0","0","1","0","2","0","0","0","09","1","0","00","2","39 52:30.516","6","00","76 01:33.272","0","0","0","0","36205","0","0","0","","0","0","0","1","68J01","0","","4","09","N","N","1","","0","0","0","0","0","N","0926","0","1","0","0","0","0","0","1","0","1","N","","","","","","","","","","","","07","  ","","",""
"0946","0","0","0","0","0","0","0","0","0","7","0","","36","04","2016","2016037111","7","40.2304","-76.3012","0933","08","0","0","0","0","0","0","0","0","","0","0","0","09","1","0","00","0","40 13:49.308","","00","76 18:04.443","0","0","0","0","36217","0","0","0","","0","0","0","1","68J01","0","","4","07","N","N","0","","0","0","1","0","0","","0933","0","1","0","0","0","0","0","1","0","1","N","","","","","","","","","","","","10","  ","","",""
"1026","2","0","0","0","0","0","0","0","0","6","0","","36","04","2016","2016037112","7","40.2462","-76.3011","1026","08","0","0","0","0","0","1","0","0","","0","0","0","10","1","0","00","0","40 14:46.483","","00","76 18:04.112","0","0","0","0","36217","0","0","0","","0","0","0","2","68J01","0","","1","07","N","N","0","","0","0","0","0","0","","1026","0","2","0","0","0","0","0","1","0","2","N","","","","","","","","","","","","10","  ","","",""
"1851","0","0","0","0","0","0","0","0","0","5","0","","36","04","2016","2016037128","1","40.2269","-76.0842","1846","08","0","0","0","0","0","0","0","0","","0","0","0","18","1","1","00","0","40 13:36.716","","00","76 05:03.183","3","0","0","1","36210","0","0","0","N","0","0","0","2","36210","0","","1","01","N","N","1","","1","0","0","0","0","","1841","1","2","0","0","0","0","1","1","0","2","N","","","","","","","","","","","","03","  ","","",""
"1903","1","0","0","0","0","0","0","0","0","4","0","","36","03","2016","2016037142","7","40.0404","-76.3229","1859","08","0","0","0","0","0","0","1","0","","0","0","0","18","1","0","01","0","40 02:25.530","","00","76 19:22.396","0","0","0","0","36301","0","0","0","N","0","0","0","4","36301","0","","1","01","N","N","0","","0","0","1","3","2","","1859","0","2","0","0","0","0","0","3","0","2","N","","","","","","","","","","","","03","  ","","",""
"0421","0","0","0","0","0","0","0","0","0","1","0","","36","04","2016","2016037149","1","40.1561","-76.609","0416","08","0","0","0","0","0","1","0","0","2","0","0","0","04","3","0","00","1","40 09:21.900","2","00","76 36:32.307","0","0","0","0","36407","0","0","0","N","0","0","0","1","36407","0","","6","01","N","N","0","","0","0","2","0","0","N","0417","0","2","0","0","0","0","0","2","0","2","N","","","","","","","","","","","","03","  ","","",""
"1600","2","0","0","0","0","0","0","0","0","1","0","","36","03","2016","2016037158","4","40.0884","-76.1827","1556","08","0","0","0","1","0","0","0","0","","0","0","0","15","1","0","02","0","40 05:18.403","","00","76 10:57.618","0","0","0","0","36234","0","0","0","N","0","0","0","2","36215","0","","1","01","N","N","0","","0","0","0","0","0","","1534","0","2","0","0","0","0","0","1","0","2","N","","","","","","","","","","","","03","  ","","",""
"1530","1","0","0","0","0","0","0","0","0","5","1","","36","03","2016","2016037165","4","40.0338","-76.3246","1522","08","0","0","0","0","0","1","0","0","1","0","1","0","15","1","0","00","2","40 02:01.683","2","00","76 19:28.494","0","0","0","0","36220","0","0","0","N","0","0","0","4","36101","0","","1","01","N","N","0","","0","0","0","0","0","N","1522","0","2","0","0","0","0","0","3","0","2","N","","","","","","","","","","","","03","  ","","",""
"0031","1","0","0","0","0","0","0","0","0","4","0","","36","04","2016","2016037169","1","40.0157","-76.3496","0029","08","0","0","0","2","0","0","0","0","1","0","0","0","00","3","0","01","1","40 00:56.470","3","00","76 20:58.524","0","0","0","0","36412","0","0","0","N","0","0","0","4","36412","0","","1","01","N","N","0","","0","0","1","3","2","N","0025","0","2","0","0","0","0","0","3","0","2","N","","","","","","","","","","","","03","  ","","",""
"1736","0","0","0","0","0","0","0","0","0","6","0","","36","04","2016","2016037171","6","40.0112","-76.1629","1721","08","0","0","0","0","0","1","0","0","","0","0","0","17","1","0","00","0","40 00:40.200","","00","76 09:46.500","0","0","0","0","36215","0","0","0","N","0","0","0","2","36215","0","","1","09","N","N","1","","0","0","1","0","0","","1718","0","2","0","0","1","0","0","1","0","2","N","","","","","","","","","","","","07","  ","","",""
"1430","1","0","0","0","0","0","0","0","0","4","0","","36","03","2016","2016037172","5","40.0402","-76.3299","1427","08","0","0","0","0","0","2","0","0","3","0","0","0","14","1","1","01","1","40 02:24.892","1","00","76 19:47.546","3","0","0","0","36220","0","0","0","N","0","0","0","2","36101","0","","1","01","N","N","0","","1","0","1","3","3","N","1427","1","2","0","0","0","0","0","3","0","2","N","","","","","","","","","","","","03","  ","","",""
"2340","1","0","0","0","0","0","0","0","0","4","0","","36","04","2016","2016037177","2","40.0831","-76.1876","2335","08","0","0","0","0","0","0","0","0","2","0","0","0","23","3","1","01","2","40 04:59.032","2","00","76 11:15.349","8","0","0","0","36234","0","0","0","N","0","0","0","2","36215","0","","1","01","N","N","0","","0","0","0","3","2","Y","2330","1","2","0","0","0","1","1","1","0","2","N","","","","","","","","","","","","03","  ","","",""
"0401","1","0","0","0","0","0","0","0","0","7","0","","36","04","2016","2016037182","1","40.0972","-76.1965","0349","08","0","0","0","0","0","0","0","0","2","0","0","0","03","2","1","00","1","40 05:49.986","1","00","76 11:47.430","4","0","0","0","36234","0","0","0","N","0","0","0","1","36215","1","","5","01","N","N","0","","0","0","0","0","0","N","0349","1","1","0","0","0","0","0","1","0","1","N","","","","","","","","","","","","03","  ","","",""
"1550","1","0","0","0","0","0","0","0","0","1","0","","36","04","2016","2016037193","5","40.0914","-76.1641","1528","08","0","0","0","0","0","1","1","0","3","0","0","0","15","1","3","00","1","40 05:29.047","4","00","76 09:50.815","3","0","0","0","36234","0","0","0","N","0","0","0","5","36215","0","","1","01","N","N","0","","3","0","2","0","0","N","1521","3","4","0","0","0","0","0","1","1","4","N","","","","","","","","","","","","03","  ","","",""
"0759","0","0","0","0","0","0","0","0","0","7","0","","36","02","2016","2016037209","3","39.8333","-76.0973","0711","08","0","0","0","1","0","0","0","0","","0","0","0","07","1","0","00","0","39 49:59.960","","00","76 05:50.164","0","0","0","0","36205","0","0","0","","0","0","0","1","68J01","0","","4","02","N","N","1","","0","0","0","0","0","","0709","0","1","0","0","0","0","0","1","0","1","N","","","","","","","","","","","","03","  ","","",""
"1544","1","0","0","0","0","0","0","0","0","4","0","","36","02","2016","2016037210","5","40.0271","-75.9537","1505","08","0","0","0","0","0","1","0","0","3","0","0","0","15","1","1","01","1","40 01:37.488","5","00","75 57:13.388","3","0","0","0","36232","0","0","0","","0","0","0","2","68J01","0","","1","09","N","N","0","","1","0","1","3","3","N","1504","1","2","0","0","0","0","0","1","0","2","N","","","","","","","","","","","","03","  ","","",""
"0923","0","0","0","0","0","0","0","0","0","4","0","","36","03","2016","2016037211","5","39.9842","-76.0734","0910","08","0","0","0","0","0","2","0","0","2","0","0","0","09","1","1","01","1","39 59:03.297","4","00","76 04:24.374","3","0","0","0","36226","0","0","0","","0","0","0","6","68J01","0","","1","01","N","N","2","","1","0","0","3","3","N","0908","1","2","0","0","0","0","0","1","0","2","N","","","","","","","","","","","","03","  ","","",""
"1740","1","0","0","0","0","0","0","0","0","1","0","","36","03","2016","2016037212","1","39.9935","-76.0302","1723","08","0","0","1","0","0","0","0","0","1","0","0","0","17","1","0","00","1","39 59:36.600","3","00","76 01:48.710","0","0","0","0","36232","0","0","0","","0","0","0","9","68J01","0","","1","09","N","N","0","","0","0","1","0","0","Y","1722","0","2","0","0","0","0","0","1","0","2","N","","","","","","","","","","","","07","  ","","",""
"2048","0","0","0","0","0","0","0","0","0","7","0","","36","03","2016","2016037213","1","39.9901","-76.0047","2027","08","0","0","0","0","0","0","0","0","2","0","0","0","20","3","1","00","1","39 59:24.479","3","00","76 00:17.015","3","0","0","0","36232","0","0","0","","0","0","0","1","68J01","0","","4","09","N","N","0","","1","0","0","0","0","Y","2027","1","1","0","0","0","0","0","1","1","1","N","","","","","","","","","","","","07","  ","","",""
"1753","2","0","0","0","0","0","0","0","0","1","0","","36","03","2016","2016037223","4","40.1408","-75.9036","1733","08","0","0","0","0","0","0","0","0","2","0","0","0","17","1","2","00","1","40 08:26.928","5","00","75 54:12.873","4","0","0","0","36203","0","0","0","","0","0","0","5","68J01","1","","1","01","N","N","2","","0","0","0","0","0","N","1730","2","4","0","0","0","1","0","1","0","4","N","","","","","","","","","","","","03","  ","","",""
"1302","3","0","0","0","0","0","0","0","0","1","0","","36","04","2016","2016037224","7","39.9363","-76.2038","1302","08","0","0","0","1","1","0","0","0","1","0","0","0","13","1","0","00","1","39 56:10.729","5","00","76 12:13.586","0","0","0","0","36233","0","0","0","","0","0","0","2","68J01","0","","1","01","N","N","0","","0","0","0","0","0","N","1302","0","3","0","0","0","0","0","1","0","3","N","","","","","","","","","","","","03","  ","","",""
"1042","1","0","0","0","0","0","0","0","0","7","0","","36","04","2016","2016037227","1","40.0048","-76.1049","1024","08","0","0","0","0","0","0","0","0","2","0","0","0","10","1","0","00","1","40 00:17.306","4","00","76 06:17.484","0","0","0","0","36226","0","0","0","","0","0","0","4","68J01","0","","4","01","N","N","0","","0","0","0","0","0","Y","1024","0","1","0","0","0","0","0","1","0","1","N","","","","","","","","","","","","03","  ","","",""
"2129","1","0","0","0","0","0","0","0","0","7","0","","36","03","2016","2016037251","1","40.2236","-76.4201","2112","08","0","0","0","0","0","0","0","0","","0","0","0","21","2","1","00","0","40 13:24.472","","00","76 25:11.003","3","0","0","0","36227","0","0","0","","0","0","0","5","68T06","0","","3","01","N","N","0","","1","0","0","0","0","","2112","1","1","0","0","0","0","0","1","0","1","N","","","","","","","","","","","","03","  ","","",""
"1059","0","0","0","0","0","0","0","0","0","7","0","","36","04","2016","2016037253","7","40.2351","-76.3039","1053","08","0","0","0","0","0","1","0","0","","0","0","0","10","1","0","00","0","40 14:06.358","","00","76 18:13.735","0","0","0","0","36217","0","0","0","","0","0","0","2","68T06","0","","4","09","N","N","0","","0","0","1","0","0","","1050","0","1","0","0","0","0","0","1","0","1","N","","","","","","","","","","","","10","  ","","",""
"0719","1","0","0","0","0","0","0","0","0","5","1","","36","04","2016","2016037256","2","40.0569","-76.3112","0708","08","0","0","0","0","0","1","0","0","","0","1","0","07","1","0","01","0","40 03:24.706","","00","76 18:40.172","0","0","0","0","36101","0","0","0","N","0","0","0","3","36101","0","","1","09","N","N","0","","0","0","0","3","2","","0706","0","2","0","0","0","0","0","3","0","2","N","","","","","","","","","","","","07","  ","","",""
"1049","0","0","0","0","0","0","0","0","0","7","0","","36","04","2016","2016037282","2","40.0551","-76.2789","1048","08","0","0","0","0","0","0","0","0","3","0","0","0","10","1","1","00","1","40 03:18.446","1","00","76 16:43.881","3","0","0","0","36101","0","0","0","N","0","0","0","1","36101","0","","4","09","N","N","0","","1","0","1","0","0","N","1046","1","1","0","0","0","0","0","3","0","1","N","","","","","","","","","","","","07","  ","","",""
"2058","1","0","0","0","0","0","0","0","0","7","0","","36","04","2016","2016037294","6","40.2245","-76.3891","2050","08","0","0","0","0","0","0","0","0","","0","0","0","20","2","0","00","0","40 13:28.046","","00","76 23:20.613","0","0","0","0","36227","0","0","0","N","0","0","0","1","36506","0","","4","01","N","N","0","","0","0","0","0","0","","2050","0","1","0","0","0","0","0","1","0","1","N","","","","","","","","","","","","03","  ","","",""
"1200","0","0","0","0","0","0","0","0","0","4","0","","36","04","2016","2016037351","2","40.1655","-76.1596","1154","08","0","0","0","0","0","1","0","0","1","0","0","0","11","1","2","03","1","40 09:55.667","4","07","76 09:34.569","4","0","0","0","36218","0","0","0","N","0","0","0","3","36408","2","","1","01","N","N","0","","0","0","1","3","2","N","1154","2","2","0","0","0","0","0","1","1","2","N","","","","","","","","","","","","03","  ","","",""
"1805","2","0","0","0","0","0","0","0","0","1","0","","36","03","2016","2016037353","3","40.0596","-76.2781","1749","08","0","0","1","0","0","1","0","0","","0","0","0","17","1","0","00","0","40 03:34.428","","00","76 16:41.143","0","0","0","0","36101","0","0","0","N","0","0","0","3","36101","0","","1","01","N","N","0","","0","0","0","0","0","","1749","0","2","0","0","0","0","0","3","0","2","N","","","","","","","","","","","","03","  ","","",""
"1743","1","0","0","0","0","0","0","0","0","3","0","","36","04","2016","2016037439","2","40.0508","-76.3528","1738","08","0","0","0","0","0","0","0","0","","0","0","0","17","1","1","02","0","40 03:02.974","","00","76 21:09.948","4","0","0","0","36214","0","0","0","N","0","0","0","4","36214","1","","1","01","N","N","0","","0","0","0","0","0","","1736","1","2","0","0","0","0","0","3","1","2","N","","","","","","","","","","","","03","  ","","",""
"1558","1","0","0","0","0","0","0","0","0","4","0","","36","04","2016","2016037442","7","40.0739","-76.3499","1556","08","0","0","0","0","0","1","0","0","","0","0","0","15","1","0","01","0","40 04:25.939","","00","76 20:59.786","0","0","0","0","36214","0","0","0","","0","0","0","3","36214","0","","1","01","N","N","0","","0","0","1","3","3","","1550","0","2","0","0","0","0","0","3","0","2","N","","","","","","","","","","","","03","  ","","",""
"1705","1","0","0","0","0","0","0","0","0","7","0","","36","04","2016","2016037493","7","40.2174","-76.0588","1651","08","0","0","0","0","0","0","0","0","1","0","0","0","16","1","1","00","2","40 13:02.589","5","00","76 03:31.840","3","0","0","0","36202","0","0","0","","0","0","0","1","68J01","0","","2","09","N","N","0","","1","0","0","0","0","Y","1651","1","1","0","0","0","0","0","1","0","1","N","","","","","","","","","","","","03","  ","","",""
"1631","0","0","0","0","0","0","0","0","0","0","0","","36","04","2016","2016037533","7","40.0157","-76.3496","1629","08","0","0","0","0","0","1","0","0","1","0","0","0","16","1","1","01","1","40 00:56.470","4","00","76 20:58.524","3","0","0","1","36412","0","0","0","N","0","0","0","1","36412","0","","1","01","N","N","0","","1","0","0","3","2","Y","1627","1","1","0","0","0","0","0","3","0","1","N","","","","","","","","","","","","03","  ","","",""
"1321","1","0","0","0","0","0","0","0","0","1","0","","36","04","2016","2016037554","2","40.178","-76.1764","1319","08","0","0","0","0","0","1","0","1","","0","0","0","13","1","1","00","0","40 10:40.768","","00","76 10:35.054","8","0","0","0","36408","0","0","0","N","0","0","0","3","36408","0","","1","01","N","N","0","","0","0","1","0","0","","1317","1","2","0","0","1","1","0","2","0","2","N","","","","","","","","","","","","03","  ","","",""
"1133","1","0","0","0","0","0","0","0","0","7","0","","36","04","2016","2016037556","5","40.06","-76.2124","1130","08","0","0","0","0","0","0","0","0","","0","0","0","11","1","1","00","0","40 03:36.086","","00","76 12:44.586","4","0","0","0","36215","0","0","0","N","0","0","0","1","36215","1","","5","09","N","N","0","","0","0","0","0","0","","1120","1","1","0","0","0","0","0","1","0","1","N","","","","","","","","","","","","07","  ","","",""
"1330","1","0","0","0","0","0","0","0","0","3","0","","36","04","2016","2016037558","5","40.1814","-76.1479","1321","08","0","0","0","0","1","0","0","1","2","0","0","0","13","1","0","00","1","40 10:53.184","4","00","76 08:52.335","0","0","0","0","36218","0","0","0","N","0","0","0","2","36408","0","","1","01","N","N","1","","0","0","0","0","0","N","1317","0","2","0","0","0","0","0","1","0","2","N","","","","","","","","","","","","03","  ","","",""
"2359","2","0","0","0","0","0","0","0","0","5","0","","36","04","2016","2016037564","6","40.1694","-76.1685","2359","08","0","0","0","0","0","0","0","0","","0","0","0","23","3","0","00","0","40 10:09.911","","00","76 10:06.599","0","0","0","0","36408","0","0","0","N","0","0","0","1","36408","0","","6","01","N","N","0","","0","0","1","0","0","","2357","0","3","0","0","0","0","0","2","0","3","N","","","","","","","","","","","","03","  ","","",""
"0406","1","0","0","0","0","0","0","0","0","7","0","","36","03","2016","2016037565","7","40.0697","-76.3384","0344","08","0","0","0","0","0","0","0","0","","0","0","0","02","3","1","02","0","40 04:11.089","","07","76 20:18.286","8","0","0","0","36301","0","0","0","N","0","0","0","2","36301","0","","2","01","N","N","0","","0","0","0","3","2","","0220","1","1","0","0","0","1","0","3","0","1","N","","","","","","","","","","","","03","  ","","",""
"1019","1","0","0","0","0","0","0","0","0","4","0","","36","04","2016","2016037572","4","40.1505","-76.2971","1016","08","0","1","0","0","0","0","0","0","","0","0","0","10","1","0","01","0","40 09:01.843","","00","76 17:49.570","0","0","0","0","36409","0","0","0","N","0","0","0","4","36409","0","","1","01","N","N","0","","0","0","0","3","3","","1016","0","2","0","0","0","0","0","3","1","2","N","","","","","","","","","","","","03","  ","","",""
"1400","2","0","0","0","0","0","0","0","0","4","0","","36","04","2016","2016037582","6","40.1534","-76.3736","1357","08","0","0","0","0","0","0","0","1","1","0","0","0","13","1","1","03","1","40 09:12.275","2","00","76 22:24.998","8","0","0","0","36227","0","0","0","N","0","0","0","2","36506","0","","1","01","N","N","0","","0","0","0","3","3","N","1357","1","2","0","0","0","1","0","1","0","2","N","","","","","","","","","","","","03","  ","","",""
"1139","2","0","0","0","0","0","0","0","0","4","0","","36","04","2016","2016037682","2","40.0956","-76.4118","1134","08","0","0","0","0","0","1","1","0","1","0","0","0","11","1","0","02","2","40 05:44.012","6","00","76 24:42.357","0","0","0","0","36214","0","0","0","N","0","0","0","2","36214","0","","1","09","N","N","0","","0","0","0","3","3","Y","1134","0","2","0","0","0","0","0","3","0","2","N","","","","","","","","","","","","03","  ","","",""
"1440","1","0","0","0","0","0","0","0","0","1","0","","36","04","2016","2016037690","2","40.0759","-76.3134","1439","08","0","0","0","0","0","0","0","0","2","0","0","0","14","1","2","00","1","40 04:33.400","4","07","76 18:48.100","3","0","0","0","36101","0","0","0","N","0","0","0","2","36101","1","","1","01","N","N","1","","1","0","0","0","0","N","1435","2","2","0","0","1","0","0","3","0","2","N","","","","","","","","","","","","03","  ","","",""