"ARRIVAL_TM","AUTOMOBILE_COUNT","BELTED_DEATH_COUNT","BELTED_SUSP_SERIOUS_INJ_COUNT","BICYCLE_COUNT","BICYCLE_DEATH_COUNT","BICYCLE_SUSP_SERIOUS_INJ_COUNT","BUS_COUNT","CHLDPAS_DEATH_COUNT","CHLDPAS_SUSP_SERIOUS_INJ_COUNT","COLLISION_TYPE","COMM_VEH_COUNT","CONS_ZONE_SPD_LIM","COUNTY","CRASH_MONTH","CRASH_YEAR","CRN","DAY_OF_WEEK","DEC_LAT","DEC_LONG","DISPATCH_TM","DISTRICT","DRIVER_COUNT_16YR","DRIVER_COUNT_17YR","DRIVER_COUNT_18YR","DRIVER_COUNT_19YR","DRIVER_COUNT_20YR","DRIVER_COUNT_50_64YR","DRIVER_COUNT_65_74YR","DRIVER_COUNT_75PLUS","EST_HRS_CLOSED","FATAL_COUNT","HEAVY_TRUCK_COUNT","HORSE_BUGGY_COUNT","HOUR_OF_DAY","ILLUMINATION","INJURY_COUNT","INTERSECT_TYPE","LANE_CLOSED","LATITUDE","LN_CLOSE_DIR","LOCATION_TYPE","LONGITUDE","MAX_SEVERITY_LEVEL","MCYCLE_DEATH_COUNT","MCYCLE_SUSP_SERIOUS_INJ_COUNT","MOTORCYCLE_COUNT","MUNICIPALITY","NONMOTR_COUNT","NONMOTR_DEATH_COUNT","NONMOTR_SUSP_SERIOUS_INJ_COUNT","NTFY_HIWY_MAINT","PED_COUNT","PED_DEATH_COUNT","PED_SUSP_SERIOUS_INJ_COUNT","PERSON_COUNT","POLICE_AGCY","POSSIBLE_INJ_COUNT","RDWY_SURF_TYPE_CD","RELATION_TO_ROAD","ROAD_CONDITION","SCH_BUS_IND","SCH_ZONE_IND","SMALL_TRUCK_COUNT","SPEC_JURIS_CD","SUSP_MINOR_INJ_COUNT","SUSP_SERIOUS_INJ_COUNT","SUV_COUNT","TCD_FUNC_CD","TCD_TYPE","TFC_DETOUR_IND","TIME_OF_DAY","TOT_INJ_COUNT","TOTAL_UNITS","UNB_DEATH_COUNT","UNB_SUSP_SERIOUS_INJ_COUNT","UNBELTED_OCC_COUNT","UNK_INJ_DEG_COUNT","UNK_INJ_PER_COUNT","URBAN_RURAL","VAN_COUNT","VEHICLE_COUNT","WORK_ZONE_IND","WORK_ZONE_LOC","WORK_ZONE_TYPE","WORKERS_PRES","WZ_CLOSE_DETOUR","WZ_FLAGGER","WZ_LAW_OFFCR_IND","WZ_LN_CLOSURE","WZ_MOVING","WZ_OTHER","WZ_SHLDER_MDN","ROADWAY_CLEARED","WEATHER1","WEATHER2","WZ_WORKERS_INJ_KILLED","SECONDARY_CRASH","INTERSECTION_RELATED"
"0818","0","0","0","0","0","0","0","0","0","7","1","","36","04","2016","2016037706","3","40.1052","-76.2393","0812","08","0","0","0","0","0","0","0","0","5","0","1","0","08","1","0","00","2","40 06:18.890","5","00","76 14:21.304","0","0","0","0","36101","0","0","0","N","0","0","0","1","36101","0","","4","09","N","N","0","","0","0","0","0","0","Y","0807","0","1","0","0","0","0","0","3","0","1","N","","","","","","","","","","","","07","  ","","",""
"1405","2","0","0","0","0","0","0","0","0","1","0","","36","04","2016","2016037747","3","40.0385","-76.3363","1405","08","0","0","0","0","1","0","0","0","","0","0","0","14","1","1","00","0","40 02:18.690","","00","76 20:10.814","4","0","0","0","36220","0","0","0","N","0","0","0","3","36101","1","","1","01","N","N","0","","0","0","1","0","0","","1405","1","3","0","0","0","0","0","3","0","3","N","","","","","","","","","","","","03","  ","","",""
"1742","1","0","0","0","0","0","0","0","0","4","0","","36","04","2016","2016037758","2","39.9902","-76.2408","1735","08","0","0","0","1","0","1","0","0","1","0","0","0","17","1","0","00","1","39 59:24.617","4","07","76 14:26.800","0","0","0","0","36240","0","0","0","N","0","0","0","2","36240","0","","1","01","N","N","0","","0","0","1","0","0","N","1734","0","2","0","0","0","0","0","1","0","2","N","","","","","","","","","","","","03","  ","","",""
"0846","3","0","0","0","0","0","0","0","0","4","0","","36","04","2016","2016037767","3","40.1445","-76.21","0843","08","0","0","0","1","0","0","0","0","2","0","0","0","08","1","2","01","1","40 08:40.212","2","00","76 12:36.127","3","0","0","0","36238","0","0","0","N","0","0","0","3","36238","0","","1","09","N","N","0","","2","0","0","3","3","Y","0840","2","3","0","0","0","0","0","3","0","3","N","","","","","","","","","","","","07","  ","","",""
"1226","1","0","0","0","0","0","0","0","0","7","0","","36","04","2016","2016037776","3","40.1124","-76.209","1221","08","0","0","0","0","0","0","0","0","1","0","0","0","12","1","0","00","1","40 06:44.716","3","00","76 12:32.416","0","0","0","0","36238","0","0","0","N","0","0","0","1","36238","0","","5","01","N","N","0","","0","0","0","0","0","N","1218","0","1","0","0","0","0","0","3","0","1","N","","","","","","","","","","","","03","  ","","",""
"1918","0","0","0","0","0","0","0","0","0","7","0","","36","04","2016","2016037794","7","40.1821","-76.2074","0905","08","0","0","0","0","0","0","0","0","","0","0","0","09","1","0","00","0","40 10:55.691","","00","76 12:26.800","0","0","0","0","36218","0","0","0","N","0","0","0","2","36408","0","","4","09","N","N","1","","0","0","0","0","0","","0905","0","1","0","0","0","0","0","1","0","1","N","","","","","","","","","","","","10","  ","","",""
"1102","0","0","0","0","0","0","0","0","0","1","2","","36","04","2016","2016037930","5","40.0815","-76.2366","1058","08","0","0","0","0","0","2","0","0","1","0","2","0","10","1","1","00","1","40 04:53.355","3","00","76 14:11.693","4","0","0","0","36234","0","0","0","N","0","0","0","4","36215","1","","1","09","N","N","1","","0","0","0","0","0","N","1056","1","3","0","0","0","0","0","1","0","3","N","","","","","","","","","","","","07","  ","","",""
"1757","1","0","0","0","0","0","0","0","0","4","1","","36","04","2016","2016037931","3","40.0479","-76.4036","1750","08","0","0","0","0","0","1","0","0","1","0","1","0","17","1","0","00","1","40 02:52.361","4","07","76 24:13.061","0","0","0","0","36214","0","0","0","N","0","0","0","2","36214","0","","2","01","N","N","0","","0","0","0","0","0","N","1746","0","2","0","0","0","0","0","3","0","2","N","","","","","","","","","","","","03","  ","","",""
"0536","2","0","0","0","0","0","0","0","0","5","0","","36","04","2016","2016037935","3","40.0044","-76.3618","0534","08","0","0","0","0","1","0","0","0","","0","0","0","05","3","0","00","0","40 00:16.000","","00","76 21:42.600","0","0","0","0","36412","0","0","0","N","0","0","0","1","36412","0","","6","09","N","N","0","","0","0","0","0","0","","0530","0","2","0","0","0","0","0","3","0","2","N","","","","","","","","","","","","07","  ","","",""
"2128","2","0","0","0","0","0","0","0","0","4","0","","36","04","2016","2016037950","6","40.0818","-76.5285","2124","08","0","0","0","0","0","0","0","0","2","0","0","0","21","3","0","02","2","40 04:54.349","6","00","76 31:42.515","0","0","0","0","36211","0","0","0","N","0","0","0","2","36504","0","","1","01","N","N","0","","0","0","0","3","3","Y","2122","0","2","0","0","0","0","0","1","0","2","N","","","","","","","","","","","","03","  ","","",""
"1820","0","0","0","0","0","0","0","0","0","4","0","","36","04","2016","2016037957","3","40.2276","-76.089","1813","08","0","0","0","0","0","0","0","0","","0","0","0","18","1","0","00","0","40 13:39.457","","07","76 05:20.284","0","0","0","0","36210","0","0","0","N","0","0","0","2","36210","0","","1","01","N","N","1","","0","0","1","0","0","","1813","0","2","0","0","0","0","0","1","0","2","N","","","","","","","","","","","","03","  ","","",""
"2155","1","0","0","0","0","0","0","0","0","4","0","","36","04","2016","2016037984","3","40.1774","-76.6013","2150","08","0","0","0","0","0","1","0","0","2","0","0","0","21","2","2","01","2","40 10:38.850","1","02","76 36:05.097","8","0","0","0","36225","0","0","0","N","0","0","0","3","36505","0","","1","09","N","N","1","","0","0","0","0","0","Y","2149","2","2","0","0","0","2","0","2","0","2","N","","","","","","","","","","","","03","  ","","",""
"2122","1","0","0","0","0","0","0","0","0","4","0","","36","04","2016","2016037985","7","40.044","-76.294","2119","08","0","0","0","0","0","1","0","0","2","0","0","0","21","3","1","01","2","40 02:38.288","7","00","76 17:38.561","8","0","0","0","36301","0","0","0","N","0","0","0","4","36301","0","","1","01","N","N","0","","0","0","1","3","3","Y","2119","1","2","0","0","0","1","0","3","0","2","N","","","","","","","","","","","","03","  ","","",""
"1240","2","0","0","0","0","0","0","0","0","4","0","","36","04","2016","2016038091","7","40.164","-76.215","1238","08","0","0","0","0","0","0","0","0","","0","0","0","12","1","0","00","0","40 09:50.500","","07","76 12:54.000","0","0","0","0","36402","0","0","0","N","0","0","0","2","36402","0","","1","09","N","N","0","","0","0","0","0","0","","1238","0","2","0","0","0","0","0","2","0","2","N","","","","","","","","","","","","07","  ","","",""
"1152","1","0","0","0","0","0","0","0","0","1","0","","36","04","2016","2016038105","1","40.0433","-76.3067","1149","08","0","0","0","0","1","0","0","0","2","0","0","0","11","1","0","00","1","40 02:35.796","1","00","76 18:24.113","0","0","0","0","36301","0","0","0","N","0","0","0","2","36301","0","","1","01","N","N","0","","0","0","1","0","0","N","1149","0","2","0","0","0","0","0","3","0","2","N","","","","","","","","","","","","03","  ","","",""
"1511","0","0","0","0","0","0","0","0","0","7","0","","36","04","2016","2016038152","7","40.0199","-76.18","1504","08","0","0","0","0","0","0","0","0","2","0","0","0","15","1","1","00","1","40 01:11.722","3","00","76 10:47.827","4","0","0","0","36215","0","0","0","N","0","0","0","2","36215","1","","4","09","N","N","0","","0","0","0","0","0","N","1500","1","1","0","0","0","0","0","1","1","1","N","","","","","","","","","","","","03","  ","","",""
"1506","2","0","0","0","0","0","0","0","0","1","0","","36","04","2016","2016038169","7","40.1732","-76.5598","1506","08","0","0","0","0","0","0","0","0","1","0","0","0","15","1","0","02","1","40 10:23.608","4","00","76 33:35.181","0","0","0","0","36225","0","0","0","N","0","0","0","2","36505","0","","1","01","N","N","0","","0","0","0","0","0","N","1506","0","2","0","0","0","0","0","2","0","2","N","","","","","","","","","","","","03","  ","","",""
"1630","1","0","0","1","0","0","0","0","0","4","0","","36","04","2016","2016038200","4","40.0326","-76.3123","1626","08","0","0","0","0","0","0","0","0","","0","0","0","16","1","1","01","0","40 01:57.367","","00","76 18:44.319","8","0","0","0","36301","1","0","0","N","0","0","0","2","36301","0","","1","01","N","N","0","","0","0","0","3","3","","1620","1","2","0","0","0","1","0","3","0","1","N","","","","","","","","","","","","03","  ","","",""
"0833","0","0","0","0","0","0","0","0","0","7","0","","36","04","2016","2016038209","7","40.1656","-76.5845","0821","08","0","0","0","0","0","0","0","0","","0","0","0","08","1","0","00","0","40 09:56.163","","00","76 35:04.198","0","0","0","0","36225","0","0","0","N","0","0","0","1","36505","0","","3","06","N","N","1","","0","0","0","0","0","","0821","0","1","0","0","0","0","0","2","0","1","N","","","","","","","","","","","","10","  ","","",""
"1550","1","0","0","0","0","0","0","0","0","4","0","","36","04","2016","2016038312","1","40.0157","-76.3496","1548","08","0","0","0","0","0","1","0","0","2","0","0","0","15","1","4","01","1","40 00:56.470","3","00","76 20:58.524","2","0","0","0","36412","0","0","0","N","0","0","0","8","36412","1","","1","01","N","N","0","","2","1","1","3","2","N","1547","4","2","0","0","0","0","0","3","0","2","N","","","","","","","","","","","","03","  ","","",""
"2028","1","0","0","0","0","0","0","0","0","4","0","","36","04","2016","2016038322","7","40.0606","-76.2768","2025","08","0","0","0","0","0","0","0","0","2","0","0","0","20","3","2","01","1","40 03:38.256","4","02","76 16:36.560","8","0","0","0","36101","0","0","0","N","0","0","0","4","36101","0","","1","01","N","N","0","","0","0","1","3","2","N","2020","2","2","0","0","0","2","0","3","0","2","N","","","","","","","","","","","","03","  ","","",""
"1813","2","0","0","0","0","0","0","0","0","4","0","","36","04","2016","2016038323","4","40.0606","-76.2768","1802","08","0","0","0","0","0","0","0","1","2","0","0","0","17","1","1","01","1","40 03:38.256","3","02","76 16:36.560","4","0","0","0","36101","0","0","0","N","0","0","0","3","36101","1","","1","01","N","N","0","","0","0","0","3","2","N","1757","1","2","0","0","0","0","0","3","0","2","N","","","","","","","","","","","","03","  ","","",""
"2340","0","0","0","0","0","0","0","0","0","5","0","","36","04","2016","2016038332","3","40.1603","-76.309","2337","08","0","0","0","0","0","1","0","0","2","0","0","0","23","3","1","00","2","40 09:36.919","6","00","76 18:32.353","3","0","0","0","36409","0","0","0","N","0","0","0","1","36409","0","","6","01","N","N","0","","1","0","3","0","0","Y","2334","1","3","0","0","0","0","0","3","0","3","N","","","","","","","","","","","","03","  ","","",""
"2049","1","0","0","0","0","0","0","0","0","4","0","","36","04","2016","2016038341","4","40.1098","-76.4127","2045","08","0","0","0","1","0","0","0","0","2","0","0","0","20","2","1","03","2","40 06:35.132","7","00","76 24:45.637","3","0","0","0","36214","0","0","0","N","0","0","0","5","36214","0","","1","01","N","N","0","","1","0","1","0","0","N","2042","1","2","0","0","0","0","0","3","0","2","N","","","","","","","","","","","","03","  ","","",""
"2338","1","0","0","0","0","0","0","0","0","1","0","","36","04","2016","2016038361","4","40.1552","-76.6084","2338","08","0","0","0","0","0","0","0","0","","0","0","0","23","3","0","00","0","40 09:18.620","","07","76 36:30.162","0","0","0","0","36407","0","0","0","N","0","0","0","6","36407","0","","1","01","N","N","0","","0","0","1","0","0","","2338","0","2","0","0","0","0","0","2","0","2","N","","","","","","","","","","","","03","  ","","",""
"1428","1","0","0","0","0","0","0","0","0","1","0","","36","04","2016","2016038450","4","40.0511","-76.3538","1423","08","0","0","0","0","0","1","0","0","","0","0","0","14","1","0","00","0","40 03:03.992","","04","76 21:13.725","0","0","0","0","36214","0","0","0","N","0","0","0","2","36214","0","","1","01","N","N","1","","0","0","0","0","0","","1420","0","2","0","0","0","0","0","3","0","2","N","","","","","","","","","","","","03","  ","","",""
"1639","1","0","0","0","0","0","0","0","0","8","0","","36","04","2016","2016038463","4","40.0346","-76.3078","1635","08","0","0","0","0","0","0","0","0","","0","0","0","16","1","1","00","0","40 02:04.722","","00","76 18:28.159","4","0","0","0","36301","1","0","0","N","1","0","0","2","36301","1","","1","01","N","N","0","","0","0","0","0","0","","1632","1","2","0","0","0","0","0","3","0","1","N","","","","","","","","","","","","03","  ","","",""
"0215","1","0","0","0","0","0","0","0","0","7","0","","36","03","2016","2016038563","7","39.9971","-76.0507","0204","08","0","0","0","0","0","0","0","0","3","0","0","0","02","2","2","00","2","39 59:49.412","6","00","76 03:02.672","8","0","0","0","36232","0","0","0","","0","0","0","2","68J01","0","","4","01","N","N","0","","0","0","0","0","0","Y","0203","2","1","0","0","0","2","0","1","0","1","N","","","","","","","","","","","","03","  ","","",""
"1945","1","0","0","0","0","0","0","0","0","7","0","","36","04","2016","2016038578","1","39.9411","-76.241","1942","08","0","0","0","0","0","0","0","0","3","0","0","0","19","1","1","02","2","39 56:27.862","6","00","76 14:27.459","3","0","0","0","36229","0","0","0","","0","0","0","1","68J01","0","","2","01","N","N","0","","1","0","0","0","0","Y","1940","1","1","0","0","0","0","0","1","0","1","N","","","","","","","","","","","","03","  ","","",""
"1249","1","0","0","0","0","0","0","0","0","4","0","","36","04","2016","2016038579","2","40.0392","-76.0644","1244","08","0","0","0","0","0","0","0","1","2","0","0","0","12","1","2","01","1","40 02:21.008","4","00","76 03:51.801","3","0","0","0","36221","0","0","0","","0","0","0","4","68J01","0","","1","01","N","N","0","","2","0","1","3","3","N","1239","2","2","0","0","0","0","0","1","0","2","N","","","","","","","","","","","","03","  ","","",""
"1253","0","0","0","0","0","0","0","0","0","4","2","","36","04","2016","2016038581","3","39.9047","-76.2421","1245","08","0","0","0","0","0","1","0","0","2","0","2","0","12","1","0","02","1","39 54:16.872","1","00","76 14:31.451","0","0","0","0","36229","0","0","0","","0","0","0","2","68J01","0","","1","01","N","N","0","","0","0","0","0","0","N","1243","0","2","0","0","0","0","0","1","0","2","N","","","","","","","","","","","","03","  ","","",""
"1537","1","0","0","0","0","0","0","0","0","4","0","","36","04","2016","2016038596","2","39.9842","-76.0734","1511","08","0","0","0","0","0","0","0","0","3","0","0","0","15","1","0","01","1","39 59:03.297","7","00","76 04:24.374","0","0","0","0","36226","0","0","0","","0","0","0","2","68J01","0","","1","01","N","N","0","","0","0","1","0","0","N","1501","0","2","0","0","0","0","0","1","0","2","N","","","","","","","","","","","","03","  ","","",""
"1741","1","0","0","0","0","0","0","0","0","1","0","","36","04","2016","2016038609","5","40.0705","-76.3191","1724","08","0","0","0","0","0","1","0","0","","0","0","0","17","1","0","00","0","40 04:13.830","","00","76 19:08.914","0","0","0","0","36101","0","0","0","N","0","0","0","5","36101","0","","1","01","N","N","0","","0","0","0","0","0","","1719","0","2","0","0","0","0","0","3","1","2","N","","","","","","","","","","","","03","  ","","",""
"2110","2","0","0","0","0","0","0","0","0","4","0","","36","04","2016","2016038626","4","40.0654","-76.3457","2046","08","0","0","0","0","0","0","1","0","2","0","0","0","20","2","1","00","1","40 03:55.511","4","00","76 20:44.496","4","0","0","0","36101","0","0","0","N","0","0","0","3","36101","1","","1","01","N","N","0","","0","0","0","0","0","N","2046","1","2","0","0","0","0","0","3","0","2","N","","","","","","","","","","","","03","  ","","",""
"1718","0","0","0","0","0","0","0","0","0","7","0","","36","03","2016","2016038628","4","40.1105","-76.4699","1711","08","0","0","0","0","0","0","0","0","","0","0","0","17","1","1","00","0","40 06:37.962","","00","76 28:11.607","8","0","0","0","36413","0","0","0","N","0","0","0","1","36413","0","","4","01","N","N","0","","0","0","1","0","0","","1711","1","1","0","0","0","1","0","2","0","1","N","","","","","","","","","","","","03","  ","","",""
"1754","0","0","0","0","0","0","0","0","0","1","0","","36","04","2016","2016038647","5","40.1543","-76.3072","1748","08","0","0","0","0","0","0","1","0","","0","0","0","17","1","1","00","0","40 09:15.451","","00","76 18:25.972","8","0","0","0","36409","0","0","0","N","0","0","0","2","36409","0","","1","01","N","N","0","","0","0","2","0","0","","1747","1","2","0","0","0","1","0","3","0","2","N","","","","","","","","","","","","03","  ","","",""
"0557","0","0","0","0","0","0","0","0","0","8","0","","36","04","2016","2016038652","5","40.1062","-76.3544","0554","08","0","0","0","0","0","0","0","0","2","0","0","0","05","2","1","00","2","40 06:22.327","2","00","76 21:15.974","8","0","0","0","36406","1","0","0","N","1","0","0","2","36101","0","","1","01","N","N","0","","0","0","0","0","0","Y","0550","1","2","0","0","0","1","0","3","1","1","N","","","","","","","","","","","","03","  ","","",""
"2105","0","0","0","0","0","0","0","0","0","7","0","","36","04","2016","2016038665","5","40.1261","-76.0709","2100","08","0","0","0","0","0","1","0","0","2","0","0","0","21","2","2","00","2","40 07:33.850","6","00","76 04:15.238","3","0","0","0","36209","0","0","0","N","0","0","0","2","36415","0","","5","01","N","N","0","","2","0","0","0","0","Y","2100","2","1","0","0","0","0","0","1","1","1","N","","","","","","","","","","","","03","  ","","",""
"1510","2","0","0","0","0","0","0","0","0","1","0","","36","04","2016","2016038666","3","40.0518","-76.2217","1501","08","1","0","0","0","0","0","0","0","1","0","0","0","14","1","2","00","1","40 03:06.625","1","00","76 13:18.253","4","0","0","0","36215","0","0","0","N","0","0","0","4","36215","2","","1","01","N","Y","0","","0","0","1","3","8","N","1457","2","3","0","0","0","0","0","1","0","3","N","","","","","","","","","","","","03","  ","","",""
"2040","0","0","0","0","0","0","0","0","0","4","0","","36","04","2016","2016038675","2","40.1296","-76.3113","2036","08","0","0","0","0","0","1","0","0","2","0","0","0","20","3","2","02","2","40 07:46.700","7","07","76 18:40.700","8","0","0","0","36235","0","0","0","N","0","0","0","5","36506","0","","1","01","N","N","0","","0","0","2","3","3","Y","2036","2","2","0","0","0","2","0","1","0","2","N","","","","","","","","","","","","03","  ","","",""
"1615","0","0","0","0","0","0","0","0","0","7","0","","36","04","2016","2016038676","3","40.1421","-76.4083","1558","08","0","0","0","0","0","1","0","0","","0","0","0","15","1","0","03","0","40 08:31.725","","00","76 24:29.930","0","0","0","0","36227","0","0","0","N","0","0","0","1","36506","0","","4","01","N","N","1","","0","0","0","0","0","","1558","0","1","0","0","0","0","0","1","0","1","N","","","","","","","","","","","","03","  ","","",""
"1730","1","0","0","0","0","0","0","0","0","1","0","","36","04","2016","2016038677","5","40.1508","-76.262","1726","08","0","0","0","0","0","0","0","2","3","0","0","0","17","1","0","00","1","40 09:02.765","4","00","76 15:43.103","0","0","0","0","36235","0","0","0","N","0","0","0","5","36506","0","","1","01","N","N","1","","0","0","1","0","0","N","1724","0","3","0","0","0","0","0","1","0","3","N","","","","","","","","","","","","03","  ","","",""
"1852","2","0","0","0","0","0","0","0","0","4","0","","36","02","2016","2016038694","3","39.9756","-75.9939","1839","08","0","0","0","0","0","1","1","0","","0","0","0","18","3","0","01","0","39 58:32.262","","00","75 59:37.905","0","0","0","0","36231","0","0","0","","0","0","0","2","68J01","0","","1","01","N","N","0","","0","0","0","2","3","","1837","0","2","0","0","0","0","0","1","0","2","N","","","","","","","","","","","","03","  ","","",""
"0803","2","0","0","0","0","0","0","0","0","4","0","","36","04","2016","2016038734","3","40.1776","-76.1819","0751","08","0","1","0","0","1","0","0","0","2","0","0","0","07","1","0","01","2","40 10:39.500","2","00","76 10:54.800","0","0","0","0","36408","0","0","0","N","0","0","0","4","36408","0","","1","09","N","N","0","","0","0","0","0","0","Y","0749","0","2","0","0","0","0","0","2","0","2","N","","","","","","","","","","","","07","  ","","",""
"1500","0","0","0","0","0","0","0","0","0","7","0","","36","04","2016","2016038737","3","40.2427","-76.1325","1454","08","0","0","0","0","0","0","1","0","","0","0","0","14","1","0","00","0","40 14:33.722","","00","76 07:56.912","0","0","0","0","36405","0","0","0","N","0","0","0","1","36210","0","","4","01","N","N","1","","0","0","0","0","0","","1445","0","1","0","0","0","0","0","1","0","1","N","","","","","","","","","","","","03","  ","","",""
"1602","1","0","0","0","0","0","0","0","0","5","0","","36","04","2016","2016038749","2","40.0788","-76.3489","1545","08","0","0","0","0","0","1","0","0","","0","0","0","15","1","0","00","0","40 04:43.675","","00","76 20:56.032","0","0","0","0","36101","0","0","0","N","0","0","0","3","36101","0","","1","01","N","N","0","","0","0","1","0","0","","1540","0","2","0","0","0","0","0","3","0","2","N","","","","","","","","","","","","03","  ","","",""
"1023","0","0","0","0","0","0","0","0","0","2","0","","36","03","2016","2016038752","5","40.0392","-76.4311","1017","08","0","0","0","0","0","0","0","0","2","0","0","0","10","1","0","01","2","40 02:20.940","6","00","76 25:52.017","0","0","0","0","36414","0","0","0","N","0","0","0","4","36239","0","","1","01","N","N","1","","0","0","0","3","2","Y","1015","0","2","0","0","0","0","0","3","1","2","N","","","","","","","","","","","","03","  ","","",""
"0815","2","0","0","0","0","0","0","0","0","4","0","","36","04","2016","2016038773","6","40.0497","-76.2924","0815","08","0","0","0","0","0","0","0","0","1","0","0","0","08","1","0","01","1","40 02:58.969","6","00","76 17:32.583","0","0","0","0","36301","0","0","0","N","0","0","0","2","36301","0","","1","01","N","N","0","","0","0","0","3","3","N","0815","0","2","0","0","0","0","0","3","0","2","N","","","","","","","","","","","","03","  ","","",""
"1559","0","0","0","0","0","0","0","0","0","4","0","","36","03","2016","2016038816","5","40.0731","-76.2047","1551","08","0","0","0","0","0","0","0","1","3","0","0","0","15","1","1","09","2","40 04:23.018","5","00","76 12:16.804","3","0","0","0","36234","0","0","0","N","0","0","0","1","36215","0","","1","01","N","N","1","","1","0","0","3","6","Y","1551","1","2","0","0","0","0","0","1","0","1","N","","","","","","","","","","","","03","  ","","",""
"1430","1","0","0","0","0","0","0","0","0","2","1","","36","04","2016","2016038841","5","40.201","-76.1624","1430","08","0","0","0","0","0","1","1","0","6","1","1","0","14","1","1","00","2","40 12:03.748","5","00","76 09:44.772","1","0","0","0","36218","0","0","0","Y","0","0","0","2","36408","0","2","1","01","N","N","0","0","1","0","0","0","0","Y","1430","1","2","0","0","0","0","0","1","0","2","N","","","","","","","","","","","","03","  ","","",""
"1834","1","0","0","0","0","0","0","0","0","7","0","","36","01","2016","2016038879","5","39.8857","-76.2506","1825","08","0","0","0","0","0","0","1","0","4","0","0","0","18","2","1","00","2","39 53:08.465","6","00","76 15:02.194","3","0","0","0","36229","0","0","0","","0","0","0","1","68J01","0","","4","01","N","N","0","","1","0","0","0","0","Y","1825","1","1","0","0","0","0","0","1","0","1","N","","","","","","","","","","","","03","  ","","",""
"0328","1","0","0","0","0","0","0","0","0","7","0","","36","02","2016","2016038880","1","40.08","-75.9447","0314","08","0","0","0","0","0","0","0","0","","0","0","0","02","2","0","02","0","40 04:47.884","","00","75 56:40.995","0","0","0","0","36232","0","0","0","","0","0","0","1","68J01","0","","4","02","N","N","0","","0","0","0","3","3","","0200","0","1","0","0","1","0","0","1","0","1","N","","","","","","","","","","","","03","  ","","",""
"1838","1","0","0","0","0","0","0","0","0","4","0","","36","03","2016","2016038903","2","39.9898","-76","1834","08","0","0","0","0","0","0","0","0","4","0","0","0","18","1","6","00","2","39 59:23.422","6","00","76 00:00.175","2","0","0","0","36232","0","0","0","","0","0","0","6","68J01","0","","1","01","N","N","0","","2","1","1","0","0","Y","1834","6","2","0","1","5","3","0","1","0","2","N","","","","","","","","","","","","03","  ","","",""
"1800","0","0","0","0","0","0","0","0","0","7","0","","36","04","2016","2016038925","2","40.185","-76.5981","1753","08","0","0","0","0","0","0","0","0","2","0","0","0","17","1","0","00","2","40 11:06.120","6","00","76 35:52.980","0","0","0","0","36225","0","0","0","N","0","0","0","1","36505","0","","4","01","N","N","1","","0","0","0","0","0","Y","1745","0","1","0","0","0","0","0","2","0","1","N","","","","","","","","","","","","03","  ","","",""
"0826","1","0","0","0","0","0","0","0","0","4","0","","36","04","2016","2016038929","5","40.1233","-76.3753","0815","08","0","0","0","0","0","1","0","1","1","0","0","0","08","1","1","01","1","40 07:23.702","3","00","76 22:31.147","4","0","0","0","36214","0","0","0","","0","0","0","2","36214","1","","1","01","N","N","0","","0","0","1","3","3","N","0813","1","2","0","0","0","0","0","3","0","2","N","","","","","","","","","","","","03","  ","","",""
"1936","1","0","0","0","0","0","0","0","0","0","0","","36","04","2016","2016038946","6","40.0546","-76.379","1936","08","0","0","0","1","0","0","0","0","","0","0","0","19","1","0","00","0","40 03:16.597","","00","76 22:44.282","0","0","0","0","36214","0","0","0","N","0","0","0","1","36214","0","","1","01","N","N","0","","0","0","0","0","0","","1935","0","1","0","0","0","0","0","3","0","1","N","","","","","","","","","","","","03","  ","","",""
"2344","1","0","0","0","0","0","0","0","0","7","0","","36","04","2016","2016038972","6","40.106","-76.412","2339","08","0","0","1","0","0","0","0","0","1","0","0","0","23","2","0","00","2","40 06:21.715","5","00","76 24:43.142","0","0","0","0","36214","0","0","0","N","0","0","0","1","36214","0","","5","01","N","N","0","","0","0","0","0","0","N","2333","0","1","0","0","0","0","0","3","0","1","N","","","","","","","","","","","","03","  ","","",""
"1744","1","0","0","0","0","0","0","0","0","7","0","","36","04","2016","2016039012","4","39.773","-76.1649","1714","08","0","0","0","1","0","0","0","0","","0","0","0","17","1","0","00","0","39 46:22.653","","00","76 09:53.470","0","0","0","0","36219","0","0","0","","0","0","0","1","68J01","0","","4","01","N","N","0","","0","0","0","0","0","","1714","0","1","0","0","0","0","0","1","0","1","N","","","","","","","","","","","","03","  ","","",""
"1040","3","0","0","0","0","0","0","0","0","4","0","","36","04","2016","2016039057","6","40.0488","-76.3077","1032","08","0","0","0","0","0","0","0","0","","0","0","0","10","1","0","01","0","40 02:55.795","","00","76 18:27.890","0","0","0","0","36301","0","0","0","N","0","0","0","4","36301","0","","1","01","N","N","0","","0","0","0","3","3","","1032","0","4","0","0","0","0","0","3","1","4","N","","","","","","","","","","","","03","  ","","",""
"1133","1","0","0","0","0","0","0","0","0","1","0","","36","04","2016","2016039083","6","40.1253","-76.2143","1126","08","0","0","0","0","0","1","0","0","","0","0","0","11","1","1","01","0","40 07:31.012","","00","76 12:51.319","3","0","0","0","36238","0","0","0","N","0","0","0","2","36238","0","","1","01","N","N","0","","1","0","1","3","2","","1123","1","2","0","0","0","0","0","3","0","2","N","","","","","","","","","","","","03","  ","","",""