"ARRIVAL_TM","AUTOMOBILE_COUNT","BELTED_DEATH_COUNT","BELTED_SUSP_SERIOUS_INJ_COUNT","BICYCLE_COUNT","BICYCLE_DEATH_COUNT","BICYCLE_SUSP_SERIOUS_INJ_COUNT","BUS_COUNT","CHLDPAS_DEATH_COUNT","CHLDPAS_SUSP_SERIOUS_INJ_COUNT","COLLISION_TYPE","COMM_VEH_COUNT","CONS_ZONE_SPD_LIM","COUNTY","CRASH_MONTH","CRASH_YEAR","CRN","DAY_OF_WEEK","DEC_LAT","DEC_LONG","DISPATCH_TM","DISTRICT","DRIVER_COUNT_16YR","DRIVER_COUNT_17YR","DRIVER_COUNT_18YR","DRIVER_COUNT_19YR","DRIVER_COUNT_20YR","DRIVER_COUNT_50_64YR","DRIVER_COUNT_65_74YR","DRIVER_COUNT_75PLUS","EST_HRS_CLOSED","FATAL_COUNT","HEAVY_TRUCK_COUNT","HORSE_BUGGY_COUNT","HOUR_OF_DAY","ILLUMINATION","INJURY_COUNT","INTERSECT_TYPE","LANE_CLOSED","LATITUDE","LN_CLOSE_DIR","LOCATION_TYPE","LONGITUDE","MAX_SEVERITY_LEVEL","MCYCLE_DEATH_COUNT","MCYCLE_SUSP_SERIOUS_INJ_COUNT","MOTORCYCLE_COUNT","MUNICIPALITY","NONMOTR_COUNT","NONMOTR_DEATH_COUNT","NONMOTR_SUSP_SERIOUS_INJ_COUNT","NTFY_HIWY_MAINT","PED_COUNT","PED_DEATH_COUNT","PED_SUSP_SERIOUS_INJ_COUNT","PERSON_COUNT","POLICE_AGCY","POSSIBLE_INJ_COUNT","RDWY_SURF_TYPE_CD","RELATION_TO_ROAD","ROAD_CONDITION","SCH_BUS_IND","SCH_ZONE_IND","SMALL_TRUCK_COUNT","SPEC_JURIS_CD","SUSP_MINOR_INJ_COUNT","SUSP_SERIOUS_INJ_COUNT","SUV_COUNT","TCD_FUNC_CD","TCD_TYPE","TFC_DETOUR_IND","TIME_OF_DAY","TOT_INJ_COUNT","TOTAL_UNITS","UNB_DEATH_COUNT","UNB_SUSP_SERIOUS_INJ_COUNT","UNBELTED_OCC_COUNT","UNK_INJ_DEG_COUNT","UNK_INJ_PER_COUNT","URBAN_RURAL","VAN_COUNT","VEHICLE_COUNT","WORK_ZONE_IND","WORK_ZONE_LOC","WORK_ZONE_TYPE","WORKERS_PRES","WZ_CLOSE_DETOUR","WZ_FLAGGER","WZ_LAW_OFFCR_IND","WZ_LN_CLOSURE","WZ_MOVING","WZ_OTHER","WZ_SHLDER_MDN","ROADWAY_CLEARED","WEATHER1","WEATHER2","WZ_WORKERS_INJ_KILLED","SECONDARY_CRASH","INTERSECTION_RELATED"
"0909","1","0","0","0","0","0","0","0","0","4","0","","36","04","2016","2016039107","7","40.0691","-76.3569","0908","08","0","0","0","0","0","0","0","0","2","0","0","0","09","1","0","01","1","40 04:08.816","4","00","76 21:24.786","0","0","0","0","36214","0","0","0","N","0","0","0","4","36214","0","","1","01","N","N","1","","0","0","0","9","2","N","0908","0","2","0","0","0","0","0","3","0","2","N","","","","","","","","","","","","03","  ","","",""
"1640","1","0","0","0","0","0","0","0","0","5","0","","36","04","2016","2016039144","7","39.9851","-76.2871","1633","08","0","0","1","0","0","1","0","0","2","0","0","0","16","1","0","00","1","39 59:06.299","3","00","76 17:13.584","0","0","0","0","36240","0","0","0","N","0","0","0","2","36240","0","","1","09","N","N","0","","0","0","0","0","0","N","1628","0","2","0","0","0","0","0","1","1","2","N","","","","","","","","","","","","03","  ","","",""
"1759","1","0","0","0","0","0","0","0","0","4","0","","36","04","2016","2016039205","6","40.1506","-76.0237","1752","08","1","0","0","0","0","0","0","0","1","0","0","0","17","1","0","01","1","40 09:02.299","4","00","76 01:25.365","0","0","0","0","36213","0","0","0","N","0","0","0","3","36213","0","","1","01","N","N","1","","0","0","0","3","3","N","1748","0","2","0","0","0","0","0","1","0","2","N","","","","","","","","","","","","03","  ","","",""
"1755","1","0","0","1","0","0","0","0","0","5","0","","36","04","2016","2016039208","7","40.1523","-76.6065","1750","08","0","0","0","0","0","0","0","0","","0","0","0","17","1","1","00","0","40 09:08.230","","00","76 36:23.368","4","0","0","0","36407","1","0","0","N","0","0","0","3","36407","1","","1","01","N","N","0","","0","0","0","0","0","","1750","1","2","0","0","0","0","0","2","0","1","N","","","","","","","","","","","","03","  ","","",""
"2221","0","0","0","0","0","0","0","0","0","7","0","","36","04","2016","2016039232","5","40.2404","-76.1566","2217","08","0","0","0","0","0","0","0","0","2","0","0","0","22","2","1","00","2","40 14:25.573","6","00","76 09:23.796","4","0","0","0","36236","0","0","0","N","0","0","0","1","36408","1","","4","01","N","N","0","","0","0","1","0","0","Y","2215","1","1","0","0","0","0","0","1","0","1","N","","","","","","","","","","","","03","  ","","",""
"1720","1","0","0","0","0","0","0","0","0","4","0","","36","04","2016","2016039257","6","40.1764","-76.1842","1715","08","0","0","0","0","0","0","0","0","2","0","0","0","07","1","0","01","2","40 10:34.924","1","00","76 11:03.184","0","0","0","0","36408","0","0","0","N","0","0","0","2","36408","0","","1","01","N","N","0","","0","0","0","1","3","Y","0715","0","2","0","0","0","0","0","2","1","2","N","","","","","","","","","","","","03","  ","","",""
"1541","2","0","0","0","0","0","0","0","0","5","0","","36","04","2016","2016039268","7","40.0538","-76.3234","1524","08","0","0","0","0","0","1","1","0","2","0","0","0","15","1","0","00","1","40 03:13.528","2","00","76 19:24.186","0","0","0","0","36101","0","0","0","N","0","0","0","2","36101","0","","1","01","N","N","0","","0","0","0","0","0","N","1521","0","2","0","0","0","0","0","3","0","2","N","","","","","","","","","","","","03","  ","","",""
"1717","0","0","0","0","0","0","0","0","0","1","0","","36","04","2016","2016039272","6","40.119","-76.5376","1710","08","0","0","0","0","0","0","1","0","3","0","0","0","17","1","0","02","1","40 07:06.983","4","00","76 32:17.034","0","0","0","0","36211","0","0","0","N","0","0","0","2","36504","0","","1","01","N","N","0","","0","0","2","0","0","N","1706","0","2","0","0","0","0","0","1","0","2","N","","","","","","","","","","","","03","  ","","",""
"0820","0","0","0","0","0","0","0","0","0","7","0","","36","04","2016","2016039278","1","40.2448","-76.1151","0816","08","0","0","1","0","0","0","0","0","","0","0","0","08","1","1","02","0","40 14:41.245","","00","76 06:54.516","3","0","0","0","36210","0","0","0","N","0","0","0","1","36210","0","","4","01","N","N","0","","1","0","1","3","3","","0810","1","1","0","0","0","0","0","1","0","1","N","","","","","","","","","","","","03","  ","","",""
"1254","0","0","0","0","0","0","0","0","0","0","0","","36","04","2016","2016039280","6","40.1525","-76.1624","1245","08","0","0","0","0","0","0","0","0","","0","0","0","12","1","1","00","0","40 09:08.875","","00","76 09:44.785","3","0","0","0","36238","0","0","0","N","0","0","0","3","36238","0","","1","01","N","N","0","","1","0","0","0","0","","1240","1","2","0","0","0","0","0","3","1","2","N","","","","","","","","","","","","03","  ","","",""
"1235","1","0","0","0","0","0","0","0","0","4","0","","36","04","2016","2016039287","6","40.0415","-76.3252","1229","08","0","0","0","0","0","0","0","0","","0","0","0","12","1","1","01","0","40 02:29.263","","00","76 19:30.576","4","0","0","1","36301","0","0","0","N","0","0","0","2","36301","1","","1","01","N","N","0","","0","0","0","3","2","","1229","1","2","0","0","0","0","0","3","0","2","N","","","","","","","","","","","","03","  ","","",""
"0812","0","0","0","0","0","0","0","0","0","8","1","","36","04","2016","2016039295","5","40.1061","-76.0743","0809","08","0","0","0","0","0","1","0","0","2","0","1","0","08","1","1","00","2","40 06:22.008","6","00","76 04:27.510","2","0","0","0","36415","1","0","1","N","1","0","1","2","36415","0","","1","01","N","N","0","","0","1","0","0","0","Y","0805","1","2","0","0","0","0","0","1","0","1","N","","","","","","","","","","","","03","  ","","",""
"1050","0","0","0","0","0","0","0","0","0","1","0","","36","04","2016","2016039297","2","40.0404","-76.2471","1043","08","0","0","0","0","0","0","1","0","","0","0","0","10","1","1","07","0","40 02:25.580","","02","76 14:49.597","4","0","0","0","36215","0","0","0","N","0","0","0","2","36215","1","","1","09","N","N","0","","0","0","2","3","4","","1043","1","2","0","0","0","0","0","1","0","2","N","","","","","","","","","","","","03","  ","","",""
"1512","1","0","0","0","0","0","0","0","0","4","0","","36","04","2016","2016039326","3","40.1196","-76.491","1502","08","0","0","0","0","0","0","1","0","1","0","0","0","14","1","2","01","2","40 07:10.483","6","00","76 29:27.620","3","0","0","0","36230","0","0","0","N","0","0","0","3","36410","1","","1","01","N","N","0","","1","0","0","0","0","N","1458","2","2","0","0","1","0","0","1","1","2","N","","","","","","","","","","","","03","  ","","",""
"0926","1","0","0","0","0","0","0","0","0","4","0","","36","04","2016","2016039328","6","40.0392","-76.2951","0924","08","0","0","0","0","0","0","0","0","1","0","0","0","09","5","2","01","1","40 02:20.970","3","00","76 17:42.305","3","0","0","0","36301","0","0","0","N","0","0","0","2","36301","0","","1","01","N","N","0","","2","0","1","3","2","N","0917","2","2","0","0","0","0","0","3","0","2","N","","","","","","","","","","","","03","  ","","",""
"1336","2","0","0","0","0","0","0","0","0","1","0","","36","04","2016","2016039383","1","40.0652","-76.4456","1335","08","0","0","1","0","0","0","0","0","1","0","0","0","13","1","0","02","1","40 03:54.653","3","00","76 26:44.199","0","0","0","0","36239","0","0","0","N","0","0","0","3","36239","0","","1","01","N","N","0","","0","0","0","0","0","N","1335","0","2","0","0","0","0","0","3","0","2","N","","","","","","","","","","","","03","  ","","",""
"1235","2","0","0","0","0","0","0","0","0","4","0","","36","04","2016","2016039388","1","40.1539","-76.3213","1222","08","0","0","0","0","0","1","0","0","","0","0","0","12","1","1","02","0","40 09:14.167","","00","76 19:16.745","8","0","0","0","36235","0","0","0","N","0","0","0","2","36506","0","","1","01","N","N","0","","0","0","0","3","3","","1222","1","2","0","0","0","1","0","1","0","2","N","","","","","","","","","","","","03","  ","","",""
"1437","1","0","0","0","0","0","0","0","0","4","0","","36","04","2016","2016039414","7","40.0187","-76.3257","1437","08","0","0","0","0","1","0","0","0","2","0","0","0","14","1","1","00","2","40 01:07.287","5","00","76 19:32.394","4","0","0","0","36220","0","0","0","N","0","0","0","5","36101","1","","1","01","N","N","0","","0","0","1","0","0","Y","1432","1","2","0","0","0","0","0","3","0","2","N","","","","","","","","","","","","03","  ","","",""
"1903","1","0","0","0","0","0","0","0","0","4","0","","36","04","2016","2016039437","7","40.0351","-76.2984","1859","08","0","0","0","0","0","0","0","0","2","0","0","0","18","1","0","01","1","40 02:06.522","1","00","76 17:54.333","0","0","0","0","36301","0","0","0","N","0","0","0","2","36301","0","","1","01","N","N","0","","0","0","1","0","0","N","1859","0","2","0","0","0","0","0","3","0","2","N","","","","","","","","","","","","03","  ","","",""
"1906","1","0","0","0","0","0","0","0","0","7","0","","36","04","2016","2016039453","1","40.2091","-76.135","1903","08","0","0","0","1","0","0","0","0","","0","0","0","18","1","0","02","0","40 12:32.616","","00","76 08:05.896","0","0","0","0","36210","0","0","0","N","0","0","0","2","36210","0","","4","01","N","N","0","","0","0","0","0","0","","1859","0","1","0","0","0","0","0","1","0","1","N","","","","","","","","","","","","03","  ","","",""
"1959","1","0","0","0","0","0","0","0","0","8","0","","36","04","2016","2016039469","2","40.033","-76.3068","1955","08","0","0","0","0","0","0","0","0","1","0","0","0","19","3","1","01","1","40 01:58.902","2","00","76 18:24.637","4","0","0","0","36301","1","0","0","N","1","0","0","2","36301","1","","1","01","N","N","0","","0","0","0","3","2","Y","1955","1","2","0","0","0","0","0","3","0","1","N","","","","","","","","","","","","03","  ","","",""
"2300","1","0","0","0","0","0","0","0","0","5","0","","36","04","2016","2016039473","7","40.0327","-76.2993","2253","08","0","0","0","0","0","0","0","0","","0","0","0","22","3","1","00","0","40 01:57.692","","00","76 17:57.605","4","0","0","0","36301","0","0","0","N","0","0","0","1","36301","1","","6","01","N","N","0","","0","0","0","0","0","","2253","1","2","0","0","1","0","0","3","1","2","N","","","","","","","","","","","","03","  ","","",""
"2252","1","0","0","0","0","0","0","0","0","1","0","","36","04","2016","2016039474","1","40.1851","-76.1696","2248","08","0","0","0","0","0","0","0","0","","0","0","0","22","3","0","00","0","40 11:06.385","","00","76 10:10.624","0","0","0","0","36408","0","0","0","N","0","0","0","1","36408","0","","2","01","N","N","0","","0","0","1","0","0","","2246","0","2","0","0","0","0","0","2","0","2","N","","","","","","","","","","","","03","  ","","",""
"1305","0","0","1","0","0","0","0","0","0","7","0","","36","04","2016","2016039481","4","40.1074","-76.2845","1257","08","0","0","0","0","0","0","0","1","1","0","0","0","12","1","1","00","1","40 06:26.670","3","00","76 17:04.315","2","0","0","0","36101","0","0","0","N","0","0","0","1","36101","0","","2","01","N","N","0","","0","1","1","0","0","N","1255","1","1","0","0","0","0","0","3","0","1","N","","","","","","","","","","","","03","  ","","",""
"2110","1","0","0","0","0","0","0","0","0","4","1","","36","04","2016","2016039482","1","40.2341","-76.4348","2053","08","0","0","0","1","0","0","0","0","2","0","1","0","20","3","0","02","1","40 14:02.643","2","02","76 26:05.420","0","0","0","0","36230","0","0","0","N","0","0","0","3","36410","0","","1","01","N","N","0","","0","0","0","3","2","N","2050","0","2","0","0","0","0","0","1","0","2","N","","","","","","","","","","","","03","  ","","",""
"2050","1","0","0","0","0","0","0","0","0","7","0","","36","04","2016","2016039484","3","40.074","-76.2771","2043","08","0","0","0","0","0","0","0","0","","0","0","0","20","3","0","02","0","40 04:26.382","","00","76 16:37.491","0","0","0","0","36101","0","0","0","N","0","0","0","1","36101","0","","2","01","N","N","0","","0","0","0","0","0","","2041","0","1","0","0","0","0","0","3","0","1","N","","","","","","","","","","","","03","  ","","",""
"1434","0","0","0","0","0","0","0","0","0","7","0","","36","03","2016","2016039486","1","40.1026","-76.6711","1428","08","0","0","0","0","0","0","0","0","3","0","0","0","14","1","1","00","2","40 06:09.185","6","00","76 40:15.866","3","0","0","0","36207","0","0","0","N","0","0","0","1","36504","0","","2","01","N","N","0","","1","0","1","0","0","Y","1427","1","1","0","0","0","0","0","1","0","1","N","","","","","","","","","","","","03","  ","","",""
"1028","0","0","0","0","0","0","0","0","0","4","0","","36","04","2016","2016039533","7","40.0974","-76.0977","1024","08","0","0","0","0","0","0","1","0","","0","0","0","10","1","1","02","0","40 05:50.496","","00","76 05:51.745","8","0","0","0","36415","0","0","0","N","0","0","0","1","36415","0","","4","01","Y","N","1","","0","0","2","0","0","","1024","1","3","0","0","0","1","0","1","0","3","N","","","","","","","","","","","","03","  ","","",""
"0705","0","0","0","0","0","0","0","0","0","7","0","","36","04","2016","2016039535","2","40.0492","-76.3165","0701","08","0","0","1","0","0","0","0","0","2","0","0","0","07","1","0","02","1","40 02:57.270","3","00","76 18:59.229","0","0","0","0","36301","0","0","0","N","0","0","0","1","36301","0","","4","01","N","N","0","","0","0","1","3","3","N","0701","0","1","0","0","0","0","0","3","0","1","N","","","","","","","","","","","","03","  ","","",""
"0458","0","0","0","0","0","0","0","0","0","4","0","","36","04","2016","2016039556","2","40.037","-76.3147","0455","08","0","0","0","0","0","1","0","0","2","0","0","0","04","3","0","01","1","40 02:13.189","3","00","76 18:52.992","0","0","0","0","36301","0","0","0","N","0","0","0","2","36301","0","","1","01","N","N","0","","0","0","0","3","3","N","0455","0","2","0","0","0","0","0","3","2","2","N","","","","","","","","","","","","03","  ","","",""
"1823","1","0","0","0","0","0","0","0","0","1","0","","36","04","2016","2016039593","7","40.1499","-76.3816","1813","08","0","1","0","0","0","2","0","0","","0","0","0","18","1","0","01","0","40 08:59.807","","00","76 22:53.789","0","0","0","0","36227","0","0","0","N","0","0","0","12","36506","0","","1","01","N","N","1","","0","0","2","3","2","","1813","0","4","0","0","0","0","0","1","0","4","N","","","","","","","","","","","","03","  ","","",""
"0605","1","0","0","0","0","0","0","0","0","4","0","","36","04","2016","2016039594","7","40.1498","-76.3815","0600","08","0","0","0","0","0","0","1","0","1","0","0","0","06","1","0","01","1","40 08:59.447","3","00","76 22:53.475","0","0","0","0","36227","0","0","0","N","0","0","0","3","36506","0","","1","01","N","N","0","","0","0","0","3","2","N","0600","0","2","0","0","2","0","0","1","1","2","N","","","","","","","","","","","","03","  ","","",""
"0957","1","0","0","0","0","0","0","0","0","4","0","","36","04","2016","2016039604","4","40.2264","-76.1804","0955","08","0","0","0","0","0","0","0","0","1","0","0","0","09","1","0","01","1","40 13:34.893","4","00","76 10:49.273","0","0","0","0","36236","0","0","0","N","0","0","0","5","36408","0","","1","01","N","N","0","","0","0","1","3","3","N","0955","0","2","0","0","0","0","0","1","0","2","N","","","","","","","","","","","","03","  ","","",""
"1249","2","0","0","0","0","0","0","0","0","1","0","","36","04","2016","2016039612","2","40.0498","-76.3099","1241","08","0","0","0","0","0","0","0","0","1","0","0","0","12","1","1","00","1","40 02:59.403","2","00","76 18:35.569","8","0","0","0","36301","0","0","0","N","0","0","0","4","36301","0","","1","01","N","N","0","","0","0","1","0","0","N","1239","1","3","0","0","0","1","0","3","0","3","N","","","","","","","","","","","","03","  ","","",""
"1110","1","0","0","0","0","0","0","0","0","7","0","","36","04","2016","2016039613","2","40.1231","-76.2559","1103","08","0","0","0","0","0","0","0","0","2","0","0","0","10","1","1","00","2","40 07:23.039","1","00","76 15:21.071","3","0","0","0","36101","0","0","0","N","0","0","0","1","36101","0","","5","01","N","N","0","","1","0","0","0","0","N","1059","1","1","0","0","0","0","0","3","0","1","N","","","","","","","","","","","","03","  ","","",""
"2051","2","0","0","0","0","0","0","0","0","4","0","","36","04","2016","2016039742","5","40.1297","-76.3113","2046","08","0","0","0","0","0","0","1","0","2","0","0","0","20","3","1","02","1","40 07:46.800","2","00","76 18:40.700","8","0","0","0","36235","0","0","0","N","0","0","0","3","36506","0","","1","01","N","N","0","","0","0","0","3","3","N","2046","1","2","0","0","0","1","0","1","0","2","N","","","","","","","","","","","","03","  ","","",""
"1754","1","0","0","0","0","0","0","0","0","7","0","","36","04","2016","2016039802","4","40.263","-76.2792","1657","08","0","0","1","0","0","0","0","0","","0","0","0","16","1","0","00","0","40 15:46.900","","00","76 16:45.000","0","0","0","0","36217","0","0","0","","0","0","0","1","68J01","0","","4","01","N","N","0","","0","0","0","0","0","","1656","0","1","0","0","0","0","0","1","0","1","N","","","","","","","","","","","","03","  ","","",""
"1724","1","0","0","1","0","0","0","0","0","4","0","","36","04","2016","2016039811","2","40.1193","-76.3768","1721","08","0","0","0","0","0","0","1","0","","0","0","0","17","1","1","00","0","40 07:09.440","","00","76 22:36.379","4","0","0","0","36101","1","0","0","N","0","0","0","2","36101","1","","4","01","N","N","0","","0","0","0","0","0","","1721","1","2","0","0","0","0","0","3","0","1","N","","","","","","","","","","","","03","  ","","",""
"0816","1","0","0","0","0","0","0","0","0","7","1","","36","04","2016","2016039890","7","40.0806","-76.2778","0812","08","0","0","0","0","0","1","0","0","1","0","1","0","08","1","1","00","2","40 04:49.982","1","00","76 16:40.145","4","0","0","0","36101","0","0","0","N","0","0","0","3","36101","1","","4","06","N","N","0","","0","0","0","0","0","N","0809","1","2","0","0","0","0","0","3","0","2","N","","","","","","","","","","","","10","  ","","",""
"0750","1","0","0","0","0","0","0","0","0","1","0","","36","04","2016","2016039891","5","40.1082","-76.2473","0738","08","0","0","0","0","0","0","0","0","","0","0","0","07","1","0","00","0","40 06:29.441","","00","76 14:50.351","0","0","0","0","36101","0","0","0","N","0","0","0","2","36101","0","","1","01","N","N","0","","0","0","1","0","0","","0735","0","2","0","0","0","0","0","3","0","2","N","","","","","","","","","","","","03","  ","","",""
"0852","1","0","0","0","0","0","0","0","0","4","0","","36","04","2016","2016039901","5","40.0619","-76.2757","0843","08","0","0","0","0","0","1","0","0","","0","0","0","08","1","0","02","0","40 03:42.916","","00","76 16:32.597","0","0","0","0","36101","0","0","0","N","0","0","0","4","36101","0","","1","01","N","N","0","","0","0","0","0","0","","0840","0","2","0","0","0","0","0","3","1","2","N","","","","","","","","","","","","03","  ","","",""
"1704","0","0","0","0","0","0","0","0","0","4","0","","36","04","2016","2016039945","4","40.106","-76.3517","1648","08","0","0","0","0","0","0","0","0","","0","0","0","16","1","0","01","0","40 06:21.549","","00","76 21:06.285","0","0","0","0","36406","0","0","0","N","0","0","0","2","36101","0","","1","01","N","N","0","","0","0","1","0","0","","1629","0","2","0","0","0","0","0","3","1","2","N","","","","","","","","","","","","03","  ","","",""
"1615","1","0","0","0","0","0","0","0","0","4","0","","36","04","2016","2016039948","2","40.0403","-76.3594","1603","08","0","0","0","0","0","1","0","0","","0","0","0","16","1","0","00","0","40 02:25.111","","00","76 21:33.772","0","0","0","0","36214","0","0","0","N","0","0","0","2","36214","0","","1","01","N","N","1","","0","0","0","0","0","","1600","0","2","0","0","0","0","0","3","0","2","N","","","","","","","","","","","","03","  ","","",""
"1648","0","0","0","0","0","0","0","0","0","1","0","","36","04","2016","2016039956","2","40.0695","-76.3575","1642","08","0","0","0","0","0","0","0","0","1","0","0","0","16","1","2","02","1","40 04:10.056","3","00","76 21:26.821","4","0","0","0","36214","0","0","0","N","0","0","0","8","36214","2","","1","01","N","N","0","","0","0","1","0","0","N","1640","2","2","0","0","0","0","0","3","1","2","N","","","","","","","","","","","","03","  ","","",""
"1040","1","0","0","0","0","0","0","0","0","8","0","","36","04","2016","2016039970","4","40.0999","-76.3047","1040","08","0","0","0","0","0","0","0","0","","0","0","0","07","1","1","00","0","40 05:59.794","","00","76 18:17.020","4","0","0","0","36101","1","0","0","N","1","0","0","2","36101","1","","1","01","N","N","0","","0","0","0","0","0","","0710","1","2","0","0","0","0","0","3","0","1","N","","","","","","","","","","","","03","  ","","",""
"1750","1","0","0","0","0","0","0","0","0","1","0","","36","04","2016","2016039975","6","40.0394","-76.5094","1742","08","0","0","0","0","0","0","0","0","1","0","0","0","17","1","1","00","1","40 02:21.880","2","02","76 30:33.814","8","0","0","0","36404","0","0","0","N","0","0","0","2","36404","0","","7","01","N","N","0","","0","0","1","0","0","N","1740","1","2","0","0","0","1","0","3","0","2","N","","","","","","","","","","","","03","  ","","",""
"0729","1","0","0","0","0","0","0","0","0","4","0","","36","04","2016","2016039995","3","40.0778","-76.4211","0723","08","0","1","0","0","0","0","0","0","3","0","0","0","07","1","2","01","2","40 04:40.159","6","00","76 25:15.790","8","0","0","0","36239","0","0","0","N","0","0","0","2","36239","0","","1","01","N","N","0","","0","0","1","1","3","Y","0721","2","2","0","0","0","2","0","3","0","2","N","","","","","","","","","","","","03","  ","","",""
"0843","0","0","0","0","0","0","0","0","0","1","0","","36","04","2016","2016040019","3","40.0787","-76.3464","0833","08","0","0","1","0","0","1","0","0","","0","0","0","08","1","1","06","0","40 04:41.708","","02","76 20:46.688","4","0","0","0","36101","0","0","0","N","0","0","0","2","36101","1","","1","01","N","N","1","","0","0","0","3","3","","0833","1","2","0","0","0","0","0","3","1","2","N","","","","","","","","","","","","03","  ","","",""
"1432","1","0","0","0","0","0","0","0","0","4","0","","36","04","2016","2016040062","3","40.0603","-76.3204","1400","08","0","0","0","0","0","0","0","0","1","0","0","0","13","1","1","00","1","40 03:37.190","3","07","76 19:13.372","8","0","0","0","36301","0","0","0","N","0","0","0","2","36301","0","","1","01","N","N","0","","0","0","1","0","0","N","1346","1","2","0","0","0","1","0","3","0","2","N","","","","","","","","","","","","03","  ","","",""
"1044","1","0","0","0","0","0","0","0","0","4","0","","36","04","2016","2016040090","3","40.1614","-76.2126","1041","08","0","0","0","0","0","0","2","0","1","0","0","0","10","1","0","01","1","40 09:40.896","4","00","76 12:45.514","0","0","0","0","36402","0","0","0","N","0","0","0","2","36402","0","","1","01","N","N","0","","0","0","1","3","3","N","1041","0","2","0","0","0","0","0","2","0","2","N","","","","","","","","","","","","03","  ","","",""
"1948","0","0","0","0","0","0","0","0","0","8","1","","36","02","2016","2016040106","6","40.0116","-76.1376","1945","08","0","0","0","0","0","0","0","0","4","1","0","0","19","3","0","00","2","40 00:41.635","6","00","76 08:15.438","1","0","0","0","36221","1","1","0","","1","1","0","2","68J01","0","2","1","01","N","N","0","0","0","0","0","0","0","Y","1943","0","2","0","0","0","0","0","1","0","1","N","","","","","","","","","","","","03","  ","","",""
"2113","2","0","0","0","0","0","0","0","0","4","0","","36","04","2016","2016040131","6","39.8948","-76.2288","2057","08","0","0","0","1","1","0","0","0","","0","0","0","20","2","0","02","0","39 53:41.218","","00","76 13:43.611","0","0","0","0","36229","0","0","0","","0","0","0","2","68J01","0","","1","01","N","N","0","","0","0","0","2","3","","2056","0","2","0","0","0","0","0","1","0","2","N","","","","","","","","","","","","03","  ","","",""
"1822","2","0","0","0","0","0","0","0","0","1","0","","36","04","2016","2016040232","3","40.1686","-76.1672","1822","08","0","0","0","0","1","0","0","0","","0","0","0","18","1","0","00","0","40 10:06.869","","00","76 10:01.931","0","0","0","0","36408","0","0","0","N","0","0","0","4","36408","0","","1","01","N","N","1","","0","0","0","0","0","","1822","0","3","0","0","0","0","0","2","0","3","N","","","","","","","","","","","","03","  ","","",""
"1700","1","0","0","0","0","0","0","0","0","1","0","","36","04","2016","2016040248","1","40.0822","-76.5799","1651","08","0","0","0","0","0","1","0","0","","0","0","0","16","1","0","00","0","40 04:55.934","","00","76 34:47.607","0","0","0","0","36211","0","0","0","N","0","0","0","1","36504","0","","6","01","N","N","0","","0","0","2","0","0","","1645","0","3","0","0","0","0","0","1","0","3","N","","","","","","","","","","","","03","  ","","",""
"1809","2","0","0","0","0","0","0","0","0","4","0","","36","04","2016","2016040266","3","40.0951","-76.4103","1804","08","0","0","0","0","0","1","0","0","2","0","0","0","18","1","3","00","2","40 05:42.200","5","07","76 24:37.080","3","0","0","0","36214","0","0","0","N","0","0","0","5","36214","1","","1","01","N","N","0","","2","0","0","0","0","Y","1802","3","2","0","0","1","0","0","3","0","2","N","","","","","","","","","","","","03","  ","","",""
"1657","2","0","0","0","0","0","0","0","0","1","0","","36","04","2016","2016040276","5","40.06","-76.3599","1653","08","0","0","0","0","1","1","0","0","1","0","0","0","16","1","2","00","1","40 03:36.046","2","00","76 21:35.587","4","0","0","0","36214","0","0","0","N","0","0","0","4","36214","2","","1","01","N","N","0","","0","0","0","0","0","N","1649","2","2","0","0","0","0","0","3","0","2","N","","","","","","","","","","","","03","  ","","",""
"1435","2","0","0","0","0","0","0","0","0","4","0","","36","04","2016","2016040294","5","40.0569","-76.3112","1430","08","0","0","0","0","0","0","0","1","","0","0","0","14","1","0","01","0","40 03:24.706","","00","76 18:40.172","0","0","0","0","36101","0","0","0","N","0","0","0","2","36101","0","","1","01","N","N","0","","0","0","0","3","2","","1428","0","2","0","0","0","0","0","3","0","2","N","","","","","","","","","","","","03","  ","","",""
"0608","1","0","0","0","0","0","0","0","0","7","0","","36","04","2016","2016040395","1","40.1985","-76.1666","0605","08","0","0","0","0","0","0","0","0","","0","0","0","06","5","0","00","0","40 11:54.682","","00","76 09:59.795","0","0","0","0","36218","0","0","0","N","0","0","0","1","36408","0","","4","01","N","N","0","","0","0","0","0","0","","0600","0","1","0","0","0","0","0","1","0","1","N","","","","","","","","","","","","03","  ","","",""
"1446","1","0","0","0","0","0","0","0","0","4","0","","36","04","2016","2016040405","7","40.0424","-76.3093","1439","08","0","0","1","0","0","0","0","0","","0","0","0","14","1","0","01","0","40 02:32.730","","00","76 18:33.490","0","0","0","0","36301","0","0","0","N","0","0","0","2","36301","0","","1","01","N","N","0","","0","0","1","3","3","","1436","0","2","0","0","0","0","0","3","0","2","N","","","","","","","","","","","","03","  ","","",""
"1615","2","0","0","0","0","0","0","0","0","4","0","","36","04","2016","2016040414","1","40.2264","-76.1804","1606","08","0","0","0","0","0","0","0","0","2","0","0","0","16","1","1","01","1","40 13:34.893","1","00","76 10:49.273","8","0","0","0","36236","0","0","0","N","0","0","0","4","36408","0","","1","01","N","N","0","","0","0","0","3","3","Y","1605","1","2","0","0","0","1","0","1","0","2","N","","","","","","","","","","","","03","  ","","",""