"ARRIVAL_TM","AUTOMOBILE_COUNT","BELTED_DEATH_COUNT","BELTED_SUSP_SERIOUS_INJ_COUNT","BICYCLE_COUNT","BICYCLE_DEATH_COUNT","BICYCLE_SUSP_SERIOUS_INJ_COUNT","BUS_COUNT","CHLDPAS_DEATH_COUNT","CHLDPAS_SUSP_SERIOUS_INJ_COUNT","COLLISION_TYPE","COMM_VEH_COUNT","CONS_ZONE_SPD_LIM","COUNTY","CRASH_MONTH","CRASH_YEAR","CRN","DAY_OF_WEEK","DEC_LAT","DEC_LONG","DISPATCH_TM","DISTRICT","DRIVER_COUNT_16YR","DRIVER_COUNT_17YR","DRIVER_COUNT_18YR","DRIVER_COUNT_19YR","DRIVER_COUNT_20YR","DRIVER_COUNT_50_64YR","DRIVER_COUNT_65_74YR","DRIVER_COUNT_75PLUS","EST_HRS_CLOSED","FATAL_COUNT","HEAVY_TRUCK_COUNT","HORSE_BUGGY_COUNT","HOUR_OF_DAY","ILLUMINATION","INJURY_COUNT","INTERSECT_TYPE","LANE_CLOSED","LATITUDE","LN_CLOSE_DIR","LOCATION_TYPE","LONGITUDE","MAX_SEVERITY_LEVEL","MCYCLE_DEATH_COUNT","MCYCLE_SUSP_SERIOUS_INJ_COUNT","MOTORCYCLE_COUNT","MUNICIPALITY","NONMOTR_COUNT","NONMOTR_DEATH_COUNT","NONMOTR_SUSP_SERIOUS_INJ_COUNT","NTFY_HIWY_MAINT","PED_COUNT","PED_DEATH_COUNT","PED_SUSP_SERIOUS_INJ_COUNT","PERSON_COUNT","POLICE_AGCY","POSSIBLE_INJ_COUNT","RDWY_SURF_TYPE_CD","RELATION_TO_ROAD","ROAD_CONDITION","SCH_BUS_IND","SCH_ZONE_IND","SMALL_TRUCK_COUNT","SPEC_JURIS_CD","SUSP_MINOR_INJ_COUNT","SUSP_SERIOUS_INJ_COUNT","SUV_COUNT","TCD_FUNC_CD","TCD_TYPE","TFC_DETOUR_IND","TIME_OF_DAY","TOT_INJ_COUNT","TOTAL_UNITS","UNB_DEATH_COUNT","UNB_SUSP_SERIOUS_INJ_COUNT","UNBELTED_OCC_COUNT","UNK_INJ_DEG_COUNT","UNK_INJ_PER_COUNT","URBAN_RURAL","VAN_COUNT","VEHICLE_COUNT","WORK_ZONE_IND","WORK_ZONE_LOC","WORK_ZONE_TYPE","WORKERS_PRES","WZ_CLOSE_DETOUR","WZ_FLAGGER","WZ_LAW_OFFCR_IND","WZ_LN_CLOSURE","WZ_MOVING","WZ_OTHER","WZ_SHLDER_MDN","ROADWAY_CLEARED","WEATHER1","WEATHER2","WZ_WORKERS_INJ_KILLED","SECONDARY_CRASH","INTERSECTION_RELATED"
"0820","1","0","0","0","0","0","0","0","0","5","0","","36","04","2016","2016040502","1","40.038","-76.2445","0817","08","0","0","0","0","0","0","0","0","","0","0","0","08","1","0","00","0","40 02:16.950","","00","76 14:40.163","9","0","0","0","36215","0","0","0","N","0","0","0","2","36215","0","","1","01","N","N","0","","0","0","1","0","0","","0816","0","2","0","0","0","0","1","1","0","2","N","","","","","","","","","","","","03","  ","","",""
"1022","2","0","0","0","0","0","0","0","0","4","0","","36","04","2016","2016040504","3","40.0709","-76.3176","1017","08","0","0","0","0","0","2","0","0","","0","0","0","10","1","1","01","0","40 04:15.386","","00","76 19:03.337","3","0","0","0","36101","0","0","0","N","0","0","0","3","36101","0","","1","01","N","N","0","","1","0","0","3","2","","1014","1","2","0","0","0","0","0","3","0","2","N","","","","","","","","","","","","03","  ","","",""
"1757","2","0","0","0","0","0","0","0","0","5","0","","36","04","2016","2016040506","1","40.0429","-76.3247","1757","08","0","0","0","0","0","0","0","0","","0","0","0","17","1","0","00","0","40 02:34.562","","00","76 19:28.934","0","0","0","0","36301","0","0","0","N","0","0","0","1","36301","0","","2","01","N","N","0","","0","0","1","0","0","","1757","0","3","0","0","0","0","0","3","0","3","N","","","","","","","","","","","","03","  ","","",""
"1604","1","0","0","0","0","0","0","0","0","7","0","","36","04","2016","2016040520","4","40.0593","-76.2756","1558","08","0","0","0","0","0","0","0","0","2","0","0","0","15","1","0","00","1","40 03:33.615","4","00","76 16:32.258","0","0","0","0","36101","0","0","0","N","0","0","0","1","36101","0","","3","01","N","N","0","","0","0","0","0","0","N","1555","0","2","0","0","0","0","0","3","0","1","N","","","","","","","","","","","","03","  ","","",""
"1104","1","0","0","0","0","0","0","0","0","5","0","","36","04","2016","2016040541","7","40.1111","-76.5063","1103","08","0","0","0","0","0","0","1","0","","0","0","0","11","1","1","02","0","40 06:39.858","","00","76 30:22.538","4","0","0","0","36413","0","0","0","N","0","0","0","2","36413","1","","1","01","N","N","0","","0","0","1","3","3","","1100","1","2","0","0","0","0","0","2","0","2","N","","","","","","","","","","","","03","  ","","",""
"1602","0","0","0","0","0","0","0","0","0","8","0","","36","04","2016","2016040631","4","40.1242","-76.214","1559","08","0","0","0","0","0","0","0","0","1","0","0","0","15","1","1","00","1","40 07:26.968","1","00","76 12:50.315","3","0","0","0","36238","1","0","0","N","1","0","0","2","36238","0","","1","01","N","N","0","","1","0","1","0","0","N","1557","1","2","0","0","0","0","0","3","0","1","N","","","","","","","","","","","","03","  ","","",""
"1738","0","0","0","0","0","0","0","0","0","1","0","","36","04","2016","2016040653","4","40.1508","-76.6079","1735","08","0","0","0","0","0","1","0","0","2","0","0","0","17","1","0","00","1","40 09:02.711","4","00","76 36:28.510","0","0","0","0","36407","0","0","0","N","0","0","0","2","36407","0","","1","01","N","N","2","","0","0","0","0","0","Y","1734","0","3","0","0","0","0","0","2","0","2","N","","","","","","","","","","","","03","  ","","",""
"1855","1","0","0","0","0","0","0","0","0","1","0","","36","04","2016","2016040654","4","40.0884","-76.2776","1850","08","0","0","1","0","0","0","0","0","1","0","0","0","18","1","0","01","1","40 05:18.085","3","00","76 16:39.273","0","0","0","0","36101","0","0","0","N","0","0","0","6","36101","0","","1","01","N","N","0","","0","0","1","0","0","N","1848","0","2","0","0","0","0","0","3","0","2","N","","","","","","","","","","","","03","  ","","",""
"1513","0","0","0","0","0","0","1","0","0","1","1","","36","04","2016","2016040661","3","40.1555","-76.3098","1513","08","1","0","0","0","0","1","0","0","1","0","0","0","15","1","0","01","1","40 09:19.680","3","00","76 18:35.205","0","0","0","0","36409","0","0","0","N","0","0","0","35","36409","0","","1","01","Y","N","0","","0","0","1","0","0","Y","1513","0","2","0","0","0","0","0","3","0","2","N","","","","","","","","","","","","03","  ","","",""
"2040","2","0","0","0","0","0","0","0","0","1","0","","36","04","2016","2016040692","4","40.0286","-76.3114","2037","08","0","0","0","0","0","0","0","0","","0","0","0","20","3","0","00","0","40 01:42.900","","00","76 18:41.100","0","0","0","0","36301","0","0","0","N","0","0","0","1","36301","0","","6","01","N","N","0","","0","0","1","0","0","","2037","0","3","0","0","0","0","0","3","0","3","N","","","","","","","","","","","","03","  ","","",""
"0607","1","0","0","0","0","0","0","0","0","7","0","","36","04","2016","2016040752","5","40.0388","-76.3129","0605","08","0","0","0","0","0","1","0","0","","0","0","0","06","1","0","01","0","40 02:19.654","","00","76 18:46.345","0","0","0","0","36301","0","0","0","N","0","0","0","1","36301","0","","4","01","N","N","0","","0","0","0","3","2","","0603","0","1","0","0","0","0","0","3","0","1","N","","","","","","","","","","","","03","  ","","",""
"0926","2","0","0","0","0","0","0","0","0","4","0","","36","04","2016","2016040757","1","40.2167","-76.1199","0924","08","0","0","0","0","0","0","1","0","2","0","0","0","09","1","4","01","1","40 12:59.954","5","00","76 07:11.588","4","0","0","0","36210","0","0","0","N","0","0","0","4","36210","4","","1","01","N","N","0","","0","0","0","3","3","Y","0922","4","2","0","0","0","0","0","1","0","2","N","","","","","","","","","","","","03","  ","","",""
"1207","0","0","0","0","0","0","0","0","0","4","0","","36","04","2016","2016040766","4","40.1066","-76.0676","1205","08","0","0","0","0","0","0","0","1","","0","0","0","12","1","0","01","0","40 06:23.763","","00","76 04:03.457","0","0","0","0","36209","0","0","0","N","0","0","0","2","36415","0","","1","01","N","N","0","","0","0","1","2","3","","1205","0","2","0","0","0","0","0","1","1","2","N","","","","","","","","","","","","03","  ","","",""
"1413","2","0","0","0","0","0","0","0","0","4","0","","36","04","2016","2016040779","1","40.2288","-76.128","1407","08","0","1","0","0","0","1","0","0","2","0","0","0","14","1","0","02","2","40 13:43.659","5","00","76 07:40.671","0","0","0","0","36405","0","0","0","N","0","0","0","2","36210","0","","1","01","N","N","0","","0","0","0","3","3","Y","1405","0","2","0","0","0","0","0","1","0","2","N","","","","","","","","","","","","03","  ","","",""
"0801","2","0","0","0","0","0","0","0","0","4","0","","36","04","2016","2016040780","5","40.1595","-76.3075","0800","08","0","0","0","0","0","1","0","0","","0","0","0","07","1","0","02","0","40 09:34.176","","00","76 18:27.160","0","0","0","0","36409","0","0","0","N","0","0","0","2","36409","0","","1","01","N","N","0","","0","0","0","3","3","","0755","0","2","0","0","0","0","0","3","0","2","N","","","","","","","","","","","","03","  ","","",""
"1915","2","0","0","0","0","0","0","0","0","4","0","","36","04","2016","2016040831","3","40.0568","-76.5275","1901","08","0","0","0","0","0","0","0","0","","0","0","0","18","1","0","00","0","40 03:24.533","","00","76 31:39.164","0","0","0","0","36211","0","0","0","N","0","0","0","4","36504","0","","1","01","N","N","0","","0","0","0","3","3","","1855","0","2","0","0","1","0","0","1","0","2","N","","","","","","","","","","","","03","  ","","",""
"1420","0","0","0","0","0","0","0","0","0","0","0","","36","04","2016","2016041060","5","40.1253","-76.2143","1417","08","0","0","0","0","0","0","0","0","1","0","0","0","14","1","0","01","1","40 07:31.012","5","00","76 12:51.319","0","0","0","0","36238","0","0","0","N","0","0","0","1","36238","0","","1","01","N","N","0","","0","0","1","3","2","N","1416","0","1","0","0","0","0","0","3","0","1","N","","","","","","","","","","","","03","  ","","",""
"2152","1","0","0","0","0","0","0","0","0","2","0","","36","04","2016","2016041063","4","40.2452","-76.2489","2140","08","0","0","0","0","0","0","0","0","1","0","0","0","21","2","1","00","1","40 14:42.855","5","03","76 14:55.881","3","0","0","0","36204","0","0","0","N","0","0","0","2","36506","0","","1","01","N","N","0","","1","0","1","3","4","N","2140","1","2","0","0","0","0","0","1","0","2","N","","","","","","","","","","","","03","  ","","",""
"1650","1","0","0","0","0","0","0","0","0","1","0","","36","04","2016","2016041140","5","40.0691","-76.3091","1640","08","0","0","0","1","0","0","0","0","","0","0","0","16","1","2","00","0","40 04:08.922","","00","76 18:32.730","4","0","0","0","36101","0","0","0","N","0","0","0","4","36101","2","","1","01","N","N","0","","0","0","1","0","0","","1630","2","2","0","0","0","0","0","3","0","2","N","","","","","","","","","","","","03","  ","","",""
"0235","1","0","0","0","0","0","0","0","0","7","0","","36","04","2016","2016041178","1","39.9673","-76.276","0228","08","0","0","0","0","0","0","0","0","","0","0","0","02","2","0","00","0","39 58:02.229","","00","76 16:33.751","9","0","0","0","36228","0","0","0","N","0","0","0","2","36503","0","","4","01","N","N","0","","0","0","0","0","0","","0225","0","1","0","0","1","0","2","1","0","1","N","","","","","","","","","","","","03","  ","","",""
"1854","0","0","0","0","0","0","0","0","0","4","0","","36","04","2016","2016041211","1","40.0685","-76.3074","1851","08","0","0","1","0","0","0","0","0","2","0","0","0","18","1","3","01","2","40 04:06.605","5","00","76 18:27.559","2","0","0","0","36101","0","0","0","N","0","0","0","4","36101","1","","1","01","N","N","1","","1","1","1","3","2","Y","1848","3","2","0","1","2","0","0","3","0","2","N","","","","","","","","","","","","03","  ","","",""
"0905","1","0","0","0","0","0","0","0","0","1","1","","36","04","2016","2016041277","5","40.2245","-76.4216","0902","08","0","0","0","0","0","0","0","0","","0","1","0","09","1","0","00","0","40 13:29.749","","00","76 25:19.615","0","0","0","0","36227","0","0","0","","0","0","0","2","68T06","0","","1","09","N","N","0","","0","0","0","0","0","","0900","0","2","0","0","0","0","0","1","0","2","N","","","","","","","","","","","","07","  ","","",""
"1613","1","0","0","0","0","0","0","0","0","1","0","","36","04","2016","2016041311","5","40.0486","-76.2938","1606","08","0","0","0","0","0","0","0","0","","0","0","0","15","1","0","00","0","40 02:55.103","","00","76 17:37.817","0","0","0","0","36301","0","0","0","N","0","0","0","7","36301","0","","1","01","N","N","0","","0","0","1","0","0","","1559","0","2","0","0","0","0","0","3","0","2","N","","","","","","","","","","","","03","  ","","",""
"1112","1","0","0","0","0","0","0","0","0","7","0","","36","04","2016","2016041379","6","40.207","-76.1286","1105","08","0","0","0","0","0","0","0","0","","0","0","0","11","1","0","00","0","40 12:25.357","","00","76 07:42.792","0","0","0","0","36210","0","0","0","N","0","0","0","1","36210","0","","5","01","N","N","0","","0","0","0","0","0","","1103","0","1","0","0","0","0","0","1","0","1","N","","","","","","","","","","","","03","  ","","",""
"1548","2","0","0","0","0","0","0","0","0","4","0","","36","04","2016","2016041402","6","40.0845","-76.3529","1541","08","0","0","0","0","0","1","0","0","","0","0","0","15","1","0","00","0","40 05:04.160","","00","76 21:10.386","0","0","0","0","36214","0","0","0","N","0","0","0","3","36214","0","","1","01","N","N","0","","0","0","0","0","0","","1535","0","2","0","0","0","0","0","3","0","2","N","","","","","","","","","","","","03","  ","","",""
"1548","0","0","0","1","0","0","0","0","0","4","0","","36","04","2016","2016041457","2","40.1437","-76.3817","1542","08","0","0","0","0","0","0","0","0","","0","0","0","15","1","1","01","0","40 08:37.371","","00","76 22:53.969","4","0","0","0","36227","1","0","0","N","0","0","0","2","36506","1","","1","01","N","N","0","","0","0","1","0","0","","1542","1","2","0","0","0","0","0","1","0","1","N","","","","","","","","","","","","03","  ","","",""
"1950","1","0","0","0","0","0","0","0","0","1","0","","36","04","2016","2016041533","1","40.0091","-76.3877","1944","08","0","0","0","2","0","0","0","0","1","0","0","0","19","3","2","02","2","40 00:32.859","4","00","76 23:15.861","4","0","0","0","36223","0","0","0","","0","0","0","4","36223","2","","1","01","N","N","0","","0","0","1","0","0","N","1942","2","2","0","0","2","0","0","1","0","2","N","","","","","","","","","","","","03","  ","","",""
"1352","1","0","0","0","0","0","0","0","0","3","0","","36","04","2016","2016041534","6","40.0224","-76.3616","1347","08","0","0","0","1","0","1","0","1","2","0","0","0","13","1","0","01","2","40 01:20.679","6","00","76 21:41.606","0","0","0","0","36223","0","0","0","","0","0","0","3","36223","0","","1","01","N","N","0","","0","0","2","3","2","Y","1345","0","3","0","0","0","0","0","1","0","3","N","","","","","","","","","","","","03","  ","","",""
"1421","2","0","0","0","0","0","0","0","0","4","0","","36","04","2016","2016041575","5","40.0599","-76.2777","1409","08","0","0","1","0","0","0","0","0","2","0","0","0","14","1","0","01","1","40 03:35.856","3","00","76 16:40.025","0","0","0","0","36101","0","0","0","N","0","0","0","2","36101","0","","1","01","N","N","0","","0","0","0","3","2","N","1406","0","2","0","0","0","0","0","3","0","2","N","","","","","","","","","","","","03","  ","","",""
"0644","1","0","0","0","0","0","0","0","0","1","0","","36","04","2016","2016041637","7","40.0394","-76.2932","0616","08","0","0","0","0","0","0","0","0","1","0","0","0","06","1","0","00","1","40 02:21.999","3","00","76 17:35.455","0","0","0","0","36301","0","0","0","N","0","0","0","1","36301","0","","6","09","N","N","0","","0","0","1","0","0","N","0616","0","3","0","0","0","0","0","3","1","3","N","","","","","","","","","","","","07","  ","","",""
"0750","0","0","0","0","0","0","0","0","0","1","0","","36","04","2016","2016041650","3","40.0959","-76.1082","0748","08","0","0","0","0","0","0","1","0","","0","0","0","07","1","0","00","0","40 05:45.346","","07","76 06:29.671","0","0","0","0","36415","0","0","0","","0","0","0","2","36415","0","","1","01","N","N","0","","0","0","2","0","0","","0748","0","2","0","0","0","0","0","1","0","2","N","","","","","","","","","","","","03","  ","","",""
"1519","2","0","0","0","0","0","0","0","0","4","0","","36","04","2016","2016041663","4","40.1642","-76.1543","1516","08","0","1","0","0","0","0","0","0","","0","0","0","15","1","0","02","0","40 09:51.097","","07","76 09:15.344","0","0","0","0","36218","0","0","0","N","0","0","0","3","36408","0","","1","01","N","N","0","","0","0","0","3","2","","1515","0","2","0","0","1","0","0","1","0","2","N","","","","","","","","","","","","03","  ","","",""
"0825","0","0","0","0","0","0","0","0","0","1","0","","36","04","2016","2016041670","3","40.068","-76.2935","0825","08","0","0","0","0","0","0","0","0","","0","0","0","08","1","0","00","0","40 04:04.734","","00","76 17:36.435","0","0","0","0","36101","0","0","0","N","0","0","0","2","36101","0","","1","01","N","N","0","","0","0","2","0","0","","0820","0","2","0","0","0","0","0","3","0","2","N","","","","","","","","","","","","03","  ","","",""
"1501","2","0","0","0","0","0","0","0","0","1","0","","36","04","2016","2016041671","6","40.2429","-76.1758","1501","08","0","0","0","0","0","1","0","0","2","0","0","0","15","1","2","00","2","40 14:34.407","1","07","76 10:32.849","8","0","0","0","36236","0","0","0","N","0","0","0","2","36408","0","","1","01","N","N","0","","0","0","0","0","0","N","1500","2","2","0","0","1","2","0","1","0","2","N","","","","","","","","","","","","03","  ","","",""
"1549","1","0","0","0","0","0","0","0","0","1","1","","36","04","2016","2016041673","3","40.1084","-76.3055","1539","08","0","0","0","0","0","0","1","0","2","0","1","0","15","1","0","00","1","40 06:30.359","2","00","76 18:19.799","0","0","0","0","36101","0","0","0","N","0","0","0","3","36101","0","","1","01","N","N","0","","0","0","0","0","0","N","1537","0","2","0","0","0","0","0","3","0","2","N","","","","","","","","","","","","03","  ","","",""
"1837","0","0","0","0","0","0","0","0","0","1","0","","36","03","2016","2016041677","4","40.1091","-76.4963","1831","08","0","0","0","0","0","0","1","0","2","0","0","0","18","1","0","00","1","40 06:32.934","3","00","76 29:46.703","0","0","0","0","36413","0","0","0","N","0","0","0","4","36413","0","","1","01","N","N","0","","0","0","2","0","0","Y","1831","0","2","0","0","1","0","0","2","0","2","N","","","","","","","","","","","","03","  ","","",""
"1810","1","0","0","0","0","0","0","0","0","7","0","","36","04","2016","2016041679","7","40.1052","-76.2498","1803","08","0","0","0","0","0","0","0","0","","0","0","0","18","1","1","00","0","40 06:18.779","","03","76 14:59.231","3","0","0","0","36101","0","0","0","N","0","0","0","1","36101","0","","5","01","N","N","0","","1","0","0","0","0","","1802","1","1","0","0","0","0","0","3","0","1","N","","","","","","","","","","","","03","  ","","",""
"2132","1","0","0","0","0","0","0","0","0","7","0","","36","04","2016","2016041683","7","40.0875","-76.261","2127","08","0","0","0","0","0","1","0","0","2","0","0","0","21","2","1","00","2","40 05:14.996","5","07","76 15:39.661","4","0","0","0","36101","0","0","0","N","0","0","0","1","36101","1","","5","01","N","N","0","","0","0","0","0","0","Y","2126","1","1","0","0","0","0","0","3","0","1","N","","","","","","","","","","","","03","  ","","",""
"0931","0","0","0","0","0","0","0","0","0","0","0","","36","04","2016","2016041685","7","39.993","-76.2753","0928","08","0","0","0","0","0","1","0","0","2","0","0","0","09","1","1","01","1","39 59:34.623","1","00","76 16:30.907","8","0","0","1","36240","0","0","0","N","0","0","0","1","36240","0","","1","01","N","N","0","","0","0","0","3","3","Y","0925","1","2","0","0","0","1","0","1","0","1","N","","","","","","","","","","","","03","  ","","",""
"0854","1","0","0","0","0","0","0","0","0","4","0","","36","04","2016","2016041688","6","40.0792","-76.3465","0847","08","0","0","0","0","0","0","0","0","2","0","0","0","08","1","1","02","2","40 04:44.998","1","02","76 20:47.326","8","0","0","0","36101","0","0","0","N","0","0","0","3","36101","0","","1","01","N","N","1","","0","0","0","3","3","Y","0845","1","2","0","0","0","1","0","3","0","2","N","","","","","","","","","","","","03","  ","","",""
"1430","1","0","0","0","0","0","0","0","0","4","0","","36","04","2016","2016041692","6","40.0301","-76.3223","1416","08","0","0","0","0","0","0","1","0","2","0","0","0","14","1","1","01","1","40 01:48.523","2","00","76 19:20.173","3","0","0","0","36301","0","0","0","N","0","0","0","4","36301","0","","1","01","N","N","0","","1","0","1","3","2","N","1414","1","2","0","0","0","0","0","3","0","2","N","","","","","","","","","","","","03","  ","","",""
"1710","1","0","0","0","0","0","0","0","0","1","0","","36","03","2016","2016041712","5","40.1113","-76.51","1700","08","0","0","0","0","0","1","0","0","2","0","0","0","17","1","1","00","1","40 06:40.735","3","00","76 30:36.120","4","0","0","0","36413","0","0","0","N","0","0","0","2","36413","1","","1","01","N","N","1","","0","0","0","0","0","Y","1700","1","2","0","0","0","0","0","2","0","2","N","","","","","","","","","","","","03","  ","","",""
"1259","1","0","0","0","0","0","0","0","0","4","0","","36","04","2016","2016041716","6","40.0695","-76.3311","1247","08","0","0","0","0","0","0","0","0","","0","0","0","12","1","0","01","0","40 04:10.252","","00","76 19:52.061","0","0","0","0","36101","0","0","0","N","0","0","0","2","36101","0","","1","01","N","N","0","","0","0","1","3","2","","1245","0","2","0","0","0","0","0","3","0","2","N","","","","","","","","","","","","03","  ","","",""
"1300","1","0","0","0","0","0","0","0","0","1","0","","36","04","2016","2016041717","7","40.0602","-76.3352","1256","08","0","1","0","0","0","0","0","0","","0","0","0","12","1","3","00","0","40 03:36.544","","00","76 20:06.872","4","0","0","0","36101","0","0","0","N","0","0","0","5","36101","2","","1","01","N","N","0","","0","0","1","3","2","","1254","3","3","0","0","0","1","0","3","1","3","N","","","","","","","","","","","","03","  ","","",""
"1145","2","0","0","0","0","0","0","0","0","4","0","","36","04","2016","2016041743","7","40.1737","-76.3384","1142","08","0","0","0","0","0","0","1","0","","0","0","0","11","1","1","01","0","40 10:25.198","","00","76 20:18.137","8","0","0","0","36227","0","0","0","N","0","0","0","3","36506","0","","1","01","N","N","0","","0","0","0","3","3","","1142","1","2","0","0","0","1","0","1","0","2","N","","","","","","","","","","","","03","  ","","",""
"1328","1","0","0","0","0","0","0","0","0","4","0","","36","04","2016","2016041744","7","40.1885","-76.3253","1323","08","0","1","0","0","0","0","0","0","1","0","0","0","13","1","3","01","1","40 11:18.768","4","00","76 19:30.989","8","0","0","0","36217","0","0","0","N","0","0","0","3","36506","0","","1","01","N","N","0","","0","0","1","3","3","N","1319","3","2","0","0","1","3","0","1","0","2","N","","","","","","","","","","","","03","  ","","",""
"1344","1","0","0","0","0","0","0","0","0","7","0","","36","04","2016","2016041781","2","40.1643","-76.3944","1344","08","0","0","0","0","0","0","0","0","1","0","0","0","13","1","0","00","1","40 09:51.331","3","00","76 23:39.693","0","0","0","0","36410","0","0","0","N","0","0","0","1","36410","0","","5","01","N","N","0","","0","0","0","0","0","Y","1342","0","1","0","0","1","0","0","2","0","1","N","","","","","","","","","","","","03","  ","","",""
"1720","1","0","0","0","0","0","0","0","0","1","0","","36","04","2016","2016041794","5","40.0788","-76.2999","1720","08","0","0","0","0","0","2","0","0","1","0","0","0","17","1","0","00","1","40 04:43.562","3","00","76 17:59.683","0","0","0","0","36101","0","0","0","N","0","0","0","4","36101","0","","1","01","N","N","0","","0","0","3","0","0","N","1715","0","4","0","0","0","0","0","3","0","4","N","","","","","","","","","","","","03","  ","","",""
"1109","0","0","0","0","0","0","0","0","0","7","0","","36","04","2016","2016041799","5","40.1176","-76.1774","1101","08","0","0","0","0","0","1","0","0","2","0","0","0","10","1","0","00","1","40 07:03.324","5","00","76 10:38.488","0","0","0","0","36238","0","0","0","N","0","0","0","1","36238","0","","5","01","N","N","1","","0","0","0","0","0","N","1057","0","1","0","0","0","0","0","3","0","1","N","","","","","","","","","","","","03","  ","","",""
"2115","1","0","0","0","0","0","0","0","0","7","0","","36","04","2016","2016041807","7","40.0926","-76.143","2105","08","0","0","0","0","0","0","0","0","1","0","0","0","21","2","1","00","1","40 05:33.368","6","00","76 08:34.835","8","0","0","0","36238","0","0","0","N","0","0","0","1","36238","0","","5","01","N","N","0","","0","0","0","0","0","N","2104","1","1","0","0","0","1","0","3","0","1","N","","","","","","","","","","","","03","  ","","",""
"1302","1","0","0","0","0","0","0","0","0","1","0","45","36","04","2016","2016041823","6","40.0554","-76.5256","1259","08","0","0","0","1","0","1","0","0","2","0","0","0","12","1","2","00","2","40 03:19.559","5","00","76 31:32.227","4","0","0","0","36211","0","0","0","Y","0","0","0","7","36504","2","","1","01","N","N","1","","0","0","3","0","0","Y","1258","2","5","0","0","0","0","0","1","0","5","Y","4","1","Y","","","N","","","","Y","","03","  ","","",""
"1026","1","0","0","0","0","0","0","0","0","4","0","","36","04","2016","2016041863","1","40.1985","-76.1412","1024","08","1","0","0","0","0","0","0","0","2","0","0","0","10","1","0","02","2","40 11:54.524","7","00","76 08:28.417","0","0","0","0","36210","0","0","0","N","0","0","0","3","36210","0","","1","01","N","N","1","","0","0","0","3","3","Y","1021","0","2","0","0","0","0","0","1","0","2","N","","","","","","","","","","","","03","  ","","",""
"0700","1","0","0","0","0","0","0","0","0","7","0","","36","04","2016","2016041893","7","40.0566","-76.215","0655","08","0","0","0","0","0","0","0","0","2","0","0","0","06","5","1","01","1","40 03:23.868","4","00","76 12:53.887","8","0","0","0","36215","0","0","0","N","0","0","0","1","36215","0","","4","09","N","N","0","","0","0","0","3","2","N","0655","1","1","0","0","0","1","0","1","0","1","N","","","","","","","","","","","","07","  ","","",""
"0819","2","0","0","0","0","0","0","0","0","1","0","","36","04","2016","2016041899","3","40.068","-76.2936","0812","08","0","0","0","0","0","1","0","0","","0","0","0","08","1","2","00","0","40 04:04.723","","00","76 17:37.121","8","0","0","0","36101","0","0","0","N","0","0","0","3","36101","0","","1","01","N","N","0","","0","0","0","0","0","","0807","2","2","0","0","0","2","0","3","0","2","N","","","","","","","","","","","","03","  ","","",""
"1255","1","0","0","0","0","0","0","0","0","1","0","","36","04","2016","2016041907","6","40.0447","-76.3917","1248","08","0","0","1","0","0","0","0","0","","0","0","0","12","1","0","00","0","40 02:41.050","","00","76 23:30.020","0","0","0","0","36214","0","0","0","","0","0","0","2","36214","0","","1","01","N","N","0","","0","0","1","0","0","","1246","0","2","0","0","0","0","0","3","0","2","N","","","","","","","","","","","","03","  ","","",""
"1327","1","0","0","0","0","0","0","0","0","7","0","","36","03","2016","2016041931","5","40.1135","-76.5084","1326","08","0","0","0","0","0","0","0","0","","0","0","0","13","1","2","00","0","40 06:48.657","","03","76 30:30.283","2","0","0","0","36413","0","0","0","N","0","0","0","2","36413","1","","2","01","N","N","0","","0","1","0","0","0","","1325","2","1","0","0","0","0","0","2","0","1","N","","","","","","","","","","","","03","  ","","",""
"1552","0","0","0","0","0","0","0","0","0","7","0","","36","04","2016","2016042004","5","39.9613","-76.2342","1548","08","0","1","0","0","0","0","0","0","2","0","0","0","15","1","1","00","2","39 57:40.728","6","00","76 14:03.217","8","0","0","0","36240","0","0","0","N","0","0","0","2","36240","0","","4","01","N","N","0","","0","0","1","0","0","Y","1548","1","2","0","0","1","1","0","1","0","1","N","","","","","","","","","","","","03","  ","","",""
"0026","4","0","0","0","0","0","0","0","0","4","0","","36","04","2016","2016042008","3","40.0404","-76.3132","0022","08","0","0","1","0","0","1","0","0","","0","0","0","00","3","0","01","0","40 02:25.544","","00","76 18:47.358","0","0","0","0","36301","0","0","0","N","0","0","0","2","36301","0","","1","01","N","N","0","","0","0","0","3","2","","0021","0","4","0","0","0","0","0","3","0","4","N","","","","","","","","","","","","03","  ","","",""
"2033","1","0","0","0","0","0","0","0","0","4","0","","36","04","2016","2016042012","7","39.9812","-76.282","2031","08","0","0","0","0","0","1","0","0","","0","0","0","20","3","0","01","0","39 58:52.487","","00","76 16:55.306","0","0","0","0","36240","0","0","0","N","0","0","0","4","36240","0","","1","01","N","N","1","","0","0","0","3","3","","2030","0","2","0","0","0","0","0","1","0","2","N","","","","","","","","","","","","03","  ","","",""
"2123","1","0","0","0","0","0","0","0","0","4","0","","36","04","2016","2016042013","1","40.0592","-76.069","2118","08","0","1","0","0","0","0","0","0","1","0","0","0","21","2","0","01","1","40 03:33.201","1","00","76 04:08.417","0","0","0","0","36209","0","0","0","N","0","0","0","3","36415","0","","1","01","N","N","0","","0","0","1","3","3","Y","2118","0","2","0","0","0","0","0","1","0","2","N","","","","","","","","","","","","03","  ","","",""