"ARRIVAL_TM","AUTOMOBILE_COUNT","BELTED_DEATH_COUNT","BELTED_SUSP_SERIOUS_INJ_COUNT","BICYCLE_COUNT","BICYCLE_DEATH_COUNT","BICYCLE_SUSP_SERIOUS_INJ_COUNT","BUS_COUNT","CHLDPAS_DEATH_COUNT","CHLDPAS_SUSP_SERIOUS_INJ_COUNT","COLLISION_TYPE","COMM_VEH_COUNT","CONS_ZONE_SPD_LIM","COUNTY","CRASH_MONTH","CRASH_YEAR","CRN","DAY_OF_WEEK","DEC_LAT","DEC_LONG","DISPATCH_TM","DISTRICT","DRIVER_COUNT_16YR","DRIVER_COUNT_17YR","DRIVER_COUNT_18YR","DRIVER_COUNT_19YR","DRIVER_COUNT_20YR","DRIVER_COUNT_50_64YR","DRIVER_COUNT_65_74YR","DRIVER_COUNT_75PLUS","EST_HRS_CLOSED","FATAL_COUNT","HEAVY_TRUCK_COUNT","HORSE_BUGGY_COUNT","HOUR_OF_DAY","ILLUMINATION","INJURY_COUNT","INTERSECT_TYPE","LANE_CLOSED","LATITUDE","LN_CLOSE_DIR","LOCATION_TYPE","LONGITUDE","MAX_SEVERITY_LEVEL","MCYCLE_DEATH_COUNT","MCYCLE_SUSP_SERIOUS_INJ_COUNT","MOTORCYCLE_COUNT","MUNICIPALITY","NONMOTR_COUNT","NONMOTR_DEATH_COUNT","NONMOTR_SUSP_SERIOUS_INJ_COUNT","NTFY_HIWY_MAINT","PED_COUNT","PED_DEATH_COUNT","PED_SUSP_SERIOUS_INJ_COUNT","PERSON_COUNT","POLICE_AGCY","POSSIBLE_INJ_COUNT","RDWY_SURF_TYPE_CD","RELATION_TO_ROAD","ROAD_CONDITION","SCH_BUS_IND","SCH_ZONE_IND","SMALL_TRUCK_COUNT","SPEC_JURIS_CD","SUSP_MINOR_INJ_COUNT","SUSP_SERIOUS_INJ_COUNT","SUV_COUNT","TCD_FUNC_CD","TCD_TYPE","TFC_DETOUR_IND","TIME_OF_DAY","TOT_INJ_COUNT","TOTAL_UNITS","UNB_DEATH_COUNT","UNB_SUSP_SERIOUS_INJ_COUNT","UNBELTED_OCC_COUNT","UNK_INJ_DEG_COUNT","UNK_INJ_PER_COUNT","URBAN_RURAL","VAN_COUNT","VEHICLE_COUNT","WORK_ZONE_IND","WORK_ZONE_LOC","WORK_ZONE_TYPE","WORKERS_PRES","WZ_CLOSE_DETOUR","WZ_FLAGGER","WZ_LAW_OFFCR_IND","WZ_LN_CLOSURE","WZ_MOVING","WZ_OTHER","WZ_SHLDER_MDN","ROADWAY_CLEARED","WEATHER1","WEATHER2","WZ_WORKERS_INJ_KILLED","SECONDARY_CRASH","INTERSECTION_RELATED"
"2220","1","0","0","0","0","0","0","0","0","8","0","","36","04","2016","2016042031","1","40.0384","-76.3386","2220","08","0","0","0","0","0","1","0","0","1","0","0","0","22","3","1","00","2","40 02:18.110","6","00","76 20:19.030","2","0","0","0","36220","1","0","1","N","1","0","1","2","36101","0","","1","01","N","N","0","","0","1","0","0","0","Y","2218","1","2","0","0","0","0","0","3","0","1","N","","","","","","","","","","","","03","  ","","",""
"0123","1","0","0","0","0","0","0","0","0","4","0","","36","04","2016","2016042048","7","40.0319","-76.24","0120","08","0","0","0","0","1","1","0","0","2","0","0","0","01","2","1","02","2","40 01:54.923","4","02","76 14:23.928","8","0","0","0","36215","0","0","0","N","0","0","0","2","36215","0","","1","01","N","N","0","","0","0","1","3","2","Y","0120","1","2","0","0","0","1","0","1","0","2","N","","","","","","","","","","","","03","  ","","",""
"0757","1","0","0","0","0","0","0","0","0","1","0","","36","04","2016","2016042067","6","39.8574","-76.2747","0732","08","0","0","0","0","0","0","0","0","","0","0","0","07","1","0","02","0","39 51:26.522","","00","76 16:28.938","0","0","0","0","36224","0","0","0","","0","0","0","2","68J01","0","","1","01","N","N","1","","0","0","0","0","0","","0725","0","2","0","0","0","0","0","1","0","2","N","","","","","","","","","","","","03","  ","","",""
"1918","0","0","0","0","0","0","0","0","0","1","0","","36","04","2016","2016042087","7","39.7812","-76.0962","1905","08","0","0","0","0","0","1","0","0","","0","0","1","19","1","1","00","0","39 46:52.161","","00","76 05:46.301","2","0","1","1","36222","1","0","0","","0","0","0","2","68J01","0","","1","01","N","N","0","","0","1","0","0","0","","1905","1","2","0","0","0","0","0","1","0","1","N","","","","","","","","","","","","03","  ","","",""
"1042","2","0","0","0","0","0","0","0","0","1","0","","36","04","2016","2016042224","7","40.0747","-76.0739","1034","08","0","1","0","0","0","0","0","0","1","0","0","0","10","1","1","01","1","40 04:28.922","5","00","76 04:25.954","4","0","0","0","36209","0","0","0","N","0","0","0","3","36415","1","","1","01","N","N","0","","0","0","0","0","0","N","1030","1","2","0","0","0","0","0","1","0","2","N","","","","","","","","","","","","03","  ","","",""
"1539","0","0","0","0","0","0","0","0","0","7","0","","36","04","2016","2016042249","2","40.0698","-76.3168","1529","08","0","0","0","0","0","0","1","0","1","0","0","0","15","1","0","01","1","40 04:11.336","1","00","76 19:00.464","0","0","0","0","36101","0","0","0","Y","0","0","0","1","36101","0","","3","01","N","N","0","","0","0","0","3","2","N","1526","0","1","0","0","0","0","0","3","1","1","N","","","","","","","","","","","","03","  ","","",""
"1212","1","0","0","0","0","0","0","0","0","1","0","","36","04","2016","2016042354","7","40.1492","-75.9085","1144","08","0","0","0","0","0","1","1","0","","0","0","0","11","1","0","00","0","40 08:57.165","","07","75 54:30.541","0","0","0","0","36203","0","0","0","","0","0","0","2","68J01","0","","1","01","N","N","0","","0","0","0","0","0","","1143","0","2","0","0","0","0","0","1","1","2","N","","","","","","","","","","","","03","  ","","",""
"1455","0","0","0","0","0","0","0","0","0","7","0","","36","04","2016","2016042364","3","39.8661","-76.1079","1433","08","0","0","0","0","0","1","0","0","2","0","0","0","14","1","1","00","1","39 51:58.138","2","00","76 06:28.395","8","0","0","0","36205","0","0","0","","0","0","0","1","68J01","0","","4","01","N","N","0","","0","0","1","0","0","N","1430","1","1","0","0","0","1","0","1","0","1","N","","","","","","","","","","","","03","  ","","",""
"1919","1","0","0","0","0","0","0","0","0","7","0","","36","04","2016","2016042367","4","39.9828","-76.1607","1911","08","0","0","0","1","0","0","0","0","2","0","0","0","19","1","0","00","1","39 58:58.255","4","00","76 09:38.385","0","0","0","0","36233","0","0","0","","0","0","0","1","68J01","0","","4","01","N","N","0","","0","0","0","0","0","N","1911","0","1","0","0","0","0","0","1","0","1","N","","","","","","","","","","","","03","  ","","",""
"2031","2","0","0","0","0","0","0","0","0","4","0","","36","04","2016","2016042413","2","40.1628","-76.3915","2030","08","0","0","0","0","0","0","1","0","","0","0","0","20","3","0","01","0","40 09:46.173","","00","76 23:29.248","0","0","0","0","36410","0","0","0","N","0","0","0","3","36410","0","","1","01","N","N","0","","0","0","0","3","3","","2028","0","2","0","0","3","0","0","2","0","2","N","","","","","","","","","","","","03","  ","","",""
"2055","1","0","0","0","0","0","0","0","0","7","0","","36","04","2016","2016042429","1","40.0577","-76.2728","2048","08","0","0","0","0","0","0","0","0","","0","0","0","20","1","0","00","0","40 03:27.746","","03","76 16:21.994","0","0","0","0","36215","0","0","0","N","0","0","0","1","36215","0","","2","01","N","N","0","","0","0","0","0","0","","2044","0","1","0","0","0","0","0","1","0","1","N","","","","","","","","","","","","03","  ","","",""
"1901","0","0","0","0","0","0","0","0","0","4","0","","36","03","2016","2016042430","3","40.051","-76.3081","1900","08","0","0","0","1","1","0","0","0","1","0","0","0","18","1","1","01","1","40 03:03.570","1","00","76 18:29.319","3","0","0","1","36301","0","0","0","N","0","0","0","2","36301","0","","1","01","N","N","0","","1","0","1","3","3","N","1858","1","2","0","0","0","0","0","3","0","2","N","","","","","","","","","","","","03","  ","","",""
"2111","0","0","0","0","0","0","0","0","0","7","1","","36","04","2016","2016042437","2","40.098","-76.4081","2111","08","0","0","0","0","0","0","0","0","4","0","1","0","21","2","1","00","1","40 05:52.751","3","00","76 24:29.330","4","0","0","0","36214","0","0","0","N","0","0","0","1","36214","1","","4","01","N","N","0","","0","0","0","0","0","N","2111","1","1","0","0","0","0","0","3","0","1","N","","","","","","","","","","","","03","  ","","",""
"1615","1","0","0","0","0","0","0","0","0","4","0","","36","04","2016","2016042451","5","40.0805","-76.3833","1610","08","0","0","0","0","0","1","0","1","","0","0","0","16","1","0","01","0","40 04:49.623","","00","76 22:59.948","0","0","0","0","36214","0","0","0","N","0","0","0","2","36214","0","","1","01","N","N","0","","0","0","1","3","2","","1610","0","2","0","0","0","0","0","3","0","2","N","","","","","","","","","","","","03","  ","","",""
"1819","1","0","0","0","0","0","0","0","0","4","0","","36","04","2016","2016042455","2","40.0424","-76.2938","1817","08","0","0","0","1","0","0","0","0","2","0","0","0","18","1","4","01","1","40 02:32.690","3","00","76 17:37.622","3","0","0","0","36301","0","0","0","N","0","0","0","4","36301","3","","1","01","N","N","0","","1","0","1","1","3","Y","1804","4","2","0","0","0","0","0","3","0","2","N","","","","","","","","","","","","03","  ","","",""
"0046","0","0","0","0","0","0","0","0","0","7","0","","36","04","2016","2016042459","5","40.1899","-76.5802","0036","08","0","0","0","0","0","0","0","0","","0","0","0","00","2","1","00","0","40 11:23.717","","00","76 34:48.617","8","0","0","0","36225","0","0","0","N","0","0","0","1","36505","0","","4","01","N","N","0","","0","0","1","0","0","","0030","1","1","0","0","0","1","0","2","0","1","N","","","","","","","","","","","","03","  ","","",""
"0731","1","0","0","0","0","0","0","0","0","4","0","","36","04","2016","2016042469","5","40.1784","-76.352","0724","08","0","0","1","0","0","0","0","0","1","0","0","0","07","1","0","02","2","40 10:42.385","6","00","76 21:07.378","0","0","0","0","36227","0","0","0","N","0","0","0","2","36506","0","","1","01","N","N","0","","0","0","1","3","3","N","0721","0","2","0","0","0","0","0","1","0","2","N","","","","","","","","","","","","03","  ","","",""
"2115","1","0","0","0","0","0","0","0","0","7","0","","36","04","2016","2016042470","2","40.1352","-76.3819","2108","08","0","0","0","0","0","0","0","0","","0","0","0","21","2","1","00","0","40 08:06.797","","00","76 22:54.811","8","0","0","0","36227","0","0","0","N","0","0","0","1","36506","0","","2","01","N","N","0","","0","0","0","0","0","","2105","1","1","0","0","0","1","0","1","0","1","N","","","","","","","","","","","","03","  ","","",""
"1206","0","0","0","0","0","0","0","0","0","0","0","","36","04","2016","2016042571","5","40.1427","-76.4223","1201","08","0","0","0","0","0","1","0","0","3","0","0","0","99","1","0","00","2","40 08:33.663","6","00","76 25:20.234","0","0","0","0","36230","0","0","0","N","0","0","0","1","36410","0","","1","01","N","N","1","","0","0","0","0","0","Y","9999","0","1","0","0","0","0","0","1","0","1","N","","","","","","","","","","","","03","  ","","",""
"0710","1","1","0","0","0","0","0","0","0","7","0","","36","04","2016","2016042579","2","40.219","-76.4322","0703","08","0","0","0","0","0","0","1","0","3","1","0","0","07","1","0","00","2","40 13:08.547","5","00","76 25:56.074","1","0","0","0","36230","0","0","0","N","0","0","0","1","36410","0","2","4","01","N","N","0","0","0","0","1","0","0","Y","0700","0","2","0","0","0","0","0","1","0","2","N","","","","","","","","","","","","03","  ","","",""
"1616","0","0","0","0","0","0","0","0","0","4","0","","36","04","2016","2016042588","2","40.2203","-76.4404","1606","08","0","0","0","0","0","1","1","0","2","0","0","0","99","1","1","01","1","40 13:12.958","2","00","76 26:25.539","3","0","0","0","36230","0","0","0","N","0","0","0","3","36410","0","","1","01","N","N","0","","1","0","1","3","3","Y","9999","1","2","0","0","0","0","0","1","1","2","N","","","","","","","","","","","","03","  ","","",""
"1816","2","0","0","0","0","0","0","0","0","1","0","","36","04","2016","2016042664","5","40.1446","-76.6424","1810","08","0","0","0","0","0","1","0","1","1","0","0","0","18","1","0","00","2","40 08:40.574","1","07","76 38:32.598","0","0","0","0","36237","0","0","0","N","0","0","0","2","36505","0","","1","01","N","N","0","","0","0","0","0","0","N","1810","0","2","0","0","0","0","0","1","0","2","N","","","","","","","","","","","","03","  ","","",""
"1554","1","0","0","0","0","0","0","0","0","8","0","","36","04","2016","2016042688","3","","","1551","08","0","0","0","0","0","0","0","0","","0","0","0","15","1","1","00","0","","","00","","3","0","0","0","36414","1","0","0","N","1","0","0","1","36239","0","","1","01","N","N","0","","1","0","0","0","0","","1545","1","2","0","0","0","0","0","3","0","1","N","","","","","","","","","","","","03","  ","","",""
"1549","0","0","0","0","0","0","0","0","0","7","1","","36","02","2016","2016042713","4","39.7889","-76.1236","1459","08","0","0","0","0","0","1","0","0","","0","1","0","14","1","0","00","0","39 47:19.900","","03","76 07:25.072","0","0","0","0","36222","0","0","0","","0","0","0","1","68J01","0","","2","01","N","N","0","","0","0","0","0","0","","1458","0","1","0","0","0","0","0","1","0","1","N","","","","","","","","","","","","03","  ","","",""
"1813","1","0","0","0","0","0","0","0","0","7","0","","36","04","2016","2016042797","3","40.0416","-76.2463","1757","08","0","0","0","0","0","0","0","0","","0","0","0","17","1","0","06","0","40 02:37.626","","02","76 14:50.714","0","0","0","0","36215","0","0","0","N","0","0","0","1","36215","0","","3","09","N","N","0","","0","0","0","0","0","","1754","0","1","0","0","0","0","0","1","0","1","N","","","","","","","","","","","","07","  ","","",""
"0730","0","0","0","0","0","0","0","0","0","7","0","","36","04","2016","2016042776","1","39.971","-76.1378","0706","08","0","0","0","1","0","0","0","0","","0","0","0","07","1","0","00","0","39 58:15.500","","00","76 08:15.921","0","0","0","0","36226","0","0","0","","0","0","0","1","68J01","0","","4","01","N","N","0","","0","0","1","0","0","","0700","0","1","0","0","0","0","0","1","0","1","N","","","","","","","","","","","","03","  ","","",""
"1136","2","0","0","0","0","0","0","0","0","4","0","","36","04","2016","2016042791","5","40.0771","-76.5522","1132","08","0","0","0","0","0","0","0","1","2","0","0","0","11","1","1","00","2","40 04:37.659","5","00","76 33:07.998","4","0","0","0","36211","0","0","0","N","0","0","0","3","36504","1","","1","01","N","N","0","","0","0","0","0","0","Y","1130","1","2","0","0","0","0","0","1","0","2","N","","","","","","","","","","","","03","  ","","",""
"0445","0","0","0","0","0","0","0","0","0","7","0","","36","04","2016","2016042823","2","40.0589","-76.2129","0445","08","0","0","1","0","0","0","0","0","3","0","0","0","04","2","0","00","1","40 03:32.136","2","00","76 12:46.479","0","0","0","0","36215","0","0","0","N","0","0","0","1","36215","0","","5","01","N","N","0","","0","0","1","0","0","N","0442","0","1","0","0","0","0","0","1","0","1","N","","","","","","","","","","","","03","  ","","",""
"1745","0","0","0","0","0","0","0","0","0","5","0","","36","04","2016","2016042843","3","40.1028","-76.0237","1740","08","0","0","0","0","0","0","3","0","4","1","0","0","17","1","1","00","2","40 06:09.918","5","00","76 01:25.443","1","0","0","0","36213","0","0","0","N","0","0","0","4","36213","0","2","1","08","N","N","3","0","1","0","0","0","0","Y","1739","1","3","1","0","1","0","0","1","0","3","N","","","","","","","","","","","","07","  ","","",""
"0226","1","0","0","0","0","0","0","0","0","5","0","","36","04","2016","2016042852","4","40.1708","-76.1699","0225","08","0","0","0","0","0","0","0","0","2","0","0","0","02","3","0","00","2","40 10:14.891","4","00","76 10:11.628","0","0","0","0","36408","0","0","0","N","0","0","0","1","36408","0","","6","01","N","N","0","","0","0","1","0","0","N","0220","0","2","0","0","0","0","0","2","0","2","N","","","","","","","","","","","","03","  ","","",""
"0016","0","0","0","0","0","0","0","0","0","7","0","","36","04","2016","2016042855","3","40.1582","-76.6085","0014","08","0","0","0","0","0","0","0","0","2","0","0","0","00","3","0","03","2","40 09:29.427","1","00","76 36:30.655","0","0","0","0","36407","0","0","0","N","0","0","0","1","36407","0","","2","01","N","N","0","","0","0","1","0","0","N","0009","0","1","0","0","0","0","0","2","0","1","N","","","","","","","","","","","","03","  ","","",""
"1344","0","0","0","0","0","0","0","0","0","7","0","","36","04","2016","2016042864","2","40.1711","-76.3882","1344","08","0","0","0","0","0","0","0","1","","0","0","0","13","1","0","02","0","40 10:15.967","","00","76 23:17.545","0","0","0","0","36227","0","0","0","N","0","0","0","1","36506","0","","5","01","N","N","1","","0","0","0","0","0","","1344","0","1","0","0","0","0","0","1","0","1","N","","","","","","","","","","","","03","  ","","",""
"0637","1","0","0","0","0","0","0","0","0","4","0","","36","04","2016","2016042927","4","40.1942","-76.1522","0633","08","0","0","0","0","0","0","0","0","2","0","0","0","06","1","0","02","2","40 11:38.961","2","00","76 09:07.876","0","0","0","0","36218","0","0","0","N","0","0","0","2","36408","0","","1","01","N","N","0","","0","0","0","3","3","N","0631","0","2","0","0","0","0","0","1","1","2","N","","","","","","","","","","","","03","  ","","",""
"1012","0","0","0","0","0","0","0","0","0","1","0","90","36","04","2016","2016042958","4","40.0113","-76.2994","1003","08","0","0","0","0","0","0","1","0","2","0","0","0","10","1","0","00","1","40 00:40.501","2","00","76 17:57.676","0","0","0","0","36240","0","0","0","N","0","0","0","2","36240","0","","1","01","N","N","1","","0","0","1","3","7","N","1001","0","2","0","0","0","0","0","1","0","2","Y","3","8","Y","","Y","N","Y","Y","","Y","","03","  ","","",""
"1403","1","0","0","0","0","0","0","0","0","7","0","","36","04","2016","2016042962","3","40.0445","-76.489","1355","08","0","0","0","0","0","0","0","0","","0","0","0","13","1","0","00","0","40 02:40.146","","00","76 29:20.317","0","0","0","0","36404","0","0","0","N","0","0","0","1","36404","0","","4","01","N","N","0","","0","0","0","0","0","","1356","0","1","0","0","0","0","0","3","0","1","N","","","","","","","","","","","","03","  ","","",""
"0834","1","0","0","0","0","0","0","0","0","4","0","","36","04","2016","2016043007","6","40.0818","-76.3341","0823","08","0","0","0","0","0","0","0","0","","0","0","0","08","1","1","00","0","40 04:54.303","","00","76 20:02.883","3","0","0","0","36101","0","0","0","N","0","0","0","1","36101","0","","1","01","N","N","0","","1","0","0","0","0","","0820","1","3","0","0","0","0","0","3","0","3","N","","","","","","","","","","","","03","  ","","",""
"1425","0","0","0","0","0","0","0","0","0","7","0","","36","04","2016","2016043052","4","40.208","-76.4196","1410","08","0","0","0","0","0","1","0","0","2","0","0","0","14","1","0","02","1","40 12:28.925","1","00","76 25:10.554","0","0","0","0","36227","0","0","0","Y","0","0","0","1","36506","0","","4","01","N","N","0","","0","0","1","3","3","N","1410","0","1","0","0","0","0","0","1","0","1","N","","","","","","","","","","","","03","  ","","",""
"1359","0","0","0","0","0","0","0","0","0","4","1","","36","04","2016","2016043110","3","39.9893","-76.0198","1355","08","0","0","0","0","0","0","0","1","","0","1","0","13","1","0","00","0","39 59:21.360","","07","76 01:11.365","0","0","0","0","36232","0","0","0","","0","0","0","2","68J01","0","","1","01","N","N","0","","0","0","0","0","0","","1355","0","2","0","0","0","0","0","1","1","2","N","","","","","","","","","","","","03","  ","","",""
"0015","1","0","0","0","0","0","0","0","0","0","0","","36","04","2016","2016043118","4","40.2313","-76.3396","0001","08","0","0","0","0","0","0","0","0","","0","0","0","00","2","1","00","0","40 13:52.702","","00","76 20:20.090","3","0","0","0","36217","0","0","0","","0","0","0","1","68T06","0","","1","01","N","N","0","","1","0","0","0","0","","0000","1","1","0","0","0","0","0","1","0","1","N","","","","","","","","","","","","03","  ","","",""
"1745","2","0","0","0","0","0","0","0","0","1","0","","36","04","2016","2016043126","4","40.1865","-76.1885","1745","08","0","0","0","0","0","2","0","0","2","0","0","0","17","1","0","00","2","40 11:11.419","4","00","76 11:18.677","0","0","0","0","36408","0","0","0","N","0","0","0","4","36408","0","","1","01","N","N","0","","0","0","0","0","0","N","1740","0","3","0","0","0","0","0","2","1","3","N","","","","","","","","","","","","03","  ","","",""
"1445","1","0","0","0","0","0","0","0","0","1","0","","36","04","2016","2016043127","4","39.9524","-76.2639","1434","08","0","0","0","0","0","0","0","0","2","0","0","0","14","1","1","00","1","39 57:08.498","2","00","76 15:50.198","3","0","0","0","36228","0","0","0","N","0","0","0","4","36503","0","","1","01","N","N","2","","1","0","0","0","0","N","1434","1","3","0","0","1","0","0","1","0","3","N","","","","","","","","","","","","03","  ","","",""
"2052","1","0","0","0","0","0","0","0","0","1","0","","36","04","2016","2016043149","4","40.0633","-76.4318","2048","08","0","1","0","0","0","0","0","0","2","0","0","0","20","3","0","00","1","40 03:47.944","4","00","76 25:54.628","0","0","0","0","36239","0","0","0","N","0","0","0","6","36239","0","","1","01","Y","N","0","","0","0","1","0","0","N","2046","0","2","0","0","0","0","0","3","0","2","N","","","","","","","","","","","","03","  ","","",""
"1816","0","0","0","0","0","0","0","0","0","4","0","","36","04","2016","2016043155","3","39.9737","-76.3089","1809","08","0","0","0","0","0","1","0","0","1","0","0","0","18","1","1","02","1","39 58:25.324","5","00","76 18:32.076","3","0","0","0","36228","0","0","0","N","0","0","0","2","36503","0","","1","09","N","N","0","","1","0","2","3","3","N","1807","1","2","0","0","1","0","1","1","0","2","N","","","","","","","","","","","","03","  ","","",""
"0503","0","0","0","0","0","0","0","0","0","4","0","","36","04","2016","2016043157","2","40.0522","-76.3084","0459","08","0","0","0","0","0","1","0","0","2","0","0","0","04","3","1","01","1","40 03:07.752","1","00","76 18:30.128","8","0","0","0","36301","0","0","0","N","0","0","0","2","36301","0","","1","01","N","N","0","","0","0","2","3","2","Y","0459","1","2","0","0","1","1","0","3","0","2","N","","","","","","","","","","","","03","  ","","",""
"0102","1","0","0","0","0","0","0","0","0","7","0","","36","04","2016","2016043161","4","40.1603","-76.6098","0059","08","0","1","0","0","0","0","0","0","","0","0","0","00","3","0","00","0","40 09:37.111","","00","76 36:35.248","0","0","0","0","36407","0","0","0","N","0","0","0","1","36407","0","","4","01","N","N","0","","0","0","0","0","0","","0057","0","1","0","0","0","0","0","2","0","1","N","","","","","","","","","","","","03","  ","","",""
"2330","0","0","0","0","0","0","0","0","0","7","0","","36","04","2016","2016043163","4","40.1596","-76.402","2321","08","0","0","0","0","0","0","0","0","","0","0","0","23","3","0","00","0","40 09:34.664","","00","76 24:07.122","0","0","0","0","36410","0","0","0","N","0","0","0","1","36410","0","","2","01","N","N","1","","0","0","0","0","0","","2321","0","1","0","0","0","0","0","2","0","1","N","","","","","","","","","","","","03","  ","","",""
"2352","1","0","0","0","0","0","0","0","0","1","0","","36","04","2016","2016043165","4","40.161","-76.1988","2348","08","0","0","0","0","0","0","0","0","","0","0","0","23","2","0","00","0","40 09:39.700","","00","76 11:55.700","9","0","0","0","36402","0","0","0","N","0","0","0","1","36402","0","","6","01","N","N","1","","0","0","0","0","0","","2340","0","2","0","0","0","0","1","2","0","2","N","","","","","","","","","","","","03","  ","","",""
"2105","1","0","0","0","0","0","0","0","0","4","0","","36","04","2016","2016043170","4","40.1367","-76.1147","2100","08","0","0","0","0","0","1","0","0","2","0","0","1","21","2","0","00","2","40 08:11.995","5","07","76 06:52.880","0","0","0","0","36209","1","0","0","N","0","0","0","2","36415","0","","1","01","N","N","0","","0","0","0","0","0","Y","2100","0","2","0","0","0","0","0","1","0","1","N","","","","","","","","","","","","03","  ","","",""
"0745","0","0","0","0","0","0","0","0","0","7","0","","36","04","2016","2016043242","2","40.0956","-76.481","0733","08","0","0","0","0","0","0","0","0","2","0","0","0","07","1","0","00","2","40 05:44.080","6","00","76 28:51.720","0","0","0","0","36230","0","0","0","","0","0","0","2","36410","0","","4","01","N","N","0","","0","0","1","0","0","Y","0730","0","1","0","0","0","0","0","1","0","1","N","","","","","","","","","","","","03","  ","","",""
"0704","1","0","0","0","0","0","0","0","0","7","0","","36","04","2016","2016043246","2","40.2774","-76.2002","0654","08","0","0","0","0","0","0","0","0","2","0","0","0","06","1","0","00","1","40 16:38.573","1","00","76 12:00.806","0","0","0","0","36236","0","0","0","N","0","0","0","1","36408","0","","2","01","N","N","0","","0","0","0","0","0","N","0654","0","1","0","0","0","0","0","1","0","1","N","","","","","","","","","","","","03","  ","","",""
"1418","0","0","0","0","0","0","0","0","0","1","0","","36","04","2016","2016043247","1","40.1062","-76.3218","1413","08","0","0","1","0","0","0","0","0","","0","0","0","14","1","1","00","0","40 06:22.457","","00","76 19:18.327","4","0","0","0","36101","0","0","0","N","0","0","0","2","36101","1","","1","01","N","N","0","","0","0","2","3","2","","1410","1","2","0","0","0","0","0","3","0","2","N","","","","","","","","","","","","03","  ","","",""
"0704","2","0","0","0","0","0","0","0","0","5","0","","36","04","2016","2016043263","5","40.0855","-76.3291","0641","08","0","0","0","0","0","0","0","0","","0","0","0","06","1","0","00","0","40 05:07.789","","00","76 19:44.864","0","0","0","0","36101","0","0","0","N","0","0","0","1","36101","0","","4","01","N","N","0","","0","0","0","0","0","","0638","0","3","0","0","0","0","0","3","1","3","N","","","","","","","","","","","","03","  ","","",""
"1620","1","0","0","0","0","0","0","0","0","6","0","","36","04","2016","2016043269","4","40.1804","-76.4046","1617","08","0","0","0","0","0","0","0","1","2","0","0","0","16","1","0","00","1","40 10:49.500","4","00","76 24:16.400","0","0","0","0","36230","0","0","0","N","0","0","0","5","36410","0","","1","01","N","N","0","","0","0","0","0","0","N","1610","0","2","0","0","0","0","0","1","1","2","N","","","","","","","","","","","","03","  ","","",""
"0723","4","0","0","0","0","0","0","0","0","1","0","","36","04","2016","2016043309","5","40.1292","-76.0785","0718","08","0","0","0","0","0","0","0","0","2","0","0","0","07","1","0","00","1","40 07:45.134","3","07","76 04:42.683","0","0","0","0","36209","0","0","0","N","0","0","0","4","36415","0","","1","01","N","N","0","","0","0","0","0","0","Y","0718","0","4","0","0","0","0","0","1","0","4","N","","","","","","","","","","","","03","  ","","",""
"0725","2","0","0","0","0","0","0","0","0","4","0","","36","04","2016","2016043330","5","40.1555","-76.3089","0724","08","0","1","0","0","0","0","0","0","1","0","0","0","07","1","2","01","1","40 09:19.722","7","00","76 18:32.121","8","0","0","0","36409","0","0","0","N","0","0","0","3","36409","0","","1","01","N","N","0","","0","0","0","3","3","N","0722","2","2","0","0","0","2","0","3","0","2","N","","","","","","","","","","","","03","  ","","",""
"0319","1","0","0","0","0","0","0","0","0","5","0","","36","04","2016","2016043361","7","40.0238","-76.3067","0256","08","0","0","0","0","0","0","0","0","1","0","0","0","02","3","0","00","1","40 01:25.700","2","00","76 18:24.100","0","0","0","0","36301","0","0","0","N","0","0","0","1","36301","0","","6","01","N","N","0","","0","0","1","0","0","N","0256","0","2","0","0","0","0","0","3","0","2","N","","","","","","","","","","","","03","  ","","",""
"1447","0","0","0","0","0","0","0","0","0","4","0","","36","04","2016","2016043368","5","40.1529","-76.0779","1440","08","0","0","0","0","0","0","0","0","1","0","0","0","14","1","0","02","1","40 09:10.463","6","00","76 04:40.442","0","0","0","0","36209","0","0","0","N","0","0","0","2","36415","0","","1","09","N","N","1","","0","0","1","3","3","N","1440","0","2","0","0","0","0","0","1","0","2","N","","","","","","","","","","","","07","  ","","",""
"0836","0","0","0","0","0","0","0","0","0","1","0","","36","04","2016","2016043380","6","40.0431","-76.2919","0834","08","0","0","0","0","0","0","1","0","1","0","0","0","08","1","1","00","1","40 02:35.000","2","00","76 17:30.900","4","0","0","0","36301","0","0","0","N","0","0","0","2","36301","1","","1","01","N","N","0","","0","0","1","0","0","Y","0834","1","2","0","0","0","0","0","3","1","2","N","","","","","","","","","","","","03","  ","","",""
"1720","2","0","0","0","0","0","0","0","0","4","0","","36","04","2016","2016043468","5","40.1164","-76.4503","1713","08","0","0","0","0","0","0","0","0","","0","0","0","17","1","1","01","0","40 06:58.901","","00","76 27:01.110","8","0","0","0","36230","0","0","0","N","0","0","0","2","36410","0","","1","09","N","N","0","","0","0","0","3","3","","1711","1","2","0","0","1","1","0","1","0","2","N","","","","","","","","","","","","07","  ","","",""
"1727","0","0","0","0","0","0","0","0","0","1","0","","36","04","2016","2016043477","2","40.0845","-76.3529","1720","08","0","0","0","0","0","1","1","0","1","0","0","0","17","1","0","00","1","40 05:04.220","2","00","76 21:10.260","0","0","0","0","36214","0","0","0","","0","0","0","5","36214","0","","1","01","N","N","0","","0","0","1","3","2","N","1718","0","3","0","0","0","0","0","3","2","3","N","","","","","","","","","","","","03","  ","","",""