"ARRIVAL_TM","AUTOMOBILE_COUNT","BELTED_DEATH_COUNT","BELTED_SUSP_SERIOUS_INJ_COUNT","BICYCLE_COUNT","BICYCLE_DEATH_COUNT","BICYCLE_SUSP_SERIOUS_INJ_COUNT","BUS_COUNT","CHLDPAS_DEATH_COUNT","CHLDPAS_SUSP_SERIOUS_INJ_COUNT","COLLISION_TYPE","COMM_VEH_COUNT","CONS_ZONE_SPD_LIM","COUNTY","CRASH_MONTH","CRASH_YEAR","CRN","DAY_OF_WEEK","DEC_LAT","DEC_LONG","DISPATCH_TM","DISTRICT","DRIVER_COUNT_16YR","DRIVER_COUNT_17YR","DRIVER_COUNT_18YR","DRIVER_COUNT_19YR","DRIVER_COUNT_20YR","DRIVER_COUNT_50_64YR","DRIVER_COUNT_65_74YR","DRIVER_COUNT_75PLUS","EST_HRS_CLOSED","FATAL_COUNT","HEAVY_TRUCK_COUNT","HORSE_BUGGY_COUNT","HOUR_OF_DAY","ILLUMINATION","INJURY_COUNT","INTERSECT_TYPE","LANE_CLOSED","LATITUDE","LN_CLOSE_DIR","LOCATION_TYPE","LONGITUDE","MAX_SEVERITY_LEVEL","MCYCLE_DEATH_COUNT","MCYCLE_SUSP_SERIOUS_INJ_COUNT","MOTORCYCLE_COUNT","MUNICIPALITY","NONMOTR_COUNT","NONMOTR_DEATH_COUNT","NONMOTR_SUSP_SERIOUS_INJ_COUNT","NTFY_HIWY_MAINT","PED_COUNT","PED_DEATH_COUNT","PED_SUSP_SERIOUS_INJ_COUNT","PERSON_COUNT","POLICE_AGCY","POSSIBLE_INJ_COUNT","RDWY_SURF_TYPE_CD","RELATION_TO_ROAD","ROAD_CONDITION","SCH_BUS_IND","SCH_ZONE_IND","SMALL_TRUCK_COUNT","SPEC_JURIS_CD","SUSP_MINOR_INJ_COUNT","SUSP_SERIOUS_INJ_COUNT","SUV_COUNT","TCD_FUNC_CD","TCD_TYPE","TFC_DETOUR_IND","TIME_OF_DAY","TOT_INJ_COUNT","TOTAL_UNITS","UNB_DEATH_COUNT","UNB_SUSP_SERIOUS_INJ_COUNT","UNBELTED_OCC_COUNT","UNK_INJ_DEG_COUNT","UNK_INJ_PER_COUNT","URBAN_RURAL","VAN_COUNT","VEHICLE_COUNT","WORK_ZONE_IND","WORK_ZONE_LOC","WORK_ZONE_TYPE","WORKERS_PRES","WZ_CLOSE_DETOUR","WZ_FLAGGER","WZ_LAW_OFFCR_IND","WZ_LN_CLOSURE","WZ_MOVING","WZ_OTHER","WZ_SHLDER_MDN","ROADWAY_CLEARED","WEATHER1","WEATHER2","WZ_WORKERS_INJ_KILLED","SECONDARY_CRASH","INTERSECTION_RELATED"
"1825","1","0","0","0","0","0","0","0","0","1","0","","36","04","2016","2016043482","4","40.0396","-76.3639","1821","08","0","0","0","0","0","1","0","0","","0","0","0","18","1","3","00","0","40 02:22.516","","00","76 21:49.893","4","0","0","0","36214","0","0","0","N","0","0","0","4","36214","3","","1","01","N","N","0","","0","0","1","3","2","","1818","3","2","0","0","0","0","0","3","0","2","N","","","","","","","","","","","","03","  ","","",""
"1612","2","0","0","0","0","0","0","0","0","4","0","","36","04","2016","2016043509","5","40.1836","-76.1949","1609","08","0","1","0","0","0","0","0","0","","0","0","0","16","1","0","00","0","40 11:00.800","","07","76 11:41.500","0","0","0","0","36408","0","0","0","N","0","0","0","2","36408","0","","1","09","N","N","0","","0","0","0","0","0","","1607","0","2","0","0","0","0","0","2","0","2","N","","","","","","","","","","","","07","  ","","",""
"2118","1","0","0","0","0","0","0","0","0","7","0","","36","04","2016","2016043513","5","40.2412","-76.1232","2114","08","0","0","0","1","0","0","0","0","2","0","0","0","21","2","0","00","2","40 14:28.429","5","00","76 07:23.371","0","0","0","0","36210","0","0","0","N","0","0","0","1","36210","0","","4","09","N","N","0","","0","0","0","0","0","Y","2113","0","1","0","0","0","0","0","1","0","1","N","","","","","","","","","","","","07","  ","","",""
"2138","1","0","0","0","0","0","0","0","0","4","0","","36","04","2016","2016043517","5","39.9924","-76.2859","2134","08","0","0","0","1","0","0","0","1","2","0","0","0","21","3","0","02","1","39 59:32.484","2","00","76 17:09.068","0","0","0","0","36240","0","0","0","N","0","0","0","3","36240","0","","1","09","N","N","0","","0","0","1","3","2","N","2133","0","2","0","0","0","0","0","1","0","2","N","","","","","","","","","","","","07","  ","","",""
"2139","1","0","0","0","0","0","0","0","0","4","0","","36","04","2016","2016043533","6","40.042","-76.2977","2136","08","0","1","0","1","0","0","0","0","1","0","0","0","21","3","0","01","1","40 02:31.214","2","00","76 17:51.648","0","0","0","0","36301","0","0","0","N","0","0","0","2","36301","0","","1","01","N","N","0","","0","0","1","3","2","N","2136","0","2","0","0","0","0","0","3","0","2","N","","","","","","","","","","","","03","  ","","",""
"0355","1","0","0","0","0","0","0","0","0","2","1","","36","04","2016","2016043536","4","39.9812","-76.3053","0347","08","0","0","0","0","0","1","0","0","4","0","1","0","03","6","1","00","2","39 58:52.177","6","00","76 18:19.198","8","0","0","0","36228","0","0","0","N","0","0","0","2","36503","0","","1","01","N","N","0","","0","0","0","0","0","Y","0345","1","2","0","0","0","1","0","1","0","2","N","","","","","","","","","","","","03","  ","","",""
"0303","1","0","0","0","0","0","0","0","0","7","0","","36","04","2016","2016043539","6","40.0457","-76.4828","0256","08","0","0","0","0","0","0","0","0","2","0","0","0","02","2","0","00","2","40 02:44.487","5","00","76 28:57.993","0","0","0","0","36239","0","0","0","N","0","0","0","1","36239","0","","5","01","N","N","0","","0","0","0","0","0","Y","0256","0","1","0","0","0","0","0","3","0","1","N","","","","","","","","","","","","03","  ","","",""
"1159","2","0","0","0","0","0","0","0","0","4","0","","36","04","2016","2016043549","5","40.012","-76.2263","1155","08","0","0","0","0","0","0","1","0","","0","0","0","11","1","0","01","0","40 00:43.379","","00","76 13:34.666","0","0","0","0","36240","0","0","0","N","0","0","0","2","36240","0","","1","09","N","N","0","","0","0","0","3","3","","1154","0","2","0","0","0","0","0","1","0","2","N","","","","","","","","","","","","07","  ","","",""
"0733","0","0","0","0","0","0","0","0","0","1","0","","36","04","2016","2016043599","2","40.0355","-76.4093","0723","08","0","0","0","0","0","0","0","0","","0","0","0","03","2","0","00","0","40 02:07.680","","00","76 24:33.610","0","0","0","0","36223","0","0","0","","0","0","0","1","36223","0","","6","01","N","N","1","","0","0","0","0","0","","0300","0","2","0","0","0","0","0","1","1","2","N","","","","","","","","","","","","99","  ","","",""
"1817","2","0","0","0","0","0","0","0","0","2","0","","36","04","2016","2016043600","3","40.039","-76.3598","1807","08","0","0","0","0","0","0","0","0","","0","0","0","18","1","1","01","0","40 02:20.436","","00","76 21:35.315","4","0","0","0","36223","0","0","0","","0","0","0","2","36223","1","","1","01","N","N","0","","0","0","0","3","2","","1802","1","2","0","0","0","0","0","1","0","2","N","","","","","","","","","","","","03","  ","","",""
"1612","1","0","0","0","0","0","0","0","0","4","0","","36","04","2016","2016043604","3","40.0515","-76.29","1608","08","0","0","0","0","0","0","0","0","2","0","0","0","16","1","1","01","1","40 03:05.310","2","00","76 17:24.098","8","0","0","0","36301","0","0","0","N","0","0","0","2","36301","0","","1","01","N","N","1","","0","0","0","3","2","N","1604","1","2","0","0","0","1","0","3","0","2","N","","","","","","","","","","","","03","  ","","",""
"0831","1","0","0","0","0","0","0","0","0","1","0","","36","04","2016","2016043625","6","40.1942","-76.1522","0822","08","0","0","0","0","0","1","0","0","1","0","0","0","08","1","0","02","1","40 11:38.961","2","00","76 09:07.876","0","0","0","0","36218","0","0","0","N","0","0","0","2","36408","0","","1","09","N","N","1","","0","0","0","0","0","Y","0820","0","2","0","0","0","0","0","1","0","2","N","","","","","","","","","","","","07","  ","","",""
"1014","0","0","0","0","0","0","0","0","0","8","1","","36","04","2016","2016043634","6","40.0981","-76.4215","1007","08","0","0","0","0","0","0","0","0","","0","1","0","10","1","1","00","0","40 05:53.224","","00","76 25:17.318","3","0","0","0","36214","1","0","0","N","1","0","0","3","36214","0","","1","09","N","N","0","","1","0","0","0","0","","1005","1","2","0","0","1","0","0","3","0","1","N","","","","","","","","","","","","07","  ","","",""
"1444","1","0","0","0","0","0","0","0","0","1","0","","36","04","2016","2016043693","6","40.0601","-76.3599","1438","08","0","0","0","0","0","1","0","0","2","0","0","0","14","1","1","07","1","40 03:36.563","4","02","76 21:35.506","4","0","0","0","36214","0","0","0","N","0","0","0","3","36214","1","","1","01","N","N","1","","0","0","1","3","2","N","1434","1","3","0","0","1","0","1","3","0","3","N","","","","","","","","","","","","03","  ","","",""
"1636","2","0","0","0","0","0","0","0","0","4","0","","36","04","2016","2016043827","6","40.1592","-76.3037","1636","08","0","0","0","0","0","1","1","0","","0","0","0","16","1","0","01","0","40 09:33.004","","00","76 18:13.406","0","0","0","0","36409","0","0","0","N","0","0","0","3","36409","0","","1","01","N","N","0","","0","0","0","3","3","","1636","0","2","0","0","0","0","0","3","0","2","N","","","","","","","","","","","","03","  ","","",""
"1603","1","0","0","0","0","0","0","0","0","7","0","","36","04","2016","2016043852","5","40.241","-76.1529","1555","08","0","0","0","0","0","0","0","0","3","0","0","0","15","1","1","00","2","40 14:27.716","7","00","76 09:10.306","2","0","0","0","36236","0","0","0","N","0","0","0","1","36408","0","","5","01","N","N","0","","0","1","0","0","0","Y","1554","1","1","0","0","0","0","0","1","0","1","N","","","","","","","","","","","","03","  ","","",""
"1512","3","0","0","0","0","0","0","0","0","1","0","","36","04","2016","2016043856","6","40.0756","-76.3369","1512","08","0","0","0","0","0","1","0","0","2","0","0","0","15","1","0","02","1","40 04:32.271","1","00","76 20:12.714","0","0","0","0","36101","0","0","0","N","0","0","0","7","36101","0","","1","01","N","N","0","","0","0","0","3","2","N","1510","0","3","0","0","0","0","0","3","0","3","N","","","","","","","","","","","","03","  ","","",""
"1548","0","0","0","0","0","0","0","0","0","1","0","","36","04","2016","2016043918","6","40.0474","-76.3629","1540","08","0","0","0","0","0","3","0","0","","0","0","0","15","1","2","00","0","40 02:50.801","","00","76 21:46.370","4","0","0","0","36214","0","0","0","N","0","0","0","5","36214","2","","1","01","N","N","1","","0","0","2","3","2","","1537","2","4","0","0","0","0","0","3","1","4","N","","","","","","","","","","","","03","  ","","",""
"1537","1","0","0","0","0","0","0","0","0","0","0","","36","04","2016","2016043923","6","40.0528","-76.3967","1533","08","0","0","0","0","0","0","0","0","2","0","0","0","15","1","0","07","1","40 03:10.172","1","02","76 23:48.153","0","0","0","0","36214","0","0","0","N","0","0","0","2","36214","0","","1","01","N","N","0","","0","0","0","0","0","N","1516","0","1","0","0","0","0","0","3","0","1","N","","","","","","","","","","","","03","  ","","",""
"0740","2","0","0","0","0","0","0","0","0","1","0","","36","04","2016","2016043931","5","40.1605","-76.2243","0735","08","0","0","0","0","0","1","0","0","","0","0","0","07","1","0","01","0","40 09:37.728","","00","76 13:27.322","0","0","0","0","36218","0","0","0","N","0","0","0","2","36408","0","","1","01","N","N","0","","0","0","0","0","0","","0735","0","2","0","0","0","0","0","1","0","2","N","","","","","","","","","","","","03","  ","","",""
"1756","1","0","0","0","0","0","0","0","0","1","0","","36","04","2016","2016043950","4","40.0689","-76.3428","1741","08","0","0","0","0","0","1","0","0","","0","0","0","17","1","0","00","0","40 04:08.200","","00","76 20:33.900","0","0","0","0","36301","0","0","0","N","0","0","0","5","36301","0","","1","01","N","N","0","","0","0","1","0","0","","1741","0","2","0","0","0","0","0","3","0","2","N","","","","","","","","","","","","03","  ","","",""
"1659","0","0","0","0","0","0","0","0","0","4","0","","36","04","2016","2016043956","6","40.1761","-76.2249","1651","08","0","0","0","0","0","1","0","0","","0","0","0","16","1","0","01","0","40 10:34.041","","00","76 13:29.758","0","0","0","0","36218","0","0","0","N","0","0","0","2","36408","0","","1","01","N","N","1","","0","0","1","0","0","","1648","0","2","0","0","0","0","0","1","0","2","N","","","","","","","","","","","","03","  ","","",""
"1114","1","0","0","0","0","0","0","0","0","4","0","","36","04","2016","2016043976","7","40.049","-76.3735","1109","08","0","0","0","0","0","0","0","0","2","0","0","0","11","1","3","01","1","40 02:56.511","7","00","76 22:24.628","8","0","0","0","36214","0","0","0","N","0","0","0","5","36214","0","","1","01","N","N","0","","0","0","1","3","3","N","1105","3","2","0","0","0","3","0","3","0","2","N","","","","","","","","","","","","03","  ","","",""
"1449","2","0","0","0","0","0","0","0","0","1","0","","36","04","2016","2016044017","6","40.1772","-76.6015","1442","08","0","0","1","0","0","1","0","0","","0","0","0","14","1","1","06","0","40 10:36.770","","02","76 36:05.969","3","0","0","0","36225","0","0","0","N","0","0","0","2","36505","0","","1","01","N","N","0","","1","0","0","3","3","","1440","1","2","0","0","0","0","0","2","0","2","N","","","","","","","","","","","","03","  ","","",""
"1420","1","0","0","0","0","0","0","0","0","4","0","","36","04","2016","2016044004","7","40.1071","-76.3026","1411","08","0","0","0","0","1","0","1","0","","0","0","0","14","1","0","00","0","40 06:25.725","","07","76 18:09.290","0","0","0","0","36101","0","0","0","N","0","0","0","5","36101","0","","1","01","N","N","0","","0","0","0","0","0","","1404","0","2","0","0","0","0","0","3","1","2","N","","","","","","","","","","","","03","  ","","",""
"1552","1","0","0","0","0","0","0","0","0","4","0","","36","04","2016","2016044019","7","40.1483","-76.1215","1545","08","0","0","0","0","0","1","0","0","2","0","0","0","15","1","0","02","1","40 08:54.032","3","00","76 07:17.516","0","0","0","0","36209","0","0","0","N","0","0","0","6","36415","0","","1","01","N","N","1","","0","0","0","3","3","N","1545","0","2","0","0","0","0","0","1","0","2","N","","","","","","","","","","","","03","  ","","",""
"1302","1","0","0","0","0","0","0","0","0","1","0","","36","04","2016","2016044022","7","40.1795","-76.6004","1302","08","0","0","0","0","0","2","0","0","","0","0","0","13","1","0","06","0","40 10:46.176","","02","76 36:01.501","0","0","0","0","36225","0","0","0","N","0","0","0","2","36505","0","","1","01","N","N","0","","0","0","1","3","4","","1300","0","2","0","0","0","0","0","2","0","2","N","","","","","","","","","","","","03","  ","","",""
"1617","1","0","0","0","0","0","0","0","0","4","0","","36","04","2016","2016044054","3","39.8588","-76.2703","1543","08","0","1","0","0","0","1","0","0","","0","0","0","15","1","0","02","0","39 51:31.698","","00","76 16:13.124","0","0","0","0","36224","0","0","0","","0","0","0","2","68J01","0","","1","01","N","N","1","","0","0","0","0","0","","1537","0","2","0","0","1","0","0","1","0","2","N","","","","","","","","","","","","03","  ","","",""
"0551","1","0","0","0","0","0","0","0","0","7","0","","36","04","2016","2016044100","7","40.0187","-76.1739","0541","08","0","0","0","0","0","1","0","0","","0","0","0","05","5","0","01","0","40 01:07.422","","00","76 10:26.132","0","0","0","0","36215","0","0","0","N","0","0","0","1","36215","0","","4","01","N","N","0","","0","0","0","0","0","","0537","0","1","0","0","0","0","0","1","0","1","N","","","","","","","","","","","","03","  ","","",""
"0755","1","0","0","0","0","0","0","0","0","7","0","","36","05","2016","2016044125","1","40.1206","-76.5639","0749","08","0","0","0","0","0","1","0","0","","0","0","0","07","1","0","00","0","40 07:14.100","","00","76 33:50.200","0","0","0","0","36237","0","0","0","N","0","0","0","1","36505","0","","4","09","N","N","0","","0","0","0","0","0","","0740","0","1","0","0","0","0","0","1","0","1","N","","","","","","","","","","","","07","  ","","",""
"0920","0","0","0","1","0","0","0","0","0","4","0","","36","05","2016","2016044127","1","40.0494","-76.3035","0918","08","0","0","0","0","0","0","0","0","","0","0","0","09","1","1","01","0","40 02:57.790","","00","76 18:12.495","3","0","0","0","36301","1","0","0","N","0","0","0","2","36301","0","","1","09","N","N","0","","1","0","0","3","2","","0918","1","2","0","0","0","0","0","3","1","1","N","","","","","","","","","","","","07","  ","","",""
"1537","0","0","0","0","0","0","0","0","0","4","0","","36","04","2016","2016044134","2","40.0485","-76.2941","1535","08","0","0","0","0","0","0","0","0","1","0","0","0","15","1","2","01","1","40 02:54.464","3","00","76 17:38.681","3","0","0","0","36301","0","0","0","N","0","0","0","2","36301","1","","1","01","N","N","1","","1","0","0","3","2","N","1535","2","2","0","0","0","0","0","3","1","2","N","","","","","","","","","","","","03","  ","","",""
"0736","0","0","0","0","0","0","0","0","0","4","0","","36","04","2016","2016044150","6","40.1113","-76.2835","0717","08","0","0","0","0","0","1","0","0","1","0","0","0","07","1","0","01","1","40 06:40.818","6","00","76 17:00.459","0","0","0","0","36101","0","0","0","N","0","0","0","2","36101","0","","1","09","N","N","0","","0","0","2","3","2","N","0715","0","2","0","0","0","0","0","3","0","2","N","","","","","","","","","","","","03","  ","","",""
"1341","0","0","0","0","0","0","0","0","0","7","0","","36","05","2016","2016044173","1","40.0446","-76.5065","1330","08","0","0","0","0","0","1","0","0","1","0","0","0","13","1","1","00","1","40 02:40.459","1","00","76 30:23.529","8","0","0","0","36239","0","0","0","N","0","0","0","1","36239","0","","2","09","N","N","0","","0","0","1","0","0","N","1330","1","1","0","0","0","1","0","3","0","1","N","","","","","","","","","","","","07","  ","","",""
"0207","1","0","0","0","0","0","0","0","0","1","0","","36","04","2016","2016044192","6","40.0691","-76.3687","0157","08","0","0","0","0","0","0","0","0","2","0","0","0","01","3","0","00","2","40 04:08.700","5","00","76 22:07.400","0","0","0","0","36214","0","0","0","N","0","0","0","1","36214","0","","6","09","N","N","0","","0","0","1","0","0","Y","0156","0","2","0","0","0","0","0","3","0","2","N","","","","","","","","","","","","07","  ","","",""
"1529","0","0","0","0","0","0","0","0","0","7","0","","36","02","2016","2016044200","2","40.0177","-76.0607","1458","08","0","0","0","0","0","0","0","0","","0","0","0","14","1","0","00","0","40 01:03.555","","00","76 03:38.587","0","0","0","0","36232","0","0","0","","0","0","0","3","68J01","0","","5","07","N","N","0","","0","0","1","0","0","","1405","0","1","0","0","0","0","0","1","0","1","N","","","","","","","","","","","","10","  ","","",""
"1853","1","0","0","0","0","0","0","0","0","7","0","","36","02","2016","2016044201","7","39.8301","-76.2378","1847","08","0","0","0","0","0","0","0","0","3","0","0","0","18","2","0","00","2","39 49:48.470","5","00","76 14:16.170","9","0","0","0","36208","0","0","0","","0","0","0","2","68J01","0","","4","01","N","N","0","","0","0","0","0","0","Y","1830","0","1","0","0","0","0","1","1","0","1","N","","","","","","","","","","","","03","  ","","",""
"1638","1","0","0","0","0","0","0","0","0","1","0","","36","03","2016","2016044202","2","40.1957","-76.0175","1605","08","0","0","0","0","0","1","0","0","2","0","0","0","16","1","1","00","1","40 11:44.674","2","07","76 01:03.071","8","0","0","0","36202","0","0","0","","0","0","0","2","68J01","0","","1","01","N","N","0","","0","0","0","0","0","N","1600","1","2","0","0","0","1","0","1","1","2","N","","","","","","","","","","","","03","  ","","",""
"1143","1","0","0","0","0","0","0","0","0","4","0","","36","03","2016","2016044215","5","40.1519","-75.9014","1139","08","0","0","0","0","0","1","0","0","2","0","0","0","11","1","5","01","1","40 09:06.984","6","00","75 54:04.898","3","0","0","0","36203","0","0","0","","0","0","0","5","68J01","0","","1","01","N","N","1","","4","0","0","3","2","N","1136","5","2","0","0","0","1","0","1","0","2","N","","","","","","","","","","","","03","  ","","",""
"1428","1","0","0","0","0","0","0","0","0","7","0","","36","03","2016","2016044216","6","39.9676","-76.1695","1420","08","1","0","0","0","0","0","0","0","","0","0","0","14","1","2","00","0","39 58:03.530","","00","76 10:10.140","3","0","0","0","36233","0","0","0","","0","0","0","2","68J01","0","","4","01","N","N","0","","2","0","0","0","0","","1420","2","1","0","0","0","0","0","1","0","1","N","","","","","","","","","","","","03","  ","","",""
"1017","1","0","0","0","0","0","0","0","0","1","1","","36","03","2016","2016044218","5","39.8172","-76.0413","1002","08","0","0","0","0","0","1","0","0","2","0","1","0","10","1","1","00","1","39 49:01.849","5","00","76 02:28.533","4","0","0","0","36205","0","0","0","","0","0","0","4","68J01","1","","1","01","N","N","0","","0","0","1","0","0","Y","1002","1","3","0","0","0","0","0","1","0","3","N","","","","","","","","","","","","03","  ","","",""
"1106","1","0","0","0","0","0","0","0","0","4","1","","36","03","2016","2016044219","5","39.9064","-76.2424","1105","08","0","0","0","0","0","1","0","0","","0","1","0","11","1","0","00","0","39 54:22.952","","00","76 14:32.624","0","0","0","0","36229","0","0","0","","0","0","0","3","68J01","0","","1","01","N","N","0","","0","0","0","0","0","","1103","0","2","0","0","0","0","0","1","0","2","N","","","","","","","","","","","","03","  ","","",""
"0316","3","0","0","0","0","0","0","0","0","7","0","","36","05","2016","2016044223","1","40.0279","-76.3188","0311","08","1","0","0","0","0","0","0","0","","0","0","0","03","3","0","02","0","40 01:40.533","","00","76 19:07.510","0","0","0","0","36301","0","0","0","N","0","0","0","1","36301","0","","2","09","N","N","0","","0","0","0","0","0","","0308","0","3","0","0","0","0","0","3","0","3","N","","","","","","","","","","","","07","  ","","",""
"2229","1","0","0","0","0","0","0","0","0","4","0","","36","04","2016","2016044306","7","40.0933","-76.2833","2221","08","0","0","1","0","0","1","0","0","1","0","0","0","22","2","0","02","2","40 05:35.727","4","00","76 16:59.988","0","0","0","0","36101","0","0","0","N","0","0","0","5","36101","0","","1","09","N","N","0","","0","0","1","0","0","N","2219","0","2","0","0","0","0","0","3","0","2","N","","","","","","","","","","","","07","  ","","",""
"2059","2","0","0","0","0","0","0","0","0","1","0","","36","04","2016","2016044331","7","40.0337","-76.3112","2052","08","0","0","0","0","0","0","0","0","","0","0","0","20","3","1","00","0","40 02:01.200","","00","76 18:40.400","3","0","0","0","36301","0","0","0","N","0","0","0","5","36301","0","","6","09","N","N","0","","1","0","1","0","0","","2052","1","3","0","0","0","0","0","3","0","3","N","","","","","","","","","","","","07","  ","","",""
"1209","2","0","0","0","0","0","0","0","0","2","0","","36","04","2016","2016044358","7","40.064","-76.2866","1205","08","0","0","0","0","0","0","0","1","2","0","0","0","12","1","1","02","2","40 03:50.396","6","00","76 17:11.821","4","0","0","0","36101","0","0","0","N","0","0","0","1","36101","1","","1","01","N","N","1","","0","0","0","0","0","N","1204","1","3","0","0","1","0","0","3","0","3","N","","","","","","","","","","","","03","  ","","",""
"2026","0","0","0","0","0","0","0","0","0","1","0","","36","04","2016","2016044366","1","40.0157","-76.3496","2024","08","0","0","0","0","0","0","0","0","2","0","0","0","20","3","0","01","1","40 00:56.470","1","00","76 20:58.524","0","0","0","0","36412","0","0","0","N","0","0","0","5","36412","0","","1","01","N","N","0","","0","0","2","3","2","N","2024","0","2","0","0","0","0","0","3","0","2","N","","","","","","","","","","","","03","  ","","",""
"1722","2","0","0","0","0","0","0","0","0","4","0","","36","04","2016","2016044369","5","39.9936","-76.362","1721","08","0","0","0","0","0","0","1","0","","0","0","0","17","1","0","02","0","39 59:36.855","","00","76 21:43.351","0","0","0","0","36412","0","0","0","N","0","0","0","4","36412","0","","1","01","N","N","0","","0","0","0","3","3","","1721","0","2","0","0","0","0","0","3","0","2","N","","","","","","","","","","","","03","  ","","",""
"1410","0","0","0","0","0","0","0","0","0","1","0","","36","04","2016","2016044379","5","40.1469","-76.4152","1403","08","0","0","0","0","0","2","0","0","","0","0","0","14","1","0","00","0","40 08:49.000","","07","76 24:54.805","0","0","0","0","36230","0","0","0","N","0","0","0","2","36410","0","","1","09","N","N","1","","0","0","0","0","0","","1403","0","2","0","0","2","0","0","1","1","2","N","","","","","","","","","","","","07","  ","","",""
"1635","2","0","0","0","0","0","0","0","0","4","0","","36","04","2016","2016044386","5","40.0447","-76.3026","1628","08","0","0","0","0","0","1","0","0","1","0","0","0","16","1","0","01","2","40 02:41.036","1","00","76 18:09.292","0","0","0","0","36301","0","0","0","N","0","0","0","2","36301","0","","1","01","N","N","0","","0","0","0","3","2","Y","1624","0","2","0","0","1","0","0","3","0","2","N","","","","","","","","","","","","03","  ","","",""
"1551","0","0","0","0","0","0","0","0","0","1","0","","36","04","2016","2016044403","4","40.1268","-76.2148","1548","08","0","0","0","0","0","0","1","0","2","0","0","0","15","1","0","02","1","40 07:36.367","2","00","76 12:53.373","0","0","0","0","36238","0","0","0","N","0","0","0","2","36238","0","","1","01","N","N","0","","0","0","2","0","0","N","1546","0","2","0","0","0","0","0","3","0","2","N","","","","","","","","","","","","03","  ","","",""
"0858","2","0","0","0","0","0","0","0","0","4","0","","36","05","2016","2016044418","2","40.0792","-76.3465","0849","08","0","0","0","0","0","0","0","0","","0","0","0","08","1","1","02","0","40 04:44.998","","02","76 20:47.326","3","0","0","0","36101","0","0","0","N","0","0","0","2","36101","0","","1","01","N","N","0","","1","0","0","3","3","","0840","1","2","0","0","0","0","0","3","0","2","N","","","","","","","","","","","","03","  ","","",""
"0949","2","0","0","0","0","0","0","0","0","4","0","","36","05","2016","2016044452","2","40.1133","-76.4512","0935","08","0","0","0","0","0","0","0","1","","0","0","0","09","1","0","01","0","40 06:47.900","","00","76 27:04.200","0","0","0","0","36230","0","0","0","N","0","0","0","2","36410","0","","1","09","N","N","0","","0","0","0","3","2","","0949","0","2","0","0","0","0","0","1","0","2","N","","","","","","","","","","","","07","  ","","",""
"1143","1","0","0","0","0","0","0","0","0","2","0","","36","04","2016","2016044633","6","40.0327","-76.412","1135","08","0","0","0","0","0","1","0","0","2","0","0","0","11","1","2","03","2","40 01:57.800","4","00","76 24:43.200","8","0","0","0","36223","0","0","0","","0","0","0","2","36223","0","","1","09","N","N","0","","0","0","1","3","3","N","1123","2","2","0","0","2","2","0","1","0","2","N","","","","","","","","","","","","03","  ","","",""
"1627","1","0","0","0","0","0","0","0","0","7","0","","36","04","2016","2016044721","5","40.0702","-76.3168","1615","08","0","0","0","0","0","2","0","0","","0","0","0","16","1","0","00","0","40 04:12.849","","00","76 19:00.414","0","0","0","0","36101","0","0","0","N","0","0","0","3","36101","0","","2","09","N","N","1","","0","0","1","0","0","","1610","0","3","0","0","0","0","0","3","0","3","N","","","","","","","","","","","","07","  ","","",""
"1845","2","0","0","0","0","0","0","0","0","4","0","","36","03","2016","2016044748","5","40.0551","-76.5602","1842","08","0","0","0","0","0","0","0","0","4","0","0","0","18","3","1","02","2","40 03:18.399","7","00","76 33:36.601","3","0","0","0","36411","0","0","0","N","0","0","0","1","36504","0","","1","01","N","N","0","","1","0","0","0","0","Y","1840","1","2","0","0","1","0","0","1","0","2","N","","","","","","","","","","","","03","  ","","",""
"1139","1","0","1","0","0","0","0","0","0","4","0","","36","04","2016","2016044750","7","40.077","-76.5541","1133","08","0","0","0","0","0","0","0","0","3","0","0","0","11","1","6","01","2","40 04:37.275","7","00","76 33:14.778","2","0","0","0","36211","0","0","0","N","0","0","0","6","36504","2","","1","01","N","N","1","","3","1","0","3","3","Y","1130","6","2","0","0","0","0","0","1","0","2","N","","","","","","","","","","","","03","  ","","",""
"2318","1","0","0","0","0","0","0","0","0","7","0","","36","03","2016","2016044751","2","40.1072","-76.6593","2313","08","0","0","0","0","0","0","0","0","3","0","0","0","23","2","2","00","2","40 06:25.770","5","00","76 39:33.390","4","0","0","0","36207","0","0","0","N","0","0","0","2","36504","2","","5","01","N","N","0","","0","0","0","0","0","Y","2312","2","1","0","0","0","0","0","1","0","1","N","","","","","","","","","","","","03","  ","","",""
"1553","1","0","0","0","0","0","0","0","0","1","0","","36","04","2016","2016044768","4","40.0544","-76.2661","1547","08","0","1","0","0","0","1","0","0","","0","1","0","15","1","0","00","0","40 03:15.946","","00","76 15:58.133","0","0","0","0","36215","0","0","0","N","0","0","0","3","36215","0","","1","01","N","N","0","","0","0","0","0","0","","1547","0","2","0","0","0","0","0","1","0","2","N","","","","","","","","","","","","03","  ","","",""
"2151","1","0","0","0","0","0","0","0","0","9","0","","36","04","2016","2016044829","1","40.2456","-76.1877","2125","08","0","0","0","0","0","0","0","0","2","0","0","0","21","2","1","00","1","40 14:44.099","4","00","76 11:17.637","4","0","0","0","36236","0","0","0","","0","0","0","1","68T06","1","","1","01","N","N","0","","0","0","0","0","0","N","2124","1","1","0","0","0","0","0","1","0","1","N","","","","","","","","","","","","03","  ","","",""