"ARRIVAL_TM","AUTOMOBILE_COUNT","BELTED_DEATH_COUNT","BELTED_SUSP_SERIOUS_INJ_COUNT","BICYCLE_COUNT","BICYCLE_DEATH_COUNT","BICYCLE_SUSP_SERIOUS_INJ_COUNT","BUS_COUNT","CHLDPAS_DEATH_COUNT","CHLDPAS_SUSP_SERIOUS_INJ_COUNT","COLLISION_TYPE","COMM_VEH_COUNT","CONS_ZONE_SPD_LIM","COUNTY","CRASH_MONTH","CRASH_YEAR","CRN","DAY_OF_WEEK","DEC_LAT","DEC_LONG","DISPATCH_TM","DISTRICT","DRIVER_COUNT_16YR","DRIVER_COUNT_17YR","DRIVER_COUNT_18YR","DRIVER_COUNT_19YR","DRIVER_COUNT_20YR","DRIVER_COUNT_50_64YR","DRIVER_COUNT_65_74YR","DRIVER_COUNT_75PLUS","EST_HRS_CLOSED","FATAL_COUNT","HEAVY_TRUCK_COUNT","HORSE_BUGGY_COUNT","HOUR_OF_DAY","ILLUMINATION","INJURY_COUNT","INTERSECT_TYPE","LANE_CLOSED","LATITUDE","LN_CLOSE_DIR","LOCATION_TYPE","LONGITUDE","MAX_SEVERITY_LEVEL","MCYCLE_DEATH_COUNT","MCYCLE_SUSP_SERIOUS_INJ_COUNT","MOTORCYCLE_COUNT","MUNICIPALITY","NONMOTR_COUNT","NONMOTR_DEATH_COUNT","NONMOTR_SUSP_SERIOUS_INJ_COUNT","NTFY_HIWY_MAINT","PED_COUNT","PED_DEATH_COUNT","PED_SUSP_SERIOUS_INJ_COUNT","PERSON_COUNT","POLICE_AGCY","POSSIBLE_INJ_COUNT","RDWY_SURF_TYPE_CD","RELATION_TO_ROAD","ROAD_CONDITION","SCH_BUS_IND","SCH_ZONE_IND","SMALL_TRUCK_COUNT","SPEC_JURIS_CD","SUSP_MINOR_INJ_COUNT","SUSP_SERIOUS_INJ_COUNT","SUV_COUNT","TCD_FUNC_CD","TCD_TYPE","TFC_DETOUR_IND","TIME_OF_DAY","TOT_INJ_COUNT","TOTAL_UNITS","UNB_DEATH_COUNT","UNB_SUSP_SERIOUS_INJ_COUNT","UNBELTED_OCC_COUNT","UNK_INJ_DEG_COUNT","UNK_INJ_PER_COUNT","URBAN_RURAL","VAN_COUNT","VEHICLE_COUNT","WORK_ZONE_IND","WORK_ZONE_LOC","WORK_ZONE_TYPE","WORKERS_PRES","WZ_CLOSE_DETOUR","WZ_FLAGGER","WZ_LAW_OFFCR_IND","WZ_LN_CLOSURE","WZ_MOVING","WZ_OTHER","WZ_SHLDER_MDN","ROADWAY_CLEARED","WEATHER1","WEATHER2","WZ_WORKERS_INJ_KILLED","SECONDARY_CRASH","INTERSECTION_RELATED"
"0736","2","0","0","0","0","0","0","0","0","4","0","25","36","05","2016","2016044867","2","40.0374","-76.3105","0736","08","0","0","0","0","0","0","0","1","3","0","0","0","07","1","4","01","2","40 02:14.785","1","00","76 18:37.926","3","0","0","0","36301","0","0","0","N","0","0","0","4","36301","0","","1","01","N","N","0","","4","0","1","3","2","Y","0736","4","3","0","0","0","0","0","3","0","3","Y","4","1","Y","","","N","","","","Y","","03","  ","","",""
"0626","0","0","0","0","0","0","0","0","0","7","0","","36","04","2016","2016045096","2","39.8623","-76.0973","0623","08","0","0","0","0","0","1","0","0","","0","0","0","06","5","1","00","0","39 51:44.295","","00","76 05:50.257","8","0","0","0","36205","0","0","0","","0","0","0","1","68J01","0","","4","01","N","N","1","","0","0","0","0","0","","0623","1","1","0","0","0","1","0","1","0","1","N","","","","","","","","","","","","03","  ","","",""
"2115","0","0","0","0","0","0","0","0","0","9","0","","36","04","2016","2016045099","1","40.2456","-76.1877","2115","08","0","0","1","0","0","0","0","0","","0","0","0","21","2","0","00","0","40 14:44.060","","00","76 11:14.805","0","0","0","0","36236","0","0","0","","0","0","0","1","68T06","0","","1","01","N","N","0","","0","0","1","0","0","","2115","0","1","0","0","0","0","0","1","0","1","N","","","","","","","","","","","","03","  ","","",""
"1753","2","0","0","0","0","0","0","0","0","1","0","","36","04","2016","2016045168","6","40.1101","-76.477","1751","08","0","0","0","0","0","1","0","0","1","0","0","0","17","1","0","00","1","40 06:36.240","4","00","76 28:37.108","0","0","0","0","36413","0","0","0","N","0","0","0","3","36413","0","","1","01","N","N","1","","0","0","0","0","0","N","1737","0","3","0","0","0","0","0","2","0","3","N","","","","","","","","","","","","03","  ","","",""
"1636","1","0","0","0","0","0","0","0","0","7","0","","36","04","2016","2016045165","5","40.0292","-76.2467","1628","08","0","0","0","0","1","0","0","0","","0","0","0","16","1","0","00","0","40 01:45.100","","00","76 14:48.100","0","0","0","0","36215","0","0","0","N","0","0","0","2","36215","0","","4","09","N","N","0","","0","0","0","0","0","","1628","0","1","0","0","0","0","0","1","0","1","N","","","","","","","","","","","","07","  ","","",""
"0810","0","0","0","0","0","0","0","0","0","1","2","","36","04","2016","2016045176","2","40.1462","-76.1183","0801","08","0","1","0","0","0","0","0","0","1","0","2","0","07","1","0","00","1","40 08:46.468","4","07","76 07:06.032","0","0","0","0","36209","0","0","0","N","0","0","0","2","36415","0","","1","01","N","N","0","","0","0","0","0","0","Y","0755","0","2","0","0","0","0","0","1","0","2","N","","","","","","","","","","","","03","  ","","",""
"0850","1","0","0","1","0","0","0","0","0","4","0","","36","04","2016","2016045227","6","40.0896","-76.1953","0848","08","0","0","0","0","0","1","0","0","","0","0","0","08","1","1","00","0","40 05:22.405","","00","76 11:43.238","4","0","0","0","36234","1","0","0","N","0","0","0","2","36215","1","","1","09","N","N","0","","0","0","0","0","0","","0845","1","2","0","0","0","0","0","1","0","1","N","","","","","","","","","","","","07","  ","","",""
"0701","1","0","0","0","0","0","0","0","0","1","0","","36","05","2016","2016045234","4","40.1233","-76.3754","0653","08","0","0","0","0","0","0","1","0","","0","0","0","06","1","2","00","0","40 07:23.813","","00","76 22:31.361","4","0","0","0","36214","0","0","0","N","0","0","0","2","36214","2","","1","09","N","N","0","","0","0","0","0","0","","0652","2","2","0","0","0","0","0","3","1","2","N","","","","","","","","","","","","07","  ","","",""
"0822","1","0","0","0","0","0","0","0","0","4","0","","36","05","2016","2016045239","4","40.0732","-76.3201","0821","08","0","0","0","0","0","1","0","0","","0","0","0","08","1","0","02","0","40 04:23.400","","00","76 19:12.200","0","0","0","0","36101","0","0","0","N","0","0","0","2","36101","0","","1","01","N","N","0","","0","0","0","0","0","","0816","0","2","0","0","0","0","0","3","1","2","N","","","","","","","","","","","","03","  ","","",""
"0122","0","0","0","0","0","0","0","0","0","5","0","","36","04","2016","2016045242","6","40.0314","-76.2409","0118","08","0","0","0","0","0","0","0","0","","0","0","0","01","3","0","00","0","40 01:53.211","","00","76 14:27.169","0","0","0","0","36215","0","0","0","N","0","0","0","1","36215","0","","2","01","N","N","0","","0","0","2","0","0","","0117","0","2","0","0","0","0","0","1","0","2","N","","","","","","","","","","","","03","  ","","",""
"1523","0","0","0","0","0","0","0","0","0","1","0","","36","04","2016","2016045314","6","40.0937","-76.3294","1509","08","0","0","0","0","0","1","0","0","2","0","0","0","15","1","1","00","1","40 05:37.413","1","00","76 19:45.746","3","0","0","0","36101","0","0","0","N","0","0","0","4","36101","0","","1","01","N","N","0","","1","0","2","0","0","N","1507","1","3","0","0","0","0","0","3","1","3","N","","","","","","","","","","","","03","  ","","",""
"1732","1","0","0","0","0","0","0","0","0","1","0","","36","04","2016","2016045318","3","40.0968","-76.3288","1719","08","0","1","0","0","0","0","0","0","","0","0","0","17","1","0","00","0","40 05:48.609","","00","76 19:43.776","0","0","0","0","36101","0","0","0","N","0","0","0","3","36101","0","","1","01","N","N","1","","0","0","1","0","0","","1717","0","3","0","0","0","0","0","3","0","3","N","","","","","","","","","","","","03","  ","","",""
"1735","1","0","0","0","0","0","0","0","0","6","0","","36","04","2016","2016045332","4","40.007","-76.2776","1723","08","0","0","0","0","0","0","0","0","2","0","0","0","17","1","0","00","1","40 00:25.200","2","00","76 16:39.300","9","0","0","0","36301","0","0","0","N","0","0","0","3","36301","0","","1","01","N","N","0","","0","0","1","0","0","N","1723","0","2","0","0","0","0","2","3","0","2","N","","","","","","","","","","","","03","  ","","",""
"1800","0","0","0","0","0","0","0","0","0","7","0","","36","04","2016","2016045396","3","40.2037","-76.0192","1734","08","0","0","0","0","0","0","0","0","3","0","0","0","17","1","0","00","2","40 12:13.479","6","00","76 01:09.001","0","0","0","0","36202","0","0","0","","0","0","0","1","68J01","0","","4","01","N","N","0","","0","0","0","0","0","Y","1734","0","1","0","0","0","0","0","1","1","1","N","","","","","","","","","","","","03","  ","","",""
"2124","0","0","0","0","0","0","0","0","0","7","0","","36","04","2016","2016045397","3","40.1497","-75.9948","2123","08","0","0","0","0","0","1","0","0","","0","0","0","21","2","0","00","0","40 08:58.740","","00","75 59:41.422","0","0","0","0","36203","0","0","0","","0","0","0","1","68J01","0","","4","01","N","N","1","","0","0","0","0","0","","2122","0","1","0","0","0","0","0","1","0","1","N","","","","","","","","","","","","03","  ","","",""
"1604","2","0","0","0","0","0","0","0","0","4","0","","36","04","2016","2016045404","4","39.8313","-76.2636","1537","08","0","0","1","0","0","0","0","1","2","0","0","0","15","1","4","01","1","39 49:52.608","7","00","76 15:48.873","8","0","0","0","36208","0","0","0","","0","0","0","4","68J01","0","","1","01","N","N","0","","0","0","0","3","3","N","1534","4","2","0","0","0","4","0","1","0","2","N","","","","","","","","","","","","03","  ","","",""
"0853","1","0","0","0","0","0","0","0","0","4","0","","36","04","2016","2016045407","5","39.896","-76.1754","0853","08","0","0","0","1","0","1","0","0","","0","0","0","08","1","0","00","0","39 53:45.767","","00","76 10:31.614","0","0","0","0","36212","0","0","0","","0","0","0","2","68J01","0","","1","01","N","N","0","","0","0","0","0","0","","0853","0","2","0","0","0","0","0","1","1","2","N","","","","","","","","","","","","03","  ","","",""
"1720","1","0","0","0","0","0","0","0","0","1","0","","36","04","2016","2016045411","5","39.9084","-76.119","1719","08","0","1","0","0","0","1","0","0","1","0","0","0","17","1","0","00","1","39 54:30.249","6","00","76 07:08.426","0","0","0","0","36216","0","0","0","","0","0","0","2","68J01","0","","1","01","N","N","1","","0","0","0","0","0","N","1719","0","2","0","0","0","0","0","1","0","2","N","","","","","","","","","","","","03","  ","","",""
"0830","1","0","0","0","0","0","0","0","0","4","0","","36","04","2016","2016045417","7","40.0392","-76.0644","0822","08","0","0","0","1","0","1","0","0","2","0","0","0","08","1","0","01","1","40 02:21.008","2","00","76 03:51.801","0","0","0","0","36221","0","0","0","","0","0","0","4","68J01","0","","1","09","N","N","1","","0","0","0","3","3","N","0821","0","2","0","0","1","0","0","1","0","2","N","","","","","","","","","","","","07","  ","","",""
"2333","0","0","0","0","0","0","0","0","0","7","0","","36","04","2016","2016045476","7","39.8825","-76.2965","2314","08","0","0","0","0","0","1","0","0","","0","0","0","22","2","1","00","0","39 52:56.820","","00","76 17:47.420","3","0","0","0","36224","0","0","0","","0","0","0","1","68J01","0","","4","01","N","N","0","","1","0","1","0","0","","2200","1","1","0","0","0","0","0","1","0","1","N","","","","","","","","","","","","03","  ","","",""
"0907","1","0","0","0","0","0","0","0","0","4","0","","36","04","2016","2016045487","3","39.9298","-76.0547","0859","08","0","0","0","0","0","0","0","1","3","0","0","0","08","1","2","01","1","39 55:47.340","3","00","76 03:17.055","4","0","0","0","36201","0","0","0","","0","0","0","3","68J01","2","","1","09","N","N","0","","0","0","1","3","3","Y","0858","2","2","0","0","0","0","0","1","0","2","N","","","","","","","","","","","","07","  ","","",""
"0903","0","0","0","0","0","0","0","0","0","1","1","","36","04","2016","2016045490","5","40.2275","-76.3771","0855","08","0","0","0","0","0","1","0","0","","0","1","0","08","1","1","00","0","40 13:39.096","","00","76 22:35.630","3","0","0","0","36227","0","0","0","","0","0","0","2","68T06","0","","1","01","N","N","1","","1","0","0","0","0","","0853","1","2","0","0","1","0","0","1","0","2","N","","","","","","","","","","","","03","  ","","",""
"1909","1","0","0","0","0","0","0","0","0","1","0","","36","04","2016","2016045514","4","40.0381","-76.3215","1905","08","0","0","0","0","0","1","0","0","","0","0","0","18","1","0","02","0","40 02:17.091","","00","76 19:17.471","0","0","0","0","36301","0","0","0","N","0","0","0","3","36301","0","","1","01","N","N","1","","0","0","0","0","0","","1856","0","2","0","0","0","0","0","3","0","2","N","","","","","","","","","","","","03","  ","","",""
"0037","1","0","0","0","0","0","0","0","0","5","0","","36","04","2016","2016045527","4","40.0414","-76.3133","0034","08","0","0","0","0","0","0","0","0","1","0","0","0","00","3","1","00","1","40 02:28.900","2","00","76 18:47.900","4","0","0","0","36301","0","0","0","N","0","0","0","1","36301","1","","6","01","N","N","0","","0","0","1","0","0","N","0031","1","2","0","0","0","0","0","3","0","2","N","","","","","","","","","","","","03","  ","","",""
"1012","1","0","0","0","0","0","0","0","0","1","0","","36","04","2016","2016045528","5","40.0483","-76.231","1001","08","0","0","0","0","0","1","0","0","1","0","0","1","10","1","2","00","1","40 02:53.999","5","07","76 13:51.507","2","0","0","0","36215","2","0","1","N","0","0","0","3","36215","0","","1","01","N","N","0","","1","1","0","0","0","N","1001","2","2","0","0","0","0","0","1","0","1","N","","","","","","","","","","","","03","  ","","",""
"0021","0","0","0","0","0","0","0","0","0","9","0","","36","05","2016","2016045529","5","40.1355","-76.2092","0013","08","0","0","0","0","0","1","0","0","","0","0","0","00","2","0","00","0","40 08:07.867","","00","76 12:33.260","0","0","0","0","36238","0","0","0","N","0","0","0","1","36238","0","","1","01","N","N","1","","0","0","0","0","0","","0010","0","1","0","0","0","0","0","3","0","1","N","","","","","","","","","","","","03","  ","","",""
"0747","1","0","0","0","0","0","0","0","0","1","0","","36","04","2016","2016045544","5","40.1153","-76.2915","0739","08","0","0","0","0","0","0","0","1","1","0","0","0","07","1","0","00","1","40 06:55.200","4","00","76 17:29.500","0","0","0","0","36101","0","0","0","N","0","0","0","2","36101","0","","1","01","N","N","1","","0","0","0","0","0","N","0734","0","2","0","0","0","0","0","3","0","2","N","","","","","","","","","","","","03","  ","","",""
"2326","1","0","0","0","0","0","0","0","0","4","0","","36","04","2016","2016045549","4","40.1628","-76.1499","2322","08","0","0","0","0","0","0","0","0","","0","0","0","23","2","0","01","0","40 09:46.140","","02","76 08:59.472","0","0","0","0","36238","0","0","0","N","0","0","0","2","36238","0","","1","01","N","N","1","","0","0","0","3","2","","2317","0","2","0","0","0","0","0","3","0","2","N","","","","","","","","","","","","03","  ","","",""
"1318","0","0","0","0","0","0","0","0","0","7","0","","36","04","2016","2016045575","5","39.9407","-76.0762","1312","08","0","0","0","0","0","0","0","0","3","0","0","0","13","1","1","00","2","39 56:26.630","5","03","76 04:34.140","3","0","0","0","36201","0","0","0","","0","0","0","1","68J01","0","","2","01","N","N","0","","1","0","1","0","0","N","1306","1","1","0","0","0","0","0","1","0","1","N","","","","","","","","","","","","03","  ","","",""
"0552","0","0","0","0","0","0","0","0","0","7","0","","36","04","2016","2016045577","7","39.8841","-76.1792","0539","08","0","0","0","0","0","1","0","0","2","0","0","0","05","5","0","00","1","39 53:02.860","1","00","76 10:45.010","0","0","0","0","36212","0","0","0","","0","0","0","1","68J01","0","","4","01","N","N","0","","0","0","1","0","0","N","0536","0","1","0","0","0","0","0","1","0","1","N","","","","","","","","","","","","03","  ","","",""
"1627","1","0","1","0","0","0","0","0","0","7","0","","36","04","2016","2016045587","3","39.9832","-76.1435","1616","08","0","0","0","0","0","0","0","0","","0","0","0","16","1","1","00","0","39 58:59.595","","00","76 08:36.483","2","0","0","0","36226","0","0","0","","0","0","0","1","68J01","0","","2","01","N","N","0","","0","1","0","0","0","","1612","1","1","0","0","0","0","0","1","0","1","N","","","","","","","","","","","","03","  ","","",""
"1704","1","0","0","0","0","0","0","0","0","1","0","","36","05","2016","2016045616","4","40.08","-76.2791","1650","08","0","0","0","0","0","1","0","0","","0","0","0","16","1","1","00","0","40 04:48.179","","00","76 16:44.790","4","0","0","0","36101","0","0","0","N","0","0","0","2","36101","1","","1","01","N","N","0","","0","0","0","0","0","","1641","1","2","0","0","0","0","0","3","1","2","N","","","","","","","","","","","","03","  ","","",""
"2341","1","0","1","0","0","0","0","0","0","7","0","","36","03","2016","2016045625","7","40.0618","-76.2114","2339","08","0","0","0","0","0","0","0","0","2","0","0","0","23","2","1","00","2","40 03:42.457","5","00","76 12:40.863","2","0","0","0","36215","0","0","0","N","0","0","0","1","36215","0","","4","01","N","N","0","","0","1","0","0","0","Y","2337","1","1","0","0","0","0","0","1","0","1","N","","","","","","","","","","","","03","  ","","",""
"0723","2","0","0","0","0","0","0","0","0","4","0","","36","05","2016","2016045648","5","40.1805","-76.2111","0718","08","0","1","0","0","0","0","0","0","2","0","0","0","07","1","0","01","1","40 10:49.758","4","00","76 12:39.923","0","0","0","0","36218","0","0","0","N","0","0","0","3","36408","0","","1","01","N","N","0","","0","0","0","3","3","N","0714","0","2","0","0","0","0","0","1","0","2","N","","","","","","","","","","","","03","  ","","",""
"1234","1","0","0","0","0","0","0","0","0","1","0","","36","05","2016","2016045700","5","40.0462","-76.3631","1234","08","0","0","0","1","0","0","0","0","","0","0","0","12","1","0","00","0","40 02:46.308","","07","76 21:47.019","0","0","0","0","36214","0","0","0","N","0","0","0","2","36214","0","","1","01","N","N","0","","0","0","1","0","0","","1234","0","2","0","0","0","0","0","3","0","2","N","","","","","","","","","","","","03","  ","","",""
"1453","2","0","0","0","0","0","0","0","0","4","0","","36","05","2016","2016045709","5","40.044","-76.3096","1451","08","0","0","0","0","0","0","0","0","2","0","0","0","14","1","1","01","1","40 02:38.428","4","00","76 18:34.470","4","0","0","0","36301","0","0","0","N","0","0","0","2","36301","1","","1","01","N","N","0","","0","0","0","3","3","Y","1450","1","2","0","0","0","0","0","3","0","2","N","","","","","","","","","","","","03","  ","","",""
"1341","0","0","0","0","0","0","0","0","0","7","0","","36","04","2016","2016045766","7","40.2248","-76.2977","1331","08","0","0","0","0","0","0","1","0","2","0","0","0","13","1","1","00","2","40 13:29.237","4","00","76 17:51.550","3","0","0","0","36217","0","0","0","","0","0","0","1","68J01","0","","5","01","N","N","1","","1","0","0","0","0","N","1331","1","1","0","0","0","0","0","1","0","1","N","","","","","","","","","","","","03","  ","","",""
"1730","1","0","0","0","0","0","0","0","0","1","0","","36","05","2016","2016045827","5","40.0438","-76.3914","1727","08","0","0","0","1","0","0","0","1","2","0","0","0","17","1","0","00","1","40 02:37.572","2","00","76 23:28.878","0","0","0","0","36214","0","0","0","N","0","0","0","3","36214","0","","1","01","N","N","0","","0","0","1","0","0","N","1725","0","2","0","0","0","0","0","3","0","2","N","","","","","","","","","","","","03","  ","","",""
"1646","1","0","0","0","0","0","0","0","0","8","0","","36","03","2016","2016045828","3","40.0377","-76.3085","1640","08","0","0","0","0","0","0","0","0","","0","0","0","16","1","1","01","0","40 02:15.572","","00","76 18:30.512","4","0","0","0","36301","1","0","0","N","1","0","0","1","36301","1","","1","01","N","N","0","","0","0","0","3","2","","1634","1","2","0","0","0","0","0","3","0","1","N","","","","","","","","","","","","03","  ","","",""
"0214","2","0","0","0","0","0","0","0","0","4","0","","36","05","2016","2016045837","1","40.0087","-76.343","0211","08","0","0","0","1","0","0","0","0","2","0","0","0","02","3","2","02","1","40 00:31.485","3","00","76 20:34.745","4","0","0","0","36412","0","0","0","N","0","0","0","4","36412","2","","1","01","N","N","1","","0","0","0","3","2","N","0211","2","3","0","0","0","0","0","3","0","3","N","","","","","","","","","","","","03","  ","","",""
"1150","1","0","0","0","0","0","0","0","0","4","0","","36","04","2016","2016045843","7","40.0379","-76.5042","1146","08","0","0","0","0","0","2","0","0","1","0","0","0","11","1","0","01","2","40 02:16.558","5","00","76 30:14.950","0","0","0","0","36404","0","0","0","N","0","0","0","2","36404","0","","1","01","N","N","1","","0","0","0","3","3","Y","1145","0","2","0","0","0","0","0","3","0","2","N","","","","","","","","","","","","03","  ","","",""
"1652","1","0","0","0","0","0","0","0","0","7","0","","36","04","2016","2016045867","7","40.1742","-76.1438","1651","08","0","0","0","0","0","0","0","0","2","0","0","0","16","1","0","00","1","40 10:27.290","1","00","76 08:37.602","0","0","0","0","36218","0","0","0","N","0","0","0","1","36408","0","","4","01","N","N","0","","0","0","0","0","0","N","1649","0","1","0","0","0","0","0","1","0","1","N","","","","","","","","","","","","03","  ","","",""
"1505","2","0","0","0","0","0","0","0","0","1","0","","36","05","2016","2016045946","3","40.0515","-76.3033","1502","08","0","0","0","1","0","0","0","0","","0","0","0","15","1","1","00","0","40 03:05.500","","00","76 18:11.700","4","0","0","0","36301","0","0","0","N","0","0","0","1","36301","1","","6","01","N","N","0","","0","0","0","0","0","","1502","1","2","0","0","0","0","0","3","0","2","N","","","","","","","","","","","","03","  ","","",""
"1607","0","0","0","0","0","0","0","0","0","4","0","","36","04","2016","2016045949","4","40.0275","-76.3028","1605","08","0","0","0","0","0","1","0","0","2","0","0","0","16","1","0","00","1","40 01:39.000","3","07","76 18:10.100","0","0","0","0","36301","0","0","0","N","0","0","0","2","36301","0","","1","01","N","Y","0","","0","0","2","0","0","Y","1605","0","2","0","0","0","0","0","3","0","2","N","","","","","","","","","","","","03","  ","","",""
"1840","0","0","0","0","0","0","0","0","0","0","0","","36","04","2016","2016045965","4","40.0697","-76.5756","1834","08","0","0","0","0","0","0","0","0","2","0","0","0","18","1","1","02","2","40 04:11.013","6","00","76 34:32.199","8","0","0","1","36211","0","0","0","N","0","0","0","1","36504","0","","1","01","N","N","0","","0","0","0","0","0","Y","1830","1","1","0","0","0","1","0","1","0","1","N","","","","","","","","","","","","03","  ","","",""
"1510","0","0","0","0","0","0","0","0","0","6","1","","36","05","2016","2016045973","5","40.0982","-76.445","1505","08","0","0","0","0","0","0","1","0","1","0","1","0","14","1","0","00","2","40 05:53.509","1","00","76 26:42.024","0","0","0","0","36239","0","0","0","N","0","0","0","2","36239","0","","1","01","N","N","0","","0","0","1","0","0","Y","1452","0","2","0","0","0","0","0","3","0","2","N","","","","","","","","","","","","03","  ","","",""
"1457","1","0","0","0","0","0","0","0","0","6","1","","36","05","2016","2016045977","2","40.1316","-76.212","1455","08","0","0","0","1","0","0","0","0","","0","1","0","14","1","0","02","0","40 07:53.587","","00","76 12:43.304","0","0","0","0","36238","0","0","0","N","0","0","0","2","36238","0","","1","01","N","N","0","","0","0","0","3","3","","1452","0","2","0","0","0","0","0","3","0","2","N","","","","","","","","","","","","03","  ","","",""
"1450","2","0","0","0","0","0","0","0","0","5","0","","36","04","2016","2016046017","3","40.0347","-76.313","1436","08","0","0","0","0","0","1","0","0","2","0","0","0","14","1","1","00","2","40 02:05.000","4","00","76 18:46.900","4","0","0","0","36301","0","0","0","N","0","0","0","2","36301","1","","1","01","N","N","0","","0","0","0","0","0","Y","1434","1","3","0","0","1","0","0","3","1","3","N","","","","","","","","","","","","03","  ","","",""
"1123","1","0","0","0","0","0","0","0","0","1","0","","36","05","2016","2016046038","6","40.0441","-76.2926","1118","08","0","0","0","0","0","0","0","0","2","0","0","0","11","1","1","00","2","40 02:38.900","4","00","76 17:33.200","3","0","0","0","36301","0","0","0","N","0","0","0","2","36301","0","","1","09","N","N","0","","1","0","2","0","0","Y","1118","1","3","0","0","0","0","0","3","0","3","N","","","","","","","","","","","","07","  ","","",""
"0902","2","0","0","0","0","0","0","0","0","4","0","","36","05","2016","2016046044","2","40.0432","-76.3182","0900","08","0","0","0","0","0","0","0","0","","0","0","0","08","1","1","01","0","40 02:35.469","","00","76 19:05.620","3","0","0","0","36301","0","0","0","N","0","0","0","2","36301","0","","1","09","N","N","0","","1","0","0","3","3","","0840","1","2","0","0","0","0","0","3","0","2","N","","","","","","","","","","","","03","  ","","",""
"2032","1","0","0","0","0","0","0","0","0","7","0","","36","04","2016","2016046203","7","40.04","-76.2885","2026","08","0","0","0","0","0","0","0","0","","0","0","0","20","3","0","00","0","40 02:24.064","","00","76 17:18.701","0","0","0","0","36301","0","0","0","N","0","0","0","1","36301","0","","4","01","N","N","0","","0","0","0","0","0","","2026","0","1","0","0","0","0","0","3","0","1","N","","","","","","","","","","","","03","  ","","",""
"1936","1","0","0","0","0","0","0","0","0","4","0","","36","05","2016","2016046270","6","40.0691","-76.3569","1930","08","0","0","0","1","0","0","0","0","1","0","0","0","19","4","0","01","1","40 04:08.816","4","00","76 21:24.786","0","0","0","0","36214","0","0","0","N","0","0","0","2","36214","0","","1","09","N","N","1","","0","0","0","3","2","Y","1925","0","2","0","0","0","0","0","3","0","2","N","","","","","","","","","","","","07","  ","","",""
"1732","1","0","0","0","0","0","0","0","0","1","0","","36","05","2016","2016046287","3","40.2142","-76.0963","1729","08","0","0","0","0","0","0","0","0","2","0","0","0","12","1","3","00","1","40 12:51.066","1","00","76 05:46.668","2","0","0","0","36210","0","0","0","N","0","0","0","3","36210","0","","1","01","N","N","0","","2","1","1","0","0","N","1227","3","2","0","1","1","0","0","1","0","2","N","","","","","","","","","","","","03","  ","","",""
"1956","1","0","0","0","0","0","0","0","0","1","0","","36","05","2016","2016046304","6","40.0955","-76.1094","1949","08","0","0","1","0","0","0","0","0","","0","0","0","19","1","1","00","0","40 05:43.880","","00","76 06:33.888","8","0","0","0","36209","0","0","0","N","0","0","0","2","36415","0","","1","09","N","N","1","","0","0","0","0","0","","1949","1","2","0","0","0","1","0","1","0","2","N","","","","","","","","","","","","07","  ","","",""
"0134","1","0","0","0","0","0","0","0","0","7","0","","36","05","2016","2016046309","7","40.0708","-76.2928","0131","08","0","0","0","0","0","0","0","0","","0","0","0","01","3","0","02","0","40 04:14.858","","00","76 17:33.997","0","0","0","0","36101","0","0","0","N","0","0","0","1","36101","0","","5","09","N","N","0","","0","0","0","0","0","","0129","0","1","0","0","0","0","0","3","0","1","N","","","","","","","","","","","","07","  ","","",""
"1624","1","0","0","0","0","0","0","0","0","1","0","","36","05","2016","2016046359","6","40.0413","-76.4265","1622","08","0","0","0","0","0","1","0","0","1","0","0","0","16","1","1","02","1","40 02:28.659","2","00","76 25:35.429","4","0","0","0","36414","0","0","0","N","0","0","0","3","36239","1","","1","09","N","N","1","","0","0","0","3","2","N","1622","1","2","0","0","1","0","0","3","0","2","N","","","","","","","","","","","","07","  ","","",""
"1605","0","0","0","0","0","0","0","0","0","1","0","","36","05","2016","2016046467","3","40.1346","-76.3817","1557","08","0","0","0","0","0","0","0","0","","0","0","0","15","1","0","00","0","40 08:04.694","","00","76 22:53.981","0","0","0","0","36227","0","0","0","N","0","0","0","2","36506","0","","1","01","N","N","1","","0","0","1","0","0","","1557","0","2","0","0","0","0","0","1","0","2","N","","","","","","","","","","","","03","  ","","",""
"0454","1","0","0","0","0","0","0","0","0","7","0","","36","05","2016","2016046523","7","40.0885","-76.5056","0441","08","0","0","0","0","0","0","0","0","3","0","0","0","04","2","0","00","2","40 05:18.600","6","03","76 30:20.200","0","0","0","0","36211","0","0","0","N","0","0","0","1","36504","0","","2","09","N","N","0","","0","0","0","0","0","N","0435","0","1","0","0","0","0","0","1","0","1","N","","","","","","","","","","","","03","  ","","",""
"1128","2","0","0","0","0","0","0","0","0","4","0","","36","05","2016","2016046575","3","40.0472","-76.3143","1128","08","0","0","0","0","0","1","0","0","","0","0","0","11","1","0","00","0","40 02:50.000","","07","76 18:51.300","0","0","0","0","36301","0","0","0","N","0","0","0","2","36301","0","","1","01","N","N","0","","0","0","0","0","0","","1128","0","2","0","0","0","0","0","3","0","2","N","","","","","","","","","","","","03","  ","","",""
"1227","1","0","0","0","0","0","0","0","0","7","0","","36","05","2016","2016046583","6","40.0622","-76.2863","1224","08","0","0","0","0","0","1","0","0","1","0","0","0","12","1","1","00","2","40 03:44.030","5","00","76 17:10.642","8","0","0","0","36101","0","0","0","N","0","0","0","1","36101","0","","5","09","N","N","0","","0","0","0","0","0","Y","1224","1","1","0","0","0","1","0","3","0","1","N","","","","","","","","","","","","07","  ","","",""