"ARRIVAL_TM","AUTOMOBILE_COUNT","BELTED_DEATH_COUNT","BELTED_SUSP_SERIOUS_INJ_COUNT","BICYCLE_COUNT","BICYCLE_DEATH_COUNT","BICYCLE_SUSP_SERIOUS_INJ_COUNT","BUS_COUNT","CHLDPAS_DEATH_COUNT","CHLDPAS_SUSP_SERIOUS_INJ_COUNT","COLLISION_TYPE","COMM_VEH_COUNT","CONS_ZONE_SPD_LIM","COUNTY","CRASH_MONTH","CRASH_YEAR","CRN","DAY_OF_WEEK","DEC_LAT","DEC_LONG","DISPATCH_TM","DISTRICT","DRIVER_COUNT_16YR","DRIVER_COUNT_17YR","DRIVER_COUNT_18YR","DRIVER_COUNT_19YR","DRIVER_COUNT_20YR","DRIVER_COUNT_50_64YR","DRIVER_COUNT_65_74YR","DRIVER_COUNT_75PLUS","EST_HRS_CLOSED","FATAL_COUNT","HEAVY_TRUCK_COUNT","HORSE_BUGGY_COUNT","HOUR_OF_DAY","ILLUMINATION","INJURY_COUNT","INTERSECT_TYPE","LANE_CLOSED","LATITUDE","LN_CLOSE_DIR","LOCATION_TYPE","LONGITUDE","MAX_SEVERITY_LEVEL","MCYCLE_DEATH_COUNT","MCYCLE_SUSP_SERIOUS_INJ_COUNT","MOTORCYCLE_COUNT","MUNICIPALITY","NONMOTR_COUNT","NONMOTR_DEATH_COUNT","NONMOTR_SUSP_SERIOUS_INJ_COUNT","NTFY_HIWY_MAINT","PED_COUNT","PED_DEATH_COUNT","PED_SUSP_SERIOUS_INJ_COUNT","PERSON_COUNT","POLICE_AGCY","POSSIBLE_INJ_COUNT","RDWY_SURF_TYPE_CD","RELATION_TO_ROAD","ROAD_CONDITION","SCH_BUS_IND","SCH_ZONE_IND","SMALL_TRUCK_COUNT","SPEC_JURIS_CD","SUSP_MINOR_INJ_COUNT","SUSP_SERIOUS_INJ_COUNT","SUV_COUNT","TCD_FUNC_CD","TCD_TYPE","TFC_DETOUR_IND","TIME_OF_DAY","TOT_INJ_COUNT","TOTAL_UNITS","UNB_DEATH_COUNT","UNB_SUSP_SERIOUS_INJ_COUNT","UNBELTED_OCC_COUNT","UNK_INJ_DEG_COUNT","UNK_INJ_PER_COUNT","URBAN_RURAL","VAN_COUNT","VEHICLE_COUNT","WORK_ZONE_IND","WORK_ZONE_LOC","WORK_ZONE_TYPE","WORKERS_PRES","WZ_CLOSE_DETOUR","WZ_FLAGGER","WZ_LAW_OFFCR_IND","WZ_LN_CLOSURE","WZ_MOVING","WZ_OTHER","WZ_SHLDER_MDN","ROADWAY_CLEARED","WEATHER1","WEATHER2","WZ_WORKERS_INJ_KILLED","SECONDARY_CRASH","INTERSECTION_RELATED"
"1152","4","0","0","0","0","0","0","0","0","1","0","","36","05","2016","2016046586","7","40.0788","-76.3385","1148","08","0","0","0","0","1","1","1","0","1","0","0","0","11","1","1","00","1","40 04:43.701","2","00","76 20:18.665","4","0","0","0","36101","0","0","0","N","0","0","0","5","36101","1","","1","01","N","N","0","","0","0","0","0","0","N","1148","1","4","0","0","1","0","1","3","0","4","N","","","","","","","","","","","","03","  ","","",""
"0645","0","0","0","0","0","0","0","0","0","7","0","","36","05","2016","2016046593","1","40.146","-76.0325","0640","08","0","0","0","0","0","0","0","0","2","0","0","0","02","2","1","00","1","40 08:45.580","2","00","76 01:57.137","3","0","0","0","36213","0","0","0","Y","0","0","0","1","36213","0","","4","09","N","N","1","","1","0","0","0","0","N","0200","1","1","0","0","0","0","0","1","0","1","N","","","","","","","","","","","","99","  ","","",""
"1222","1","0","0","0","0","0","0","0","0","1","0","","36","05","2016","2016046614","1","40.1314","-76.2166","1217","08","0","0","0","0","0","0","1","0","1","0","0","0","12","1","1","00","1","40 07:52.987","2","00","76 12:59.829","4","0","0","0","36238","0","0","0","N","0","0","0","2","36238","1","","1","01","N","N","1","","0","0","0","0","0","N","1212","1","2","0","0","0","0","0","3","0","2","N","","","","","","","","","","","","03","  ","","",""
"1332","0","0","0","0","0","0","0","0","0","7","0","","36","05","2016","2016046617","1","40.1646","-76.4619","1329","08","0","0","0","0","0","1","0","0","","0","0","0","13","1","1","03","0","40 09:52.556","","00","76 27:42.945","3","0","0","1","36230","0","0","0","N","0","0","0","1","36410","0","","5","01","N","N","0","","1","0","0","0","0","","1329","1","1","0","0","0","0","0","1","0","1","N","","","","","","","","","","","","03","  ","","",""
"1620","0","0","0","0","0","0","0","0","0","1","0","","36","05","2016","2016046628","7","39.9858","-76.3154","1615","08","0","0","0","0","0","0","0","0","","0","0","0","16","1","0","01","0","39 59:09.014","","00","76 18:55.276","0","0","0","0","36228","0","0","0","Y","0","0","0","3","36503","0","","1","01","N","N","1","","0","0","1","3","2","","1615","0","2","0","0","0","0","0","1","0","2","N","","","","","","","","","","","","03","  ","","",""
"1537","1","0","0","0","0","0","0","0","0","4","0","","36","05","2016","2016046637","1","40.0726","-76.395","1533","08","0","1","0","0","0","0","1","0","2","0","0","0","15","1","1","01","2","40 04:21.349","6","00","76 23:41.920","4","0","0","0","36214","0","0","0","N","0","0","0","3","36214","1","","1","01","N","N","0","","0","0","1","3","3","Y","1530","1","2","0","0","0","0","0","3","0","2","N","","","","","","","","","","","","03","  ","","",""
"1726","0","0","0","0","0","0","0","0","0","7","0","","36","04","2016","2016046755","5","39.9669","-76.4541","1700","08","0","0","0","0","1","0","0","0","3","0","0","0","16","1","0","00","2","39 58:00.660","2","00","76 27:14.596","0","0","0","0","36223","0","0","0","","0","0","0","1","36223","0","","5","2","N","N","1","","0","0","0","0","0","N","1650","0","1","0","0","0","0","0","1","0","1","N","","","","","","","","","","","","03","  ","","",""
"2043","1","0","0","0","0","0","0","0","0","4","0","","36","05","2016","2016046762","2","40.0258","-76.2091","2033","08","0","0","0","0","0","1","0","0","2","0","0","0","20","3","0","00","1","40 01:32.834","4","07","76 12:32.898","0","0","0","0","36215","0","0","0","N","0","0","0","4","36215","0","","1","09","N","N","0","","0","0","1","3","2","N","2030","0","2","0","0","0","0","0","1","0","2","N","","","","","","","","","","","","07","  ","","",""
"2336","0","0","0","0","0","0","0","0","0","9","0","","36","05","2016","2016046766","7","40.1814","-76.133","2328","08","0","0","0","0","0","0","0","0","","0","0","0","23","2","0","00","0","40 10:53.016","","00","76 07:58.663","0","0","0","0","36218","0","0","0","N","0","0","0","1","36408","0","","1","01","N","N","0","","0","0","1","0","0","","2326","0","1","0","0","0","0","0","1","0","1","N","","","","","","","","","","","","03","  ","","",""
"0022","1","0","0","0","0","0","0","0","0","7","0","","36","05","2016","2016046772","1","40.1811","-76.1305","0018","08","0","0","0","0","0","0","0","0","1","0","0","0","00","2","1","00","2","40 10:51.977","6","00","76 07:49.652","2","0","0","0","36218","0","0","0","N","0","0","0","1","36408","0","","5","01","N","N","0","","0","1","0","0","0","Y","0016","1","1","0","1","1","0","0","1","0","1","N","","","","","","","","","","","","03","  ","","",""
"1934","2","0","0","0","0","0","0","0","0","4","0","","36","05","2016","2016046773","2","40.0515","-76.3039","1929","08","0","0","0","0","0","1","0","0","1","0","0","0","18","1","0","01","1","40 03:05.573","4","00","76 18:13.945","0","0","0","0","36301","0","0","0","N","0","0","0","3","36301","0","","1","01","N","N","0","","0","0","0","1","2","N","1843","0","2","0","0","0","0","0","3","0","2","N","","","","","","","","","","","","03","  ","","",""
"0524","1","0","0","0","0","0","0","0","0","7","0","","36","05","2016","2016046783","1","40.1192","-76.0514","0521","08","0","0","0","0","0","0","0","0","2","0","0","0","05","3","2","00","2","40 07:09.291","3","00","76 03:05.213","8","0","0","0","36213","0","0","0","N","0","0","0","2","36213","0","","4","01","N","N","0","","0","0","0","0","0","N","0518","2","1","0","0","0","2","0","1","0","1","N","","","","","","","","","","","","03","  ","","",""
"2208","2","0","0","0","0","0","0","0","0","5","0","","36","05","2016","2016046790","6","40.0452","-76.2482","2203","08","0","0","0","0","0","2","0","0","2","0","0","0","22","3","2","00","1","40 02:42.577","4","00","76 14:53.589","3","0","0","0","36215","0","0","0","N","0","0","0","4","36215","0","","1","09","N","N","0","","2","0","0","0","0","N","2202","2","2","0","0","0","0","0","1","0","2","N","","","","","","","","","","","","07","  ","","",""
"1930","1","0","0","1","0","0","0","0","0","4","0","","36","04","2016","2016046824","4","40.0399","-76.3029","1930","08","0","0","0","0","0","1","0","0","","0","0","0","19","4","1","01","0","40 02:23.504","","00","76 18:10.551","4","0","0","0","36301","1","0","0","N","0","0","0","2","36301","1","","1","01","N","N","0","","0","0","0","3","3","","1930","1","2","0","0","0","0","0","3","0","1","N","","","","","","","","","","","","03","  ","","",""
"0504","1","0","0","0","0","0","0","0","0","1","0","","36","04","2016","2016046832","6","40.0389","-76.2972","0501","08","0","0","0","1","0","0","0","0","1","0","0","0","05","5","1","00","1","40 02:20.008","3","00","76 17:49.873","4","0","0","0","36301","0","0","0","N","0","0","0","3","36301","1","","1","09","N","N","0","","0","0","1","0","0","N","0501","1","2","0","0","0","0","0","3","0","2","N","","","","","","","","","","","","07","  ","","",""
"0829","1","0","0","0","0","0","0","0","0","4","0","","36","05","2016","2016046877","7","40.0959","-76.4104","0828","08","0","0","0","0","1","0","0","1","","0","0","0","08","1","0","02","0","40 05:45.220","","07","76 24:37.550","0","0","0","0","36214","0","0","0","","0","0","0","2","36214","0","","1","09","N","N","0","","0","0","1","0","0","","0827","0","2","0","0","0","0","0","3","0","2","N","","","","","","","","","","","","03","  ","","",""
"1042","0","0","0","0","0","0","0","0","0","1","0","","36","05","2016","2016046878","7","40.0388","-76.3582","1027","08","0","0","0","1","0","0","0","0","1","0","0","0","10","1","1","00","1","40 02:19.614","4","00","76 21:29.622","3","0","0","0","36214","0","0","0","","0","0","0","3","36214","0","","1","01","N","N","1","","1","0","0","0","0","N","1025","1","2","0","0","0","0","0","3","1","2","N","","","","","","","","","","","","03","  ","","",""
"1030","1","0","0","0","0","0","0","0","0","4","0","","36","05","2016","2016046880","5","40.052","-76.3102","1020","08","0","0","0","0","0","0","0","0","1","0","0","0","10","1","0","01","1","40 03:07.058","2","00","76 18:36.898","0","0","0","0","36301","0","0","0","N","0","0","0","2","36301","0","","1","01","N","N","0","","0","0","0","3","2","N","1020","0","2","0","0","0","0","0","3","1","2","N","","","","","","","","","","","","03","  ","","",""
"0852","2","0","0","0","0","0","0","0","0","1","0","","36","04","2016","2016046953","7","40.0706","-76.3179","0847","08","0","0","0","0","0","0","0","0","1","0","0","0","08","1","1","00","1","40 04:14.022","4","00","76 19:04.301","3","0","0","0","36101","0","0","0","N","0","0","0","10","36101","0","","1","01","N","N","0","","1","0","3","0","0","N","0845","1","5","0","0","0","0","0","3","0","5","N","","","","","","","","","","","","03","  ","","",""
"1304","1","0","0","0","0","0","0","0","0","4","0","","36","05","2016","2016047056","1","40.1145","-76.6467","1253","08","0","0","0","0","0","0","0","0","2","0","0","0","12","1","1","01","1","40 06:52.300","3","00","76 38:48.076","8","0","0","0","36237","0","0","0","N","0","0","0","6","36505","0","","1","01","N","N","1","","0","0","0","3","3","Y","1250","1","2","0","0","0","1","0","1","0","2","N","","","","","","","","","","","","03","  ","","",""
"2011","1","0","0","0","0","0","0","0","0","4","0","","36","04","2016","2016047082","4","39.7566","-76.1019","1956","08","0","0","0","0","0","1","0","0","","0","0","0","19","1","0","01","0","39 45:23.616","","00","76 06:06.872","9","0","0","0","36222","0","0","0","","0","0","0","4","68J01","0","","1","01","N","N","1","","0","0","0","3","3","","1955","0","2","0","0","1","0","2","1","0","2","N","","","","","","","","","","","","03","  ","","",""
"2348","1","0","0","0","0","0","0","0","0","6","1","","36","04","2016","2016047142","4","39.9922","-76.0211","2341","08","0","0","0","0","0","0","0","0","3","0","1","0","23","2","1","00","2","39 59:31.876","6","00","76 01:15.817","8","0","0","0","36232","0","0","0","","0","0","0","2","68J01","0","","1","01","N","N","0","","0","0","0","0","0","Y","2341","1","2","0","0","1","1","0","1","0","2","N","","","","","","","","","","","","03","  ","","",""
"1843","1","0","0","0","0","0","0","0","0","4","0","","36","05","2016","2016047171","5","40.1906","-76.1879","1838","08","0","0","0","0","0","0","0","1","2","0","0","0","18","1","2","01","1","40 11:26.289","7","00","76 11:16.443","3","0","0","0","36408","0","0","0","N","0","0","0","2","36408","0","","1","01","N","N","0","","1","0","0","3","3","N","1836","2","2","0","0","0","1","0","2","1","2","N","","","","","","","","","","","","03","  ","","",""
"1320","1","0","0","0","0","0","0","0","0","4","0","","36","05","2016","2016047176","1","40.1037","-76.2536","1312","08","0","0","0","0","0","0","0","0","1","0","0","0","13","1","1","02","1","40 06:13.478","5","00","76 15:13.072","4","0","0","0","36101","0","0","0","N","0","0","0","2","36101","1","","1","01","N","N","0","","0","0","1","3","3","N","1310","1","2","0","0","0","0","0","3","0","2","N","","","","","","","","","","","","03","  ","","",""
"0040","1","0","0","0","0","0","0","0","0","7","0","","36","04","2016","2016047224","7","40.0092","-76.4517","0032","08","0","0","0","0","0","1","0","0","2","0","0","0","00","2","0","00","1","40 00:33.164","3","00","76 27:05.941","0","0","0","0","36223","0","0","0","N","0","0","0","1","36223","0","","4","01","N","N","0","","0","0","0","0","0","Y","0031","0","1","0","0","0","0","0","1","0","1","N","","","","","","","","","","","","03","  ","","",""
"1306","1","0","0","0","0","0","0","0","0","4","1","","36","05","2016","2016047322","2","40.068","-76.3037","1258","08","0","0","0","0","0","0","0","0","1","0","1","0","12","1","0","00","1","40 04:04.656","3","00","76 18:13.447","9","0","0","0","36101","0","0","0","N","0","0","0","2","36101","0","","1","01","N","N","0","","0","0","0","0","0","N","1245","0","2","0","0","0","0","1","3","0","2","N","","","","","","","","","","","","03","  ","","",""
"1237","1","0","0","0","0","0","0","0","0","4","0","","36","05","2016","2016047326","7","40.2835","-76.1535","1234","08","0","0","0","1","0","1","0","0","","0","0","0","12","1","0","01","0","40 17:00.664","","00","76 09:12.685","0","0","0","0","36236","0","0","0","N","0","0","0","2","36408","0","","1","01","N","N","1","","0","0","0","3","3","","1233","0","2","0","0","0","0","0","1","0","2","N","","","","","","","","","","","","03","  ","","",""
"1155","1","0","0","0","0","0","0","0","0","4","0","","36","05","2016","2016047363","2","40.0573","-76.3972","1153","08","0","0","0","0","0","1","0","1","","0","0","0","11","1","0","00","0","40 03:26.457","","00","76 23:50.035","0","0","0","0","36214","0","0","0","N","0","0","0","2","36214","0","","1","01","N","N","0","","0","0","0","0","0","","1153","0","2","0","0","0","0","0","3","1","2","N","","","","","","","","","","","","03","  ","","",""
"2021","2","0","0","0","0","0","0","0","0","4","0","","36","05","2016","2016047364","4","40.0331","-76.2452","2021","08","0","0","0","0","0","0","0","0","2","0","0","0","20","3","1","02","2","40 01:59.353","4","00","76 14:42.859","8","0","0","0","36215","0","0","0","N","0","0","0","6","36215","0","","1","09","N","N","0","","0","0","0","3","2","Y","2021","1","2","0","0","0","1","0","1","0","2","N","","","","","","","","","","","","07","  ","","",""
"1555","1","0","0","0","0","0","0","0","0","1","0","","36","05","2016","2016047395","2","40.1522","-76.3072","1551","08","0","0","0","0","0","0","0","0","","0","0","0","15","1","0","00","0","40 09:07.908","","00","76 18:25.787","0","0","0","0","36409","0","0","0","N","0","0","0","3","36409","0","","1","01","N","N","0","","0","0","2","0","0","","1549","0","3","0","0","0","0","0","3","0","3","N","","","","","","","","","","","","03","  ","","",""
"0853","0","0","0","0","0","0","0","0","0","7","0","","36","05","2016","2016047397","3","40.2756","-76.0998","0848","08","0","0","0","0","0","0","0","0","","0","0","0","08","1","0","00","0","40 16:32.185","","00","76 05:59.160","0","0","0","0","36210","0","0","0","N","0","0","0","1","36210","0","","4","09","N","N","0","","0","0","1","0","0","","0843","0","1","0","0","0","0","0","1","0","1","N","","","","","","","","","","","","07","  ","","",""
"1530","2","0","0","0","0","0","0","0","0","4","0","","36","05","2016","2016047423","3","40.0638","-76.3405","1524","08","0","0","0","0","0","0","1","0","1","0","0","0","15","1","0","01","1","40 03:49.904","4","02","76 20:25.339","0","0","0","0","36101","0","0","0","N","0","0","0","3","36101","0","","1","01","N","N","0","","0","0","0","3","2","N","1515","0","2","0","0","0","0","0","3","0","2","N","","","","","","","","","","","","03","  ","","",""
"1507","1","0","0","0","0","0","0","0","0","4","0","","36","05","2016","2016047426","2","40.133","-76.1129","1459","08","0","0","0","0","0","1","0","0","2","0","0","0","14","1","2","01","2","40 07:58.926","5","00","76 06:46.330","3","0","0","0","36209","0","0","0","N","0","0","0","2","36415","1","","1","01","N","N","1","","1","0","0","0","0","Y","1459","2","2","0","0","0","0","0","1","0","2","N","","","","","","","","","","","","03","  ","","",""
"1503","0","0","0","0","0","0","0","0","0","4","0","","36","05","2016","2016047428","2","40.0404","-76.3641","1450","08","0","0","0","0","0","1","0","0","","0","0","0","14","1","0","00","0","40 02:25.532","","07","76 21:50.871","0","0","0","0","36214","0","0","0","N","0","0","0","2","36214","0","","1","01","N","N","1","","0","0","1","0","0","","1445","0","2","0","0","0","0","0","3","0","2","N","","","","","","","","","","","","03","  ","","",""
"0839","2","0","0","0","0","0","0","0","0","2","0","","36","05","2016","2016047435","3","40.1115","-76.356","0829","08","0","0","0","0","0","0","1","0","1","0","0","0","08","1","0","02","2","40 06:41.494","6","00","76 21:21.712","0","0","0","0","36214","0","0","0","N","0","0","0","2","36214","0","","1","09","N","N","0","","0","0","0","0","0","Y","0820","0","2","0","0","0","0","0","3","0","2","N","","","","","","","","","","","","07","  ","","",""
"0718","1","0","0","0","0","0","0","0","0","7","0","","36","04","2016","2016047446","7","39.9668","-76.2871","0658","08","0","0","0","0","1","0","0","0","2","0","0","0","06","1","0","00","2","39 58:00.344","2","00","76 17:13.432","0","0","0","0","36228","0","0","0","N","0","0","0","1","36503","0","","4","01","N","N","0","","0","0","0","3","8","N","0658","0","1","0","0","0","0","0","1","0","1","N","","","","","","","","","","","","03","  ","","",""
"1521","3","0","0","0","0","0","0","0","0","1","0","","36","05","2016","2016047456","3","40.0568","-76.4051","1516","08","0","1","0","0","0","0","0","1","1","0","0","0","15","1","1","00","1","40 03:24.406","2","00","76 24:18.279","8","0","0","0","36239","0","0","0","N","0","0","0","5","36239","0","","1","09","N","N","1","","0","0","0","0","0","N","1516","1","4","0","0","0","1","0","3","0","4","N","","","","","","","","","","","","07","  ","","",""
"1517","1","0","0","0","0","0","0","0","0","7","0","","36","05","2016","2016047543","3","40.1375","-76.5831","1511","08","0","0","0","0","0","0","0","1","2","0","0","0","15","1","1","00","1","40 08:14.842","5","00","76 34:59.079","8","0","0","0","36225","0","0","0","N","0","0","0","1","36505","0","","4","01","N","N","0","","0","0","0","0","0","N","1511","1","1","0","0","0","1","0","2","0","1","N","","","","","","","","","","","","03","  ","","",""
"1610","0","0","0","0","0","0","0","0","0","4","0","","36","05","2016","2016047548","5","39.9796","-76.1783","1608","08","0","0","0","0","0","2","0","0","2","0","0","1","16","1","0","00","2","39 58:46.587","5","07","76 10:42.014","0","0","0","0","36417","2","0","0","","0","0","0","4","36417","0","","1","01","N","N","1","","0","0","1","0","0","Y","1605","0","3","0","0","0","0","0","1","0","2","N","","","","","","","","","","","","03","  ","","",""
"1714","1","0","0","0","0","0","0","0","0","5","0","","36","05","2016","2016047563","3","40.0876","-76.3808","1703","08","0","0","0","0","0","0","1","0","2","0","0","0","17","1","2","00","2","40 05:15.400","5","00","76 22:50.700","4","0","0","0","36214","0","0","0","N","0","0","0","4","36214","2","","1","01","N","N","0","","0","0","2","0","0","N","1702","2","3","0","0","0","0","0","3","0","3","N","","","","","","","","","","","","03","  ","","",""
"1805","0","0","0","0","0","0","0","0","0","7","0","","36","05","2016","2016047608","3","40.0161","-76.2094","1800","08","0","1","0","0","0","0","0","0","3","0","0","0","17","1","1","00","2","40 00:58.100","6","00","76 12:34.000","8","0","0","0","36215","0","0","0","N","0","0","0","1","36215","0","","4","01","N","N","0","","0","0","1","0","0","Y","1755","1","1","0","0","1","1","0","1","0","1","N","","","","","","","","","","","","03","  ","","",""
"0818","0","0","0","0","0","0","0","0","0","4","0","","36","05","2016","2016047610","5","40.0464","-76.3342","0810","08","0","0","0","0","0","1","0","0","","0","0","0","08","1","0","01","0","40 02:46.866","","00","76 20:03.290","0","0","0","0","36220","0","0","0","N","0","0","0","4","36101","0","","1","01","N","N","0","","0","0","1","3","3","","0807","0","2","0","0","0","0","0","3","1","2","N","","","","","","","","","","","","03","  ","","",""
"1237","2","0","0","0","0","0","0","0","0","4","0","","36","04","2016","2016047635","7","39.9607","-76.1712","1226","08","0","0","0","0","0","0","2","0","2","0","0","0","12","1","0","02","2","39 57:38.389","5","00","76 10:16.146","0","0","0","0","36233","0","0","0","","0","0","0","3","68J01","0","","1","01","N","N","0","","0","0","0","0","0","Y","1225","0","2","0","0","0","0","0","1","0","2","N","","","","","","","","","","","","03","  ","","",""
"0827","1","0","0","0","0","0","0","0","0","4","0","","36","05","2016","2016047651","2","39.9275","-76.1977","0826","08","0","0","0","0","0","1","1","0","","0","0","0","08","1","0","05","0","39 55:38.852","","00","76 11:51.823","0","0","0","0","36233","0","0","0","","0","0","0","3","68J01","0","","1","09","N","N","0","","0","0","1","3","3","","0825","0","2","0","0","1","0","0","1","0","2","N","","","","","","","","","","","","07","  ","","",""
"1713","1","0","0","0","0","0","0","0","0","1","0","","36","05","2016","2016047686","3","40.0626","-76.3422","1700","08","0","0","0","0","0","1","0","0","2","0","0","0","16","1","0","00","1","40 03:45.507","4","00","76 20:31.870","0","0","0","0","36101","0","0","0","N","0","0","0","3","36101","0","","1","01","N","N","0","","0","0","1","0","0","N","1640","0","3","0","0","0","0","0","3","1","3","N","","","","","","","","","","","","03","  ","","",""
"0952","1","0","0","0","0","0","0","0","0","1","0","","36","05","2016","2016047715","4","40.027","-76.3276","0950","08","0","0","1","0","0","0","0","0","1","0","0","0","09","1","0","00","1","40 01:37.102","4","00","76 19:39.282","0","0","0","0","36220","0","0","0","N","0","0","0","2","36101","0","","1","01","N","N","0","","0","0","0","0","0","N","0950","0","2","0","0","0","0","0","3","1","2","N","","","","","","","","","","","","03","  ","","",""
"0540","0","0","0","0","0","0","0","0","0","4","0","","36","04","2016","2016047739","6","40.1758","-76.3088","0531","08","0","0","0","0","0","0","2","0","2","0","0","0","05","5","0","01","1","40 10:32.768","4","00","76 18:31.673","0","0","0","0","36235","0","0","0","N","0","0","0","2","36506","0","","1","09","N","N","2","","0","0","0","3","2","N","0531","0","2","0","0","0","0","0","1","0","2","N","","","","","","","","","","","","07","  ","","",""
"0940","2","0","0","0","0","0","0","0","0","4","0","","36","05","2016","2016047854","3","40.1313","-76.5639","0935","08","0","0","0","0","0","0","0","0","2","0","0","0","09","1","0","00","2","40 07:52.638","4","07","76 33:50.219","0","0","0","0","36225","0","0","0","N","0","0","0","2","36505","0","","1","01","N","N","0","","0","0","0","0","0","N","0930","0","2","0","0","0","0","0","2","0","2","N","","","","","","","","","","","","03","  ","","",""
"0035","1","0","0","0","0","0","0","0","0","7","0","","36","04","2016","2016047891","6","39.7732","-76.0732","0011","08","0","0","1","0","0","0","0","0","3","0","0","0","00","2","1","00","1","39 46:23.642","3","00","76 04:23.631","4","0","0","0","36222","0","0","0","","0","0","0","2","68J01","1","","2","01","N","N","0","","0","0","0","0","0","N","0009","1","1","0","0","0","0","1","1","0","1","N","","","","","","","","","","","","03","  ","","",""
"0007","1","0","0","0","0","0","0","0","0","1","1","","36","05","2016","2016047939","2","40.0049","-76.1051","0007","08","0","0","0","0","1","1","0","0","","0","1","0","00","3","1","01","0","40 00:17.506","","00","76 06:18.451","3","0","0","0","36226","0","0","0","","0","0","0","2","68J01","0","","1","01","N","N","0","","1","0","0","3","2","","0006","1","2","0","0","0","0","0","1","0","2","N","","","","","","","","","","","","03","  ","","",""
"1824","0","0","0","0","0","0","0","0","0","1","0","","36","05","2016","2016047985","6","40.0174","-76.1671","1814","08","0","0","0","0","0","1","0","0","2","0","0","0","18","1","2","00","1","40 01:02.570","3","00","76 10:01.711","4","0","0","0","36215","0","0","0","N","0","0","0","18","36215","2","","1","09","N","N","0","","0","0","1","0","0","N","1824","2","3","0","0","3","0","0","1","2","3","N","","","","","","","","","","","","07","  ","","",""
"1239","1","0","0","0","0","0","0","0","0","7","0","","36","05","2016","2016048064","6","40.2299","-76.4414","1235","08","0","0","0","0","0","0","0","0","","0","0","0","12","1","0","00","0","40 13:47.524","","00","76 26:31.849","0","0","0","0","36230","0","0","0","","0","0","0","1","68T06","0","","4","09","N","N","0","","0","0","0","0","0","","1235","0","1","0","0","0","0","0","1","0","1","N","","","","","","","","","","","","07","  ","","",""
"0656","1","0","0","0","0","0","0","0","0","7","0","","36","05","2016","2016048076","5","39.9545","-76.3365","0646","08","0","0","0","0","1","0","0","0","","0","0","0","06","1","0","00","0","39 57:16.200","","00","76 20:11.400","0","0","0","0","36206","0","0","0","N","0","0","0","1","36503","0","","4","01","N","N","0","","0","0","0","0","0","","0615","0","1","0","0","0","0","0","1","0","1","N","","","","","","","","","","","","05","  ","","",""
"0800","2","0","0","0","0","0","0","0","0","1","0","","36","05","2016","2016048086","5","40.1933","-76.1978","0755","08","0","0","0","1","0","1","0","0","","0","0","0","07","1","1","01","0","40 11:35.736","","00","76 11:52.076","8","0","0","0","36408","0","0","0","N","0","0","0","3","36408","0","","1","01","N","N","0","","0","0","1","3","2","","0752","1","3","0","0","0","1","0","2","0","3","N","","","","","","","","","","","","03","  ","","",""
"1358","1","0","0","0","0","0","0","0","0","1","0","","36","05","2016","2016048088","1","40.0421","-76.2465","1350","08","0","0","1","0","0","1","0","0","","0","0","0","13","1","1","00","0","40 02:31.512","","00","76 14:47.554","3","0","0","0","36215","0","0","0","N","0","0","0","6","36215","0","","1","01","N","N","0","","1","0","1","0","0","","1350","1","2","0","0","0","0","0","1","0","2","N","","","","","","","","","","","","03","  ","","",""
"1106","1","0","0","0","0","0","0","0","0","4","1","","36","05","2016","2016048143","5","40.1436","-76.3048","1103","08","0","0","0","0","0","0","1","0","2","0","1","0","11","1","0","01","2","40 08:36.966","6","00","76 18:17.243","0","0","0","0","36409","0","0","0","N","0","0","0","3","36409","0","","1","01","N","N","0","","0","0","0","3","2","Y","1100","0","2","0","0","0","0","0","3","0","2","N","","","","","","","","","","","","03","  ","","",""
"1745","0","0","0","0","0","0","0","0","0","8","0","","36","04","2016","2016048218","5","40.0277","-75.9556","1736","08","0","0","0","0","0","0","0","1","4","1","0","0","17","1","0","00","2","40 01:39.588","6","00","75 57:20.213","1","0","0","0","36232","1","1","0","","1","1","0","2","68J01","0","2","1","01","N","N","0","0","0","0","0","0","0","Y","1736","0","2","0","0","0","0","0","1","1","1","N","","","","","","","","","","","","03","  ","","",""
"2033","1","0","0","0","0","0","0","0","0","7","0","","36","05","2016","2016048299","5","40.0759","-76.3369","2029","08","0","0","0","0","0","0","0","0","2","0","0","0","20","3","0","00","2","40 04:33.395","3","00","76 20:12.814","0","0","0","0","36101","0","0","0","N","0","0","0","1","36101","0","","2","01","N","N","0","","0","0","0","0","0","N","2025","0","1","0","0","0","0","0","3","0","1","N","","","","","","","","","","","","03","  ","","",""
"0118","0","0","0","0","0","0","0","0","0","7","0","","36","05","2016","2016048317","7","40.1781","-76.6007","0118","08","0","0","0","0","0","0","0","0","2","0","0","0","01","2","1","00","1","40 10:41.021","4","00","76 36:02.456","4","0","0","0","36225","0","0","0","Y","0","0","0","1","36505","1","","3","09","N","N","0","","0","0","1","0","0","N","0118","1","1","0","0","0","0","0","2","0","1","N","","","","","","","","","","","","07","  ","","",""
"2341","2","0","0","0","0","0","0","0","0","5","0","","36","05","2016","2016048327","5","40.2146","-76.1249","2337","08","0","0","1","0","0","0","0","0","","0","0","0","23","2","0","00","0","40 12:52.403","","00","76 07:29.603","0","0","0","0","36210","0","0","0","N","0","0","0","2","36210","0","","2","01","N","N","0","","0","0","0","0","0","","2332","0","2","0","0","0","0","0","1","0","2","N","","","","","","","","","","","","03","  ","","",""