"ARRIVAL_TM","AUTOMOBILE_COUNT","BELTED_DEATH_COUNT","BELTED_SUSP_SERIOUS_INJ_COUNT","BICYCLE_COUNT","BICYCLE_DEATH_COUNT","BICYCLE_SUSP_SERIOUS_INJ_COUNT","BUS_COUNT","CHLDPAS_DEATH_COUNT","CHLDPAS_SUSP_SERIOUS_INJ_COUNT","COLLISION_TYPE","COMM_VEH_COUNT","CONS_ZONE_SPD_LIM","COUNTY","CRASH_MONTH","CRASH_YEAR","CRN","DAY_OF_WEEK","DEC_LAT","DEC_LONG","DISPATCH_TM","DISTRICT","DRIVER_COUNT_16YR","DRIVER_COUNT_17YR","DRIVER_COUNT_18YR","DRIVER_COUNT_19YR","DRIVER_COUNT_20YR","DRIVER_COUNT_50_64YR","DRIVER_COUNT_65_74YR","DRIVER_COUNT_75PLUS","EST_HRS_CLOSED","FATAL_COUNT","HEAVY_TRUCK_COUNT","HORSE_BUGGY_COUNT","HOUR_OF_DAY","ILLUMINATION","INJURY_COUNT","INTERSECT_TYPE","LANE_CLOSED","LATITUDE","LN_CLOSE_DIR","LOCATION_TYPE","LONGITUDE","MAX_SEVERITY_LEVEL","MCYCLE_DEATH_COUNT","MCYCLE_SUSP_SERIOUS_INJ_COUNT","MOTORCYCLE_COUNT","MUNICIPALITY","NONMOTR_COUNT","NONMOTR_DEATH_COUNT","NONMOTR_SUSP_SERIOUS_INJ_COUNT","NTFY_HIWY_MAINT","PED_COUNT","PED_DEATH_COUNT","PED_SUSP_SERIOUS_INJ_COUNT","PERSON_COUNT","POLICE_AGCY","POSSIBLE_INJ_COUNT","RDWY_SURF_TYPE_CD","RELATION_TO_ROAD","ROAD_CONDITION","SCH_BUS_IND","SCH_ZONE_IND","SMALL_TRUCK_COUNT","SPEC_JURIS_CD","SUSP_MINOR_INJ_COUNT","SUSP_SERIOUS_INJ_COUNT","SUV_COUNT","TCD_FUNC_CD","TCD_TYPE","TFC_DETOUR_IND","TIME_OF_DAY","TOT_INJ_COUNT","TOTAL_UNITS","UNB_DEATH_COUNT","UNB_SUSP_SERIOUS_INJ_COUNT","UNBELTED_OCC_COUNT","UNK_INJ_DEG_COUNT","UNK_INJ_PER_COUNT","URBAN_RURAL","VAN_COUNT","VEHICLE_COUNT","WORK_ZONE_IND","WORK_ZONE_LOC","WORK_ZONE_TYPE","WORKERS_PRES","WZ_CLOSE_DETOUR","WZ_FLAGGER","WZ_LAW_OFFCR_IND","WZ_LN_CLOSURE","WZ_MOVING","WZ_OTHER","WZ_SHLDER_MDN","ROADWAY_CLEARED","WEATHER1","WEATHER2","WZ_WORKERS_INJ_KILLED","SECONDARY_CRASH","INTERSECTION_RELATED"
"1756","2","0","0","0","0","0","0","0","0","6","0","","36","05","2016","2016048347","4","40.2203","-76.4404","1751","08","0","0","0","0","0","0","0","0","1","0","0","0","17","1","1","01","1","40 13:12.958","3","00","76 26:25.539","3","0","0","0","36230","0","0","0","N","0","0","0","2","36410","0","","1","01","N","N","0","","1","0","0","3","3","N","1743","1","2","0","0","0","0","0","1","0","2","N","","","","","","","","","","","","03","  ","","",""
"1753","1","0","0","0","0","0","0","0","0","4","0","","36","05","2016","2016048372","2","39.9355","-76.0751","1750","08","0","0","0","0","0","0","0","0","","0","0","0","17","1","0","00","0","39 56:07.667","","00","76 04:30.425","0","0","0","0","36201","0","0","0","","0","0","0","3","68J01","0","","1","01","N","N","1","","0","0","0","0","0","","1749","0","2","0","0","0","0","0","1","0","2","N","","","","","","","","","","","","03","  ","","",""
"1146","0","0","0","0","0","0","0","0","0","7","0","","36","05","2016","2016048373","5","40.2492","-76.3057","1111","08","0","0","0","0","0","1","0","0","","0","0","0","11","1","1","00","0","40 14:57.011","","00","76 18:20.660","8","0","0","0","36217","0","0","0","","0","0","0","1","68J01","0","","2","01","N","N","1","","0","0","0","0","0","","1108","1","1","0","0","0","1","0","1","0","1","N","","","","","","","","","","","","03","  ","","",""
"1713","0","0","0","0","0","0","0","0","0","4","0","","36","05","2016","2016048379","6","40.1417","-75.9374","1702","08","1","0","0","0","0","0","0","0","2","0","0","0","16","1","2","02","1","40 08:29.947","4","00","75 56:14.584","3","0","0","0","36203","0","0","0","","0","0","0","2","68J01","1","","1","09","N","N","1","","1","0","1","3","3","N","1659","2","2","0","0","0","0","0","1","0","2","N","","","","","","","","","","","","07","  ","","",""
"2130","2","0","0","0","0","0","0","0","0","4","0","","36","05","2016","2016048381","7","39.897","-76.1779","2129","08","0","0","0","0","0","0","0","0","","0","0","0","21","2","1","01","0","39 53:49.176","","00","76 10:40.444","4","0","0","0","36229","0","0","0","","0","0","0","2","68J01","1","","1","01","N","N","0","","0","0","0","0","0","","2129","1","2","0","0","0","0","0","1","0","2","N","","","","","","","","","","","","03","  ","","",""
"1134","2","0","0","0","0","0","0","0","0","1","0","","36","05","2016","2016048383","3","39.9899","-76.0009","1125","08","0","0","0","0","0","0","0","0","2","0","0","0","11","1","1","00","1","39 59:23.650","3","00","76 00:03.217","3","0","0","0","36232","0","0","0","","0","0","0","2","68J01","0","","1","01","N","N","0","","1","0","0","0","0","Y","1125","1","2","0","0","0","0","0","1","0","2","N","","","","","","","","","","","","03","  ","","",""
"0631","1","0","0","0","0","0","0","0","0","4","1","","36","04","2016","2016048392","4","39.7739","-76.1791","0600","08","0","0","0","0","0","0","0","0","2","0","1","0","05","2","0","01","1","39 46:25.988","1","00","76 10:44.934","0","0","0","0","36219","0","0","0","","0","0","0","2","68J01","0","","1","01","N","N","0","","0","0","0","3","3","N","0551","0","2","0","0","0","0","0","1","0","2","N","","","","","","","","","","","","03","  ","","",""
"1641","1","0","0","0","0","0","0","0","0","4","0","","36","05","2016","2016048398","3","40.1499","-76.4115","1641","08","0","0","0","0","0","0","1","0","1","0","0","0","16","1","1","02","1","40 08:59.638","6","00","76 24:41.226","8","0","0","0","36230","0","0","0","N","0","0","0","2","36410","0","","1","01","N","N","0","","0","0","1","0","0","Y","1641","1","2","0","0","0","1","0","1","0","2","N","","","","","","","","","","","","03","  ","","",""
"1353","0","0","0","0","0","0","0","0","0","1","0","","36","05","2016","2016048407","3","40.0904","-76.3803","1346","08","0","0","0","0","0","1","0","0","","0","0","0","13","1","0","00","0","40 05:25.286","","00","76 22:49.067","0","0","0","0","36214","0","0","0","N","0","0","0","3","36214","0","","1","09","N","N","0","","0","0","2","0","0","","1310","0","2","0","0","0","0","0","3","0","2","N","","","","","","","","","","","","07","  ","","",""
"0822","1","0","0","0","0","0","0","0","0","1","0","","36","05","2016","2016048436","6","40.1964","-76.2012","0816","08","0","0","0","0","0","0","1","0","","0","0","0","08","1","0","01","0","40 11:47.017","","00","76 12:04.285","0","0","0","0","36408","0","0","0","N","0","0","0","2","36408","0","","1","01","N","N","0","","0","0","1","3","2","","0816","0","2","0","0","0","0","0","2","0","2","N","","","","","","","","","","","","03","  ","","",""
"1537","1","0","0","0","0","0","0","0","0","6","0","","36","05","2016","2016048437","5","40.2383","-76.1755","1533","08","0","0","0","0","0","0","0","0","1","0","0","0","15","1","0","00","2","40 14:17.852","5","00","76 10:31.780","0","0","0","0","36236","0","0","0","N","0","0","0","2","36408","0","","1","01","N","N","0","","0","0","1","0","0","Y","1530","0","2","0","0","1","0","0","1","0","2","N","","","","","","","","","","","","03","  ","","",""
"1319","1","0","0","0","0","0","0","0","0","3","0","","36","05","2016","2016048486","6","40.0934","-76.3505","1309","08","0","0","1","0","0","1","0","0","","0","0","0","13","1","0","01","0","40 05:36.355","","00","76 21:01.669","0","0","0","0","36406","0","0","0","N","0","0","0","2","36214","0","","1","09","N","N","1","","0","0","0","3","2","","1305","0","2","0","0","0","0","0","3","0","2","N","","","","","","","","","","","","07","  ","","",""
"1333","2","0","0","0","0","0","0","0","0","2","0","","36","05","2016","2016048497","6","40.0231","-76.2753","1325","08","0","0","0","0","0","0","0","0","2","0","0","0","13","1","1","00","2","40 01:23.097","6","00","76 16:30.912","8","0","0","0","36240","0","0","0","N","0","0","0","2","36240","0","","1","09","N","N","0","","0","0","0","0","0","Y","1320","1","2","0","0","0","1","0","1","0","2","N","","","","","","","","","","","","07","  ","","",""
"1541","2","0","0","0","0","0","0","0","0","4","0","","36","05","2016","2016048582","6","40.0464","-76.3342","1529","08","0","0","0","0","0","0","0","1","2","0","0","0","15","1","1","01","2","40 02:46.866","1","00","76 20:03.290","8","0","0","0","36220","0","0","0","N","0","0","0","3","36101","0","","1","09","N","N","0","","0","0","1","3","3","Y","1526","1","3","0","0","0","1","0","3","0","3","N","","","","","","","","","","","","03","  ","","",""
"1205","0","0","0","0","0","0","0","0","0","4","0","","36","04","2016","2016048729","7","39.9174","-76.0931","1204","08","0","0","1","0","0","1","0","0","","0","0","0","12","1","1","01","0","39 55:02.461","","00","76 05:35.493","3","0","0","0","36201","0","0","0","","0","0","0","6","68J01","0","","1","01","N","N","0","","1","0","2","3","3","","1204","1","2","0","0","0","0","0","1","0","2","N","","","","","","","","","","","","03","  ","","",""
"0209","1","0","0","0","0","0","0","0","0","7","0","","36","05","2016","2016048733","1","39.9997","-75.9818","0207","08","0","0","0","0","0","0","0","0","1","0","0","0","02","2","0","00","1","39 59:58.930","1","00","75 58:54.420","0","0","0","0","36232","0","0","0","","0","0","0","1","68J01","0","","4","01","N","N","0","","0","0","0","0","0","N","0203","0","1","0","0","0","0","0","1","0","1","N","","","","","","","","","","","","03","  ","","",""
"1335","1","0","0","0","0","0","0","0","0","7","0","","36","05","2016","2016048741","6","40.2399","-76.1353","1330","08","0","0","0","0","0","0","0","0","","0","0","0","13","1","0","00","0","40 14:23.856","","00","76 08:07.391","0","0","0","0","36405","0","0","0","","0","0","0","3","68T06","0","","2","09","N","N","0","","0","0","0","0","0","","1329","0","1","0","0","0","0","0","1","0","1","N","","","","","","","","","","","","07","  ","","",""
"2325","1","0","0","0","0","0","0","0","0","9","0","","36","05","2016","2016048756","4","40.0387","-76.166","2314","08","0","0","0","0","0","0","0","0","2","0","0","0","23","2","0","00","1","40 02:19.183","6","00","76 09:57.772","0","0","0","0","36221","0","0","0","","0","0","0","1","68J01","0","","1","01","N","N","0","","0","0","0","0","0","N","2313","0","1","0","0","0","0","0","1","0","1","N","","","","","","","","","","","","98","  ","","",""
"1728","0","0","0","0","0","0","0","0","0","4","0","","36","03","2016","2016048765","3","39.9842","-76.0734","1712","08","0","0","0","0","0","0","0","0","2","0","1","0","17","1","0","01","1","39 59:03.297","6","00","76 04:24.374","0","0","0","0","36226","0","0","0","","0","0","0","11","68J01","0","","1","01","N","N","1","","0","0","0","0","0","N","1704","0","2","0","0","7","0","0","1","0","2","N","","","","","","","","","","","","03","  ","","",""
"0130","1","0","0","0","0","0","0","0","0","9","0","","36","05","2016","2016048818","4","40.1611","-76.5786","0130","08","0","0","0","0","0","0","0","0","2","0","0","0","01","2","1","00","1","40 09:39.807","4","00","76 34:43.027","8","0","0","0","36225","0","0","0","N","0","0","0","1","36505","0","","1","01","N","N","0","","0","0","0","0","0","N","0130","1","1","0","0","0","1","0","2","0","1","N","","","","","","","","","","","","03","  ","","",""
"1644","1","0","0","0","0","0","0","0","0","4","0","","36","05","2016","2016048911","6","40.0144","-76.3267","1641","08","0","0","0","0","1","1","0","0","1","0","0","0","16","1","0","02","2","40 00:51.748","6","00","76 19:36.109","0","0","0","0","36220","0","0","0","N","0","0","0","4","36101","0","","1","09","N","N","0","","0","0","1","0","0","Y","1623","0","2","0","0","0","0","0","3","0","2","N","","","","","","","","","","","","03","  ","","",""
"0715","1","0","0","0","0","0","0","0","0","4","0","","36","05","2016","2016048915","3","40.0823","-76.3976","0715","08","1","0","0","0","0","0","0","1","2","0","0","0","07","1","0","01","2","40 04:56.208","2","00","76 23:51.216","0","0","0","0","36214","0","0","0","N","0","0","0","4","36214","0","","1","09","N","N","0","","0","0","1","3","3","Y","0715","0","2","0","0","0","0","0","3","0","2","N","","","","","","","","","","","","07","  ","","",""
"1156","1","0","0","0","0","0","0","0","0","1","0","","36","05","2016","2016048945","6","40.229","-76.0846","1155","08","0","0","0","0","0","1","0","1","2","0","0","0","11","1","2","01","1","40 13:44.336","2","00","76 05:04.484","4","0","0","0","36210","0","0","0","N","0","0","0","2","36210","2","","1","09","N","N","0","","0","0","1","0","0","N","1152","2","2","0","0","0","0","0","1","0","2","N","","","","","","","","","","","","07","  ","","",""
"0922","0","0","0","0","0","0","0","0","0","5","0","","36","05","2016","2016048951","7","40.2378","-76.1699","0914","08","1","0","0","0","0","0","0","0","","0","0","0","09","1","0","00","0","40 14:16.025","","00","76 10:11.627","0","0","0","0","36236","0","0","0","N","0","0","0","3","36408","0","","1","01","N","N","1","","0","0","0","0","0","","0914","0","2","0","0","0","0","0","1","1","2","N","","","","","","","","","","","","03","  ","","",""
"1601","4","0","0","0","0","0","0","0","0","1","0","","36","04","2016","2016048971","5","40.1219","-76.4831","1552","08","0","0","0","0","0","0","0","1","3","0","0","0","99","1","1","01","1","40 07:18.759","6","00","76 28:59.205","3","0","0","0","36230","0","0","0","N","0","0","0","5","36410","0","","1","01","N","N","0","","1","0","0","3","7","Y","9999","1","5","0","0","0","0","1","1","1","5","N","","","","","","","","","","","","03","  ","","",""
"1705","2","0","0","0","0","0","0","0","0","1","0","","36","05","2016","2016048986","6","40.1265","-76.2189","1657","08","0","0","0","0","1","1","0","0","1","0","0","0","16","1","0","00","1","40 07:35.532","2","00","76 13:08.102","0","0","0","0","36238","0","0","0","N","0","0","0","3","36238","0","","1","01","N","N","0","","0","0","1","0","0","Y","1655","0","3","0","0","0","0","0","3","0","3","N","","","","","","","","","","","","03","  ","","",""
"1749","1","0","0","0","0","0","0","0","0","1","0","","36","05","2016","2016048989","6","40.1292","-76.2164","1744","08","0","0","0","0","0","1","0","0","2","0","0","0","17","1","4","00","2","40 07:45.058","2","00","76 12:59.129","2","0","0","0","36238","0","0","0","N","0","0","0","4","36238","0","","1","01","N","N","0","","3","1","1","0","0","Y","1740","4","2","0","0","0","0","0","3","0","2","N","","","","","","","","","","","","03","  ","","",""
"1526","2","0","0","0","0","0","0","0","0","1","0","","36","05","2016","2016048990","6","40.0877","-76.187","1508","08","0","0","0","0","0","0","0","0","2","0","0","0","15","1","1","02","1","40 05:15.689","4","00","76 11:13.208","3","0","0","0","36234","0","0","0","N","0","0","0","3","36215","0","","1","01","N","N","0","","1","0","0","0","0","N","1507","1","2","0","0","0","0","0","1","0","2","N","","","","","","","","","","","","03","  ","","",""
"1759","1","0","0","0","0","0","0","0","0","4","0","","36","05","2016","2016049071","7","40.0177","-76.2433","1751","08","0","0","1","0","0","0","0","0","2","0","0","0","17","1","1","01","2","40 01:03.784","6","00","76 14:36.034","3","0","0","0","36240","0","0","0","N","0","0","0","4","36240","0","","1","01","N","N","0","","1","0","1","0","0","Y","1750","1","2","0","0","0","0","0","1","0","2","N","","","","","","","","","","","","03","  ","","",""
"0507","2","0","0","0","0","0","0","0","0","1","0","","36","05","2016","2016049078","7","40.0145","-76.3136","0503","08","0","0","0","0","0","0","0","0","","0","0","0","05","5","0","00","0","40 00:52.300","","00","76 18:49.000","0","0","0","0","36220","0","0","0","N","0","0","0","1","36101","0","","6","01","N","N","0","","0","0","0","0","0","","0503","0","2","0","0","0","0","0","3","0","2","N","","","","","","","","","","","","03","  ","","",""
"1620","0","0","0","0","0","0","0","0","0","7","0","","36","05","2016","2016049120","7","40.0528","-76.1906","1616","08","0","0","0","0","0","0","0","0","3","0","0","0","16","1","0","00","1","40 03:10.100","4","00","76 11:26.100","0","0","0","0","36234","0","0","0","N","0","0","0","1","36215","0","","5","09","N","N","0","","0","0","1","0","0","N","1614","0","1","0","0","0","0","0","1","0","1","N","","","","","","","","","","","","07","  ","","",""
"1454","1","0","0","0","0","0","0","0","0","4","0","","36","05","2016","2016049125","7","40.2141","-76.1269","1448","08","0","0","0","0","0","0","2","0","","0","0","0","14","1","0","00","0","40 12:50.757","","07","76 07:36.953","0","0","0","0","36210","0","0","0","N","0","0","0","2","36210","0","","1","09","N","N","0","","0","0","1","0","0","","1446","0","2","0","0","0","0","0","1","0","2","N","","","","","","","","","","","","07","  ","","",""
"1517","1","0","0","0","0","0","0","0","0","4","0","","36","05","2016","2016049135","6","40.0403","-76.245","1509","08","0","1","0","0","0","0","0","0","2","0","0","0","15","1","3","02","2","40 02:25.231","6","02","76 14:41.992","3","0","0","0","36215","0","0","0","N","0","0","0","3","36215","2","","1","01","N","N","0","","1","0","1","0","0","Y","1509","3","2","0","0","0","0","0","1","0","2","N","","","","","","","","","","","","03","  ","","",""
"0930","0","0","0","0","0","0","0","0","0","0","0","","36","05","2016","2016049140","7","40.0531","-76.3919","0928","08","0","0","0","0","0","0","0","0","1","0","0","0","09","1","1","06","2","40 03:11.800","3","02","76 23:21.675","3","0","0","1","36214","0","0","0","N","0","0","0","1","36214","0","","1","2","N","N","0","","1","0","0","0","0","Y","0928","1","1","0","0","0","0","0","3","0","1","N","","","","","","","","","","","","03","  ","","",""
"1306","0","0","0","0","0","0","0","0","0","4","0","","36","05","2016","2016049145","6","40.1451","-76.5988","1306","08","0","0","0","0","0","0","0","0","2","0","0","0","13","1","0","01","2","40 08:42.432","7","00","76 35:55.611","0","0","0","0","36407","0","0","0","N","0","0","0","2","36407","0","","1","09","N","N","1","","0","0","1","3","3","Y","1305","0","2","0","0","0","0","0","2","0","2","N","","","","","","","","","","","","07","  ","","",""
"1746","1","0","0","0","0","0","0","0","0","7","0","","36","05","2016","2016049147","5","40.2171","-76.1182","1743","08","0","0","1","0","0","0","0","0","3","0","0","0","17","1","3","00","2","40 13:01.480","5","00","76 07:05.459","3","0","0","0","36210","0","0","0","N","0","0","0","3","36210","0","","4","01","N","N","1","","3","0","0","0","0","Y","1742","3","2","0","0","0","0","0","1","0","2","N","","","","","","","","","","","","03","  ","","",""
"1214","3","0","0","0","0","0","0","0","0","1","0","","36","05","2016","2016049159","3","40.04","-76.287","1209","08","0","0","0","0","0","1","1","0","3","0","0","0","12","1","1","00","1","40 02:24.153","4","00","76 17:13.208","3","0","0","0","36220","0","0","0","N","0","0","0","8","36101","0","","1","01","N","N","0","","1","0","1","0","0","N","1200","1","5","0","0","0","0","0","3","1","5","N","","","","","","","","","","","","03","  ","","",""
"1018","1","0","0","0","0","0","0","0","0","4","0","","36","05","2016","2016049175","1","40.0616","-76.2361","1011","08","0","0","0","1","0","0","0","1","","0","0","0","10","1","1","00","0","40 03:41.600","","07","76 14:10.000","4","0","0","0","36215","0","0","0","N","0","0","0","3","36215","1","","1","01","N","N","1","","0","0","0","0","0","","1008","1","2","0","0","0","0","0","1","0","2","N","","","","","","","","","","","","03","  ","","",""
"1734","1","0","0","0","0","0","0","0","0","4","0","","36","05","2016","2016049239","3","40.2191","-76.2409","1731","08","0","0","0","0","0","2","0","0","1","0","0","0","17","1","1","01","1","40 13:08.583","3","00","76 14:27.322","8","0","0","0","36204","0","0","0","N","0","0","0","3","36506","0","","1","01","N","N","0","","0","0","0","3","3","N","1731","1","2","0","0","1","1","0","1","1","2","N","","","","","","","","","","","","03","  ","","",""
"1613","0","0","0","0","0","0","0","0","0","4","0","","36","05","2016","2016049240","5","40.1758","-76.3088","1609","08","0","0","0","1","0","0","0","0","","0","0","0","16","1","0","01","0","40 10:32.768","","00","76 18:31.673","0","0","0","0","36235","0","0","0","N","0","0","0","2","36506","0","","1","01","N","N","0","","0","0","1","3","2","","1605","0","2","0","0","0","0","0","1","1","2","N","","","","","","","","","","","","03","  ","","",""
"1613","1","0","0","0","0","0","0","0","0","9","0","","36","05","2016","2016049279","5","39.9149","-76.2097","1605","08","0","0","0","0","0","1","0","0","1","0","0","0","16","1","1","00","1","39 54:53.471","4","00","76 12:35.078","8","0","0","0","36229","0","0","0","","0","0","0","2","68J01","0","","1","01","N","N","0","","0","0","0","0","0","N","1605","1","1","0","0","0","1","0","1","0","1","N","","","","","","","","","","","","03","  ","","",""
"1633","1","0","0","0","0","0","0","0","0","1","0","","36","05","2016","2016049364","2","40.0058","-76.3679","1627","08","0","0","0","0","0","0","0","0","","0","0","0","16","1","1","02","0","40 00:20.918","","00","76 22:04.466","8","0","0","0","36223","0","0","0","","0","0","0","2","36223","0","","1","01","N","N","0","","0","0","0","3","2","","1627","1","2","0","0","0","1","1","1","1","2","N","","","","","","","","","","","","03","  ","","",""
"1731","1","0","0","0","0","0","0","0","0","4","0","","36","05","2016","2016049365","6","39.9969","-76.4465","1717","08","0","0","0","0","0","0","1","0","1","0","0","0","17","1","2","01","2","39 59:48.725","6","00","76 26:47.502","4","0","0","0","36223","0","0","0","","0","0","0","2","36223","2","","1","01","N","N","0","","0","0","0","3","3","Y","1714","2","2","0","0","0","0","0","1","1","2","N","","","","","","","","","","","","03","  ","","",""
"1959","0","0","0","1","0","0","0","0","0","4","0","","36","05","2016","2016049369","6","40.0334","-76.3135","1957","08","0","0","0","0","0","0","0","0","","0","0","0","19","1","1","01","0","40 02:00.114","","00","76 18:48.456","4","0","0","0","36301","1","0","0","N","0","0","0","2","36301","1","","1","01","N","N","0","","0","0","1","3","3","","1955","1","2","0","0","0","0","1","3","0","1","N","","","","","","","","","","","","03","  ","","",""
"1511","1","0","0","0","0","0","0","0","0","1","0","","36","05","2016","2016049381","5","40.0419","-76.2466","1505","08","0","0","0","0","0","0","0","0","3","0","0","0","15","1","1","07","2","40 02:30.956","3","02","76 14:47.636","8","0","0","0","36215","0","0","0","N","0","0","0","3","36215","0","","1","01","N","N","0","","0","0","1","0","0","Y","1505","1","2","0","0","0","1","0","1","0","2","N","","","","","","","","","","","","03","  ","","",""
"1950","1","0","0","0","0","0","0","0","0","7","0","","36","05","2016","2016049396","6","40.1711","-76.6197","1940","08","0","0","0","1","0","0","0","0","3","0","0","0","19","4","2","00","2","40 10:16.100","5","00","76 37:11.000","8","0","0","0","36225","0","0","0","N","0","0","0","2","36505","0","","4","01","N","N","0","","0","0","0","0","0","Y","1939","2","1","0","0","2","2","0","2","0","1","N","","","","","","","","","","","","03","  ","","",""
"0056","1","0","0","0","0","0","0","0","0","7","0","","36","05","2016","2016049408","7","40.135","-76.6162","0054","08","0","0","0","0","0","0","0","0","3","0","0","0","00","3","1","00","2","40 08:06.092","6","00","76 36:58.391","8","0","0","0","36237","0","0","0","Y","0","0","0","1","36505","0","","2","01","N","N","0","","0","0","0","0","0","Y","0052","1","1","0","0","0","1","0","1","0","1","N","","","","","","","","","","","","03","  ","","",""
"1250","0","0","0","0","0","0","0","0","0","1","0","","36","05","2016","2016049429","7","40.0787","-76.3464","1245","08","0","0","0","0","0","0","2","0","","0","0","0","12","1","2","06","0","40 04:43.399","","02","76 20:46.906","4","0","0","0","36101","0","0","0","N","0","0","0","4","36101","2","","1","01","N","N","0","","0","0","1","3","3","","1200","2","2","0","0","0","0","0","3","1","2","N","","","","","","","","","","","","03","  ","","",""
"2043","1","0","0","0","0","0","0","0","0","4","0","","36","05","2016","2016049441","6","40.088","-76.1851","2040","08","0","0","0","0","0","0","0","0","3","0","0","0","20","3","3","00","2","40 05:16.814","6","07","76 11:06.412","2","0","2","1","36234","0","0","0","N","0","0","0","3","36215","0","","1","01","N","N","0","","0","2","0","0","0","Y","2039","3","2","0","0","0","1","0","1","0","2","N","","","","","","","","","","","","03","  ","","",""
"1523","1","0","0","0","0","0","0","0","0","7","0","","36","05","2016","2016049445","3","40.1534","-76.369","1512","08","0","0","0","0","0","0","0","0","1","0","0","0","15","1","0","00","1","40 09:12.231","6","00","76 22:08.499","0","0","0","0","36227","0","0","0","N","0","0","0","1","36506","0","","4","01","N","N","0","","0","0","0","0","0","N","1512","0","1","0","0","0","0","0","1","0","1","N","","","","","","","","","","","","03","  ","","",""
"1853","2","0","0","0","0","0","0","0","0","4","0","","36","05","2016","2016049446","3","40.197","-76.3903","1847","08","0","2","0","0","0","0","0","0","2","0","0","0","18","1","1","00","2","40 11:49.100","5","07","76 23:25.200","3","0","0","0","36227","0","0","0","N","0","0","0","4","36506","0","","1","01","N","N","0","","1","0","0","0","0","Y","1847","1","2","0","0","0","0","0","1","0","2","N","","","","","","","","","","","","03","  ","","",""
"2055","1","0","0","0","0","0","0","0","0","5","0","","36","05","2016","2016049447","6","40.2356","-76.2588","2043","08","0","0","0","0","0","0","0","0","","0","0","0","20","3","1","00","0","40 14:08.000","","00","76 15:31.800","8","0","0","0","36204","0","0","0","N","0","0","0","1","36506","0","","5","01","N","N","1","","0","0","0","0","0","","2043","1","2","0","0","0","1","0","1","0","2","N","","","","","","","","","","","","03","  ","","",""
"2142","0","0","0","0","0","0","0","0","0","5","0","","36","05","2016","2016049448","7","40.1563","-76.234","2131","08","0","0","0","0","0","0","0","0","2","0","0","0","21","2","1","00","2","40 09:22.600","6","00","76 14:02.500","8","0","0","0","36235","0","0","0","N","0","0","0","1","36506","0","","6","09","N","N","0","","0","0","2","0","0","N","2131","1","2","0","0","0","1","0","1","0","2","N","","","","","","","","","","","","03","  ","","",""
"2126","1","0","0","0","0","0","0","0","0","1","0","","36","05","2016","2016049449","7","40.1501","-76.3817","2122","08","0","0","0","0","0","1","0","0","2","0","0","0","21","3","0","00","1","40 09:00.215","1","00","76 22:54.150","0","0","0","0","36227","0","0","0","N","0","0","0","3","36506","0","","1","01","N","N","0","","0","0","1","0","0","Y","2122","0","2","0","0","0","0","0","1","0","2","N","","","","","","","","","","","","03","  ","","",""
"0054","0","0","0","0","0","0","0","0","0","7","0","","36","05","2016","2016049450","1","40.1477","-76.2715","0054","08","0","0","0","0","0","0","0","0","2","0","0","0","00","2","0","00","1","40 08:51.890","5","00","76 16:17.500","0","0","0","0","36235","0","0","0","N","0","0","0","1","36506","0","","2","01","N","N","0","","0","0","1","0","0","N","0054","0","1","0","0","0","0","0","1","0","1","N","","","","","","","","","","","","03","  ","","",""
"0037","1","0","0","0","0","0","0","0","0","7","0","","36","04","2016","2016049461","6","40.1342","-75.8806","0022","08","0","0","0","0","0","0","0","0","3","0","0","0","23","2","0","00","1","40 08:03.280","1","00","75 52:49.990","0","0","0","0","36203","0","0","0","","0","0","0","2","68J01","0","","4","01","N","N","0","","0","0","0","0","0","N","2355","0","1","0","0","1","0","0","1","0","1","N","","","","","","","","","","","","03","  ","","",""
"1757","1","0","0","0","0","0","0","0","0","1","0","","36","05","2016","2016049482","5","40.0385","-76.1766","1743","08","0","0","0","0","0","1","0","1","3","0","0","0","17","1","1","00","2","40 02:18.663","6","00","76 10:35.754","3","0","0","0","36221","0","0","0","","0","0","0","6","68J01","0","","1","01","N","N","0","","1","0","1","0","0","Y","1743","1","3","0","0","0","0","0","1","1","3","N","","","","","","","","","","","","03","  ","","",""
"1848","1","0","0","0","0","0","0","0","0","7","0","","36","05","2016","2016049485","5","39.8734","-76.1443","1842","08","0","0","0","1","0","0","0","0","","0","0","0","18","1","0","00","0","39 52:24.340","","00","76 08:39.500","0","0","0","0","36205","0","0","0","","0","0","0","1","68J01","0","","4","01","N","N","0","","0","0","0","0","0","","1839","0","1","0","0","0","0","0","1","0","1","N","","","","","","","","","","","","03","  ","","",""
"1803","0","0","0","0","0","0","0","0","0","7","0","","36","05","2016","2016049569","5","40.0669","-76.2214","1757","08","0","0","0","0","0","1","0","0","3","0","0","0","17","1","1","00","2","40 04:01.000","5","00","76 13:16.900","3","0","0","0","36215","0","0","0","N","0","0","0","1","36215","0","","4","01","N","N","1","","1","0","0","0","0","Y","1757","1","1","0","0","1","0","0","1","0","1","N","","","","","","","","","","","","03","  ","","",""
"1706","2","0","0","0","0","0","0","0","0","1","0","","36","05","2016","2016049570","4","40.1108","-76.466","1656","08","0","0","0","0","0","1","0","0","2","0","0","0","16","1","1","00","1","40 06:38.763","4","00","76 27:57.564","8","0","0","0","36230","0","0","0","N","0","0","0","4","36410","0","","1","01","N","N","0","","0","0","1","0","0","N","1650","1","3","0","0","0","1","0","1","0","3","N","","","","","","","","","","","","03","  ","","",""