"ARRIVAL_TM","AUTOMOBILE_COUNT","BELTED_DEATH_COUNT","BELTED_SUSP_SERIOUS_INJ_COUNT","BICYCLE_COUNT","BICYCLE_DEATH_COUNT","BICYCLE_SUSP_SERIOUS_INJ_COUNT","BUS_COUNT","CHLDPAS_DEATH_COUNT","CHLDPAS_SUSP_SERIOUS_INJ_COUNT","COLLISION_TYPE","COMM_VEH_COUNT","CONS_ZONE_SPD_LIM","COUNTY","CRASH_MONTH","CRASH_YEAR","CRN","DAY_OF_WEEK","DEC_LAT","DEC_LONG","DISPATCH_TM","DISTRICT","DRIVER_COUNT_16YR","DRIVER_COUNT_17YR","DRIVER_COUNT_18YR","DRIVER_COUNT_19YR","DRIVER_COUNT_20YR","DRIVER_COUNT_50_64YR","DRIVER_COUNT_65_74YR","DRIVER_COUNT_75PLUS","EST_HRS_CLOSED","FATAL_COUNT","HEAVY_TRUCK_COUNT","HORSE_BUGGY_COUNT","HOUR_OF_DAY","ILLUMINATION","INJURY_COUNT","INTERSECT_TYPE","LANE_CLOSED","LATITUDE","LN_CLOSE_DIR","LOCATION_TYPE","LONGITUDE","MAX_SEVERITY_LEVEL","MCYCLE_DEATH_COUNT","MCYCLE_SUSP_SERIOUS_INJ_COUNT","MOTORCYCLE_COUNT","MUNICIPALITY","NONMOTR_COUNT","NONMOTR_DEATH_COUNT","NONMOTR_SUSP_SERIOUS_INJ_COUNT","NTFY_HIWY_MAINT","PED_COUNT","PED_DEATH_COUNT","PED_SUSP_SERIOUS_INJ_COUNT","PERSON_COUNT","POLICE_AGCY","POSSIBLE_INJ_COUNT","RDWY_SURF_TYPE_CD","RELATION_TO_ROAD","ROAD_CONDITION","SCH_BUS_IND","SCH_ZONE_IND","SMALL_TRUCK_COUNT","SPEC_JURIS_CD","SUSP_MINOR_INJ_COUNT","SUSP_SERIOUS_INJ_COUNT","SUV_COUNT","TCD_FUNC_CD","TCD_TYPE","TFC_DETOUR_IND","TIME_OF_DAY","TOT_INJ_COUNT","TOTAL_UNITS","UNB_DEATH_COUNT","UNB_SUSP_SERIOUS_INJ_COUNT","UNBELTED_OCC_COUNT","UNK_INJ_DEG_COUNT","UNK_INJ_PER_COUNT","URBAN_RURAL","VAN_COUNT","VEHICLE_COUNT","WORK_ZONE_IND","WORK_ZONE_LOC","WORK_ZONE_TYPE","WORKERS_PRES","WZ_CLOSE_DETOUR","WZ_FLAGGER","WZ_LAW_OFFCR_IND","WZ_LN_CLOSURE","WZ_MOVING","WZ_OTHER","WZ_SHLDER_MDN","ROADWAY_CLEARED","WEATHER1","WEATHER2","WZ_WORKERS_INJ_KILLED","SECONDARY_CRASH","INTERSECTION_RELATED"
"0709","0","0","0","0","0","0","0","0","0","1","0","","36","05","2016","2016049586","2","40.0161","-76.1606","0703","08","0","0","0","0","0","0","0","0","","0","0","0","07","1","0","00","0","40 00:57.902","","00","76 09:38.204","0","0","0","0","36215","0","0","0","N","0","0","0","2","36215","0","","1","01","N","N","0","","0","0","2","0","0","","0703","0","2","0","0","0","0","0","1","0","2","N","","","","","","","","","","","","03","  ","","",""
"1034","2","0","0","0","0","0","0","0","0","4","0","","36","05","2016","2016049619","2","40.1088","-76.0484","1029","08","0","0","0","0","0","2","0","0","2","0","0","0","10","1","0","01","2","40 06:31.554","1","00","76 02:54.344","0","0","0","0","36213","0","0","0","N","0","0","0","3","36213","0","","1","01","N","N","0","","0","0","0","3","3","N","1029","0","2","0","0","0","0","0","1","0","2","N","","","","","","","","","","","","03","  ","","",""
"2157","1","0","0","0","0","0","0","0","0","1","0","","36","05","2016","2016049646","5","40.13","-76.4936","2142","08","0","0","0","0","0","1","0","0","","0","0","0","21","2","1","00","0","40 07:47.887","","00","76 29:37.107","8","0","0","1","36230","0","0","0","N","0","0","0","2","36410","0","","1","01","N","N","0","","0","0","0","0","0","","2138","1","2","0","0","0","1","0","1","0","2","N","","","","","","","","","","","","03","  ","","",""
"0800","1","0","0","0","0","0","0","0","0","1","1","45","36","05","2016","2016049650","4","40.0539","-76.5215","0756","08","0","0","0","0","0","1","0","0","2","0","1","0","07","1","0","00","1","40 03:14.146","5","00","76 31:17.393","0","0","0","0","36211","0","0","0","Y","0","0","0","3","36504","0","","1","01","N","N","0","","0","0","0","0","0","N","0754","0","3","0","0","0","0","0","1","1","3","Y","4","1","U","","","N","Y","","","","","03","  ","","",""
"1517","0","0","0","0","0","0","0","0","0","1","0","","36","05","2016","2016049667","2","40.0807","-76.4083","1517","08","0","1","1","0","0","0","0","0","2","0","0","0","15","1","0","00","1","40 04:50.467","5","00","76 24:29.729","0","0","0","0","36214","0","0","0","N","0","0","0","6","36214","0","","1","01","N","N","1","","0","0","1","0","0","N","1515","0","2","0","0","0","0","0","3","0","2","N","","","","","","","","","","","","03","  ","","",""
"1127","2","0","0","0","0","0","0","0","0","4","0","","36","05","2016","2016049671","6","40.037","-76.3084","1122","08","0","0","0","0","0","1","0","0","1","0","0","0","11","1","1","00","2","40 02:13.200","5","07","76 18:30.100","4","0","0","0","36301","0","0","0","N","0","0","0","2","36301","1","","1","09","N","N","0","","0","0","0","0","0","Y","1119","1","2","0","0","0","0","0","3","0","2","N","","","","","","","","","","","","07","  ","","",""
"1042","1","0","0","0","0","0","0","0","0","7","0","","36","05","2016","2016049708","6","40.2395","-76.1335","1036","08","0","0","0","0","1","0","0","0","","0","0","0","10","1","0","00","0","40 14:22.526","","00","76 08:01.046","0","0","0","0","36405","0","0","0","","0","0","0","1","68T06","0","","2","09","N","N","0","","0","0","0","0","0","","1032","0","1","0","0","0","0","0","1","0","1","N","","","","","","","","","","","","07","  ","","",""
"1313","1","0","0","0","0","0","0","0","0","7","0","","36","03","2016","2016049742","4","40.2145","-76.0837","1307","08","0","0","0","0","0","0","0","0","2","0","0","0","13","1","0","00","2","40 12:52.340","3","05","76 05:01.240","0","0","0","0","36210","0","0","0","","0","0","0","1","68T06","0","","1","01","N","N","0","","0","0","0","0","0","N","1307","0","1","0","0","0","0","0","1","0","1","N","","","","","","","","","","","","03","  ","","",""
"2055","1","0","0","0","0","0","0","0","0","9","0","","36","05","2016","2016049743","1","40.2453","-76.1744","2055","08","0","0","0","0","0","0","0","0","","0","0","0","20","4","0","00","0","40 14:43.152","","00","76 10:28.954","0","0","0","0","36236","0","0","0","","0","0","0","1","68T06","0","","1","01","N","N","0","","0","0","0","0","0","","2045","0","1","0","0","0","0","0","1","0","1","N","","","","","","","","","","","","03","  ","","",""
"1125","0","0","0","0","0","0","0","0","0","7","1","","36","05","2016","2016049771","6","40.2138","-76.0621","1125","08","0","0","0","0","0","1","0","0","1","0","1","0","11","1","2","00","1","40 12:50.130","4","00","76 03:45.742","3","0","0","0","36202","0","0","0","","0","0","0","3","68T06","0","","3","09","N","N","0","","1","0","0","0","0","N","1120","2","2","0","0","0","1","0","1","1","2","N","","","","","","","","","","","","07","  ","","",""
"2045","1","0","0","0","0","0","0","0","0","7","0","","36","05","2016","2016049774","4","40.2395","-76.257","2028","08","0","0","1","0","0","0","0","0","2","0","0","0","20","2","0","00","1","40 14:22.465","3","00","76 15:24.070","0","0","0","0","36204","0","0","0","","0","0","0","1","68T06","0","","3","09","N","N","0","","0","0","0","0","0","N","2028","0","1","0","0","0","0","0","1","0","1","N","","","","","","","","","","","","07","  ","","",""
"1912","2","0","0","0","0","0","0","0","0","4","0","","36","05","2016","2016049786","2","40.0817","-76.1157","1906","08","0","0","0","0","0","0","0","0","","0","0","0","19","1","0","01","0","40 04:54.116","","00","76 06:56.550","0","0","0","0","36209","0","0","0","N","0","0","0","2","36415","0","","1","01","N","N","0","","0","0","0","3","3","","1906","0","2","0","0","1","0","0","1","0","2","N","","","","","","","","","","","","03","  ","","",""
"1200","0","0","0","0","0","0","0","0","0","1","1","","36","05","2016","2016049798","6","40.068","-76.2982","1145","08","0","0","0","0","0","0","1","0","2","0","1","0","11","1","0","00","1","40 04:04.950","4","00","76 17:53.372","9","0","0","0","36101","0","0","0","N","0","0","0","4","36101","0","","1","09","N","N","0","","0","0","1","0","0","N","1142","0","3","0","0","0","0","1","3","0","3","N","","","","","","","","","","","","99","  ","","",""
"1704","1","0","0","0","0","0","0","0","0","1","1","","36","05","2016","2016049808","5","","","1659","08","0","0","0","0","1","0","0","0","3","0","1","0","16","1","1","00","1","","3","07","","4","0","0","0","36215","0","0","0","N","0","0","0","2","36215","1","","1","01","N","N","0","","0","0","0","3","2","N","1657","1","2","0","0","0","0","0","1","0","2","N","","","","","","","","","","","","03","  ","","",""
"0328","3","0","0","0","0","0","0","0","0","5","0","","36","05","2016","2016049824","7","40.0407","-76.2875","0328","08","0","0","0","0","0","0","0","0","","0","0","0","03","3","0","00","0","40 02:26.600","","00","76 17:14.900","0","0","0","0","36301","0","0","0","N","0","0","0","1","36301","0","","6","01","N","N","0","","0","0","0","0","0","","0328","0","3","0","0","0","0","0","3","0","3","N","","","","","","","","","","","","03","  ","","",""
"1408","1","0","0","0","0","0","0","0","0","1","0","","36","05","2016","2016049826","1","40.0837","-76.2728","1400","08","0","0","0","0","0","1","1","0","","0","0","0","13","1","1","00","0","40 05:01.217","","00","76 16:22.138","4","0","0","0","36101","0","0","0","N","0","0","0","2","36101","1","","1","01","N","N","0","","0","0","1","0","0","","1354","1","2","0","0","0","0","0","3","0","2","N","","","","","","","","","","","","03","  ","","",""
"1549","0","0","0","0","0","0","0","0","0","1","1","","36","05","2016","2016049907","2","40.1001","-76.3542","1549","08","0","0","0","0","0","1","0","0","2","0","1","0","15","1","0","00","1","40 06:00.377","2","00","76 21:14.944","0","0","0","0","36406","0","0","0","N","0","0","0","2","36101","0","","1","01","N","N","0","","0","0","1","0","0","N","1540","0","2","0","0","0","0","0","3","0","2","N","","","","","","","","","","","","03","  ","","",""
"1712","1","0","0","0","0","0","0","0","0","7","0","","36","05","2016","2016049914","6","40.0228","-76.3671","1710","08","0","0","0","0","0","0","0","0","","0","0","0","17","1","0","01","0","40 01:21.946","","00","76 22:01.509","0","0","0","0","36223","0","0","0","","0","0","0","1","36223","0","","2","09","N","N","0","","0","0","0","0","0","","1706","0","1","0","0","0","0","0","1","0","1","N","","","","","","","","","","","","07","  ","","",""
"1938","1","0","0","0","0","0","0","0","0","7","0","","36","05","2016","2016049915","6","40.0357","-76.4171","1927","08","1","0","0","0","0","0","0","0","","0","0","0","19","1","0","00","0","40 02:08.690","","00","76 25:01.600","0","0","0","0","36223","0","0","0","","0","0","0","1","36223","0","","2","01","N","N","0","","0","0","0","0","0","","1925","0","1","0","0","0","0","0","1","0","1","N","","","","","","","","","","","","03","  ","","",""
"1300","1","0","0","0","0","0","0","0","0","4","0","","36","05","2016","2016049916","2","40.028","-76.3612","1300","08","0","0","0","0","0","1","0","0","","0","0","0","13","1","1","01","0","40 01:40.803","","00","76 21:40.412","4","0","0","0","36223","0","0","0","","0","0","0","3","36223","1","","1","01","N","N","1","","0","0","0","3","3","","1300","1","2","0","0","2","0","0","1","0","2","N","","","","","","","","","","","","03","  ","","",""
"1923","1","0","0","0","0","0","0","0","0","6","0","","36","05","2016","2016049917","5","40.0225","-76.3637","1919","08","0","0","0","0","1","1","0","0","2","0","0","0","19","1","0","00","2","40 01:20.840","6","00","76 21:49.330","0","0","0","0","36223","0","0","0","","0","0","0","3","36223","0","","1","01","N","N","1","","0","0","1","0","0","Y","1918","0","3","0","0","0","0","0","1","0","3","N","","","","","","","","","","","","03","  ","","",""
"1540","2","0","0","0","0","0","0","0","0","5","0","","36","05","2016","2016049940","2","40.0525","-76.3228","1534","08","0","0","0","0","0","0","0","0","","0","0","0","15","1","1","00","0","40 03:08.853","","00","76 19:22.249","4","0","0","0","36101","0","0","0","N","0","0","0","4","36101","1","","1","01","N","N","0","","0","0","0","0","0","","1534","1","2","0","0","0","0","0","3","0","2","N","","","","","","","","","","","","03","  ","","",""
"0645","1","0","0","0","0","0","0","0","0","5","1","","36","05","2016","2016049941","3","40.0876","-76.267","0636","08","0","0","0","0","0","0","0","0","","0","1","0","06","1","0","00","0","40 05:15.424","","00","76 16:01.167","0","0","0","0","36101","0","0","0","N","0","0","0","2","36101","0","","1","01","N","N","0","","0","0","0","0","0","","0630","0","2","0","0","0","0","0","3","0","2","N","","","","","","","","","","","","03","  ","","",""
"2236","0","0","0","0","0","0","0","0","0","7","0","","36","05","2016","2016049963","5","40.0692","-76.437","2233","08","0","0","0","0","0","0","0","0","3","0","0","0","22","2","0","00","2","40 04:09.200","5","00","76 26:13.200","9","0","0","0","36239","0","0","0","N","0","0","0","1","36239","0","","4","01","N","N","1","","0","0","0","0","0","Y","2231","0","1","0","0","0","0","1","3","0","1","N","","","","","","","","","","","","03","  ","","",""
"1910","2","0","0","0","0","0","0","0","0","4","0","","36","05","2016","2016049970","5","40.2116","-76.1236","1907","08","0","0","0","0","0","0","0","0","1","0","0","0","19","1","0","01","1","40 12:41.742","1","00","76 07:24.795","0","0","0","0","36210","0","0","0","N","0","0","0","3","36210","0","","1","01","N","N","0","","0","0","0","3","3","N","1907","0","2","0","0","0","0","0","1","0","2","N","","","","","","","","","","","","03","  ","","",""
"1854","0","0","0","0","0","0","0","0","0","1","0","","36","05","2016","2016049984","6","40.1513","-76.2565","1846","08","0","0","0","0","0","0","0","0","2","0","0","0","18","1","0","00","1","40 09:04.685","3","00","76 15:23.485","0","0","0","0","36235","0","0","0","N","0","0","0","5","36506","0","","1","09","N","N","0","","0","0","2","0","0","N","1846","0","2","0","0","0","0","0","1","0","2","N","","","","","","","","","","","","07","  ","","",""
"0846","0","0","0","0","0","0","0","0","0","0","0","","36","05","2016","2016049985","5","40.2527","-76.2459","0840","08","0","0","0","0","0","0","0","0","","0","0","0","08","1","2","00","0","40 15:09.683","","00","76 14:45.074","4","0","0","0","36204","0","0","0","N","0","0","0","3","36506","2","","4","01","N","N","0","","0","0","1","0","0","","0840","2","1","0","0","0","0","0","1","0","1","N","","","","","","","","","","","","03","  ","","",""
"1215","1","0","0","0","0","0","0","0","0","1","0","","36","05","2016","2016049999","3","40.0756","-76.3368","1204","08","0","0","0","0","0","0","0","1","","0","0","0","12","1","0","02","0","40 04:32.019","","02","76 20:12.587","0","0","0","0","36101","0","0","0","N","0","0","0","2","36101","0","","1","09","N","N","0","","0","0","1","3","2","","1203","0","2","0","0","0","0","0","3","0","2","N","","","","","","","","","","","","07","  ","","",""
"1439","1","0","0","0","0","0","0","0","0","5","1","","36","05","2016","2016050011","2","40.0676","-76.2896","1435","08","0","0","1","0","0","1","0","0","","0","1","0","14","1","0","06","0","40 04:03.495","","02","76 17:22.693","0","0","0","0","36101","0","0","0","N","0","0","0","3","36101","0","","1","01","N","N","0","","0","0","0","0","0","","1433","0","2","0","0","0","0","0","3","0","2","N","","","","","","","","","","","","03","  ","","",""
"1730","1","0","0","0","0","0","0","0","0","4","0","","36","05","2016","2016050029","2","40.1668","-76.4011","1726","08","0","0","0","0","0","0","0","0","","0","0","0","17","1","0","01","0","40 10:00.477","","00","76 24:03.979","0","0","0","0","36410","0","0","0","N","0","0","0","2","36410","0","","1","01","N","N","0","","0","0","1","3","3","","1722","0","2","0","0","0","0","0","2","0","2","N","","","","","","","","","","","","03","  ","","",""
"1547","1","0","0","1","0","0","0","0","0","2","0","","36","05","2016","2016050030","3","40.0513","-76.3261","1540","08","0","0","0","0","0","0","0","0","2","0","0","0","15","1","1","00","1","40 03:04.800","6","00","76 19:34.100","3","0","0","0","36101","1","0","0","N","0","0","0","2","36101","0","","1","09","N","N","0","","1","0","0","0","0","N","1535","1","2","0","0","0","0","0","3","0","1","N","","","","","","","","","","","","03","  ","","",""
"1717","1","0","0","0","0","0","0","0","0","1","0","","36","05","2016","2016050049","2","40.0698","-76.3168","1707","08","0","0","0","0","0","0","0","0","","0","0","0","17","1","1","01","0","40 04:11.336","","00","76 19:00.464","4","0","0","0","36101","0","0","0","N","0","0","0","2","36101","1","","1","01","N","N","0","","0","0","0","3","4","","1705","1","2","0","0","1","0","0","3","1","2","N","","","","","","","","","","","","03","  ","","",""
"2132","1","0","0","0","0","0","0","0","0","4","0","","36","05","2016","2016050214","1","39.9633","-76.2299","2126","08","0","0","1","0","0","0","0","0","","0","0","0","21","2","0","02","0","39 57:47.782","","00","76 13:47.816","9","0","0","0","36240","0","0","0","N","0","0","0","3","36240","0","","1","01","N","N","0","","0","0","0","3","3","","2120","0","2","0","0","0","0","1","1","1","2","N","","","","","","","","","","","","03","  ","","",""
"1955","1","0","0","0","0","0","0","0","0","4","0","","36","05","2016","2016050243","2","40.2007","-76.1718","1951","08","0","1","0","0","0","0","0","0","1","0","0","0","19","1","0","01","1","40 12:02.510","3","00","76 10:18.574","0","0","0","0","36218","0","0","0","N","0","0","0","3","36408","0","","1","01","N","N","0","","0","0","1","3","3","N","1950","0","2","0","0","0","0","0","1","0","2","N","","","","","","","","","","","","03","  ","","",""
"2039","1","0","0","0","0","0","0","0","0","4","0","","36","05","2016","2016050246","3","40.0441","-76.3089","2037","08","0","0","0","0","0","1","0","0","","0","0","0","20","4","0","01","0","40 02:38.824","","00","76 18:32.014","0","0","0","0","36301","0","0","0","N","0","0","0","2","36301","0","","1","01","N","N","1","","0","0","0","3","2","","2034","0","2","0","0","0","0","0","3","0","2","N","","","","","","","","","","","","03","  ","","",""
"1711","0","0","0","0","0","0","0","0","0","7","0","","36","03","2016","2016050264","6","39.9343","-76.1355","1644","08","0","0","0","0","0","0","0","0","3","0","0","0","16","1","2","00","2","39 56:03.352","5","00","76 08:07.643","3","0","0","0","36216","0","0","0","","0","0","0","2","68J01","0","","4","01","N","N","0","","2","0","1","0","0","Y","1641","2","1","0","0","0","0","0","1","0","1","N","","","","","","","","","","","","03","  ","","",""
"2057","1","0","1","0","0","0","0","0","0","7","0","","36","03","2016","2016050265","1","39.9892","-75.9902","2050","08","0","0","0","0","0","0","0","0","3","0","0","0","20","2","1","00","2","39 59:21.024","6","00","75 59:24.682","2","0","0","0","36232","0","0","0","","0","0","0","1","68J01","0","","4","01","N","N","0","","0","1","1","0","0","Y","2050","1","3","0","0","0","0","0","1","1","3","N","","","","","","","","","","","","03","  ","","",""
"1441","0","0","0","0","0","0","0","0","0","2","0","","36","03","2016","2016050266","6","40.1493","-75.9816","1414","08","0","0","0","0","0","0","0","0","2","0","0","1","14","1","1","00","2","40 08:57.590","5","00","75 58:53.900","8","0","0","0","36203","2","0","0","","0","0","0","3","68J01","0","","1","01","N","N","1","","0","0","0","0","0","N","1410","1","2","0","0","0","1","0","1","0","1","N","","","","","","","","","","","","03","  ","","",""
"2230","0","0","0","0","0","0","0","0","0","7","0","","36","05","2016","2016050319","7","40.0023","-76.4756","2224","08","0","0","0","0","0","1","0","0","","0","0","0","22","3","0","00","0","40 00:08.391","","00","76 28:32.156","0","0","0","0","36223","0","0","0","","0","0","0","1","36223","0","","5","01","N","N","0","","0","0","0","0","0","","2224","0","1","0","0","0","0","0","1","1","1","N","","","","","","","","","","","","03","  ","","",""
"1246","0","0","0","0","0","0","0","0","0","7","0","","36","03","2016","2016050322","4","39.8406","-76.2172","1241","08","0","0","0","0","0","0","0","0","","0","0","0","12","1","1","00","0","39 50:26.017","","00","76 13:01.912","3","0","0","1","36212","0","0","0","","0","0","0","1","68J01","0","","4","01","N","N","0","","1","0","0","0","0","","1241","1","1","0","0","0","0","0","1","0","1","N","","","","","","","","","","","","03","  ","","",""
"1438","1","0","0","0","0","0","0","0","0","1","0","","36","05","2016","2016050348","1","40.0246","-76.203","1434","08","0","0","0","0","0","0","0","0","","0","0","0","14","1","1","00","0","40 01:28.500","","07","76 12:10.800","4","0","0","0","36215","0","0","0","N","0","0","0","2","36215","1","","1","01","N","N","0","","0","0","0","3","3","","1430","1","2","0","0","0","0","1","1","1","2","N","","","","","","","","","","","","03","  ","","",""
"1030","1","0","0","0","0","0","0","0","0","7","0","","36","05","2016","2016050368","3","40.1257","-76.6102","1018","08","0","0","0","1","0","0","0","0","2","0","0","0","10","1","1","00","2","40 07:32.600","5","03","76 36:36.700","8","0","0","0","36237","0","0","0","N","0","0","0","1","36505","0","","2","09","N","N","0","","0","0","0","0","0","Y","1018","1","1","0","0","0","1","0","1","0","1","N","","","","","","","","","","","","07","05","","",""
"1720","0","0","0","0","0","0","0","0","0","4","0","","36","05","2016","2016050374","1","40.0319","-76.4903","1717","08","0","0","0","0","0","0","0","1","2","0","0","0","17","1","1","00","2","40 01:54.932","6","07","76 29:24.923","3","0","0","1","36404","0","0","0","Y","0","0","0","2","36404","0","","1","01","N","N","0","","1","0","0","3","2","Y","1717","1","2","0","0","0","0","0","3","1","2","N","","","","","","","","","","","","03","  ","","",""
"1935","2","0","0","0","0","0","0","0","0","4","0","","36","05","2016","2016050376","5","40.023","-76.1957","1929","08","0","0","0","0","0","0","0","0","2","0","0","0","19","1","3","00","1","40 01:22.810","4","07","76 11:44.698","3","0","0","0","36215","0","0","0","N","0","0","0","3","36215","1","","1","01","N","N","0","","2","0","0","0","0","N","1928","3","2","0","0","0","0","0","1","0","2","N","","","","","","","","","","","","03","  ","","",""
"1530","0","0","0","0","0","0","0","0","0","7","0","","36","04","2016","2016050383","3","40.1498","-76.1765","1525","08","0","0","0","0","0","0","0","0","","0","0","0","15","1","1","00","0","40 08:59.235","","00","76 10:35.469","8","0","0","0","36238","0","0","0","Y","0","0","0","1","36238","0","","3","01","N","N","1","","0","0","0","0","0","","1525","1","1","0","0","0","1","0","3","0","1","N","","","","","","","","","","","","03","  ","","",""
"1446","3","0","0","0","0","0","0","0","0","2","0","","36","05","2016","2016050415","3","40.0148","-76.3488","1439","08","0","0","0","0","1","1","0","0","2","0","0","0","14","1","2","00","2","40 00:53.101","5","00","76 20:55.797","3","0","0","0","36412","0","0","0","N","0","0","0","5","36412","0","","1","09","N","N","0","","2","0","1","0","0","Y","1438","2","4","0","0","1","0","0","3","0","4","N","","","","","","","","","","","","07","  ","","",""
"1150","2","0","0","0","0","0","0","0","0","1","0","","36","05","2016","2016050462","4","40.0331","-76.2452","1139","08","0","0","0","0","0","1","0","0","","0","0","0","11","1","1","02","0","40 01:59.353","","00","76 14:42.859","4","0","0","0","36215","0","0","0","N","0","0","0","2","36215","1","","1","01","N","N","0","","0","0","0","3","2","","1135","1","2","0","0","0","0","0","1","0","2","N","","","","","","","","","","","","03","  ","","",""
"1239","0","0","0","0","0","0","0","0","0","4","0","","36","05","2016","2016050478","4","","","1229","08","0","0","0","0","0","1","0","0","","0","0","0","12","1","0","00","0","40 4:38.700","","07","76 19:30.500","0","0","0","0","36101","0","0","0","N","0","0","0","3","36101","0","","1","01","N","N","0","","0","0","2","3","3","","1207","0","2","0","0","0","0","0","3","0","2","N","","","","","","","","","","","","03","  ","","",""
"1821","1","0","0","0","0","0","0","0","0","4","0","","36","05","2016","2016050479","1","40.0421","-76.3134","1750","08","0","0","1","0","0","0","0","0","2","0","0","0","17","1","0","01","1","40 02:31.405","4","00","76 18:48.239","0","0","0","0","36301","0","0","0","N","0","0","0","2","36301","0","","1","01","N","N","0","","0","0","1","3","2","N","1750","0","2","0","0","0","0","0","3","0","2","N","","","","","","","","","","","","03","  ","","",""
"1912","2","0","0","0","0","0","0","0","0","1","0","","36","05","2016","2016050579","4","40.1168","-76.3057","1826","08","0","1","0","0","0","0","0","0","2","0","0","0","18","1","0","00","1","40 07:00.614","2","00","76 18:20.484","0","0","0","0","36101","0","0","0","N","0","0","0","2","36101","0","","1","01","N","N","0","","0","0","0","0","0","N","1825","0","2","0","0","1","0","0","3","0","2","N","","","","","","","","","","","","03","  ","","",""
"1458","1","0","0","0","0","0","0","0","0","1","1","","36","05","2016","2016050589","4","40.1643","-76.1545","1454","08","0","0","0","0","0","1","0","0","","0","1","0","14","1","2","00","0","40 09:51.327","","00","76 09:16.368","8","0","0","0","36218","0","0","0","N","0","0","0","4","36408","0","","1","01","N","N","0","","0","0","0","0","0","","1452","2","2","0","0","0","2","1","1","0","2","N","","","","","","","","","","","","03","  ","","",""
"1203","0","0","0","0","0","0","0","0","0","7","0","","36","05","2016","2016050594","4","39.8945","-76.1582","1202","08","0","0","0","0","0","0","0","0","1","0","0","0","11","1","0","00","2","39 53:40.300","4","00","76 09:29.400","0","0","0","0","36416","0","0","0","N","0","0","0","1","36416","0","","4","01","N","N","0","","0","0","1","0","0","N","1158","0","1","0","0","0","0","0","1","0","1","N","","","","","","","","","","","","03","  ","","",""
"0123","0","0","0","0","0","0","0","0","0","7","0","","36","05","2016","2016050612","1","40.006","-76.3046","0117","08","0","0","0","0","0","0","1","0","2","0","0","0","01","3","0","00","2","40 00:21.440","5","00","76 18:16.471","0","0","0","0","36220","0","0","0","N","0","0","0","1","36101","0","","4","01","N","N","1","","0","0","0","0","0","Y","0116","0","1","0","0","1","0","0","3","0","1","N","","","","","","","","","","","","03","  ","","",""
"1650","2","0","0","0","0","0","0","0","0","1","0","","36","04","2016","2016050629","7","40.0719","-76.3343","1635","08","0","0","1","0","0","0","0","0","","0","0","0","16","1","1","00","0","40 04:18.700","","00","76 20:03.400","3","0","0","0","36101","0","0","0","N","0","0","0","5","36101","0","","1","01","N","N","0","","1","0","0","0","0","","1600","1","2","0","0","0","0","0","3","0","2","N","","","","","","","","","","","","03","  ","","",""
"1817","2","0","0","0","0","0","0","0","0","1","0","","36","05","2016","2016050632","1","40.0424","-76.327","1814","08","0","0","0","0","0","0","0","0","2","0","0","0","18","1","0","00","2","40 02:32.480","4","00","76 19:37.126","0","0","0","0","36220","0","0","0","N","0","0","0","2","36101","0","","6","01","N","N","0","","0","0","0","0","0","N","1811","0","2","0","0","0","0","0","3","0","2","N","","","","","","","","","","","","03","  ","","",""
"0252","2","0","0","0","0","0","0","0","0","6","0","","36","05","2016","2016050635","5","40.0421","-76.2918","0246","08","0","0","0","0","0","0","0","0","2","0","0","0","02","3","0","00","1","40 02:31.500","2","00","76 17:30.300","0","0","0","0","36301","0","0","0","N","0","0","0","1","36301","0","","6","09","N","N","0","","0","0","0","0","0","Y","0245","0","2","0","0","0","0","0","3","0","2","N","","","","","","","","","","","","03","  ","","",""
"1502","1","0","0","0","0","0","0","0","0","6","0","","36","04","2016","2016050648","7","39.9682","-76.1766","1442","08","0","0","0","0","0","1","0","0","3","0","0","0","14","1","2","00","2","39 58:05.634","5","00","76 10:35.781","3","0","0","0","36233","0","0","0","","0","0","0","2","68J01","0","","1","01","N","N","0","","2","0","1","0","0","Y","1442","2","2","0","0","1","0","0","1","0","2","N","","","","","","","","","","","","03","  ","","",""
"2009","0","0","0","0","0","0","0","0","0","0","0","","36","04","2016","2016050649","1","39.9367","-76.0761","2005","08","0","0","0","0","0","1","0","0","1","0","0","0","20","6","1","00","2","39 56:12.012","5","00","76 04:33.910","8","0","0","1","36201","0","0","0","","0","0","0","1","68J01","0","","1","01","N","N","0","","0","0","0","0","0","Y","2005","1","1","0","0","0","1","0","1","0","1","N","","","","","","","","","","","","03","  ","","",""
"1635","0","0","0","0","0","0","0","0","0","7","0","","36","04","2016","2016050654","2","39.7822","-76.0897","1558","08","0","0","0","0","0","1","0","0","2","0","0","0","15","1","1","00","1","39 46:56.017","1","00","76 05:23.034","3","0","0","0","36222","0","0","0","","0","0","0","1","68J01","0","","4","01","N","N","0","","1","0","1","0","0","Y","1550","1","1","0","0","0","0","0","1","0","1","N","","","","","","","","","","","","03","  ","","",""
"1455","1","0","0","0","0","0","0","0","0","4","0","","36","04","2016","2016050698","4","40.0392","-76.0644","1443","08","0","1","0","0","0","1","1","0","3","0","0","0","14","1","1","01","1","40 02:21.008","5","00","76 03:51.801","8","0","0","0","36221","0","0","0","","0","0","0","3","68J01","0","","1","01","N","N","1","","0","0","0","3","3","Y","1441","1","3","0","0","0","1","0","1","1","3","N","","","","","","","","","","","","03","  ","","",""