"ARRIVAL_TM","AUTOMOBILE_COUNT","BELTED_DEATH_COUNT","BELTED_SUSP_SERIOUS_INJ_COUNT","BICYCLE_COUNT","BICYCLE_DEATH_COUNT","BICYCLE_SUSP_SERIOUS_INJ_COUNT","BUS_COUNT","CHLDPAS_DEATH_COUNT","CHLDPAS_SUSP_SERIOUS_INJ_COUNT","COLLISION_TYPE","COMM_VEH_COUNT","CONS_ZONE_SPD_LIM","COUNTY","CRASH_MONTH","CRASH_YEAR","CRN","DAY_OF_WEEK","DEC_LAT","DEC_LONG","DISPATCH_TM","DISTRICT","DRIVER_COUNT_16YR","DRIVER_COUNT_17YR","DRIVER_COUNT_18YR","DRIVER_COUNT_19YR","DRIVER_COUNT_20YR","DRIVER_COUNT_50_64YR","DRIVER_COUNT_65_74YR","DRIVER_COUNT_75PLUS","EST_HRS_CLOSED","FATAL_COUNT","HEAVY_TRUCK_COUNT","HORSE_BUGGY_COUNT","HOUR_OF_DAY","ILLUMINATION","INJURY_COUNT","INTERSECT_TYPE","LANE_CLOSED","LATITUDE","LN_CLOSE_DIR","LOCATION_TYPE","LONGITUDE","MAX_SEVERITY_LEVEL","MCYCLE_DEATH_COUNT","MCYCLE_SUSP_SERIOUS_INJ_COUNT","MOTORCYCLE_COUNT","MUNICIPALITY","NONMOTR_COUNT","NONMOTR_DEATH_COUNT","NONMOTR_SUSP_SERIOUS_INJ_COUNT","NTFY_HIWY_MAINT","PED_COUNT","PED_DEATH_COUNT","PED_SUSP_SERIOUS_INJ_COUNT","PERSON_COUNT","POLICE_AGCY","POSSIBLE_INJ_COUNT","RDWY_SURF_TYPE_CD","RELATION_TO_ROAD","ROAD_CONDITION","SCH_BUS_IND","SCH_ZONE_IND","SMALL_TRUCK_COUNT","SPEC_JURIS_CD","SUSP_MINOR_INJ_COUNT","SUSP_SERIOUS_INJ_COUNT","SUV_COUNT","TCD_FUNC_CD","TCD_TYPE","TFC_DETOUR_IND","TIME_OF_DAY","TOT_INJ_COUNT","TOTAL_UNITS","UNB_DEATH_COUNT","UNB_SUSP_SERIOUS_INJ_COUNT","UNBELTED_OCC_COUNT","UNK_INJ_DEG_COUNT","UNK_INJ_PER_COUNT","URBAN_RURAL","VAN_COUNT","VEHICLE_COUNT","WORK_ZONE_IND","WORK_ZONE_LOC","WORK_ZONE_TYPE","WORKERS_PRES","WZ_CLOSE_DETOUR","WZ_FLAGGER","WZ_LAW_OFFCR_IND","WZ_LN_CLOSURE","WZ_MOVING","WZ_OTHER","WZ_SHLDER_MDN","ROADWAY_CLEARED","WEATHER1","WEATHER2","WZ_WORKERS_INJ_KILLED","SECONDARY_CRASH","INTERSECTION_RELATED"
"0847","0","0","0","0","0","0","0","0","0","7","0","","36","04","2016","2016050699","3","39.9811","-75.9898","0818","08","0","0","0","0","0","1","0","0","2","0","0","0","08","1","1","00","2","39 58:52.030","5","00","75 59:23.300","3","0","0","0","36231","0","0","0","","0","0","0","1","68J01","0","","5","09","N","N","0","","1","0","0","0","0","Y","0815","1","1","0","0","0","0","0","1","1","1","N","","","","","","","","","","","","07","  ","","",""
"0908","0","0","0","0","0","0","0","0","0","7","0","","36","04","2016","2016050719","7","39.9682","-76.1766","0855","08","0","0","0","0","0","0","0","0","2","0","0","0","08","1","0","00","2","39 58:05.673","5","00","76 10:35.794","0","0","0","0","36233","0","0","0","","0","0","0","1","68J01","0","","4","02","N","N","0","","0","0","1","3","8","Y","0850","0","1","0","0","0","0","0","1","0","1","N","","","","","","","","","","","","10","  ","","",""
"1655","0","0","0","0","0","0","0","0","0","5","0","","36","05","2016","2016050732","1","40.0461","-76.3052","1652","08","0","0","0","0","0","1","0","0","","0","0","0","16","1","1","00","0","40 02:46.014","","00","76 18:18.650","3","0","0","1","36301","0","0","0","N","0","0","0","2","36301","0","","1","01","N","N","1","","1","0","0","0","0","","1652","1","2","0","0","0","0","0","3","0","2","N","","","","","","","","","","","","03","  ","","",""
"1441","2","0","0","0","0","0","0","0","0","4","0","","36","05","2016","2016050739","4","40.0606","-76.2768","1437","08","0","0","0","0","1","0","0","0","","0","0","0","14","1","0","01","0","40 03:38.256","","02","76 16:36.560","9","0","0","0","36101","0","0","0","N","0","0","0","5","36101","0","","1","01","N","N","0","","0","0","0","3","2","","1433","0","2","0","0","0","0","1","3","0","2","N","","","","","","","","","","","","03","  ","","",""
"0721","1","0","0","0","0","0","0","0","0","4","0","","36","05","2016","2016050742","5","40.2137","-76.1264","0721","08","0","0","0","0","0","0","0","0","2","0","0","0","07","1","0","01","1","40 12:49.356","1","00","76 07:35.127","0","0","0","0","36210","0","0","0","N","0","0","0","2","36210","0","","1","01","N","N","0","","0","0","1","3","2","N","0715","0","2","0","0","0","0","0","1","0","2","N","","","","","","","","","","","","03","  ","","",""
"1558","3","0","0","0","0","0","0","0","0","1","0","","36","05","2016","2016050755","3","40.0601","-76.32","1521","08","0","1","1","0","0","0","0","0","","0","0","0","15","1","0","00","0","40 03:36.187","","00","76 19:12.147","0","0","0","0","36301","0","0","0","N","0","0","0","3","36301","0","","1","01","N","N","0","","0","0","0","0","0","","1521","0","3","0","0","0","0","0","3","0","3","N","","","","","","","","","","","","03","  ","","",""
"1018","2","0","0","0","0","0","0","0","0","4","0","","36","05","2016","2016050783","4","40.0669","-76.3044","1015","08","0","0","1","0","0","0","0","1","","0","0","0","10","1","1","02","0","40 04:00.689","","07","76 18:15.730","4","0","0","0","36101","0","0","0","N","0","0","0","2","36101","1","","1","01","N","N","0","","0","0","0","3","2","","1012","1","2","0","0","0","0","0","3","0","2","N","","","","","","","","","","","","03","  ","","",""
"1729","2","0","0","0","0","0","0","0","0","4","0","","36","05","2016","2016050814","4","40.0626","-76.3137","1722","08","0","0","0","0","0","0","0","0","2","0","0","0","17","1","1","02","1","40 03:45.168","1","07","76 18:49.822","3","0","0","0","36101","0","0","0","N","0","0","0","2","36101","0","","1","01","N","N","0","","1","0","0","3","2","N","1710","1","2","0","0","0","0","0","3","0","2","N","","","","","","","","","","","","03","  ","","",""
"2139","0","0","0","0","0","0","0","0","0","7","0","","36","05","2016","2016050842","5","39.8893","-76.1656","2131","08","1","0","0","0","0","0","0","0","2","0","0","0","21","3","1","00","2","39 53:21.580","6","03","76 09:56.160","4","0","0","0","36416","0","0","0","N","0","0","0","2","36416","1","","2","01","N","N","0","","0","0","1","0","0","Y","2130","1","1","0","0","2","0","0","1","0","1","N","","","","","","","","","","","","03","  ","","",""
"0916","1","0","0","0","0","0","0","0","0","2","0","","36","05","2016","2016050925","1","40.1407","-75.8871","0902","08","0","0","1","0","0","1","0","0","3","0","0","0","09","1","3","00","1","40 08:26.390","6","00","75 53:13.460","3","0","0","0","36203","0","0","0","","0","0","0","5","68J01","0","","1","01","N","N","0","","2","0","1","0","0","N","0902","3","2","0","0","3","1","0","1","0","2","N","","","","","","","","","","","","03","  ","","",""
"1329","0","0","0","0","0","0","0","0","0","7","0","","36","05","2016","2016050983","5","40.1531","-76.55","1325","08","0","0","0","0","0","0","0","1","4","0","0","0","13","1","1","00","2","40 09:11.100","5","00","76 33:00.000","3","0","0","0","36225","0","0","0","N","0","0","0","1","36505","0","","4","01","N","N","1","","1","0","0","0","0","Y","1320","1","1","0","0","0","0","0","2","0","1","N","","","","","","","","","","","","03","  ","","",""
"1703","0","0","0","0","0","0","0","0","0","7","0","","36","05","2016","2016050984","5","40.1668","-76.0518","1657","08","0","0","0","0","0","1","0","0","1","0","0","0","16","1","0","00","1","40 10:00.388","1","00","76 03:06.367","0","0","0","1","36213","0","0","0","N","0","0","0","1","36213","0","","4","01","N","N","0","","0","0","0","0","0","N","1650","0","1","0","0","0","0","0","1","0","1","N","","","","","","","","","","","","03","  ","","",""
"1721","1","0","0","0","0","0","0","0","0","4","0","","36","05","2016","2016051008","5","40.0373","-76.4082","1715","08","0","0","0","0","0","1","0","0","","0","0","0","16","1","0","01","0","40 02:14.287","","00","76 24:29.639","0","0","0","0","36214","0","0","0","N","0","0","0","2","36214","0","","1","01","N","N","1","","0","0","0","3","2","","1654","0","2","0","0","0","0","0","3","0","2","N","","","","","","","","","","","","03","  ","","",""
"0527","0","0","0","0","0","0","0","0","0","7","0","","36","05","2016","2016051010","5","40.0806","-76.4593","0522","08","0","0","0","0","0","0","0","0","2","0","0","0","05","1","1","03","2","40 04:50.326","5","00","76 27:33.443","8","0","0","0","36239","0","0","0","N","0","0","0","1","36239","0","","4","01","N","N","0","","0","0","1","0","0","Y","0520","1","1","0","0","0","1","0","3","0","1","N","","","","","","","","","","","","03","  ","","",""
"1909","2","0","0","0","0","0","0","0","0","1","0","","36","05","2016","2016051042","5","40.1602","-76.3076","1908","08","0","0","0","0","0","0","0","0","1","0","0","0","19","1","0","01","1","40 09:36.663","2","00","76 18:27.476","0","0","0","0","36409","0","0","0","N","0","0","0","2","36409","0","","1","01","N","N","0","","0","0","0","3","2","N","1906","0","2","0","0","0","0","0","3","0","2","N","","","","","","","","","","","","03","  ","","",""
"0241","0","0","0","0","0","0","0","0","0","7","0","","36","05","2016","2016051059","7","40.0353","-76.2544","0237","08","0","0","0","0","0","0","0","0","3","0","0","0","02","3","0","00","2","40 02:07.047","6","00","76 15:15.837","0","0","0","0","36215","0","0","0","N","0","0","0","1","36215","0","","4","01","N","N","0","","0","0","0","0","0","Y","0236","0","1","0","0","0","0","0","1","1","1","N","","","","","","","","","","","","03","  ","","",""
"1319","1","0","0","0","0","0","0","0","0","1","0","","36","05","2016","2016051067","3","40.1098","-76.4127","1312","08","0","0","0","0","0","0","1","1","1","0","0","0","13","1","1","02","2","40 06:35.132","3","00","76 24:45.637","8","0","0","0","36214","0","0","0","N","0","0","0","3","36214","0","","1","09","N","N","0","","0","0","0","3","3","N","1305","1","2","0","0","0","1","0","3","1","2","N","","","","","","","","","","","","07","  ","","",""
"1740","1","0","0","0","0","0","0","0","0","1","0","","36","05","2016","2016051110","5","40.0362","-76.363","1737","08","0","0","0","0","0","0","0","0","2","0","0","0","17","1","3","02","2","40 02:10.180","5","00","76 21:46.960","3","0","0","0","36223","0","0","0","","0","0","0","3","36223","2","","1","01","N","N","1","","1","0","0","0","0","Y","1736","3","2","0","0","0","0","0","1","0","2","N","","","","","","","","","","","","03","  ","","",""
"1324","2","0","1","0","0","0","0","0","0","7","1","","36","05","2016","2016051112","2","40.1646","-76.6083","1317","08","0","0","0","0","0","1","1","0","3","0","1","0","13","1","3","00","2","40 09:52.595","5","00","76 36:30.010","2","0","0","0","36225","0","0","0","N","0","0","0","7","36505","2","","5","01","N","N","0","","0","1","1","0","0","Y","1315","3","4","0","0","0","0","0","2","0","4","N","","","","","","","","","","","","03","  ","","",""
"2211","2","0","0","0","0","0","0","0","0","1","0","","36","05","2016","2016051123","3","40.161","-76.3997","2208","08","0","0","0","0","0","0","0","0","1","0","0","0","22","3","0","00","2","40 09:39.446","5","00","76 23:58.958","0","0","0","0","36410","0","0","0","N","0","0","0","1","36410","0","","6","01","N","N","0","","0","0","0","0","0","Y","2208","0","2","0","0","1","0","0","2","0","2","N","","","","","","","","","","","","03","  ","","",""
"1336","2","0","0","0","0","0","0","0","0","4","0","","36","05","2016","2016051125","4","40.0291","-76.3099","1334","08","0","0","0","1","0","0","0","0","1","0","0","0","13","1","0","01","1","40 01:44.770","3","00","76 18:35.657","9","0","0","0","36301","0","0","0","N","0","0","0","2","36301","0","","1","01","N","N","0","","0","0","0","2","3","Y","1334","0","2","0","0","0","0","1","3","0","2","N","","","","","","","","","","","","03","  ","","",""
"1551","1","0","0","0","0","0","0","0","0","7","0","","36","05","2016","2016051132","3","40.0553","-76.2788","1545","08","0","0","0","0","0","0","0","0","2","0","0","0","15","1","1","00","1","40 03:19.000","2","00","76 16:43.700","3","0","0","0","36101","0","0","0","N","0","0","0","2","36101","0","","4","09","N","N","0","","1","0","0","0","0","N","1545","1","1","0","0","0","0","0","3","0","1","N","","","","","","","","","","","","07","  ","","",""
"1551","2","0","0","0","0","0","0","0","0","1","0","","36","05","2016","2016051137","4","40.0747","-76.4128","1547","08","0","0","0","0","0","0","0","0","2","0","0","0","15","1","0","00","1","40 04:28.880","1","00","76 24:46.137","0","0","0","0","36214","0","0","0","N","0","0","0","1","36214","0","","2","09","N","N","0","","0","0","0","0","0","N","1525","0","2","0","0","0","0","0","3","0","2","N","","","","","","","","","","","","07","  ","","",""
"1649","2","0","0","0","0","0","0","0","0","4","0","","36","05","2016","2016051144","3","40.0349","-76.3051","1647","08","0","0","0","0","0","0","0","0","2","0","0","0","16","1","0","01","2","40 02:05.480","1","00","76 18:18.334","0","0","0","0","36301","0","0","0","N","0","0","0","6","36301","0","","1","01","N","N","1","","0","0","0","0","0","N","1647","0","3","0","0","0","0","0","3","0","3","N","","","","","","","","","","","","03","  ","","",""
"0938","0","0","0","0","0","0","1","0","0","1","1","","36","05","2016","2016051168","6","39.8949","-76.1709","0936","08","0","0","0","0","0","1","0","0","4","0","0","0","09","1","0","00","1","39 53:41.552","4","00","76 10:15.261","0","0","0","0","36416","0","0","0","N","0","0","0","2","36416","0","","1","01","Y","N","0","","0","0","1","0","0","N","0934","0","2","0","0","0","0","0","1","0","2","N","","","","","","","","","","","","03","  ","","",""
"1637","0","0","0","0","0","0","0","0","0","7","0","","36","05","2016","2016051185","4","40.1598","-76.3563","1631","08","0","0","0","0","1","0","0","0","","0","0","0","16","1","1","00","0","40 09:35.189","","00","76 21:22.806","8","0","0","0","36227","0","0","0","N","0","0","0","1","36506","0","","4","01","N","N","0","","0","0","1","0","0","","1631","1","1","0","0","1","1","0","1","0","1","N","","","","","","","","","","","","03","  ","","",""
"1150","0","0","0","0","0","0","0","0","0","4","0","","36","05","2016","2016051186","3","40.1737","-76.3384","1150","08","0","0","0","0","0","2","0","0","","0","1","0","11","1","0","01","0","40 10:25.198","","00","76 20:18.137","0","0","0","0","36227","0","0","0","N","0","0","0","2","36506","0","","1","09","N","N","1","","0","0","0","3","3","","1150","0","2","0","0","0","0","0","1","0","2","N","","","","","","","","","","","","07","  ","","",""
"1237","2","0","0","0","0","0","0","0","0","5","0","","36","05","2016","2016051206","6","40.0403","-76.3146","1237","08","0","0","1","0","0","0","0","0","1","0","0","0","12","1","1","00","2","40 02:25.000","3","00","76 18:52.700","3","0","0","0","36301","0","0","0","N","0","0","0","1","36301","0","","6","09","N","N","0","","1","0","0","0","0","Y","1230","1","2","0","0","0","0","0","3","0","2","N","","","","","","","","","","","","07","  ","","",""
"1231","2","0","0","0","0","0","0","0","0","4","0","","36","05","2016","2016051214","6","40.0385","-76.3262","1227","08","0","0","0","0","0","0","0","1","","0","0","0","12","1","0","02","0","40 02:18.470","","00","76 19:34.452","0","0","0","0","36220","0","0","0","N","0","0","0","3","36101","0","","1","01","N","N","0","","0","0","0","3","3","","1225","0","2","0","0","0","0","0","3","0","2","N","","","","","","","","","","","","03","  ","","",""
"1113","0","0","0","0","0","0","0","0","0","4","0","","36","05","2016","2016051229","6","40.1198","-76.0296","1109","08","0","0","0","0","0","0","1","0","1","0","0","0","11","1","1","00","1","40 07:11.104","3","07","76 01:46.726","3","0","0","0","36213","0","0","0","N","0","0","0","2","36213","0","","1","01","N","N","1","","1","0","1","3","3","Y","1105","1","2","0","0","0","0","0","1","0","2","N","","","","","","","","","","","","03","  ","","",""
"1629","2","0","0","0","0","0","0","0","0","6","0","","36","05","2016","2016051305","6","40.0426","-76.2835","1601","08","0","0","0","0","0","0","0","1","","0","0","0","15","1","0","00","0","40 02:33.215","","00","76 17:00.610","0","0","0","0","36220","0","0","0","N","0","0","0","2","36101","0","","1","01","N","N","0","","0","0","0","0","0","","1558","0","2","0","0","0","0","0","3","0","2","N","","","","","","","","","","","","03","  ","","",""
"1324","1","0","0","0","0","0","0","0","0","4","0","","36","03","2016","2016051327","2","40.0071","-76.1614","1311","08","0","0","0","1","0","0","0","0","1","0","0","0","13","1","2","00","2","40 00:25.670","5","07","76 09:40.940","8","0","0","0","36233","0","0","0","","0","0","0","5","68J01","0","","1","01","N","N","1","","0","0","0","0","0","Y","1310","2","2","0","0","0","2","0","1","0","2","N","","","","","","","","","","","","03","  ","","",""
"1627","1","0","0","0","0","0","0","0","0","4","0","","36","05","2016","2016051352","6","39.8723","-76.2305","1601","08","0","0","0","0","1","1","0","0","","0","0","0","16","1","1","00","0","39 52:20.410","","00","76 13:49.910","8","0","0","0","36208","0","0","0","","0","0","0","2","68J01","0","","1","01","N","N","1","","0","0","0","0","0","","1600","1","2","0","0","0","1","0","1","0","2","N","","","","","","","","","","","","03","  ","","",""
"1904","0","0","0","0","0","0","0","0","0","4","0","","36","04","2016","2016051374","7","39.9855","-76.0178","1855","08","0","1","0","0","0","0","0","0","3","0","0","0","18","1","1","01","1","39 59:07.866","2","00","76 01:04.009","8","0","0","0","36232","0","0","0","","0","0","0","3","68J01","0","","1","01","N","N","1","","0","0","0","3","2","N","1855","1","2","0","0","1","1","0","1","1","2","N","","","","","","","","","","","","03","  ","","",""
"0756","2","0","0","0","0","0","0","0","0","4","0","","36","05","2016","2016051429","1","40.0379","-76.2745","0749","08","0","0","0","0","0","1","1","0","2","0","0","0","07","1","2","02","2","40 02:16.816","4","00","76 16:28.202","4","0","0","0","36220","0","0","0","N","0","0","0","3","36101","2","","1","01","N","N","0","","0","0","0","3","2","N","0746","2","2","0","0","0","0","0","3","0","2","N","","","","","","","","","","","","03","  ","","",""
"1740","1","0","0","0","0","0","0","0","0","7","0","","36","05","2016","2016051443","6","40.214","-76.1583","1734","08","0","0","0","1","0","0","0","0","1","0","0","0","17","1","0","01","1","40 12:50.259","2","00","76 09:29.735","9","0","0","0","36236","0","0","0","N","0","0","0","1","36408","0","","4","01","N","N","0","","0","0","0","3","3","Y","1731","0","2","0","0","0","0","1","1","0","1","N","","","","","","","","","","","","03","  ","","",""
"2225","1","0","0","0","0","0","0","0","0","4","0","","36","05","2016","2016051450","6","40.0364","-76.4552","2223","08","0","0","1","0","0","1","0","0","1","0","0","0","22","3","0","01","2","40 02:10.903","6","00","76 27:18.690","0","0","0","0","36239","0","0","0","N","0","0","0","2","36239","0","","1","01","N","N","1","","0","0","0","3","2","Y","2223","0","2","0","0","0","0","0","3","0","2","N","","","","","","","","","","","","03","  ","","",""
"0225","1","0","0","0","0","0","0","0","0","7","0","","36","05","2016","2016051463","3","40.031","-76.3208","0222","08","0","0","0","0","0","0","0","0","2","0","0","0","02","3","0","01","1","40 01:51.511","2","00","76 19:14.982","0","0","0","0","36301","0","0","0","N","0","0","0","3","36301","0","","4","09","N","N","0","","0","0","0","3","2","Y","0222","0","1","0","0","0","0","0","3","0","1","N","","","","","","","","","","","","07","  ","","",""
"0134","1","0","0","0","0","0","0","0","0","7","0","","36","05","2016","2016051485","4","40.1411","-76.3255","0126","08","0","0","0","0","0","0","0","0","","0","0","0","01","2","0","00","0","40 08:27.800","","00","76 19:31.800","0","0","0","0","36235","0","0","0","N","0","0","0","1","36506","0","","5","01","N","N","0","","0","0","0","0","0","","0126","0","1","0","0","0","0","0","1","0","1","N","","","","","","","","","","","","03","  ","","",""
"1706","0","0","0","0","0","0","0","0","0","1","0","","36","04","2016","2016051494","2","39.8689","-76.197","1645","08","0","0","0","0","0","0","0","0","","0","0","0","16","1","1","02","0","39 52:08.026","","00","76 11:49.275","3","0","0","0","36212","0","0","0","","0","0","0","3","68J01","0","","1","01","N","N","0","","1","0","2","0","0","","1645","1","2","0","0","1","0","0","1","0","2","N","","","","","","","","","","","","03","  ","","",""
"1703","2","0","0","0","0","0","0","0","0","1","0","","36","05","2016","2016051509","1","39.9927","-76.025","1622","08","0","0","0","0","0","0","0","0","","0","0","0","16","1","0","02","0","39 59:33.797","","00","76 01:29.827","0","0","0","0","36232","0","0","0","","0","0","0","2","68J01","0","","1","01","N","N","0","","0","0","0","3","2","","1622","0","2","0","0","0","0","0","1","0","2","N","","","","","","","","","","","","03","  ","","",""
"1120","1","0","0","0","0","0","0","0","0","1","0","","36","05","2016","2016051521","5","39.9921","-76.0209","1120","08","0","0","0","0","0","1","0","0","1","0","0","0","11","1","1","00","1","39 59:31.583","3","00","76 01:15.229","3","0","0","0","36232","0","0","0","","0","0","0","2","68J01","0","","1","01","N","N","0","","1","0","1","3","2","N","1119","1","2","0","0","0","0","0","1","0","2","N","","","","","","","","","","","","03","  ","","",""
"1732","0","0","0","0","0","0","0","0","0","1","0","","36","05","2016","2016051537","6","40.0957","-76.2927","1728","08","1","0","1","0","0","0","0","0","1","0","0","0","17","1","0","00","1","40 05:44.435","3","00","76 17:33.793","0","0","0","0","36101","0","0","0","N","0","0","0","5","36101","0","","1","01","N","N","0","","0","0","2","0","0","N","1724","0","3","0","0","0","0","0","3","1","3","N","","","","","","","","","","","","03","  ","","",""
"0807","0","0","0","0","0","0","0","0","0","7","0","","36","05","2016","2016051542","6","40.0984","-76.3584","0804","08","0","0","0","0","0","0","0","0","","0","0","0","07","1","1","00","0","40 05:54.330","","07","76 21:30.397","3","0","0","1","36406","0","0","0","N","0","0","0","1","36101","0","","2","01","N","N","0","","1","0","0","0","0","","0759","1","1","0","0","0","0","0","3","0","1","N","","","","","","","","","","","","03","  ","","",""
"0803","1","0","0","0","0","0","0","0","0","7","0","","36","05","2016","2016051544","7","40.0479","-76.393","0800","08","0","0","0","0","0","1","0","0","1","0","0","0","07","1","0","00","1","40 02:52.400","1","07","76 23:34.900","0","0","0","0","36214","0","0","0","N","0","0","0","2","36214","0","","2","09","N","N","0","","0","0","0","0","0","Y","0755","0","2","0","0","0","0","0","3","0","1","N","","","","","","","","","","","","07","  ","","",""
"1641","2","0","0","0","0","0","0","0","0","1","0","","36","05","2016","2016051545","3","40.0425","-76.3091","1641","08","0","0","0","1","0","0","0","0","2","0","0","0","16","1","2","00","1","40 02:32.900","4","00","76 18:32.600","4","0","0","0","36301","0","0","0","N","0","0","0","3","36301","2","","1","01","N","N","0","","0","0","0","0","0","N","1641","2","2","0","0","2","0","0","3","0","2","N","","","","","","","","","","","","03","  ","","",""
"0715","2","0","0","0","0","0","0","0","0","4","0","","36","05","2016","2016051558","7","40.0395","-76.306","0713","08","0","0","0","0","0","0","0","0","1","0","0","0","07","1","2","01","1","40 02:22.325","1","00","76 18:21.503","3","0","0","0","36301","0","0","0","N","0","0","0","2","36301","0","","1","09","N","N","0","","2","0","0","3","2","N","0713","2","2","0","0","0","0","0","3","0","2","N","","","","","","","","","","","","07","  ","","",""
"1541","1","0","0","0","0","0","0","0","0","7","0","","36","05","2016","2016051565","6","40.0443","-76.4915","1541","08","0","0","0","0","0","0","0","0","1","0","0","0","15","1","1","00","1","40 02:39.524","3","00","76 29:29.281","8","0","0","0","36404","0","0","0","N","0","0","0","1","36404","0","","3","01","N","N","0","","0","0","0","0","0","N","1541","1","1","0","0","0","1","0","3","0","1","N","","","","","","","","","","","","03","  ","","",""
"1030","1","0","0","0","0","0","0","0","0","5","0","","36","05","2016","2016051570","6","39.9747","-76.2473","1027","08","0","0","0","0","0","1","0","0","","0","0","0","10","1","0","00","0","39 58:28.886","","00","76 14:50.137","0","0","0","0","36240","0","0","0","N","0","0","0","2","36240","0","","1","01","N","N","1","","0","0","0","0","0","","1020","0","2","0","0","0","0","0","1","0","2","N","","","","","","","","","","","","03","  ","","",""
"1042","0","0","0","0","0","0","0","0","0","1","0","","36","05","2016","2016051581","7","40.008","-76.2499","1040","08","0","0","0","0","0","1","0","0","","0","0","0","10","1","0","00","0","40 00:28.787","","00","76 14:59.633","0","0","0","0","36240","0","0","0","N","0","0","0","3","36240","0","","1","09","N","N","0","","0","0","1","3","3","","1035","0","2","0","0","0","0","0","1","1","2","N","","","","","","","","","","","","07","  ","","",""
"0955","1","0","0","0","0","0","0","0","0","4","0","","36","05","2016","2016051600","7","40.0669","-76.3044","0953","08","0","0","0","0","0","1","0","0","1","0","0","0","09","1","0","01","1","40 04:00.689","7","00","76 18:15.730","0","0","0","0","36101","0","0","0","N","0","0","0","3","36101","0","","1","09","N","N","0","","0","0","1","3","2","N","0947","0","2","0","0","1","0","0","3","0","2","N","","","","","","","","","","","","07","  ","","",""
"1303","1","0","0","0","0","0","0","0","0","4","0","","36","05","2016","2016051601","3","40.1724","-76.1965","1258","08","1","0","0","0","0","0","0","0","1","0","0","0","12","1","0","00","2","40 10:20.553","2","07","76 11:47.561","0","0","0","0","36408","0","0","0","N","0","0","0","3","36408","0","","1","09","N","N","0","","0","0","0","0","0","N","1258","0","2","0","0","0","0","0","2","1","2","N","","","","","","","","","","","","07","  ","","",""
"1214","0","0","0","0","0","0","0","0","0","4","0","","36","05","2016","2016051607","6","40.2264","-76.1804","1208","08","0","0","0","0","0","1","1","0","3","0","1","0","12","1","2","01","2","40 13:34.893","7","00","76 10:49.273","8","0","0","0","36236","0","0","0","N","0","0","0","3","36408","0","","1","01","N","N","0","","0","0","1","3","3","Y","1208","2","2","0","0","0","2","0","1","0","2","N","","","","","","","","","","","","03","  ","","",""
"1352","1","0","0","0","0","0","0","0","0","1","0","","36","05","2016","2016051608","7","40.0387","-76.358","1342","08","0","0","0","0","0","0","1","0","2","0","0","0","13","1","0","00","1","40 02:19.497","4","00","76 21:28.696","0","0","0","0","36214","0","0","0","N","0","0","0","6","36214","0","","1","01","N","N","1","","0","0","0","0","0","Y","1340","0","2","0","0","1","0","0","3","0","2","N","","","","","","","","","","","","03","  ","","",""
"1408","1","0","0","0","0","0","0","0","0","1","0","","36","05","2016","2016051611","7","40.1679","-76.166","1405","08","0","0","0","0","1","0","0","0","","0","0","0","14","1","0","02","0","40 10:04.304","","00","76 09:57.691","0","0","0","0","36408","0","0","0","N","0","0","0","2","36408","0","","1","01","N","N","0","","0","0","1","3","2","","1404","0","2","0","0","0","0","0","2","0","2","N","","","","","","","","","","","","03","  ","","",""
"1751","1","0","0","1","0","0","0","0","0","4","0","","36","05","2016","2016051627","5","40.0364","-76.3003","1747","08","0","0","0","0","0","0","0","0","","0","0","0","17","1","1","01","0","40 02:10.993","","00","76 18:01.238","4","0","0","0","36301","1","0","0","N","0","0","0","2","36301","1","","1","01","N","N","0","","0","0","0","3","3","","1747","1","2","0","0","0","0","0","3","0","1","N","","","","","","","","","","","","03","  ","","",""
"1407","1","0","0","0","0","0","0","0","0","4","0","","36","05","2016","2016051629","7","40.0695","-76.3575","1401","08","0","0","0","0","0","0","0","0","2","0","0","0","13","1","0","02","2","40 04:10.056","3","00","76 21:26.821","0","0","0","0","36214","0","0","0","N","0","0","0","7","36214","0","","1","09","N","N","0","","0","0","1","3","3","N","1355","0","3","0","0","0","0","0","3","1","3","N","","","","","","","","","","","","03","  ","","",""
"2223","1","0","0","0","0","0","0","0","0","1","0","","36","05","2016","2016051701","6","39.9844","-76.3574","2221","08","0","0","0","1","0","0","0","0","1","0","0","0","22","2","1","00","2","39 59:03.901","5","00","76 21:26.695","3","0","0","0","36223","1","0","0","N","0","0","0","2","36223","0","","1","01","N","N","0","","1","0","0","0","0","N","2219","1","2","0","0","0","0","0","1","0","1","N","","","","","","","","","","","","03","  ","","",""
"0541","0","0","0","0","0","0","0","0","0","4","0","","36","05","2016","2016051709","5","40.1287","-76.5649","0536","08","0","0","0","0","0","1","0","0","","0","0","0","05","1","0","01","0","40 07:43.434","","00","76 33:53.722","0","0","0","0","36237","0","0","0","N","0","0","0","2","36505","0","","1","01","N","N","1","","0","0","1","3","3","","0530","0","2","0","0","0","0","0","1","0","2","N","","","","","","","","","","","","03","  ","","",""
"0135","1","0","0","0","0","0","0","0","0","7","0","","36","05","2016","2016051713","6","40.0447","-76.4892","0132","08","0","1","0","0","0","0","0","0","1","0","0","0","01","2","0","00","1","40 02:40.925","3","00","76 29:20.988","0","0","0","0","36404","0","0","0","Y","0","0","0","1","36404","0","","3","01","N","N","0","","0","0","0","0","0","N","0132","0","1","0","0","0","0","0","3","0","1","N","","","","","","","","","","","","03","  ","","",""