"ARRIVAL_TM","AUTOMOBILE_COUNT","BELTED_DEATH_COUNT","BELTED_SUSP_SERIOUS_INJ_COUNT","BICYCLE_COUNT","BICYCLE_DEATH_COUNT","BICYCLE_SUSP_SERIOUS_INJ_COUNT","BUS_COUNT","CHLDPAS_DEATH_COUNT","CHLDPAS_SUSP_SERIOUS_INJ_COUNT","COLLISION_TYPE","COMM_VEH_COUNT","CONS_ZONE_SPD_LIM","COUNTY","CRASH_MONTH","CRASH_YEAR","CRN","DAY_OF_WEEK","DEC_LAT","DEC_LONG","DISPATCH_TM","DISTRICT","DRIVER_COUNT_16YR","DRIVER_COUNT_17YR","DRIVER_COUNT_18YR","DRIVER_COUNT_19YR","DRIVER_COUNT_20YR","DRIVER_COUNT_50_64YR","DRIVER_COUNT_65_74YR","DRIVER_COUNT_75PLUS","EST_HRS_CLOSED","FATAL_COUNT","HEAVY_TRUCK_COUNT","HORSE_BUGGY_COUNT","HOUR_OF_DAY","ILLUMINATION","INJURY_COUNT","INTERSECT_TYPE","LANE_CLOSED","LATITUDE","LN_CLOSE_DIR","LOCATION_TYPE","LONGITUDE","MAX_SEVERITY_LEVEL","MCYCLE_DEATH_COUNT","MCYCLE_SUSP_SERIOUS_INJ_COUNT","MOTORCYCLE_COUNT","MUNICIPALITY","NONMOTR_COUNT","NONMOTR_DEATH_COUNT","NONMOTR_SUSP_SERIOUS_INJ_COUNT","NTFY_HIWY_MAINT","PED_COUNT","PED_DEATH_COUNT","PED_SUSP_SERIOUS_INJ_COUNT","PERSON_COUNT","POLICE_AGCY","POSSIBLE_INJ_COUNT","RDWY_SURF_TYPE_CD","RELATION_TO_ROAD","ROAD_CONDITION","SCH_BUS_IND","SCH_ZONE_IND","SMALL_TRUCK_COUNT","SPEC_JURIS_CD","SUSP_MINOR_INJ_COUNT","SUSP_SERIOUS_INJ_COUNT","SUV_COUNT","TCD_FUNC_CD","TCD_TYPE","TFC_DETOUR_IND","TIME_OF_DAY","TOT_INJ_COUNT","TOTAL_UNITS","UNB_DEATH_COUNT","UNB_SUSP_SERIOUS_INJ_COUNT","UNBELTED_OCC_COUNT","UNK_INJ_DEG_COUNT","UNK_INJ_PER_COUNT","URBAN_RURAL","VAN_COUNT","VEHICLE_COUNT","WORK_ZONE_IND","WORK_ZONE_LOC","WORK_ZONE_TYPE","WORKERS_PRES","WZ_CLOSE_DETOUR","WZ_FLAGGER","WZ_LAW_OFFCR_IND","WZ_LN_CLOSURE","WZ_MOVING","WZ_OTHER","WZ_SHLDER_MDN","ROADWAY_CLEARED","WEATHER1","WEATHER2","WZ_WORKERS_INJ_KILLED","SECONDARY_CRASH","INTERSECTION_RELATED"
"1313","2","0","0","0","0","0","0","0","0","1","0","","36","05","2016","2016051714","7","40.0888","-76.3051","1308","08","0","1","0","1","0","0","0","0","","0","0","0","13","1","1","03","0","40 05:19.752","","00","76 18:18.261","3","0","0","0","36101","0","0","0","N","0","0","0","2","36101","0","","1","01","N","N","0","","1","0","0","3","2","","1306","1","2","0","0","0","0","0","3","0","2","N","","","","","","","","","","","","03","  ","","",""
"1410","1","0","0","0","0","0","0","0","0","2","0","","36","05","2016","2016051715","6","40.1499","-76.3085","1407","08","0","0","0","0","0","0","0","1","","0","0","0","14","1","1","01","0","40 08:59.785","","00","76 18:30.584","4","0","0","0","36409","0","0","0","N","0","0","0","2","36409","1","","1","01","N","N","0","","0","0","1","3","3","","1405","1","2","0","0","0","0","0","3","0","2","N","","","","","","","","","","","","03","  ","","",""
"2054","0","0","0","0","0","0","0","0","0","4","1","","36","05","2016","2016051717","6","40.0328","-76.5037","2053","08","0","0","0","0","0","0","0","0","2","0","1","0","20","3","0","01","2","40 01:58.227","7","00","76 30:13.179","0","0","0","0","36404","0","0","0","N","0","0","0","2","36404","0","","1","01","N","N","0","","0","0","1","3","3","Y","2053","0","2","0","0","0","0","0","3","0","2","N","","","","","","","","","","","","03","  ","","",""
"2204","1","0","0","0","0","0","0","0","0","7","0","","36","05","2016","2016051719","7","40.0798","-76.0722","2200","08","0","1","0","0","0","0","0","0","1","0","0","0","21","2","0","00","1","40 04:47.199","1","00","76 04:19.766","0","0","0","0","36209","0","0","0","N","0","0","0","1","36415","0","","4","09","N","N","0","","0","0","0","0","0","N","2130","0","1","0","0","0","0","0","1","0","1","N","","","","","","","","","","","","07","  ","","",""
"1840","0","0","0","0","0","0","0","0","0","7","0","","36","05","2016","2016051722","6","40.0966","-76.4105","1836","08","0","0","0","0","0","0","0","0","","0","0","0","18","1","0","02","0","40 05:47.680","","00","76 24:37.753","0","0","0","0","36214","0","0","0","N","0","0","0","1","36214","0","","5","01","N","N","0","","0","0","1","0","0","","1833","0","1","0","0","0","0","0","3","0","1","N","","","","","","","","","","","","03","  ","","",""
"0235","1","0","0","0","0","0","0","0","0","5","0","","36","05","2016","2016051750","7","40.0404","-76.3017","0235","08","0","0","0","0","0","0","0","0","","0","0","0","02","3","0","00","0","40 02:25.286","","00","76 18:06.147","0","0","0","0","36301","0","0","0","N","0","0","0","1","36301","0","","6","01","N","N","1","","0","0","0","0","0","","0235","0","2","0","0","0","0","0","3","0","2","N","","","","","","","","","","","","03","  ","","",""
"2127","1","0","0","0","0","0","0","0","0","1","0","","36","05","2016","2016051756","7","40.0311","-76.3185","2124","08","0","0","0","0","0","0","0","0","2","0","0","0","21","3","0","00","2","40 01:52.000","2","00","76 19:06.500","0","0","0","0","36301","0","0","0","N","0","0","0","2","36301","0","","1","09","N","N","0","","0","0","0","0","0","N","2123","0","2","0","0","0","0","0","3","1","2","N","","","","","","","","","","","","07","  ","","",""
"0517","1","0","0","0","0","0","0","0","0","7","0","","36","05","2016","2016051758","4","40.0532","-76.3242","0513","08","0","0","0","0","0","0","0","0","","0","0","0","05","1","0","01","0","40 03:11.365","","00","76 19:27.049","0","0","0","0","36101","0","0","0","Y","0","0","0","1","36101","0","","1","01","N","N","0","","0","0","0","3","2","","0511","0","1","0","0","0","0","0","3","0","1","N","","","","","","","","","","","","03","  ","","",""
"1550","0","0","0","0","0","0","0","0","0","0","0","","36","05","2016","2016051780","7","40.017","-76.3142","1550","08","0","0","0","0","0","0","0","0","","0","0","0","15","1","1","02","0","40 01:01.095","","00","76 18:50.994","4","0","0","1","36220","0","0","0","N","0","0","0","1","36101","1","","1","09","N","N","0","","0","0","0","2","3","","1520","1","1","0","0","0","0","0","3","0","1","N","","","","","","","","","","","","07","  ","","",""
"1109","1","0","0","0","0","0","0","0","0","5","1","","36","05","2016","2016051797","3","40.0665","-76.2866","1105","08","0","0","0","0","0","0","1","0","2","0","1","0","11","1","1","00","1","40 03:59.554","3","00","76 17:11.787","3","0","0","0","36101","0","0","0","N","0","0","0","2","36101","0","","1","01","N","N","0","","1","0","0","0","0","N","1105","1","2","0","0","0","0","0","3","0","2","N","","","","","","","","","","","","03","  ","","",""
"0711","1","0","0","0","0","0","0","0","0","1","0","","36","05","2016","2016051800","2","40.0849","-76.2173","0703","08","0","0","0","0","0","0","0","0","","0","0","0","07","1","0","00","0","40 05:05.630","","00","76 13:02.199","0","0","0","0","36234","0","0","0","N","0","0","0","2","36215","0","","1","01","N","N","0","","0","0","1","0","0","","0700","0","2","0","0","0","0","0","1","0","2","N","","","","","","","","","","","","03","  ","","",""
"1430","0","0","0","0","0","0","0","0","0","4","1","","36","05","2016","2016051804","6","40.0306","-76.2343","1427","08","0","0","0","0","0","0","0","0","2","0","1","0","14","1","1","05","2","40 01:50.123","4","00","76 14:03.641","8","0","0","0","36215","0","0","0","N","0","0","0","2","36215","0","","1","01","N","N","1","","0","0","0","3","2","Y","1424","1","2","0","0","1","1","0","1","0","2","N","","","","","","","","","","","","03","  ","","",""
"1735","1","0","0","0","0","0","0","0","0","1","0","","36","05","2016","2016051809","2","40.063","-76.3414","1727","08","0","0","0","0","0","0","0","0","2","0","0","0","17","1","1","00","2","40 03:46.667","4","00","76 20:29.005","3","0","0","0","36101","0","0","0","N","0","0","0","2","36101","0","","1","01","N","N","0","","1","0","1","0","0","N","1725","1","2","0","0","0","0","0","3","0","2","N","","","","","","","","","","","","03","  ","","",""
"1342","2","0","0","0","0","0","0","0","0","4","0","","36","05","2016","2016051820","3","40.1317","-76.2175","1334","08","0","0","0","0","0","1","0","0","","0","0","0","13","1","2","00","0","40 07:54.054","","07","76 13:03.029","4","0","0","0","36238","0","0","0","N","0","0","0","3","36238","2","","1","09","N","N","0","","0","0","0","0","0","","1330","2","2","0","0","0","0","0","3","0","2","N","","","","","","","","","","","","07","  ","","",""
"1034","1","0","0","0","0","0","0","0","0","7","0","","36","05","2016","2016051823","1","40.2014","-76.4157","1024","08","0","0","0","0","0","0","0","0","3","0","0","0","10","1","1","00","2","40 12:05.087","6","00","76 24:56.461","3","0","0","0","36230","0","0","0","N","0","0","0","1","36410","0","","5","09","N","N","0","","1","0","0","0","0","Y","1022","1","1","0","0","0","0","0","1","0","1","N","","","","","","","","","","","","07","  ","","",""
"1550","0","0","0","0","0","0","1","0","0","4","1","","36","05","2016","2016051831","3","40.1228","-76.2314","1544","08","0","0","0","0","0","0","1","0","3","0","0","0","15","1","0","01","1","40 07:22.251","1","00","76 13:52.933","0","0","0","0","36238","0","0","0","N","0","0","0","13","36238","0","","1","09","Y","N","1","","0","0","0","3","3","N","1540","0","2","0","0","0","0","0","3","0","2","N","","","","","","","","","","","","03","  ","","",""
"1330","0","0","0","0","0","0","0","0","0","1","0","","36","05","2016","2016051851","7","40.1207","-76.2351","1324","08","0","0","0","0","0","0","0","1","","0","0","0","13","1","0","00","0","40 07:14.552","","07","76 14:06.251","9","0","0","0","36238","0","0","0","N","0","0","0","3","36238","0","","1","09","N","N","0","","0","0","1","0","0","","1320","0","3","0","0","0","0","1","3","2","3","N","","","","","","","","","","","","03","  ","","",""
"1636","1","0","0","0","0","0","0","0","0","6","0","","36","05","2016","2016051862","7","40.267","-76.115","1621","08","0","0","1","0","0","0","0","0","3","0","0","0","16","1","4","00","1","40 16:01.287","6","00","76 06:54.049","8","0","0","0","36236","0","0","0","N","0","0","0","7","36408","0","","1","01","N","N","1","","0","0","0","0","0","N","1619","4","2","0","0","0","4","0","1","0","2","N","","","","","","","","","","","","07","  ","","",""
"1552","1","0","0","0","0","0","0","0","0","4","0","","36","05","2016","2016051863","1","40.088","-76.3996","1551","08","0","0","0","0","0","0","0","0","","0","0","0","15","1","1","02","0","40 05:16.724","","00","76 23:58.419","4","0","0","0","36214","0","0","0","N","0","0","0","2","36214","1","","1","09","N","N","0","","0","0","0","3","3","","1549","1","2","0","0","0","0","0","3","1","2","N","","","","","","","","","","","","07","  ","","",""
"1152","1","0","0","0","0","0","0","0","0","1","0","","36","05","2016","2016051872","7","40.2026","-76.2097","1144","08","0","0","0","0","0","0","0","0","2","0","1","0","11","1","1","00","1","40 12:09.500","3","00","76 12:34.903","4","0","0","0","36204","0","0","0","N","0","0","0","2","36506","1","","1","09","N","N","0","","0","0","0","0","0","N","1144","1","2","0","0","0","0","0","1","0","2","N","","","","","","","","","","","","03","  ","","",""
"0631","0","0","0","0","0","0","0","0","0","7","0","","36","05","2016","2016051921","5","40.1175","-76.3796","0621","08","0","0","0","0","0","0","0","0","","0","0","0","06","1","0","00","0","40 07:01.187","","00","76 22:46.602","0","0","0","0","36214","0","0","0","","0","0","0","2","36214","0","","4","01","N","N","0","","0","0","1","0","0","","0616","0","1","0","0","2","0","0","3","0","1","N","","","","","","","","","","","","05","  ","","",""
"1733","2","0","0","0","0","0","0","0","0","4","0","","36","05","2016","2016051922","6","40.0823","-76.3976","1730","08","0","0","0","0","0","1","0","1","","0","0","0","17","1","0","01","0","40 04:56.251","","00","76 23:51.349","0","0","0","0","36214","0","0","0","","0","0","0","2","36214","0","","1","01","N","N","0","","0","0","0","3","3","","1728","0","2","0","0","0","0","0","3","0","2","N","","","","","","","","","","","","03","  ","","",""
"0836","2","0","0","0","0","0","0","0","1","1","0","","36","03","2016","2016051928","5","39.9479","-76.2301","0814","08","0","0","0","0","0","0","0","0","3","0","0","0","08","1","5","05","2","39 56:52.261","7","00","76 13:48.292","2","0","0","0","36233","0","0","0","","0","0","0","7","68J01","0","","1","01","N","N","0","","2","3","1","0","0","Y","0812","5","3","0","2","3","0","0","1","0","3","N","","","","","","","","","","","","03","  ","","",""
"1751","0","0","0","0","0","0","0","0","0","7","0","","36","05","2016","2016051940","2","39.9884","-75.9815","1730","08","0","0","0","0","0","0","0","0","","0","0","0","17","1","0","00","0","39 59:18.126","","00","75 58:53.375","0","0","0","0","36232","0","0","0","","0","0","0","5","68J01","0","","4","01","N","N","0","","0","0","1","0","0","","1728","0","1","0","0","0","0","0","1","0","1","N","","","","","","","","","","","","03","  ","","",""
"1905","1","0","0","0","0","0","0","0","0","4","0","","36","05","2016","2016051946","6","40.0186","-76.0638","1857","08","0","0","0","0","0","0","1","0","1","0","0","0","18","1","0","02","1","40 01:07.020","6","00","76 03:49.852","0","0","0","0","36221","0","0","0","","0","0","0","2","68J01","0","","1","01","N","N","0","","0","0","1","3","3","N","1857","0","2","0","0","0","0","0","1","0","2","N","","","","","","","","","","","","03","  ","","",""
"0130","1","0","0","0","0","0","0","0","0","7","0","90","36","05","2016","2016051990","7","40.1709","-76.1965","0130","08","0","0","0","0","0","0","0","0","","0","0","0","01","3","0","01","0","40 10:15.319","","00","76 11:47.479","0","0","0","0","36408","0","0","0","Y","0","0","0","1","36408","0","","2","01","N","N","0","","0","0","0","3","2","","0125","0","1","0","0","0","0","0","2","0","1","Y","4","1","N","","","N","","Y","","","","03","  ","","",""
"0336","0","0","0","0","0","0","0","0","0","7","0","","36","05","2016","2016051994","1","40.1603","-76.3913","0333","08","0","0","0","0","0","0","0","0","1","0","0","0","03","3","1","00","2","40 09:36.989","5","00","76 23:28.799","4","0","0","0","36410","0","0","0","N","0","0","0","1","36410","1","","4","09","N","N","0","","0","0","1","0","0","N","0332","1","1","0","0","1","0","0","2","0","1","N","","","","","","","","","","","","03","  ","","",""
"1142","2","0","0","0","0","0","0","0","0","1","0","","36","05","2016","2016052002","1","40.1428","-76.5955","1142","08","0","0","0","0","0","1","1","0","2","0","0","0","11","1","1","00","2","40 08:34.134","2","00","76 35:43.676","8","0","0","0","36407","0","0","0","N","0","0","0","5","36407","0","","1","01","N","N","0","","0","0","1","0","0","N","1142","1","3","0","0","0","1","0","2","0","3","N","","","","","","","","","","","","03","  ","","",""
"0048","1","0","0","0","0","0","0","0","0","4","0","","36","05","2016","2016052004","1","40.0382","-76.3235","0045","08","0","0","1","0","0","1","0","0","","0","0","0","00","3","1","01","0","40 02:17.653","","00","76 19:24.603","4","0","0","0","36301","0","0","0","N","0","0","0","2","36301","1","","1","09","N","N","0","","0","0","1","3","2","","0044","1","2","0","0","0","0","0","3","0","2","N","","","","","","","","","","","","07","  ","","",""
"2019","2","0","0","0","0","0","0","0","0","4","0","","36","05","2016","2016052008","3","40.0402","-76.2996","2017","08","0","0","0","0","0","0","0","0","1","0","0","0","20","1","0","01","1","40 02:24.760","3","00","76 17:58.555","0","0","0","0","36301","0","0","0","N","0","0","0","2","36301","0","","1","01","N","N","0","","0","0","0","3","3","N","2016","0","2","0","0","0","0","0","3","0","2","N","","","","","","","","","","","","03","  ","","",""
"2347","1","0","0","0","0","0","0","0","0","7","0","","36","05","2016","2016052011","2","40.0519","-76.2771","2347","08","0","0","0","0","0","0","0","0","2","0","0","0","23","2","0","00","1","40 03:07.006","3","00","76 16:37.476","0","0","0","0","36101","0","0","0","N","0","0","0","1","36101","0","","3","01","N","N","0","","0","0","0","0","0","N","2347","0","1","0","0","0","0","0","3","0","1","N","","","","","","","","","","","","03","  ","","",""
"0340","1","0","0","0","0","0","0","0","0","7","0","","36","05","2016","2016052022","7","40.167","-76.3899","0337","08","0","0","0","0","0","0","0","0","1","0","0","0","03","3","0","02","1","40 10:01.258","3","00","76 23:23.559","9","0","0","0","36410","0","0","0","N","0","0","0","1","36410","0","","5","01","N","N","0","","0","0","0","0","0","N","0324","0","1","0","0","0","0","1","2","0","1","N","","","","","","","","","","","","03","  ","","",""
"0147","1","0","0","0","0","0","0","0","0","1","0","","36","05","2016","2016052028","4","40.0454","-76.3122","0145","08","0","0","0","0","0","0","0","0","","0","0","0","01","3","0","00","0","40 02:43.400","","00","76 18:43.900","0","0","0","0","36301","0","0","0","N","0","0","0","1","36301","0","","6","01","N","N","0","","0","0","1","0","0","","0142","0","2","0","0","0","0","0","3","0","2","N","","","","","","","","","","","","03","  ","","",""
"1912","2","0","0","0","0","0","0","0","0","4","0","","36","05","2016","2016052029","7","39.9858","-76.3154","1912","08","0","1","0","0","0","1","0","0","1","0","0","0","19","1","2","01","1","39 59:09.014","4","00","76 18:55.276","3","0","0","0","36228","0","0","0","N","0","0","0","3","36503","0","","1","09","N","N","0","","2","0","0","3","2","N","1910","2","2","0","0","0","0","0","1","0","2","N","","","","","","","","","","","","07","  ","","",""
"1816","3","0","0","0","0","0","0","0","0","1","0","","36","05","2016","2016052040","1","40.0687","-76.3075","1809","08","0","0","0","0","0","1","0","0","2","0","0","0","18","1","0","00","1","40 04:07.144","1","00","76 18:26.870","0","0","0","0","36101","0","0","0","N","0","0","0","3","36101","0","","1","09","N","N","0","","0","0","0","0","0","N","1805","0","3","0","0","0","0","0","3","0","3","N","","","","","","","","","","","","07","  ","","",""
"0612","1","0","0","0","0","0","0","0","0","1","0","","36","05","2016","2016052125","2","40.0966","-76.1062","0612","08","0","0","0","0","0","1","0","0","","0","0","0","06","1","0","01","0","40 05:47.922","","00","76 06:22.185","0","0","0","0","36415","0","0","0","N","0","0","0","2","36415","0","","1","01","N","N","1","","0","0","0","3","2","","0609","0","2","0","0","0","0","0","1","0","2","N","","","","","","","","","","","","03","  ","","",""
"1528","1","0","0","0","0","0","0","0","0","7","0","","36","05","2016","2016052423","2","40.1469","-76.603","1528","08","0","1","0","0","0","0","0","0","","0","0","0","15","1","0","01","0","40 08:48.953","","00","76 36:10.703","0","0","0","0","36407","0","0","0","N","0","0","0","1","36407","0","","2","09","N","N","0","","0","0","0","3","2","","1515","0","1","0","0","0","0","0","2","0","1","N","","","","","","","","","","","","03","  ","","",""
"1429","0","0","0","0","0","0","1","0","0","1","1","","36","05","2016","2016052535","5","40.1973","-76.4197","1423","08","0","0","0","0","0","1","0","0","1","0","0","0","14","1","0","02","1","40 11:50.267","1","00","76 25:10.932","0","0","0","0","36230","0","0","0","N","0","0","0","39","36410","0","","1","01","Y","N","1","","0","0","0","0","0","N","1421","0","2","0","0","0","0","0","1","0","2","N","","","","","","","","","","","","03","  ","","",""
"0525","1","0","0","0","0","0","0","0","0","9","0","","36","05","2016","2016052549","1","40.1455","-76.5582","0519","08","0","0","0","0","0","0","0","0","","0","0","0","05","5","1","06","0","40 08:43.636","","02","76 33:29.418","8","0","0","0","36225","0","0","0","N","0","0","0","2","36505","0","","1","09","N","N","0","","0","0","0","0","0","","0515","1","1","0","0","0","1","0","2","0","1","N","","","","","","","","","","","","07","  ","","",""
"1956","1","0","0","0","0","0","0","0","0","4","0","","36","05","2016","2016052567","2","40.1358","-76.0941","1952","08","0","0","0","0","0","0","0","0","2","0","0","0","19","4","0","01","1","40 08:08.741","3","00","76 05:38.932","0","0","0","0","36209","0","0","0","N","0","0","0","3","36415","0","","1","01","N","N","0","","0","0","1","3","3","N","1952","0","2","0","0","3","0","0","1","0","2","N","","","","","","","","","","","","03","  ","","",""
"1740","0","0","0","0","0","0","0","0","0","7","0","","36","05","2016","2016052569","2","40.0558","-76.4064","1733","08","0","0","0","1","0","0","0","0","","0","0","0","17","1","0","02","0","40 03:20.964","","00","76 24:22.884","0","0","0","0","36239","0","0","0","N","0","0","0","1","36239","0","","2","01","N","N","0","","0","0","1","0","0","","1733","0","1","0","0","0","0","0","3","0","1","N","","","","","","","","","","","","03","  ","","",""
"2033","1","0","0","0","0","0","0","0","0","1","0","","36","05","2016","2016052583","5","40.0454","-76.2883","2025","08","0","0","0","0","0","1","0","0","","0","0","0","20","3","0","00","0","40 02:43.600","","00","76 17:17.900","0","0","0","0","36301","0","0","0","N","0","0","0","1","36301","0","","6","01","N","N","0","","0","0","0","0","0","","2023","0","2","0","0","0","0","0","3","1","2","N","","","","","","","","","","","","03","  ","","",""
"1637","1","0","0","0","0","0","0","0","0","5","1","","36","05","2016","2016052585","5","40.0459","-76.4184","1630","08","0","0","0","1","0","1","0","1","2","0","1","0","16","1","0","00","1","40 02:45.226","3","00","76 25:06.242","0","0","0","0","36239","0","0","0","Y","0","0","0","3","36239","0","","1","01","N","N","0","","0","0","1","0","0","Y","1630","0","3","0","0","1","0","0","3","0","3","N","","","","","","","","","","","","03","  ","","",""
"0233","1","0","0","0","0","0","0","0","0","4","0","","36","05","2016","2016052588","6","40.0438","-76.2954","0229","08","0","0","0","0","0","0","0","0","2","0","0","0","02","3","3","03","1","40 02:37.780","4","00","76 17:43.461","3","0","0","0","36301","0","0","0","N","0","0","0","3","36301","0","","1","09","N","N","0","","3","0","1","3","3","N","0227","3","2","0","0","0","0","0","3","0","2","N","","","","","","","","","","","","07","  ","","",""
"2011","1","0","0","0","0","0","0","0","0","7","0","","36","05","2016","2016052590","2","40.0986","-76.4446","2005","08","0","0","0","0","0","0","0","0","2","0","0","0","20","2","1","00","2","40 05:54.855","5","00","76 26:40.676","2","0","0","0","36239","0","0","0","N","0","0","0","1","36239","0","","5","01","N","N","0","","0","1","0","0","0","Y","2005","1","1","0","1","1","0","0","3","0","1","N","","","","","","","","","","","","03","  ","","",""
"2148","2","0","0","0","0","0","0","0","0","4","0","","36","05","2016","2016052595","2","40.0498","-76.3175","2145","08","0","0","0","0","0","0","0","0","","0","0","0","21","3","0","02","0","40 02:59.122","","00","76 19:02.958","0","0","0","0","36301","0","0","0","N","0","0","0","2","36301","0","","1","01","N","N","0","","0","0","0","3","2","","2142","0","2","0","0","0","0","0","3","0","2","N","","","","","","","","","","","","03","  ","","",""
"2346","0","0","0","0","0","0","0","0","0","7","0","","36","05","2016","2016052601","4","40.0364","-76.2814","2343","08","0","0","0","0","0","0","0","0","","0","0","0","23","2","0","00","0","40 02:10.900","","00","76 16:52.900","0","0","0","0","36220","0","0","0","N","0","0","0","1","36101","0","","4","09","N","N","0","","0","0","1","0","0","","2333","0","1","0","0","0","0","0","3","0","1","N","","","","","","","","","","","","07","  ","","",""
"1550","2","0","0","0","0","0","0","0","0","1","0","","36","04","2016","2016052692","6","40.0388","-76.3133","1550","08","0","0","0","0","0","1","0","0","","0","0","0","15","1","1","00","0","40 02:19.516","","00","76 18:47.714","4","0","0","0","36301","0","0","0","N","0","0","0","2","36301","1","","1","01","N","N","0","","0","0","0","0","0","","1550","1","2","0","0","0","0","0","3","0","2","N","","","","","","","","","","","","03","  ","","",""
"1650","1","0","0","0","0","0","0","0","0","1","0","","36","05","2016","2016052695","5","40.0708","-76.3235","1633","08","0","0","0","0","0","0","0","0","","0","0","0","16","1","0","06","0","40 04:14.863","","02","76 19:24.743","0","0","0","0","36101","0","0","0","N","0","0","0","2","36301","0","","1","01","N","N","1","","0","0","0","0","0","","1633","0","2","0","0","0","0","0","3","0","2","N","","","","","","","","","","","","03","  ","","",""
"0755","2","0","0","0","0","0","0","0","0","4","0","","36","05","2016","2016052722","5","40.0316","-76.3045","0750","08","0","0","0","1","0","1","0","0","2","0","0","0","07","1","1","02","1","40 01:53.761","1","00","76 18:16.251","8","0","0","0","36301","0","0","0","N","0","0","0","3","36301","0","","1","01","N","N","1","","0","0","0","3","3","N","0744","1","3","0","0","1","1","1","3","0","3","N","","","","","","","","","","","","03","  ","","",""
"0836","0","0","0","0","0","0","0","0","0","7","0","","36","05","2016","2016052727","3","40.2212","-76.4323","0828","08","0","0","0","0","0","0","0","0","2","0","0","0","08","1","1","00","2","40 13:16.192","5","00","76 25:56.233","8","0","0","0","36230","0","0","0","Y","0","0","0","1","36410","0","","4","01","N","N","0","","0","0","1","0","0","Y","0828","1","1","0","0","0","1","0","1","0","1","N","","","","","","","","","","","","03","  ","","",""
"1736","0","0","0","0","0","0","0","0","0","0","0","","36","04","2016","2016052789","2","40.0615","-76.5384","1733","08","0","0","1","0","0","0","0","0","2","0","0","0","17","1","0","00","2","40 03:41.315","5","00","76 32:18.066","0","0","0","0","36211","0","0","0","N","0","0","0","1","36504","0","","1","01","N","N","1","","0","0","0","0","0","Y","1730","0","1","0","0","0","0","0","1","0","1","N","","","","","","","","","","","","03","  ","","",""
"1311","0","0","0","0","0","0","0","0","0","4","0","","36","05","2016","2016052799","5","40.0683","-76.3298","1307","08","0","0","0","0","0","0","0","0","2","0","0","0","13","1","2","02","1","40 04:05.226","2","02","76 19:47.014","4","0","0","0","36101","0","0","0","N","0","0","0","3","36101","2","","1","01","N","N","1","","0","0","1","3","2","N","1305","2","2","0","0","0","0","0","3","0","2","N","","","","","","","","","","","","03","  ","","",""
"1925","2","0","0","0","0","0","0","0","0","4","0","","36","05","2016","2016052808","2","40.1517","-76.6015","1923","08","0","1","0","0","0","1","0","0","","0","0","0","19","1","0","01","0","40 09:06.256","","00","76 36:05.526","0","0","0","0","36407","0","0","0","N","0","0","0","4","36407","0","","1","01","N","N","0","","0","0","0","3","3","","1922","0","2","0","0","0","0","0","2","0","2","N","","","","","","","","","","","","03","  ","","",""
"0218","1","0","0","0","0","0","0","0","0","7","0","","36","05","2016","2016052811","7","40.0424","-76.3093","0218","08","0","0","0","0","0","0","0","0","1","0","0","0","02","3","1","01","1","40 02:32.730","4","00","76 18:33.490","3","0","0","0","36301","0","0","0","N","0","0","0","1","36301","0","","4","01","N","N","0","","1","0","0","0","0","N","0218","1","1","0","0","0","0","0","3","0","1","N","","","","","","","","","","","","03","  ","","",""
"0843","1","0","0","0","0","0","0","0","0","7","0","55","36","05","2016","2016052962","5","40.2352","-76.2963","0820","08","0","0","1","0","0","0","0","0","2","0","0","0","08","1","1","00","1","40 14:06.693","4","00","76 17:43.485","3","0","0","0","36217","0","0","0","","0","0","0","1","68T06","0","","2","01","N","N","0","","1","0","0","0","0","N","0815","1","1","0","0","0","0","0","1","0","1","Y","2","2","Y","N","N","N","Y","Y","N","Y","","03","  ","","",""
"2052","1","0","0","0","0","0","0","0","0","7","0","","36","05","2016","2016052995","7","40.2281","-76.464","2030","08","0","1","0","0","0","0","0","0","2","0","0","0","20","2","0","00","1","40 13:41.602","4","00","76 27:47.019","0","0","0","0","36230","0","0","0","","0","0","0","1","68T06","0","","2","08","N","N","0","","0","0","0","0","0","N","2030","0","1","0","0","0","0","0","1","0","1","N","","","","","","","","","","","","07","  ","","",""
"1845","1","0","0","0","0","0","0","0","0","0","0","","36","05","2016","2016053031","3","40.041","-76.4806","1835","08","0","0","0","1","0","0","0","0","2","0","0","0","18","1","0","00","1","40 02:27.605","3","00","76 28:50.194","0","0","0","0","36239","0","0","0","N","0","0","0","2","36239","0","","1","01","N","N","0","","0","0","0","0","0","N","1835","0","1","0","0","0","0","0","3","0","1","N","","","","","","","","","","","","03","  ","","",""
"2335","1","0","0","0","0","0","0","0","0","7","0","","36","05","2016","2016053058","3","40.0373","-76.4174","2331","08","0","0","0","0","0","0","0","0","3","0","0","0","23","3","0","00","2","40 02:14.135","6","00","76 25:02.777","0","0","0","0","36239","0","0","0","N","0","0","0","1","36239","0","","5","01","N","N","0","","0","0","0","0","0","Y","2331","0","1","0","0","0","0","0","3","0","1","N","","","","","","","","","","","","03","  ","","",""
"2250","1","0","0","0","0","0","0","0","0","7","0","","36","05","2016","2016053067","2","40.1057","-76.2002","2245","08","0","0","0","0","1","0","0","0","","0","0","0","22","2","0","00","0","40 06:20.412","","00","76 12:00.846","0","0","0","0","36238","0","0","0","N","0","0","0","1","36238","0","","4","09","N","N","0","","0","0","0","0","0","","2240","0","1","0","0","0","0","0","3","0","1","N","","","","","","","","","","","","03","  ","","",""