"ARRIVAL_TM","AUTOMOBILE_COUNT","BELTED_DEATH_COUNT","BELTED_SUSP_SERIOUS_INJ_COUNT","BICYCLE_COUNT","BICYCLE_DEATH_COUNT","BICYCLE_SUSP_SERIOUS_INJ_COUNT","BUS_COUNT","CHLDPAS_DEATH_COUNT","CHLDPAS_SUSP_SERIOUS_INJ_COUNT","COLLISION_TYPE","COMM_VEH_COUNT","CONS_ZONE_SPD_LIM","COUNTY","CRASH_MONTH","CRASH_YEAR","CRN","DAY_OF_WEEK","DEC_LAT","DEC_LONG","DISPATCH_TM","DISTRICT","DRIVER_COUNT_16YR","DRIVER_COUNT_17YR","DRIVER_COUNT_18YR","DRIVER_COUNT_19YR","DRIVER_COUNT_20YR","DRIVER_COUNT_50_64YR","DRIVER_COUNT_65_74YR","DRIVER_COUNT_75PLUS","EST_HRS_CLOSED","FATAL_COUNT","HEAVY_TRUCK_COUNT","HORSE_BUGGY_COUNT","HOUR_OF_DAY","ILLUMINATION","INJURY_COUNT","INTERSECT_TYPE","LANE_CLOSED","LATITUDE","LN_CLOSE_DIR","LOCATION_TYPE","LONGITUDE","MAX_SEVERITY_LEVEL","MCYCLE_DEATH_COUNT","MCYCLE_SUSP_SERIOUS_INJ_COUNT","MOTORCYCLE_COUNT","MUNICIPALITY","NONMOTR_COUNT","NONMOTR_DEATH_COUNT","NONMOTR_SUSP_SERIOUS_INJ_COUNT","NTFY_HIWY_MAINT","PED_COUNT","PED_DEATH_COUNT","PED_SUSP_SERIOUS_INJ_COUNT","PERSON_COUNT","POLICE_AGCY","POSSIBLE_INJ_COUNT","RDWY_SURF_TYPE_CD","RELATION_TO_ROAD","ROAD_CONDITION","SCH_BUS_IND","SCH_ZONE_IND","SMALL_TRUCK_COUNT","SPEC_JURIS_CD","SUSP_MINOR_INJ_COUNT","SUSP_SERIOUS_INJ_COUNT","SUV_COUNT","TCD_FUNC_CD","TCD_TYPE","TFC_DETOUR_IND","TIME_OF_DAY","TOT_INJ_COUNT","TOTAL_UNITS","UNB_DEATH_COUNT","UNB_SUSP_SERIOUS_INJ_COUNT","UNBELTED_OCC_COUNT","UNK_INJ_DEG_COUNT","UNK_INJ_PER_COUNT","URBAN_RURAL","VAN_COUNT","VEHICLE_COUNT","WORK_ZONE_IND","WORK_ZONE_LOC","WORK_ZONE_TYPE","WORKERS_PRES","WZ_CLOSE_DETOUR","WZ_FLAGGER","WZ_LAW_OFFCR_IND","WZ_LN_CLOSURE","WZ_MOVING","WZ_OTHER","WZ_SHLDER_MDN","ROADWAY_CLEARED","WEATHER1","WEATHER2","WZ_WORKERS_INJ_KILLED","SECONDARY_CRASH","INTERSECTION_RELATED"
"0646","1","0","0","0","0","0","0","0","0","4","0","","36","05","2016","2016053160","4","40.1818","-76.4945","0638","08","0","0","0","0","1","0","0","0","2","0","0","0","06","1","1","01","2","40 10:54.338","7","00","76 29:40.023","3","0","0","0","36230","0","0","0","N","0","0","0","2","36410","0","","1","01","N","N","0","","1","0","1","2","3","N","0637","1","2","0","0","0","0","0","1","0","2","N","","","","","","","","","","","","03","  ","","",""
"1634","1","0","0","0","0","0","0","0","0","4","0","","36","05","2016","2016053174","2","40.0827","-76.2913","1614","08","0","0","0","0","0","1","0","0","","0","0","0","16","1","0","00","0","40 04:57.795","","00","76 17:28.638","0","0","0","0","36101","0","0","0","N","0","0","0","3","36101","0","","1","01","N","N","0","","0","0","0","0","0","","1610","0","2","0","0","0","0","0","3","1","2","N","","","","","","","","","","","","03","  ","","",""
"0837","1","0","0","0","0","0","0","0","0","1","0","","36","05","2016","2016053177","4","40.0807","-76.2444","0830","08","0","0","0","1","0","1","0","0","","0","0","0","08","1","1","00","0","40 04:50.638","","00","76 14:39.757","4","0","0","0","36215","0","0","0","N","0","0","0","3","36215","1","","1","01","N","N","0","","0","0","2","0","0","","0826","1","3","0","0","0","0","0","1","0","3","N","","","","","","","","","","","","03","  ","","",""
"0751","1","0","0","0","0","0","0","0","0","1","0","","36","05","2016","2016053178","4","40.1206","-76.2136","0751","08","0","0","0","0","0","0","1","0","1","0","0","0","07","1","0","00","1","40 07:14.022","4","03","76 12:48.992","0","0","0","0","36238","0","0","0","N","0","0","0","2","36238","0","","1","01","N","N","0","","0","0","1","0","0","N","0750","0","2","0","0","0","0","0","3","0","2","N","","","","","","","","","","","","03","  ","","",""
"1218","1","0","0","0","0","0","0","0","0","1","0","","36","05","2016","2016053187","3","40.1503","-76.6052","1215","08","0","0","0","0","0","0","0","0","2","0","0","0","12","1","2","02","2","40 09:00.950","5","00","76 36:18.597","3","0","0","0","36407","0","0","0","N","0","0","0","4","36407","0","","1","01","N","N","0","","2","0","0","0","0","Y","1215","2","2","0","0","0","0","0","2","1","2","N","","","","","","","","","","","","03","  ","","",""
"0720","2","0","0","0","0","0","0","0","0","4","0","","36","05","2016","2016053199","4","40.2185","-76.2553","0713","08","0","0","0","0","0","1","0","0","","0","0","0","07","1","0","02","0","40 13:06.498","","00","76 15:18.903","0","0","0","0","36204","0","0","0","N","0","0","0","2","36506","0","","1","01","N","N","0","","0","0","0","0","0","","0713","0","2","0","0","0","0","0","1","0","2","N","","","","","","","","","","","","03","  ","","",""
"1412","2","0","0","0","0","0","0","0","0","4","0","","36","05","2016","2016053243","4","40.0511","-76.3614","1407","08","0","0","0","0","0","2","0","1","","0","0","0","14","1","2","00","0","40 03:04.001","","07","76 21:41.003","3","0","0","0","36214","0","0","0","N","0","0","0","8","36214","0","","1","01","N","N","3","","2","0","1","0","0","","1405","2","6","0","0","2","0","0","3","0","6","N","","","","","","","","","","","","03","  ","","",""
"0659","0","0","0","0","0","0","0","0","0","7","0","","36","05","2016","2016053255","1","40.1592","-76.6289","0650","08","0","0","0","0","0","0","0","0","2","0","0","0","06","1","1","00","1","40 09:33.257","2","00","76 37:43.940","3","0","0","0","36237","0","0","0","N","0","0","0","1","36505","0","","4","09","N","N","0","","1","0","1","0","0","N","0649","1","1","0","0","0","0","0","1","0","1","N","","","","","","","","","","","","07","  ","","",""
"0100","1","0","0","0","0","0","0","0","0","7","0","","36","05","2016","2016053332","2","39.9394","-76.396","0045","08","0","0","0","0","1","0","0","0","3","0","0","0","00","2","1","00","2","39 56:22.008","5","00","76 23:45.687","8","0","0","0","36223","0","0","0","","0","0","0","1","36223","0","","4","09","N","N","0","","0","0","0","0","0","Y","0043","1","1","0","0","0","1","0","1","0","1","N","","","","","","","","","","","","07","05","","",""
"1538","2","0","0","0","0","0","0","0","0","4","0","","36","05","2016","2016053362","2","39.9079","-76.1215","1525","08","0","0","0","0","1","0","0","0","2","0","0","0","15","1","1","02","1","39 54:28.552","1","00","76 07:17.494","8","0","0","0","36216","0","0","0","","0","0","0","2","68J01","0","","1","01","N","N","0","","0","0","0","0","0","Y","1525","1","2","0","0","0","1","0","1","0","2","N","","","","","","","","","","","","03","  ","","",""
"1942","2","0","0","0","0","0","0","0","0","4","0","","36","05","2016","2016053379","4","40.1164","-76.4503","1937","08","0","0","0","0","0","1","0","0","","0","0","0","19","1","0","01","0","40 06:58.901","","00","76 27:01.110","0","0","0","0","36230","0","0","0","N","0","0","0","2","36410","0","","1","01","N","N","0","","0","0","0","0","0","","1937","0","2","0","0","0","0","0","1","0","2","N","","","","","","","","","","","","03","  ","","",""
"1919","1","0","0","0","0","0","0","0","0","1","0","","36","05","2016","2016053419","4","40.0382","-76.2758","1911","08","0","0","0","0","0","0","0","0","1","0","0","0","19","1","1","00","2","40 02:17.630","4","00","76 16:32.908","3","0","0","1","36220","0","0","0","N","0","0","0","2","36101","0","","1","01","N","N","0","","1","0","0","0","0","Y","1904","1","2","0","0","0","0","0","3","0","2","N","","","","","","","","","","","","03","  ","","",""
"1059","1","0","0","1","0","0","0","0","0","4","0","","36","05","2016","2016053477","2","40.038","-76.3448","1054","08","0","0","0","0","0","0","0","1","","0","0","0","10","1","1","00","0","40 02:16.792","","07","76 20:41.312","3","0","0","0","36223","1","0","0","","0","0","0","2","36223","0","","2","01","N","N","0","","1","0","0","0","0","","1052","1","2","0","0","0","0","0","1","0","1","N","","","","","","","","","","","","03","  ","","",""
"0629","1","0","0","0","0","0","0","0","0","9","0","","36","05","2016","2016053478","3","39.976","-76.4457","0614","08","0","0","0","0","0","0","0","0","","0","0","0","06","5","0","00","0","39 58:33.720","","00","76 26:44.660","0","0","0","0","36223","0","0","0","","0","0","0","1","36223","0","","1","01","N","N","0","","0","0","0","0","0","","0611","0","1","0","0","0","0","0","1","0","1","N","","","","","","","","","","","","03","  ","","",""
"2131","0","0","0","0","0","0","0","0","0","7","0","","36","05","2016","2016053479","3","40.0212","-76.3596","2125","08","0","0","0","0","0","0","0","0","1","0","0","0","21","3","1","10","2","40 01:16.356","5","00","76 21:34.593","8","0","0","0","36223","0","0","0","","0","0","0","1","36223","0","","2","01","N","N","0","","0","0","1","0","0","N","2123","1","1","0","0","0","1","0","1","0","1","N","","","","","","","","","","","","03","  ","","",""
"1722","1","0","0","0","0","0","0","0","0","4","0","","36","05","2016","2016053480","6","40.0066","-76.377","1712","08","0","0","0","0","0","0","1","0","","0","0","0","17","1","0","02","0","40 00:23.629","","00","76 22:37.284","0","0","0","0","36223","0","0","0","","0","0","0","4","36223","0","","1","01","N","N","0","","0","0","1","3","3","","1709","0","2","0","0","0","0","0","1","0","2","N","","","","","","","","","","","","03","  ","","",""
"1837","2","0","0","0","0","0","0","0","0","1","0","","36","05","2016","2016053495","4","40.1462","-76.5591","1831","08","0","0","0","0","0","0","0","0","2","0","0","0","18","1","2","00","1","40 08:46.142","4","00","76 33:32.826","8","0","0","0","36225","0","0","0","N","0","0","0","2","36505","0","","1","01","N","N","0","","0","0","0","0","0","N","1828","2","2","0","0","0","2","0","2","0","2","N","","","","","","","","","","","","03","  ","","",""
"1535","2","0","0","0","0","0","0","0","0","4","0","","36","05","2016","2016053524","4","40.0377","-76.3085","1526","08","0","0","0","0","0","0","0","0","2","0","0","0","15","1","1","01","2","40 02:15.572","1","00","76 18:30.512","8","0","0","0","36301","0","0","0","N","0","0","0","3","36301","0","","1","01","N","N","0","","0","0","0","3","2","Y","1520","1","2","0","0","1","1","0","3","0","2","N","","","","","","","","","","","","03","  ","","",""
"1651","2","0","0","0","0","0","0","0","0","1","0","","36","05","2016","2016053526","4","40.1586","-76.3896","1650","08","0","0","1","0","0","0","0","0","","0","0","0","16","1","0","05","0","40 09:31.012","","00","76 23:22.387","0","0","0","0","36410","0","0","0","N","0","0","0","2","36410","0","","1","01","N","N","0","","0","0","0","3","2","","1650","0","2","0","0","0","0","0","2","0","2","N","","","","","","","","","","","","03","  ","","",""
"1246","1","0","0","0","0","0","0","0","0","4","0","","36","05","2016","2016053583","5","40.1337","-76.2131","1241","08","0","0","0","0","0","0","0","1","1","0","0","0","12","1","0","00","2","40 08:01.166","5","00","76 12:47.162","0","0","0","0","36238","0","0","0","N","0","0","0","3","36238","0","","1","01","N","N","0","","0","0","1","0","0","N","1240","0","2","0","0","0","0","0","3","0","2","N","","","","","","","","","","","","03","  ","","",""
"0127","2","0","0","0","0","0","0","0","0","5","0","","36","05","2016","2016053610","7","40.0306","-76.4907","0123","08","0","0","0","0","0","0","0","0","2","0","0","0","01","3","0","00","1","40 01:50.000","3","00","76 29:26.600","0","0","0","0","36404","0","0","0","N","0","0","0","2","36404","0","","6","01","N","N","0","","0","0","1","0","0","N","0123","0","3","0","0","0","0","0","3","0","3","N","","","","","","","","","","","","03","  ","","",""
"2156","1","0","0","0","0","0","0","0","0","4","0","","36","05","2016","2016053910","5","40.085","-76.3811","2141","08","0","0","0","0","0","1","0","0","2","0","0","0","21","2","2","02","1","40 05:05.971","7","00","76 22:52.100","3","0","0","0","36214","0","0","0","","0","0","0","2","68J01","0","","1","01","N","N","0","","2","0","1","3","2","N","2130","2","2","0","0","0","0","0","3","0","2","N","","","","","","","","","","","","03","  ","","",""
"2128","1","0","0","0","0","0","0","0","0","1","0","","36","05","2016","2016053930","4","40.0042","-76.3357","2125","08","0","1","0","0","0","0","1","0","1","0","0","0","21","2","1","00","2","40 00:15.215","5","07","76 20:08.593","8","0","0","0","36220","0","0","0","N","0","0","0","3","36101","0","","1","01","N","N","0","","0","0","1","0","0","Y","2117","1","2","0","0","0","1","0","3","0","2","N","","","","","","","","","","","","03","  ","","",""
"2144","1","0","0","0","0","0","0","0","0","4","0","","36","05","2016","2016053951","4","40.016","-76.3061","2139","08","0","0","1","0","0","1","0","0","2","0","0","0","21","3","1","02","2","40 00:57.640","2","00","76 18:21.983","4","0","0","0","36220","0","0","0","N","0","0","0","2","36101","1","","1","01","N","N","0","","0","0","0","3","3","Y","2139","1","2","0","0","0","0","0","3","1","2","N","","","","","","","","","","","","03","  ","","",""
"0318","1","0","0","0","0","0","0","0","0","7","0","","36","05","2016","2016053953","5","40.2534","-76.0856","0314","08","0","0","0","0","0","0","0","0","1","0","0","0","03","2","0","00","1","40 15:12.389","4","00","76 05:07.993","0","0","0","0","36210","0","0","0","Y","0","0","0","1","36210","0","","2","01","N","N","0","","0","0","0","0","0","N","0312","0","1","0","0","0","0","0","1","0","1","N","","","","","","","","","","","","03","  ","","",""
"1711","1","0","0","0","0","0","0","0","0","7","0","","36","05","2016","2016053961","5","40.1173","-76.0442","1706","08","0","0","0","0","0","0","0","0","2","0","0","0","17","1","1","00","1","40 07:02.259","3","00","76 02:39.024","8","0","0","0","36213","0","0","0","N","0","0","0","1","36213","0","","4","01","N","N","0","","0","0","0","0","0","N","1705","1","1","0","0","1","1","0","1","0","1","N","","","","","","","","","","","","03","  ","","",""
"2231","0","0","0","0","0","0","0","0","0","7","0","","36","05","2016","2016053970","5","40.0392","-76.1922","2229","08","0","0","0","0","0","0","0","0","","0","0","0","22","2","1","00","0","40 02:21.159","","00","76 11:32.011","4","0","0","0","36215","0","0","0","Y","0","0","0","1","36215","1","","4","01","N","N","0","","0","0","0","0","0","","2225","1","1","0","0","0","0","0","1","1","1","N","","","","","","","","","","","","03","  ","","",""
"1951","0","0","0","0","0","0","0","0","0","7","0","","36","05","2016","2016053980","4","40.052","-76.277","1948","08","0","0","0","0","0","0","0","0","2","0","0","0","19","1","1","00","2","40 03:07.285","4","00","76 16:37.124","2","0","1","1","36101","0","0","0","N","0","0","0","1","36101","0","","3","01","N","N","0","","0","1","0","0","0","Y","1945","1","1","0","0","0","0","0","3","0","1","N","","","","","","","","","","","","03","  ","","",""
"1432","1","0","0","0","0","0","0","0","0","4","0","","36","05","2016","2016054003","2","40.0392","-76.0644","1417","08","0","0","1","0","0","0","0","1","1","0","0","0","14","1","0","01","1","40 02:21.008","2","00","76 03:51.801","0","0","0","0","36221","0","0","0","","0","0","0","4","68J01","0","","1","01","N","N","1","","0","0","0","3","3","N","1406","0","2","0","0","0","0","0","1","0","2","N","","","","","","","","","","","","03","  ","","",""
"1522","0","0","0","0","0","0","1","0","0","6","2","","36","05","2016","2016054005","3","39.9091","-76.3074","1442","08","0","0","0","0","0","0","1","0","2","0","1","0","14","1","0","00","2","39 54:32.937","5","00","76 18:26.801","0","0","0","0","36224","0","0","0","","0","0","0","2","68J01","0","","1","09","Y","N","0","","0","0","0","0","0","Y","1434","0","2","0","0","0","0","0","1","0","2","N","","","","","","","","","","","","07","  ","","",""
"1808","1","0","0","0","0","0","0","0","0","4","0","","36","05","2016","2016054014","6","39.8923","-76.179","1750","08","0","0","0","0","0","1","1","0","","0","0","0","17","1","1","01","0","39 53:32.274","","00","76 10:44.558","3","0","0","0","36212","0","0","0","","0","0","0","2","68J01","0","","1","01","N","N","0","","1","0","1","3","3","","1746","1","2","0","0","0","0","0","1","0","2","N","","","","","","","","","","","","03","  ","","",""
"1230","1","0","0","0","0","0","0","0","0","7","0","","36","05","2016","2016054019","1","40.0399","-76.124","1220","08","0","0","0","0","0","0","0","0","1","0","0","0","12","1","2","00","1","40 02:23.781","6","00","76 07:26.354","4","0","0","0","36221","0","0","0","","0","0","0","3","68J01","2","","4","01","N","N","0","","0","0","0","0","0","Y","1220","2","1","0","0","0","0","0","1","0","1","N","","","","","","","","","","","","03","  ","","",""
"0637","1","0","0","0","0","0","0","0","0","7","0","","36","05","2016","2016054022","4","39.9629","-75.9891","0610","08","0","0","0","0","0","0","0","0","3","0","0","0","06","2","1","00","1","39 57:46.285","1","00","75 59:20.634","3","0","0","0","36231","0","0","0","","0","0","0","1","68J01","0","","5","01","N","N","0","","1","0","0","0","0","N","0609","1","1","0","0","0","0","0","1","0","1","N","","","","","","","","","","","","03","  ","","",""
"1307","1","0","0","0","0","0","0","0","0","4","0","","36","05","2016","2016054033","2","40.0606","-76.2768","1256","08","0","0","0","0","0","0","1","1","","0","0","0","12","1","0","01","0","40 03:38.397","","00","76 16:37.303","0","0","0","0","36101","0","0","0","N","0","0","0","2","36101","0","","1","01","N","N","0","","0","0","1","3","2","","1225","0","2","0","0","0","0","0","3","0","2","N","","","","","","","","","","","","03","  ","","",""
"1227","2","0","0","0","0","0","0","0","0","4","0","","36","05","2016","2016054037","4","40.1796","-76.1787","1225","08","0","0","0","0","0","0","0","0","2","0","0","0","12","1","0","01","1","40 10:46.739","4","00","76 10:43.492","0","0","0","0","36408","0","0","0","N","0","0","0","3","36408","0","","1","01","N","N","0","","0","0","0","3","2","Y","1223","0","2","0","0","0","0","0","2","0","2","N","","","","","","","","","","","","03","  ","","",""
"0914","1","0","0","0","0","0","0","0","0","7","0","","36","05","2016","2016054064","6","40.1304","-76.1111","0905","08","0","0","0","0","0","0","0","0","1","0","0","0","08","1","0","00","1","40 07:49.381","5","00","76 06:40.043","0","0","0","0","36209","0","0","0","N","0","0","0","0","36415","0","","4","01","N","N","0","","0","0","0","0","0","N","0830","0","1","0","0","0","0","0","1","0","1","N","","","","","","","","","","","","03","  ","","",""
"1709","0","0","0","0","0","0","0","0","0","1","0","","36","05","2016","2016054073","3","40.1628","-76.1495","1706","08","0","0","0","1","0","0","0","0","2","0","0","0","17","1","0","00","1","40 09:46.187","4","00","76 08:58.337","0","0","0","0","36218","0","0","0","N","0","0","0","3","36408","0","","1","01","N","Y","1","","0","0","2","0","0","Y","1706","0","3","0","0","1","0","0","1","0","3","N","","","","","","","","","","","","03","  ","","",""
"0909","1","0","0","0","0","0","0","0","0","4","0","","36","05","2016","2016054078","6","40.1027","-76.4328","0902","08","0","0","0","0","0","0","0","0","3","0","0","0","08","1","1","01","2","40 06:09.637","7","00","76 25:57.928","3","0","0","0","36239","0","0","0","N","0","0","0","2","36239","0","","1","01","N","N","0","","1","0","0","3","3","Y","0857","1","2","0","0","0","0","0","3","1","2","N","","","","","","","","","","","","03","  ","","",""
"1045","1","0","0","0","0","0","0","0","0","4","0","","36","05","2016","2016054080","5","40.1432","-76.5962","1044","08","0","0","0","0","0","0","0","1","","0","0","0","10","1","0","02","0","40 08:35.370","","00","76 35:46.214","0","0","0","0","36407","0","0","0","N","0","0","0","3","36407","0","","1","01","N","N","0","","0","0","1","3","2","","1042","0","2","0","0","0","0","0","2","0","2","N","","","","","","","","","","","","03","  ","","",""
"1723","2","0","1","0","0","0","0","0","0","5","0","","36","05","2016","2016054093","5","40.0376","-76.2673","1716","08","0","0","0","0","0","1","0","0","2","0","0","0","17","1","2","00","2","40 02:15.244","4","07","76 16:02.408","2","0","0","0","36215","0","0","0","N","0","0","0","3","36215","0","","1","01","N","N","0","","1","1","1","0","0","Y","1716","2","3","0","0","0","0","0","1","0","3","N","","","","","","","","","","","","03","  ","","",""
"1630","0","0","0","0","0","0","0","0","0","0","0","","36","05","2016","2016054115","2","40.2655","-76.112","1628","08","0","0","0","0","0","0","0","0","2","0","0","0","16","1","1","02","1","40 15:55.908","3","00","76 06:43.045","3","0","0","1","36236","0","0","0","N","0","0","0","1","36408","0","","1","09","N","N","0","","1","0","0","3","3","N","1625","1","1","0","0","0","0","0","1","0","1","N","","","","","","","","","","","","07","  ","","",""
"1758","0","0","0","0","0","0","0","0","0","7","0","","36","02","2016","2016054218","7","40.0343","-75.9976","1756","08","0","0","0","0","0","0","0","0","","0","0","0","17","2","0","00","0","40 02:03.561","","00","75 59:51.345","9","0","0","0","36232","0","0","0","","0","0","0","1","68J01","0","","4","01","N","N","1","","0","0","0","0","0","","1753","0","1","0","0","0","0","1","1","0","1","N","","","","","","","","","","","","03","  ","","",""
"2152","2","0","0","0","0","0","0","0","0","1","0","","36","02","2016","2016054219","6","39.9926","-76.0244","2143","08","0","0","0","1","0","0","0","0","","0","0","0","21","3","2","00","0","39 59:33.486","","00","76 01:27.717","3","0","0","0","36232","0","0","0","","0","0","0","5","68J01","0","","1","01","N","N","0","","2","0","1","0","0","","2143","2","3","0","0","0","0","0","1","0","3","N","","","","","","","","","","","","03","  ","","",""
"1637","1","0","0","0","0","0","0","0","0","5","1","","36","05","2016","2016054224","6","40.1521","-75.9009","1600","08","0","0","0","0","0","0","0","0","2","0","1","0","15","1","2","00","1","40 09:07.570","3","00","75 54:03.382","3","0","0","0","36203","0","0","0","","0","0","0","4","68J01","0","","1","09","N","N","0","","2","0","0","0","0","N","1554","2","2","0","0","0","0","0","1","0","2","N","","","","","","","","","","","","07","  ","","",""
"1647","1","0","0","0","0","0","0","0","0","7","0","","36","05","2016","2016054324","4","40.0706","-76.3179","1647","08","0","0","0","1","0","0","0","0","","0","0","0","16","1","1","03","0","40 04:14.038","","00","76 19:04.413","8","0","0","0","36101","0","0","0","N","0","0","0","1","36101","0","","2","01","N","N","0","","0","0","0","0","0","","1644","1","2","0","0","0","1","0","3","0","1","N","","","","","","","","","","","","03","  ","","",""
"1752","1","0","0","0","0","0","0","0","0","7","0","","36","05","2016","2016054332","6","40.1923","-76.4842","1745","08","0","0","0","0","0","0","0","0","1","0","0","0","17","1","1","00","2","40 11:32.200","5","00","76 29:03.200","4","0","0","0","36230","0","0","0","Y","0","0","0","1","36410","1","","5","01","N","N","0","","0","0","0","0","0","Y","1740","1","1","0","0","0","0","0","1","0","1","N","","","","","","","","","","","","03","  ","","",""
"0158","1","0","0","0","0","0","0","0","0","6","0","","36","05","2016","2016054335","7","40.1356","-76.4812","0150","08","0","0","0","0","0","0","0","0","","0","0","0","01","3","0","00","0","40 08:08.289","","00","76 28:52.219","0","0","0","0","36230","0","0","0","N","0","0","0","1","36410","0","","2","01","N","N","1","","0","0","0","0","0","","0148","0","2","0","0","0","0","0","1","0","2","N","","","","","","","","","","","","03","  ","","",""
"1603","2","0","0","0","0","0","0","0","0","1","0","","36","05","2016","2016054336","6","40.0476","-76.3565","1600","08","0","0","0","0","0","0","1","0","","0","0","0","15","1","2","02","0","40 02:51.205","","00","76 21:23.490","4","0","0","0","36214","0","0","0","N","0","0","0","2","36214","2","","1","01","N","N","0","","0","0","0","3","2","","1559","2","2","0","0","0","0","0","3","0","2","N","","","","","","","","","","","","03","  ","","",""
"0419","0","0","0","0","0","0","0","0","0","1","2","","36","05","2016","2016054369","6","40.2262","-76.3941","0352","08","0","0","0","0","0","1","0","0","","0","2","0","03","2","0","00","0","40 13:34.471","","00","76 23:38.470","0","0","0","0","36227","0","0","0","","0","0","0","2","68T06","0","","1","01","N","N","0","","0","0","0","0","0","","0350","0","2","0","0","0","0","0","1","0","2","N","","","","","","","","","","","","03","  ","","",""
"1652","0","0","0","0","0","0","0","0","0","1","1","","36","05","2016","2016054377","3","40.085","-76.3074","1649","08","0","0","0","0","0","0","0","0","2","0","1","0","16","1","0","00","1","40 05:05.896","1","00","76 18:26.549","0","0","0","0","36101","0","0","0","N","0","0","0","2","36101","0","","1","01","N","N","0","","0","0","1","0","0","N","1646","0","2","0","0","0","0","0","3","0","2","N","","","","","","","","","","","","03","  ","","",""
"1540","2","0","0","0","0","0","0","0","0","4","0","","36","05","2016","2016054388","6","40.0456","-76.2924","1537","08","0","0","1","0","0","0","0","0","2","0","0","0","15","1","1","01","2","40 02:44.055","5","00","76 17:32.492","4","0","0","0","36301","0","0","0","N","0","0","0","2","36301","1","","1","01","N","N","0","","0","0","0","3","3","Y","1537","1","2","0","0","1","0","0","3","0","2","N","","","","","","","","","","","","03","  ","","",""
"1031","0","0","0","0","0","0","0","0","0","4","0","","36","05","2016","2016054390","6","39.9706","-76.2732","1025","08","0","0","0","0","0","1","0","0","2","0","0","0","10","1","1","01","2","39 58:14.115","7","00","76 16:23.451","3","0","0","0","36240","0","0","0","N","0","0","0","2","36240","0","","1","01","N","N","0","","1","0","1","3","2","Y","1023","1","2","0","0","0","0","0","1","1","2","N","","","","","","","","","","","","03","  ","","",""
"1530","1","0","0","0","0","0","0","0","0","7","0","","36","05","2016","2016054402","6","40.0639","-76.2097","1521","08","0","0","0","0","0","0","0","0","3","0","0","0","15","1","0","00","1","40 03:49.895","3","00","76 12:35.099","0","0","0","0","36234","0","0","0","N","0","0","0","1","36215","0","","4","01","N","N","0","","0","0","0","0","0","N","1517","0","1","0","0","0","0","0","1","0","1","N","","","","","","","","","","","","03","  ","","",""
"1601","2","0","0","0","0","0","0","0","0","4","0","","36","05","2016","2016054450","6","40.0585","-76.4037","1529","08","0","0","0","0","0","2","0","0","","0","0","0","15","1","0","01","0","40 03:30.579","","00","76 24:13.346","0","0","0","0","36214","0","0","0","N","0","0","0","3","36214","0","","1","01","N","N","0","","0","0","0","3","2","","1520","0","2","0","0","0","0","0","3","0","2","N","","","","","","","","","","","","03","  ","","",""
"0959","0","0","0","0","0","0","0","0","0","4","0","","36","05","2016","2016054453","7","40.1642","-76.1543","0955","08","1","0","0","0","0","0","0","0","","0","0","0","09","1","0","02","0","40 09:51.097","","07","76 09:15.344","0","0","0","0","36218","0","0","0","N","0","0","0","3","36408","0","","1","01","N","N","0","","0","0","2","3","2","","0955","0","2","0","0","0","0","0","1","0","2","N","","","","","","","","","","","","03","  ","","",""
"1433","1","0","0","0","0","0","0","0","0","1","0","","36","05","2016","2016054468","6","40.1413","-76.2969","1433","08","0","0","0","1","0","1","0","0","","0","0","0","14","1","1","00","0","40 08:28.800","","00","76 17:48.900","3","0","0","0","36409","0","0","0","N","0","0","0","2","36409","0","","1","01","N","Y","1","","1","0","0","3","1","","1433","1","2","0","0","0","0","0","3","0","2","N","","","","","","","","","","","","03","  ","","",""
"1849","2","0","0","0","0","0","0","0","0","4","0","","36","05","2016","2016054474","6","40.1501","-76.0285","1846","08","0","1","0","0","0","0","1","0","1","0","0","0","18","1","0","00","1","40 09:00.211","1","07","76 01:42.629","0","0","0","0","36213","0","0","0","N","0","0","0","3","36213","0","","1","01","N","N","0","","0","0","0","0","0","Y","1839","0","2","0","0","0","0","0","1","0","2","N","","","","","","","","","","","","03","  ","","",""
"1527","1","0","0","0","0","0","0","0","0","4","0","","36","05","2016","2016054490","4","40.1665","-76.3186","1524","08","0","0","0","0","0","1","0","0","","0","0","0","15","1","1","01","0","40 09:59.332","","00","76 19:06.822","8","0","0","0","36235","0","0","0","N","0","0","0","2","36506","0","","1","09","N","N","0","","0","0","0","3","3","","1524","1","2","0","0","0","1","0","1","1","2","N","","","","","","","","","","","","07","  ","","",""
"1714","2","0","0","0","0","0","0","0","0","4","0","","36","05","2016","2016054491","2","40.1672","-76.3188","1714","08","0","0","0","0","0","0","0","0","2","0","0","0","17","1","5","00","2","40 10:01.921","6","07","76 19:07.628","4","0","0","0","36235","0","0","0","N","0","0","0","5","36506","5","","1","09","N","N","0","","0","0","0","3","3","Y","1714","5","2","0","0","0","0","0","1","0","2","N","","","","","","","","","","","","07","  ","","",""
"1352","0","0","0","0","0","0","0","0","0","4","0","","36","05","2016","2016054495","1","39.9876","-76.0189","1340","08","0","0","0","0","0","0","1","0","2","0","0","0","13","1","2","01","1","39 59:15.519","5","00","76 01:07.872","3","0","0","0","36232","0","0","0","","0","0","0","2","68J01","0","","1","01","N","N","0","","2","0","2","3","3","N","1340","2","2","0","0","0","0","0","1","0","2","N","","","","","","","","","","","","03","  ","","",""