"ARRIVAL_TM","AUTOMOBILE_COUNT","BELTED_DEATH_COUNT","BELTED_SUSP_SERIOUS_INJ_COUNT","BICYCLE_COUNT","BICYCLE_DEATH_COUNT","BICYCLE_SUSP_SERIOUS_INJ_COUNT","BUS_COUNT","CHLDPAS_DEATH_COUNT","CHLDPAS_SUSP_SERIOUS_INJ_COUNT","COLLISION_TYPE","COMM_VEH_COUNT","CONS_ZONE_SPD_LIM","COUNTY","CRASH_MONTH","CRASH_YEAR","CRN","DAY_OF_WEEK","DEC_LAT","DEC_LONG","DISPATCH_TM","DISTRICT","DRIVER_COUNT_16YR","DRIVER_COUNT_17YR","DRIVER_COUNT_18YR","DRIVER_COUNT_19YR","DRIVER_COUNT_20YR","DRIVER_COUNT_50_64YR","DRIVER_COUNT_65_74YR","DRIVER_COUNT_75PLUS","EST_HRS_CLOSED","FATAL_COUNT","HEAVY_TRUCK_COUNT","HORSE_BUGGY_COUNT","HOUR_OF_DAY","ILLUMINATION","INJURY_COUNT","INTERSECT_TYPE","LANE_CLOSED","LATITUDE","LN_CLOSE_DIR","LOCATION_TYPE","LONGITUDE","MAX_SEVERITY_LEVEL","MCYCLE_DEATH_COUNT","MCYCLE_SUSP_SERIOUS_INJ_COUNT","MOTORCYCLE_COUNT","MUNICIPALITY","NONMOTR_COUNT","NONMOTR_DEATH_COUNT","NONMOTR_SUSP_SERIOUS_INJ_COUNT","NTFY_HIWY_MAINT","PED_COUNT","PED_DEATH_COUNT","PED_SUSP_SERIOUS_INJ_COUNT","PERSON_COUNT","POLICE_AGCY","POSSIBLE_INJ_COUNT","RDWY_SURF_TYPE_CD","RELATION_TO_ROAD","ROAD_CONDITION","SCH_BUS_IND","SCH_ZONE_IND","SMALL_TRUCK_COUNT","SPEC_JURIS_CD","SUSP_MINOR_INJ_COUNT","SUSP_SERIOUS_INJ_COUNT","SUV_COUNT","TCD_FUNC_CD","TCD_TYPE","TFC_DETOUR_IND","TIME_OF_DAY","TOT_INJ_COUNT","TOTAL_UNITS","UNB_DEATH_COUNT","UNB_SUSP_SERIOUS_INJ_COUNT","UNBELTED_OCC_COUNT","UNK_INJ_DEG_COUNT","UNK_INJ_PER_COUNT","URBAN_RURAL","VAN_COUNT","VEHICLE_COUNT","WORK_ZONE_IND","WORK_ZONE_LOC","WORK_ZONE_TYPE","WORKERS_PRES","WZ_CLOSE_DETOUR","WZ_FLAGGER","WZ_LAW_OFFCR_IND","WZ_LN_CLOSURE","WZ_MOVING","WZ_OTHER","WZ_SHLDER_MDN","ROADWAY_CLEARED","WEATHER1","WEATHER2","WZ_WORKERS_INJ_KILLED","SECONDARY_CRASH","INTERSECTION_RELATED"
"0027","1","0","0","0","0","0","0","0","0","7","0","","36","05","2016","2016054501","3","40.1989","-76.2762","2356","08","0","0","0","0","1","0","0","0","2","0","0","0","23","2","0","00","1","40 11:55.895","1","00","76 16:34.489","0","0","0","0","36217","0","0","0","","0","0","0","1","68J01","0","","4","01","N","N","0","","0","0","0","0","0","N","2355","0","1","0","0","0","0","0","1","0","1","N","","","","","","","","","","","","03","  ","","",""
"1810","1","0","0","0","0","0","0","0","0","1","0","","36","05","2016","2016054511","7","40.073","-76.2674","1758","08","0","0","0","0","0","0","1","0","","0","0","0","17","1","0","00","0","40 04:22.702","","00","76 16:02.786","0","0","0","0","36101","0","0","0","N","0","0","0","3","36101","0","","1","01","N","N","0","","0","0","1","0","0","","1754","0","2","0","0","0","0","0","3","0","2","N","","","","","","","","","","","","03","  ","","",""
"1627","0","0","0","0","0","0","0","0","0","1","0","","36","05","2016","2016054547","5","40.2141","-76.1269","1622","08","0","0","0","1","0","1","0","0","1","0","0","0","16","1","0","00","1","40 12:50.646","4","00","76 07:36.826","0","0","0","0","36210","0","0","0","N","0","0","0","2","36210","0","","1","01","N","N","1","","0","0","1","0","0","N","1621","0","2","0","0","0","0","0","1","0","2","N","","","","","","","","","","","","03","  ","","",""
"1649","0","0","0","0","0","0","0","0","0","1","0","","36","05","2016","2016054563","7","40.2269","-76.4319","1638","08","0","0","0","0","0","1","0","0","","0","0","0","16","1","0","00","0","40 13:36.897","","00","76 25:54.858","0","0","0","0","36230","0","0","0","N","0","0","0","7","36410","0","","1","01","N","N","1","","0","0","1","0","0","","1638","0","3","0","0","0","0","0","1","1","3","N","","","","","","","","","","","","03","  ","","",""
"1412","0","0","0","0","0","0","0","0","0","4","0","","36","05","2016","2016054569","7","40.0392","-76.4311","1407","08","0","0","0","0","0","2","0","0","1","0","0","0","14","1","2","01","2","40 02:20.941","7","00","76 25:51.799","4","0","0","0","36414","0","0","0","N","0","0","0","4","36239","2","","1","01","N","N","1","","0","0","2","3","2","N","1405","2","3","0","0","0","0","0","3","0","3","N","","","","","","","","","","","","03","  ","","",""
"1809","1","0","0","0","0","0","0","0","0","4","0","","36","05","2016","2016054580","3","40.0478","-76.3406","1803","08","0","0","0","0","0","0","0","1","3","0","0","0","17","1","3","01","2","40 02:51.921","6","00","76 20:26.112","3","0","0","0","36220","0","0","0","N","0","0","0","4","36101","1","","1","01","N","N","1","","2","0","0","3","3","Y","1753","3","2","0","0","0","0","0","3","0","2","N","","","","","","","","","","","","03","  ","","",""
"1650","1","0","0","0","0","0","0","0","0","1","0","","36","05","2016","2016054585","6","40.0461","-76.3072","1637","08","0","0","0","0","0","0","0","0","1","0","0","0","16","1","1","00","1","40 02:45.895","1","00","76 18:26.006","8","0","0","0","36301","0","0","0","N","0","0","0","2","36301","0","","1","01","N","N","0","","0","0","1","0","0","N","1637","1","2","0","0","1","1","0","3","0","2","N","","","","","","","","","","","","03","  ","","",""
"0844","1","0","0","0","0","0","0","0","0","4","1","","36","05","2016","2016054593","2","40.0927","-76.1523","0834","08","0","0","0","0","1","0","0","0","","0","1","0","08","1","1","02","0","40 05:33.693","","00","76 09:08.445","8","0","0","0","36238","0","0","0","N","0","0","0","2","36238","0","","1","01","N","N","0","","0","0","0","3","3","","0831","1","2","0","0","0","1","0","3","0","2","N","","","","","","","","","","","","03","  ","","",""
"2138","0","0","0","0","0","0","0","0","0","7","0","","36","05","2016","2016054695","5","39.9882","-76.1772","2135","08","0","0","0","0","0","0","0","0","1","0","0","0","21","3","0","00","1","39 59:17.482","2","00","76 10:37.835","0","0","0","0","36417","0","0","0","","0","0","0","1","36417","0","","4","01","N","N","0","","0","0","1","0","0","N","2130","0","1","0","0","0","0","0","1","0","1","N","","","","","","","","","","","","03","  ","","",""
"1838","2","0","0","0","0","0","0","0","0","1","0","","36","05","2016","2016054735","3","40.0384","-76.3554","1835","08","0","0","0","0","0","0","0","0","2","0","0","0","18","1","2","00","1","40 02:18.205","4","00","76 21:19.403","3","0","0","0","36214","0","0","0","N","0","0","0","3","36214","0","","1","01","N","N","0","","2","0","0","0","0","N","1835","2","2","0","0","0","0","0","3","0","2","N","","","","","","","","","","","","03","  ","","",""
"2002","1","0","0","0","0","0","0","0","0","7","0","","36","05","2016","2016054748","1","40.0709","-76.3244","2002","08","0","0","0","0","1","0","0","0","2","0","0","0","20","3","1","00","1","40 04:15.412","3","00","76 19:27.536","8","0","0","0","36101","0","0","0","N","0","0","0","3","36101","0","","4","09","N","N","0","","0","0","0","0","0","N","2001","1","1","0","0","0","1","0","3","0","1","N","","","","","","","","","","","","07","  ","","",""
"0137","1","0","0","0","0","0","0","0","0","7","0","","36","05","2016","2016054769","5","40.1213","-76.5548","0132","08","0","0","0","0","0","0","0","0","2","0","0","0","01","2","0","00","1","40 07:16.662","1","00","76 33:17.121","0","0","0","0","36237","0","0","0","N","0","0","0","2","36505","0","","5","01","N","N","0","","0","0","0","0","0","N","0130","0","1","0","0","0","0","0","1","0","1","N","","","","","","","","","","","","03","  ","","",""
"0606","2","0","0","0","0","0","0","0","0","4","0","","36","05","2016","2016054771","1","40.0485","-76.2941","0603","08","0","0","0","0","0","0","0","0","2","0","0","0","06","1","3","01","2","40 02:54.527","7","00","76 17:38.598","8","0","0","0","36301","0","0","0","N","0","0","0","3","36301","0","","1","01","N","N","0","","0","0","0","3","2","Y","0603","3","2","0","0","0","3","0","3","0","2","N","","","","","","","","","","","","03","  ","","",""
"1955","1","0","0","0","0","0","0","0","0","5","0","","36","05","2016","2016054775","1","40.0566","-76.5538","1950","08","0","0","0","0","0","0","0","0","","0","0","0","19","1","0","00","0","40 03:23.600","","00","76 33:13.800","0","0","0","0","36411","0","0","0","N","0","0","0","1","36504","0","","6","09","N","N","1","","0","0","0","0","0","","1947","0","2","0","0","0","0","0","1","0","2","N","","","","","","","","","","","","07","  ","","",""
"2152","0","0","0","0","0","0","0","0","0","8","0","","36","05","2016","2016054785","1","40.0411","-76.3063","2145","08","0","0","0","0","0","0","0","0","","0","0","0","21","3","1","01","0","40 02:27.991","","00","76 18:22.594","4","0","0","0","36301","1","0","0","N","1","0","0","2","36301","1","","1","09","N","N","0","","0","0","0","3","2","","2139","1","2","0","0","0","0","1","3","0","1","N","","","","","","","","","","","","07","  ","","",""
"1520","1","0","0","0","0","0","0","0","0","4","0","","36","05","2016","2016054795","6","40.1399","-76.3827","1512","08","0","0","0","0","0","0","0","0","","0","0","0","15","1","0","01","0","40 08:23.771","","00","76 22:57.704","0","0","0","0","36227","0","0","0","N","0","0","0","2","36506","0","","1","01","N","N","1","","0","0","0","3","2","","1512","0","2","0","0","0","0","0","1","0","2","N","","","","","","","","","","","","03","  ","","",""
"2234","1","0","0","0","0","0","0","0","0","7","0","","36","05","2016","2016054827","7","40.0377","-76.5091","2234","08","0","0","0","0","0","0","0","0","1","0","0","0","22","3","0","00","1","40 02:15.600","1","00","76 30:32.700","0","0","0","0","36404","0","0","0","N","0","0","0","1","36404","0","","2","01","N","N","0","","0","0","0","0","0","N","2234","0","1","0","0","0","0","0","3","0","1","N","","","","","","","","","","","","03","  ","","",""
"1725","2","0","0","0","0","0","0","0","0","1","0","","36","05","2016","2016054845","6","40.0959","-76.1082","1720","08","0","0","0","0","0","2","0","0","","0","0","0","17","1","0","00","0","40 05:45.403","","00","76 06:29.507","0","0","0","0","36415","0","0","0","N","0","0","0","2","36415","0","","1","01","N","N","0","","0","0","0","0","0","","1718","0","2","0","0","0","0","0","1","0","2","N","","","","","","","","","","","","03","  ","","",""
"1344","1","0","0","0","0","0","0","0","0","7","0","","36","05","2016","2016054851","3","40.1916","-76.1768","1344","08","0","0","0","0","0","0","1","0","","0","0","0","13","1","0","00","0","40 11:29.919","","00","76 10:36.524","0","0","0","0","36408","0","0","0","N","0","0","0","1","36408","0","","2","01","N","N","0","","0","0","0","0","0","","1342","0","1","0","0","0","0","0","2","0","1","N","","","","","","","","","","","","03","  ","","",""
"1411","0","0","0","0","0","0","0","0","0","7","0","","36","05","2016","2016054853","7","40.1801","-76.1344","1406","08","0","0","0","0","0","0","0","0","","0","0","0","14","1","0","00","0","40 10:48.419","","00","76 08:03.996","0","0","0","0","36210","0","0","0","N","0","0","0","1","36210","0","","4","01","N","N","0","","0","0","1","0","0","","1404","0","1","0","0","0","0","0","1","0","1","N","","","","","","","","","","","","03","  ","","",""
"1559","1","0","0","0","0","0","0","0","0","7","0","","36","05","2016","2016054865","7","40.1929","-76.1266","1551","08","0","0","0","0","0","0","0","0","","0","0","0","15","1","1","00","0","40 11:34.600","","00","76 07:35.700","8","0","0","0","36210","0","0","0","N","0","0","0","1","36210","0","","4","01","N","N","0","","0","0","0","0","0","","1550","1","1","0","0","0","1","0","1","0","1","N","","","","","","","","","","","","03","  ","","",""
"1118","1","0","0","0","0","0","0","0","0","7","0","","36","05","2016","2016054870","2","40.182","-76.1318","1110","08","0","0","0","0","0","0","0","0","","0","0","0","11","1","0","00","0","40 10:55.282","","00","76 07:54.460","0","0","0","0","36218","0","0","0","N","0","0","0","1","36408","0","","4","01","N","N","0","","0","0","0","0","0","","1106","0","1","0","0","0","0","0","1","0","1","N","","","","","","","","","","","","03","  ","","",""
"1332","0","0","0","0","0","0","0","0","0","7","0","","36","05","2016","2016054896","5","40.1533","-76.3688","1329","08","0","0","0","0","0","0","0","0","3","0","0","0","13","1","0","02","2","40 09:11.989","6","00","76 22:07.535","0","0","0","0","36227","0","0","0","N","0","0","0","1","36506","0","","4","01","N","N","1","","0","0","0","0","0","Y","1329","0","1","0","0","0","0","0","1","0","1","N","","","","","","","","","","","","03","  ","","",""
"1354","0","0","0","0","0","0","0","0","0","0","0","","36","05","2016","2016054921","7","40.0584","-76.1137","1337","08","0","0","0","0","0","0","1","0","1","0","0","0","13","1","1","01","2","40 03:30.167","7","00","76 06:49.490","3","0","0","1","36221","0","0","0","","0","0","0","1","68J01","0","","1","01","N","N","0","","1","0","0","0","0","Y","1337","1","1","0","0","0","0","0","1","0","1","N","","","","","","","","","","","","03","  ","","",""
"1115","1","0","0","0","0","0","0","0","0","1","0","","36","05","2016","2016054959","5","40.0507","-76.2558","1105","08","0","0","0","0","0","1","1","0","2","0","0","0","11","1","1","01","2","40 03:02.274","4","02","76 15:20.988","3","0","0","0","36215","0","0","0","N","0","0","0","4","36215","0","","1","01","N","N","0","","1","0","1","3","2","Y","1102","1","3","0","0","0","0","0","1","1","3","N","","","","","","","","","","","","03","  ","","",""
"1635","0","0","0","0","0","0","0","0","0","1","0","","36","05","2016","2016054966","5","40.0736","-76.2668","1624","08","0","1","0","0","0","0","0","0","2","0","0","0","16","1","0","00","1","40 04:25.106","4","00","76 16:00.432","0","0","0","0","36101","0","0","0","N","0","0","0","2","36101","0","","1","01","N","N","1","","0","0","1","0","0","N","1620","0","2","0","0","0","0","0","3","0","2","N","","","","","","","","","","","","03","  ","","",""
"2207","1","0","0","0","0","0","0","0","0","4","0","","36","05","2016","2016054982","2","40.0318","-76.321","2203","08","0","0","1","0","0","0","0","0","2","0","0","0","22","3","0","02","1","40 01:54.433","1","00","76 19:15.423","9","0","0","0","36301","0","0","0","N","0","0","0","2","36301","0","","1","09","N","N","0","","0","0","1","0","0","N","2202","0","3","0","0","0","0","1","3","1","3","N","","","","","","","","","","","","03","  ","","",""
"1953","1","0","0","0","0","0","0","0","0","8","0","","36","05","2016","2016054983","4","40.0377","-76.3085","1949","08","0","0","0","0","0","0","0","0","","0","0","0","19","1","1","01","0","40 02:15.572","","00","76 18:30.512","4","0","0","0","36301","1","0","0","N","1","0","0","2","36301","1","","1","01","N","N","0","","0","0","0","3","2","","1945","1","2","0","0","0","0","0","3","0","1","N","","","","","","","","","","","","03","  ","","",""
"1709","1","0","0","0","0","0","0","0","0","7","0","","36","05","2016","2016054984","3","39.9923","-76.2612","1707","08","0","0","0","0","0","0","0","0","9","0","0","0","17","1","4","00","2","39 59:32.197","5","00","76 15:40.486","8","0","0","0","36240","0","0","0","N","0","0","0","4","36240","0","","4","01","N","N","0","","0","0","0","0","0","Y","1706","4","2","0","0","0","4","0","1","1","2","N","","","","","","","","","","","","03","  ","","",""
"1448","1","0","0","0","0","0","0","0","0","7","0","","36","05","2016","2016054994","4","40.109","-76.4919","1444","08","0","0","0","0","0","0","0","1","","0","0","0","14","1","0","02","0","40 06:32.493","","00","76 29:31.001","0","0","0","0","36413","0","0","0","N","0","0","0","1","36413","0","","5","01","N","N","0","","0","0","0","0","0","","1442","0","1","0","0","0","0","0","2","0","1","N","","","","","","","","","","","","03","  ","","",""
"0742","2","0","0","0","0","0","0","0","0","1","0","","36","05","2016","2016055011","5","39.984","-76.0973","0716","08","0","0","0","0","0","0","0","0","","0","0","0","07","1","0","01","0","39 59:02.474","","00","76 05:50.433","0","0","0","0","36226","0","0","0","","0","0","0","4","68J01","0","","1","01","N","N","0","","0","0","0","3","2","","0703","0","2","0","0","0","0","0","1","0","2","N","","","","","","","","","","","","03","  ","","",""
"0947","0","0","0","0","0","0","0","0","0","4","0","","36","05","2016","2016055012","6","40.0186","-76.0638","0935","08","0","0","0","0","0","1","1","0","2","0","0","0","09","1","1","02","1","40 01:07.020","5","00","76 03:49.852","8","0","0","0","36221","0","0","0","","0","0","0","2","68J01","0","","1","01","N","N","1","","0","0","1","3","3","N","0935","1","2","0","0","0","1","0","1","0","2","N","","","","","","","","","","","","03","  ","","",""
"2337","2","0","0","0","0","0","0","0","0","4","0","","36","05","2016","2016055015","6","39.9756","-75.9939","2314","08","0","1","0","0","0","0","0","0","","0","0","0","23","2","0","01","0","39 58:32.262","","00","75 59:37.905","0","0","0","0","36231","0","0","0","","0","0","0","3","68J01","0","","1","01","N","N","0","","0","0","0","3","3","","2304","0","2","0","0","0","0","0","1","0","2","N","","","","","","","","","","","","03","  ","","",""
"1654","1","0","0","0","0","0","0","0","0","1","1","","36","05","2016","2016055016","1","40.0248","-76.2048","1646","08","0","0","0","1","0","1","0","0","1","0","1","0","16","1","1","02","1","40 01:29.358","3","00","76 12:17.190","3","0","0","0","36215","0","0","0","N","0","0","0","3","36215","0","","1","09","N","N","0","","1","0","0","3","2","N","1646","1","2","0","0","0","0","0","1","0","2","N","","","","","","","","","","","","07","  ","","",""
"1341","1","0","0","0","0","0","0","0","0","7","0","","36","05","2016","2016055027","7","40.2236","-76.0955","1338","08","0","0","0","0","0","0","0","0","","0","0","0","13","1","0","00","0","40 13:24.217","","00","76 05:41.967","0","0","0","0","36210","0","0","0","","0","0","0","3","68T06","0","","3","01","N","N","0","","0","0","0","0","0","","1335","0","1","0","0","0","0","0","1","0","1","N","","","","","","","","","","","","03","  ","","",""
"0536","1","0","0","0","0","0","0","0","0","1","1","","36","05","2016","2016055036","7","40.2299","-76.4414","0522","08","0","0","0","1","0","1","0","0","","0","1","0","05","5","0","00","0","40 13:47.554","","00","76 26:30.828","0","0","0","0","36230","0","0","0","","0","0","0","3","68T06","0","","1","01","N","N","0","","0","0","0","0","0","","0520","0","2","0","0","0","0","0","1","0","2","N","","","","","","","","","","","","03","  ","","",""
"2206","0","0","0","0","0","0","0","0","0","7","0","","36","05","2016","2016055054","5","40.0402","-76.2401","2202","08","0","0","0","0","0","0","0","0","","0","0","0","22","2","0","00","0","40 02:24.810","","00","76 14:24.455","0","0","0","0","36215","0","0","0","N","0","0","0","1","36215","0","","4","01","N","N","1","","0","0","0","0","0","","2200","0","1","0","0","0","0","0","1","0","1","N","","","","","","","","","","","","03","  ","","",""
"0816","1","0","0","0","0","0","0","0","0","7","0","","36","05","2016","2016055083","3","40.1347","-76.5744","0811","08","0","0","0","1","0","0","0","0","2","0","0","0","08","1","0","00","2","40 08:05.000","4","00","76 34:28.000","0","0","0","0","36225","0","0","0","N","0","0","0","1","36505","0","","5","01","N","N","0","","0","0","0","0","0","N","0811","0","1","0","0","0","0","0","2","0","1","N","","","","","","","","","","","","03","  ","","",""
"1614","2","0","0","0","0","0","0","0","0","1","0","","36","05","2016","2016055087","2","39.8956","-76.1742","1610","08","0","0","0","0","0","0","0","0","","0","0","0","16","1","1","00","0","39 53:44.129","","00","76 10:26.940","4","0","0","0","36229","0","0","0","N","0","0","0","2","36416","1","","1","01","N","N","0","","0","0","0","0","0","","1610","1","2","0","0","0","0","0","1","0","2","N","","","","","","","","","","","","03","  ","","",""
"0709","0","0","0","0","0","0","0","0","0","7","0","","36","05","2016","2016055129","3","40.1292","-76.2161","0705","08","0","0","0","0","0","0","0","0","2","0","0","0","07","1","1","00","1","40 07:44.995","1","03","76 12:57.834","3","0","0","0","36238","0","0","0","N","0","0","0","1","36238","0","","2","01","N","N","1","","1","0","0","0","0","N","0701","1","1","0","0","0","0","0","3","0","1","N","","","","","","","","","","","","03","  ","","",""
"0902","1","0","0","0","0","0","0","0","0","7","0","","36","04","2016","2016055165","7","40.1579","-76.1538","0856","08","0","0","0","0","0","0","0","0","","0","0","0","08","1","0","00","0","40 09:28.357","","00","76 09:13.532","0","0","0","0","36238","0","0","0","Y","0","0","0","6","36238","0","","2","07","N","N","0","","0","0","0","0","0","","0856","0","1","0","0","0","0","0","3","0","1","N","","","","","","","","","","","","10","  ","","",""
"1543","0","0","0","0","0","0","0","0","0","0","0","","36","05","2016","2016055180","3","40.0559","-76.3297","1531","08","0","0","0","0","0","0","0","0","2","0","0","0","15","1","0","00","2","40 03:21.417","7","00","76 19:46.807","0","0","0","0","36101","0","0","0","N","0","0","0","1","36101","0","","1","01","N","N","0","","0","0","1","0","0","N","1529","0","1","0","0","0","0","0","3","0","1","N","","","","","","","","","","","","03","  ","","",""
"1425","1","0","0","0","0","0","0","0","0","4","0","","36","05","2016","2016055181","3","39.9924","-76.2859","1420","08","0","0","0","0","1","0","0","0","2","0","0","0","14","1","3","02","1","39 59:32.071","1","07","76 17:09.342","4","0","0","0","36240","0","0","0","N","0","0","0","3","36240","2","","1","01","N","N","0","","0","0","0","3","2","Y","1415","3","2","0","0","0","1","0","1","1","2","N","","","","","","","","","","","","03","  ","","",""
"2105","1","0","0","0","0","0","0","0","0","0","0","","36","05","2016","2016055327","3","40.1643","-76.3943","2058","08","0","0","0","1","0","0","0","0","1","0","0","0","20","3","0","00","1","40 09:51.536","3","00","76 23:39.362","0","0","0","0","36410","0","0","0","N","0","0","0","1","36410","0","","1","01","N","N","0","","0","0","0","0","0","N","2058","0","1","0","0","1","0","0","2","0","1","N","","","","","","","","","","","","03","  ","","",""
"1849","2","0","0","0","0","0","0","0","0","1","0","","36","05","2016","2016055358","3","40.0853","-76.3448","1847","08","0","0","0","0","0","0","0","0","2","0","0","0","18","1","2","00","1","40 05:07.231","5","07","76 20:41.251","3","0","0","0","36406","0","0","0","N","0","0","0","3","36101","0","","1","01","N","N","0","","2","0","0","0","0","N","1836","2","3","0","0","0","0","0","3","1","3","N","","","","","","","","","","","","03","  ","","",""
"0151","0","0","0","0","0","0","0","0","0","7","0","","36","05","2016","2016055364","3","40.0564","-76.0467","0143","08","1","0","0","0","0","0","0","0","3","0","0","0","01","2","1","00","2","40 03:23.100","6","00","76 02:48.000","2","0","0","0","36213","0","0","0","N","0","0","0","2","36213","0","","4","01","N","N","1","","0","1","0","0","0","Y","0141","1","1","0","1","1","0","0","1","0","1","N","","","","","","","","","","","","03","  ","","",""
"2035","1","0","0","0","0","0","0","0","0","4","0","","36","05","2016","2016055365","2","40.0615","-76.5586","2031","08","0","0","0","0","0","0","0","0","3","0","0","0","20","4","1","01","2","40 03:41.533","7","00","76 33:30.806","8","0","0","0","36211","0","0","0","N","0","0","0","4","36504","0","","1","01","N","N","0","","0","0","1","0","0","Y","2030","1","2","0","0","0","1","0","1","0","2","N","","","","","","","","","","","","03","  ","","",""
"1959","2","0","1","0","0","0","0","0","0","4","0","","36","05","2016","2016055366","3","40.0948","-76.3248","1957","08","0","0","1","0","0","0","0","0","2","0","0","0","19","1","2","01","1","40 05:41.323","3","00","76 19:29.456","2","0","0","0","36101","0","0","0","N","0","0","0","2","36101","0","","1","01","N","N","0","","1","1","0","3","3","N","1956","2","2","0","0","0","0","0","3","0","2","N","","","","","","","","","","","","03","  ","","",""
"2232","1","0","0","0","0","0","0","0","0","7","0","","36","05","2016","2016055375","3","40.2816","-76.1543","2228","08","0","0","0","0","0","0","0","0","2","0","0","0","22","2","0","00","2","40 16:53.596","6","00","76 09:15.581","0","0","0","0","36236","0","0","0","N","0","0","0","1","36408","0","","4","01","N","N","0","","0","0","0","0","0","Y","2226","0","1","0","0","0","0","0","1","0","1","N","","","","","","","","","","","","03","  ","","",""
"1252","0","0","0","0","0","0","0","0","0","1","0","","36","05","2016","2016055439","7","39.8676","-76.2271","1248","08","0","0","0","0","0","1","0","0","3","0","0","0","12","1","0","00","1","39 52:03.505","1","00","76 13:37.440","0","0","0","0","36212","0","0","0","","0","0","0","2","68J01","0","","1","01","N","N","0","","0","0","2","0","0","N","1246","0","2","0","0","0","0","0","1","0","2","N","","","","","","","","","","","","03","  ","","",""
"1436","1","0","0","0","0","0","0","0","0","7","0","","36","05","2016","2016055470","1","40.2604","-76.1818","1430","08","0","1","0","0","0","1","0","0","3","0","0","0","14","1","1","00","2","40 15:37.615","5","00","76 10:54.561","4","0","0","0","36236","0","0","0","N","0","0","0","5","36408","1","","4","01","N","N","0","","0","0","0","0","0","Y","1428","1","2","0","0","0","0","0","1","1","2","N","","","","","","","","","","","","03","  ","","",""
"1529","1","0","0","0","0","0","0","0","0","7","0","","36","05","2016","2016055476","1","40.0441","-76.4455","1525","08","0","0","0","0","0","0","0","0","","0","0","0","15","1","0","01","0","40 02:38.853","","00","76 26:43.800","0","0","0","0","36414","0","0","0","N","0","0","0","1","36239","0","","5","01","N","N","0","","0","0","0","3","3","","1524","0","1","0","0","0","0","0","3","0","1","N","","","","","","","","","","","","03","  ","","",""
"1814","3","0","0","0","0","0","0","0","0","1","0","","36","05","2016","2016055509","3","40.0879","-76.3057","1811","08","0","0","0","0","0","1","0","0","","0","0","0","18","1","1","00","0","40 05:16.377","","00","76 18:20.356","4","0","0","0","36101","0","0","0","N","0","0","0","4","36101","1","","1","01","N","N","0","","0","0","0","0","0","","1808","1","3","0","0","0","0","0","3","0","3","N","","","","","","","","","","","","03","  ","","",""
"0950","1","0","0","0","0","0","0","0","0","5","1","","36","06","2016","2016055520","4","40.0402","-76.479","0938","08","0","0","0","0","0","0","0","0","","0","1","0","09","1","0","00","0","40 02:24.878","","00","76 28:44.402","0","0","0","0","36239","0","0","0","N","0","0","0","1","36239","0","","2","01","N","N","0","","0","0","0","0","0","","0938","0","2","0","0","0","0","0","3","0","2","N","","","","","","","","","","","","03","  ","","",""
"1711","1","0","0","0","0","0","0","0","0","1","0","","36","05","2016","2016055528","6","40.0716","-76.3262","1707","08","0","0","0","0","0","0","1","0","","0","0","0","17","1","0","00","0","40 04:17.770","","00","76 19:34.317","0","0","0","0","36101","0","0","0","N","0","0","0","3","36301","0","","1","01","N","N","0","","0","0","1","0","0","","1707","0","2","0","0","0","0","0","3","0","2","N","","","","","","","","","","","","03","  ","","",""
"0740","1","0","0","0","0","0","0","0","0","7","0","","36","05","2016","2016055529","6","40.1039","-76.2344","0735","08","0","0","0","0","0","0","0","0","4","0","0","0","07","5","0","00","1","40 06:14.183","3","00","76 14:03.910","0","0","0","0","36234","0","0","0","N","0","0","0","1","36215","0","","5","01","N","N","0","","0","0","0","0","0","N","0734","0","1","0","0","0","0","0","1","0","1","N","","","","","","","","","","","","03","  ","","",""
"1812","2","0","0","0","0","0","0","0","0","1","0","","36","05","2016","2016055543","4","40.1697","-76.2985","1808","08","0","0","1","0","0","1","0","0","1","0","0","0","18","1","0","02","1","40 10:10.923","3","00","76 17:54.520","0","0","0","0","36235","0","0","0","N","0","0","0","2","36506","0","","1","01","N","N","0","","0","0","0","0","0","Y","1808","0","2","0","0","0","0","0","1","0","2","N","","","","","","","","","","","","03","  ","","",""
"0743","0","0","0","0","0","0","0","0","0","7","0","","36","05","2016","2016055627","6","40.0229","-76.4924","0741","08","0","0","0","0","0","0","0","0","2","0","0","0","07","1","1","00","2","40 01:22.427","5","00","76 29:32.509","4","0","0","0","36404","0","0","0","N","0","0","0","1","36404","1","","4","01","N","N","0","","0","0","0","0","0","Y","0740","1","1","0","0","0","0","0","3","1","1","N","","","","","","","","","","","","03","  ","","",""
"1757","1","0","0","0","0","0","0","0","0","1","1","90","36","06","2016","2016055682","4","40.098","-76.2995","1746","08","0","0","0","0","1","1","0","0","2","0","1","0","17","1","2","00","1","40 05:52.698","3","00","76 17:58.202","4","0","0","0","36101","0","0","0","N","0","0","0","3","36101","2","","1","01","N","Y","0","","0","0","0","0","0","N","1733","2","2","0","0","0","0","0","3","0","2","Y","2","1","N","","","N","Y","","","","","03","  ","","",""
"1728","1","0","0","0","0","0","0","0","0","4","0","","36","06","2016","2016055710","4","40.1791","-76.6006","1724","08","0","0","0","0","0","2","0","0","2","0","0","0","17","1","0","01","1","40 10:44.805","5","02","76 36:01.990","0","0","0","0","36225","0","0","0","N","0","0","0","6","36505","0","","1","01","N","N","0","","0","0","1","3","2","N","1722","0","3","0","0","0","0","0","2","1","3","N","","","","","","","","","","","","03","  ","","",""