"ARRIVAL_TM","AUTOMOBILE_COUNT","BELTED_DEATH_COUNT","BELTED_SUSP_SERIOUS_INJ_COUNT","BICYCLE_COUNT","BICYCLE_DEATH_COUNT","BICYCLE_SUSP_SERIOUS_INJ_COUNT","BUS_COUNT","CHLDPAS_DEATH_COUNT","CHLDPAS_SUSP_SERIOUS_INJ_COUNT","COLLISION_TYPE","COMM_VEH_COUNT","CONS_ZONE_SPD_LIM","COUNTY","CRASH_MONTH","CRASH_YEAR","CRN","DAY_OF_WEEK","DEC_LAT","DEC_LONG","DISPATCH_TM","DISTRICT","DRIVER_COUNT_16YR","DRIVER_COUNT_17YR","DRIVER_COUNT_18YR","DRIVER_COUNT_19YR","DRIVER_COUNT_20YR","DRIVER_COUNT_50_64YR","DRIVER_COUNT_65_74YR","DRIVER_COUNT_75PLUS","EST_HRS_CLOSED","FATAL_COUNT","HEAVY_TRUCK_COUNT","HORSE_BUGGY_COUNT","HOUR_OF_DAY","ILLUMINATION","INJURY_COUNT","INTERSECT_TYPE","LANE_CLOSED","LATITUDE","LN_CLOSE_DIR","LOCATION_TYPE","LONGITUDE","MAX_SEVERITY_LEVEL","MCYCLE_DEATH_COUNT","MCYCLE_SUSP_SERIOUS_INJ_COUNT","MOTORCYCLE_COUNT","MUNICIPALITY","NONMOTR_COUNT","NONMOTR_DEATH_COUNT","NONMOTR_SUSP_SERIOUS_INJ_COUNT","NTFY_HIWY_MAINT","PED_COUNT","PED_DEATH_COUNT","PED_SUSP_SERIOUS_INJ_COUNT","PERSON_COUNT","POLICE_AGCY","POSSIBLE_INJ_COUNT","RDWY_SURF_TYPE_CD","RELATION_TO_ROAD","ROAD_CONDITION","SCH_BUS_IND","SCH_ZONE_IND","SMALL_TRUCK_COUNT","SPEC_JURIS_CD","SUSP_MINOR_INJ_COUNT","SUSP_SERIOUS_INJ_COUNT","SUV_COUNT","TCD_FUNC_CD","TCD_TYPE","TFC_DETOUR_IND","TIME_OF_DAY","TOT_INJ_COUNT","TOTAL_UNITS","UNB_DEATH_COUNT","UNB_SUSP_SERIOUS_INJ_COUNT","UNBELTED_OCC_COUNT","UNK_INJ_DEG_COUNT","UNK_INJ_PER_COUNT","URBAN_RURAL","VAN_COUNT","VEHICLE_COUNT","WORK_ZONE_IND","WORK_ZONE_LOC","WORK_ZONE_TYPE","WORKERS_PRES","WZ_CLOSE_DETOUR","WZ_FLAGGER","WZ_LAW_OFFCR_IND","WZ_LN_CLOSURE","WZ_MOVING","WZ_OTHER","WZ_SHLDER_MDN","ROADWAY_CLEARED","WEATHER1","WEATHER2","WZ_WORKERS_INJ_KILLED","SECONDARY_CRASH","INTERSECTION_RELATED"
"2258","2","0","0","0","0","0","0","0","0","5","0","","36","06","2016","2016055722","4","40.1086","-76.5187","2256","08","0","0","0","0","0","1","0","0","","0","0","0","22","3","1","00","0","40 06:30.861","","00","76 31:07.202","4","0","0","0","36413","0","0","0","N","0","0","0","1","36413","1","","6","01","N","N","0","","0","0","0","0","0","","2250","1","2","0","0","0","0","0","2","0","2","N","","","","","","","","","","","","03","  ","","",""
"2118","0","0","0","0","0","0","0","0","0","8","0","","36","06","2016","2016055742","4","40.0222","-76.1928","2118","08","0","0","0","0","0","0","0","0","1","0","0","0","21","2","1","00","1","40 01:20.069","2","00","76 11:34.098","3","0","0","0","36215","1","0","0","N","1","0","0","2","36215","0","","1","01","N","N","0","","1","0","0","0","0","N","2118","1","2","0","0","0","0","1","1","0","1","N","","","","","","","","","","","","03","  ","","",""
"0230","1","0","0","0","0","0","0","0","0","7","0","","36","05","2016","2016055756","2","40.2641","-76.2723","0209","08","0","1","0","0","0","0","0","0","2","0","0","0","02","2","0","00","2","40 15:50.800","6","00","76 16:20.400","0","0","0","0","36204","0","0","0","N","0","0","0","3","36506","0","","4","09","N","N","0","","0","0","0","0","0","Y","0207","0","1","0","0","0","0","0","1","0","1","N","","","","","","","","","","","","07","  ","","",""
"2332","0","0","0","0","0","0","0","0","0","9","0","","36","05","2016","2016055783","5","39.9212","-76.2478","2318","08","0","0","0","0","0","0","0","0","","0","0","0","23","2","0","00","0","39 55:16.239","","00","76 14:52.016","0","0","0","0","36229","0","0","0","","0","0","0","1","68J01","0","","1","01","N","N","0","","0","0","1","0","0","","2318","0","1","0","0","0","0","0","1","0","1","N","","","","","","","","","","","","03","  ","","",""
"1554","1","0","0","0","0","0","0","0","0","7","0","","36","05","2016","2016055846","1","40.0518","-76.4248","1551","08","0","0","0","0","0","0","0","0","1","0","0","0","15","1","1","00","1","40 03:06.300","3","00","76 25:29.400","3","0","0","0","36239","0","0","0","N","0","0","0","1","36239","0","","4","01","N","N","0","","1","0","0","0","0","N","1548","1","1","0","0","0","0","0","3","0","1","N","","","","","","","","","","","","03","  ","","",""
"1839","2","0","0","0","0","0","0","0","0","4","0","","36","06","2016","2016055856","4","40.1212","-76.6345","1828","08","0","0","0","0","0","0","0","0","2","0","0","0","18","1","1","02","2","40 07:16.258","5","00","76 38:04.335","4","0","0","0","36237","0","0","0","N","0","0","0","4","36505","1","","1","01","N","N","0","","0","0","0","3","3","Y","1828","1","2","0","0","0","0","0","1","0","2","N","","","","","","","","","","","","03","  ","","",""
"1650","1","0","0","0","0","0","0","0","0","7","0","","36","05","2016","2016055863","7","39.9551","-76.2817","1635","08","0","1","0","0","0","0","0","0","2","0","0","0","16","1","0","00","2","39 57:18.492","5","00","76 16:54.086","0","0","0","0","36228","0","0","0","N","0","0","0","1","36503","0","","2","01","N","N","0","","0","0","0","0","0","Y","1630","0","1","0","0","0","0","0","1","0","1","N","","","","","","","","","","","","03","  ","","",""
"1838","2","0","0","0","0","0","0","0","0","1","0","","36","05","2016","2016055864","7","40.025","-76.2054","1835","08","0","0","1","0","0","0","0","0","2","0","0","0","18","1","0","00","2","40 01:30.170","4","00","76 12:19.452","0","0","0","0","36215","0","0","0","N","0","0","0","9","36215","0","","1","01","N","N","0","","0","0","1","0","0","Y","1830","0","3","0","0","1","0","0","1","0","3","N","","","","","","","","","","","","03","  ","","",""
"1237","1","0","0","0","0","0","0","0","0","4","0","","36","05","2016","2016055868","6","40.1558","-76.1077","1230","08","0","0","0","1","0","0","1","0","1","0","0","0","12","1","0","01","2","40 09:20.808","5","00","76 06:27.691","0","0","0","0","36209","0","0","0","N","0","0","0","2","36415","0","","1","01","N","N","0","","0","0","1","3","3","Y","1235","0","2","0","0","0","0","0","1","0","2","N","","","","","","","","","","","","03","  ","","",""
"0957","0","0","0","0","0","0","0","0","0","2","0","","36","06","2016","2016055875","5","40.0503","-76.4391","0954","08","0","1","0","0","0","0","0","0","","0","0","0","09","1","0","00","0","40 03:00.900","","00","76 26:20.600","0","0","0","0","36239","0","0","0","N","0","0","0","3","36239","0","","1","01","N","N","1","","0","0","1","0","0","","0951","0","2","0","0","0","0","0","3","0","2","N","","","","","","","","","","","","03","  ","","",""
"1803","1","0","0","0","0","0","0","0","0","1","0","","36","05","2016","2016055881","4","40.1501","-76.2841","1800","08","0","0","0","0","0","1","0","0","1","0","0","0","18","1","1","02","1","40 09:00.432","3","00","76 17:02.720","8","0","0","0","36235","0","0","0","N","0","0","0","3","36506","0","","1","01","N","N","0","","0","0","0","0","0","Y","1800","1","2","0","0","0","1","0","1","1","2","N","","","","","","","","","","","","03","  ","","",""
"0816","2","0","0","0","0","0","0","0","0","6","0","","36","06","2016","2016055882","4","40.1568","-76.3814","0812","08","0","0","0","0","0","0","0","0","2","0","0","0","08","1","1","01","2","40 09:24.353","5","00","76 22:53.102","4","0","0","0","36227","0","0","0","N","0","0","0","2","36506","1","","1","01","N","N","0","","0","0","0","3","3","Y","0812","1","2","0","0","0","0","0","1","0","2","N","","","","","","","","","","","","03","  ","","",""
"1659","1","0","1","0","0","0","0","0","0","7","0","","36","05","2016","2016055915","1","40.2221","-76.2863","1655","08","0","1","0","0","0","0","0","0","2","0","0","0","16","1","3","00","1","40 13:19.678","3","00","76 17:10.518","2","0","0","0","36217","0","0","0","","0","0","0","3","68J01","0","","4","09","N","N","0","","2","1","0","0","0","N","1655","3","1","0","0","0","0","0","1","0","1","N","","","","","","","","","","","","07","  ","","",""
"0958","2","0","0","0","0","0","0","0","0","4","0","","36","06","2016","2016055974","5","40.0695","-76.3076","0955","08","0","0","0","0","0","1","0","0","1","0","0","0","09","1","0","05","1","40 04:10.226","4","00","76 18:28.241","0","0","0","0","36101","0","0","0","N","0","0","0","3","36101","0","","1","01","N","N","0","","0","0","0","3","2","N","0954","0","2","0","0","0","0","0","3","0","2","N","","","","","","","","","","","","03","  ","","",""
"0942","1","0","0","0","0","0","0","0","0","1","0","","36","06","2016","2016055995","4","40.0527","-76.2621","0928","08","0","0","0","0","1","0","0","0","","0","0","0","09","1","0","00","0","40 03:09.842","","00","76 15:43.504","0","0","0","0","36215","0","0","0","N","0","0","0","2","36215","0","","1","01","N","N","1","","0","0","0","0","0","","0925","0","2","0","0","0","0","0","1","0","2","N","","","","","","","","","","","","03","  ","","",""
"0208","0","0","0","0","0","0","0","0","0","4","1","","36","05","2016","2016055997","1","40.0366","-76.3132","0208","08","0","0","0","0","0","0","0","0","2","0","1","0","02","3","1","00","2","40 02:11.932","2","00","76 18:47.681","4","0","0","0","36301","0","0","0","N","0","0","0","1","36301","1","","1","01","N","N","0","","0","0","1","0","0","Y","0208","1","2","0","0","0","0","0","3","0","2","N","","","","","","","","","","","","03","  ","","",""
"2256","1","0","0","0","0","0","0","0","0","4","0","","36","05","2016","2016056143","1","40.0229","-76.3048","2252","08","0","0","0","0","0","0","1","0","","0","0","0","22","3","0","05","0","40 01:22.439","","00","76 18:17.112","0","0","0","0","36220","0","0","0","N","0","0","0","9","36101","0","","1","09","N","N","0","","0","0","0","3","2","","2237","0","2","0","0","0","0","0","3","1","2","N","","","","","","","","","","","","07","  ","","",""
"1759","2","0","0","0","0","0","0","0","0","4","0","","36","06","2016","2016056146","5","40.0383","-76.2692","1753","08","0","0","1","0","0","0","0","0","2","0","0","0","17","1","2","00","2","40 02:17.992","6","07","76 16:09.262","3","0","0","0","36215","0","0","0","N","0","0","0","4","36215","1","","1","01","N","N","0","","1","0","0","3","3","Y","1750","2","2","0","0","0","0","1","1","0","2","N","","","","","","","","","","","","03","  ","","",""
"0542","1","0","0","0","0","0","0","0","0","5","0","","36","05","2016","2016056150","7","40.0354","-76.3146","0538","08","0","0","0","0","0","0","0","0","1","0","0","0","05","5","0","00","1","40 02:07.330","4","00","76 18:52.648","0","0","0","0","36301","0","0","0","N","0","0","0","1","36301","0","","6","01","N","N","1","","0","0","1","0","0","N","0538","0","3","0","0","0","0","0","3","0","3","N","","","","","","","","","","","","03","  ","","",""
"2142","0","0","0","0","0","0","0","0","0","7","0","","36","06","2016","2016056166","5","40.1017","-76.2877","2133","08","0","0","0","0","0","0","0","0","","0","0","0","21","3","0","00","0","40 06:06.107","","00","76 17:15.858","0","0","0","0","36101","0","0","0","N","0","0","0","1","36101","0","","4","01","N","N","0","","0","0","0","0","0","","2132","0","1","0","0","0","0","0","3","1","1","N","","","","","","","","","","","","03","  ","","",""
"0330","1","0","0","0","0","0","0","0","0","7","0","","36","06","2016","2016056169","6","40.2516","-76.1513","0320","08","0","0","0","0","0","0","0","0","2","0","0","0","03","2","0","00","2","40 15:05.614","5","00","76 09:04.565","9","0","0","0","36236","0","0","0","N","0","0","0","1","36408","0","","4","09","N","N","0","","0","0","0","0","0","Y","0317","0","1","0","0","0","0","1","1","0","1","N","","","","","","","","","","","","07","  ","","",""
"2234","0","0","0","0","0","0","0","0","0","7","0","","36","05","2016","2016056172","1","40.0388","-76.2673","2229","08","0","0","0","0","0","1","0","0","","0","0","0","22","3","1","00","0","40 02:19.555","","07","76 16:02.393","3","0","0","0","36215","0","0","0","N","0","0","0","1","36215","0","","4","01","N","N","0","","1","0","0","0","0","","2228","1","1","0","0","1","0","0","1","1","1","N","","","","","","","","","","","","03","  ","","",""
"2255","2","0","0","0","0","0","0","0","0","7","0","","36","05","2016","2016056175","7","40.0141","-76.3118","2247","08","0","0","0","0","0","0","0","0","2","0","0","0","22","3","0","00","2","40 00:50.900","4","00","76 18:42.400","0","0","0","0","36220","0","0","0","N","0","0","0","1","36101","0","","3","01","N","N","0","","0","0","0","0","0","Y","2245","0","2","0","0","0","0","0","3","0","2","N","","","","","","","","","","","","03","  ","","",""
"1635","1","0","0","0","0","0","0","0","0","4","0","","36","06","2016","2016056180","5","40.1788","-76.2785","1629","08","0","0","0","1","0","1","0","0","3","0","0","0","16","1","0","02","2","40 10:43.618","7","00","76 16:42.427","0","0","0","0","36235","0","0","0","N","0","0","0","2","36506","0","","1","01","N","N","0","","0","0","0","3","3","Y","1629","0","2","0","0","0","0","0","1","1","2","N","","","","","","","","","","","","03","  ","","",""
"1557","0","0","0","0","0","0","0","0","0","2","0","","36","05","2016","2016056235","2","39.9892","-75.9908","1528","08","0","0","0","0","0","0","0","0","2","0","0","0","15","1","0","02","1","39 59:21.134","3","00","75 59:26.780","0","0","0","0","36232","0","0","0","","0","0","0","2","68J01","0","","1","01","N","N","2","","0","0","0","0","0","N","1513","0","2","0","0","0","0","0","1","0","2","N","","","","","","","","","","","","03","  ","","",""
"1002","1","0","0","0","0","0","0","0","0","1","0","","36","05","2016","2016056241","6","39.8726","-76.2286","0932","08","0","0","0","0","0","1","0","0","","0","0","0","09","1","0","02","0","39 52:21.234","","00","76 13:43.112","0","0","0","0","36208","0","0","0","","0","0","0","2","68J01","0","","1","01","N","N","1","","0","0","0","0","0","","0929","0","2","0","0","0","0","0","1","0","2","N","","","","","","","","","","","","03","  ","","",""
"1554","0","0","0","0","0","0","0","0","0","7","0","","36","06","2016","2016056316","5","40.0064","-76.267","1551","08","0","0","0","0","0","0","0","0","3","0","1","0","15","1","0","00","2","40 00:23.078","5","00","76 16:01.025","0","0","0","0","36240","0","0","0","N","0","0","0","1","36240","0","","4","01","N","N","0","","0","0","0","0","0","Y","1549","0","1","0","0","0","0","0","1","0","1","N","","","","","","","","","","","","03","  ","","",""
"0824","1","0","0","0","0","0","0","0","0","1","0","","36","06","2016","2016056342","6","40.0245","-76.3309","0817","08","0","0","0","0","0","0","0","0","","0","0","0","08","1","1","00","0","40 01:28.065","","00","76 19:51.223","4","0","0","0","36101","0","0","0","N","0","0","0","2","36101","1","","1","09","N","N","0","","0","0","0","0","0","","0812","1","2","0","0","0","0","1","3","1","2","N","","","","","","","","","","","","07","  ","","",""
"0835","1","0","0","0","0","0","0","0","0","1","0","","36","06","2016","2016056357","6","40.0087","-76.343","0832","08","0","0","0","0","0","0","1","0","2","0","0","0","08","1","1","01","1","40 00:31.485","3","00","76 20:34.745","8","0","0","0","36412","0","0","0","N","0","0","0","5","36412","0","","1","09","N","N","0","","0","0","1","3","2","Y","0832","1","3","0","0","0","1","0","3","1","3","N","","","","","","","","","","","","07","  ","","",""
"1122","2","0","0","0","0","0","0","0","0","4","0","","36","06","2016","2016056385","6","40.1085","-76.0702","1115","08","0","0","0","0","0","0","0","1","","0","0","0","11","1","0","01","0","40 06:30.660","","00","76 04:12.804","0","0","0","0","36415","0","0","0","N","0","0","0","3","36415","0","","1","01","N","N","0","","0","0","0","3","2","","1115","0","2","0","0","0","0","0","1","0","2","N","","","","","","","","","","","","03","  ","","",""
"1123","1","0","0","0","0","0","0","0","0","5","0","","36","06","2016","2016056387","5","40.0507","-76.2969","1107","08","0","0","0","0","0","0","0","0","3","0","0","0","10","1","0","00","1","40 03:02.600","2","00","76 17:48.800","0","0","0","0","36301","3","0","0","N","0","0","0","4","36301","0","","1","01","N","N","0","","0","0","1","0","0","N","1041","0","4","0","0","0","0","0","3","2","4","N","","","","","","","","","","","","03","  ","","",""
"1133","0","0","0","0","0","0","0","0","0","1","0","","36","06","2016","2016056395","6","40.1036","-76.0864","1128","08","0","0","0","0","0","1","0","1","","0","0","0","11","1","1","00","0","40 06:12.921","","00","76 05:11.021","8","0","0","0","36415","0","0","0","N","0","0","0","3","36415","0","","1","09","N","N","0","","0","0","2","0","0","","1128","1","2","0","0","0","1","0","1","0","2","N","","","","","","","","","","","","03","  ","","",""
"1228","1","0","0","0","0","0","0","0","0","7","0","","36","06","2016","2016056411","6","40.0459","-76.4196","1219","08","0","0","1","0","0","0","0","0","","0","0","0","12","1","0","07","0","40 02:45.866","","02","76 25:04.200","0","0","0","0","36239","0","0","0","Y","0","0","0","2","36239","0","","7","01","N","N","0","","0","0","0","0","0","","1203","0","1","0","0","0","0","0","3","0","1","N","","","","","","","","","","","","03","  ","","",""
"1531","1","0","0","0","0","0","0","0","0","7","0","","36","04","2016","2016056513","3","40.0093","-76.1261","1522","08","0","0","0","0","0","0","0","0","","0","0","0","15","1","1","00","0","40 00:33.394","","00","76 07:34.125","3","0","0","0","36226","0","0","0","","0","0","0","1","68J01","0","","4","01","N","N","0","","1","0","0","0","0","","1511","1","1","0","0","1","0","0","1","0","1","N","","","","","","","","","","","","03","  ","","",""
"0941","1","0","0","0","0","0","0","0","0","7","0","","36","05","2016","2016056524","7","39.9221","-76.1537","0931","08","0","1","0","0","0","0","0","0","","0","0","0","09","1","0","00","0","39 55:19.680","","03","76 09:13.430","0","0","0","0","36216","0","0","0","","0","0","0","1","68J01","0","","2","01","N","N","0","","0","0","0","0","0","","0931","0","1","0","0","0","0","0","1","0","1","N","","","","","","","","","","","","03","  ","","",""
"1246","2","0","0","0","0","0","0","0","0","4","0","","36","06","2016","2016056529","4","39.9756","-75.9939","1133","08","0","0","0","0","1","0","0","0","2","0","0","0","11","1","3","01","1","39 58:32.262","1","00","75 59:37.905","8","0","0","0","36231","0","0","0","","0","0","0","5","68J01","0","","1","01","N","N","0","","0","0","0","3","3","N","1132","3","2","0","0","0","3","0","1","0","2","N","","","","","","","","","","","","03","  ","","",""
"1745","2","0","0","0","0","0","0","0","0","4","0","","36","06","2016","2016056541","6","40.0726","-76.395","1741","08","0","0","0","0","0","0","1","0","1","0","0","0","17","1","0","01","1","40 04:21.349","4","00","76 23:41.920","0","0","0","0","36214","0","0","0","N","0","0","0","3","36214","0","","1","01","N","N","0","","0","0","0","3","3","N","1735","0","2","0","0","0","0","0","3","0","2","N","","","","","","","","","","","","03","  ","","",""
"0813","2","0","0","0","0","0","0","0","0","1","0","","36","05","2016","2016056641","5","40.0442","-76.2923","0812","08","0","0","0","0","0","0","0","0","1","0","0","0","08","1","1","00","1","40 02:39.000","4","00","76 17:32.400","4","0","0","0","36301","0","0","0","N","0","0","0","2","36301","1","","1","01","N","N","0","","0","0","0","0","0","N","0810","1","2","0","0","0","0","0","3","0","2","N","","","","","","","","","","","","03","  ","","",""
"1357","0","0","0","0","0","0","0","0","0","7","0","","36","06","2016","2016056642","6","40.1762","-76.5983","1354","08","0","0","1","0","0","0","0","0","","0","0","0","13","1","0","00","0","40 10:34.330","","00","76 35:53.731","0","0","0","0","36225","0","0","0","N","0","0","0","2","36505","0","","3","01","N","N","0","","0","0","1","0","0","","1354","0","1","0","0","0","0","0","2","0","1","N","","","","","","","","","","","","03","  ","","",""
"1211","2","0","0","0","0","0","0","0","0","1","0","","36","05","2016","2016056661","3","40.052","-76.3099","1211","08","0","0","0","0","0","0","0","0","2","0","0","0","12","1","1","00","1","40 03:07.177","3","00","76 18:35.619","4","0","0","0","36301","0","0","0","N","0","0","0","3","36301","1","","1","01","N","N","0","","0","0","0","0","0","N","1211","1","2","0","0","0","0","0","3","0","2","N","","","","","","","","","","","","03","  ","","",""
"0934","1","0","0","0","0","0","0","0","0","4","0","","36","05","2016","2016056692","3","40.0521","-76.2974","0928","08","0","0","0","0","0","0","2","0","","0","0","0","09","1","2","01","0","40 03:07.599","","00","76 17:50.550","4","0","0","0","36301","0","0","0","N","0","0","0","3","36301","2","","1","01","N","N","0","","0","0","0","3","3","","0928","2","2","0","0","0","0","0","3","1","2","N","","","","","","","","","","","","03","  ","","",""
"1314","1","0","0","0","0","0","0","0","0","4","0","","36","06","2016","2016056704","7","40.1827","-76.4639","1310","08","0","0","0","0","0","0","0","0","2","0","0","0","13","1","1","01","2","40 10:57.666","4","00","76 27:50.180","8","0","0","1","36230","0","0","0","N","0","0","0","2","36410","0","","1","01","N","N","0","","0","0","0","0","0","Y","1309","1","2","0","0","0","1","0","1","0","2","N","","","","","","","","","","","","03","  ","","",""
"0700","1","0","0","0","0","0","0","0","0","7","0","","36","06","2016","2016056769","6","40.1727","-75.973","0654","08","0","0","0","0","0","0","0","0","","0","0","0","06","1","0","00","0","40 10:22.884","","00","75 58:20.291","0","0","0","0","36202","0","0","0","","0","0","0","1","68T06","0","","4","09","N","N","0","","0","0","0","0","0","","0654","0","1","0","0","0","0","0","1","0","1","N","","","","","","","","","","","","07","  ","","",""
"0406","0","0","0","0","0","0","0","0","0","7","1","","36","04","2016","2016056772","5","39.787","-76.1666","0351","08","0","0","0","0","0","1","0","0","3","0","1","0","03","2","0","02","1","39 47:13.225","1","00","76 09:59.701","0","0","0","0","36219","0","0","0","","0","0","0","1","68J01","0","","4","01","N","N","0","","0","0","0","0","0","N","0350","0","1","0","0","0","0","0","1","0","1","N","","","","","","","","","","","","03","  ","","",""
"0450","1","0","0","0","0","0","0","0","0","9","0","","36","06","2016","2016056773","7","40.2276","-76.3752","0422","08","0","0","0","0","0","0","0","0","","0","0","0","04","2","0","00","0","40 13:39.251","","00","76 22:32.818","0","0","0","0","36227","0","0","0","","0","0","0","1","68T06","0","","1","01","N","N","0","","0","0","0","0","0","","0420","0","1","0","0","0","0","0","1","0","1","N","","","","","","","","","","","","03","  ","","",""
"2210","1","0","0","0","0","0","0","0","0","4","0","","36","05","2016","2016056777","1","40.028","-76.3612","2207","08","0","1","0","0","0","0","0","0","2","0","0","0","22","3","1","01","2","40 01:40.803","5","00","76 21:40.412","4","0","0","0","36223","0","0","0","","0","0","0","7","36223","1","","1","09","N","N","0","","0","0","1","3","3","Y","2205","1","2","0","0","0","0","0","1","0","2","N","","","","","","","","","","","","07","  ","","",""
"1810","1","0","0","0","0","0","0","0","0","7","0","","36","06","2016","2016056803","7","40.158","-76.6126","1807","08","0","0","0","1","0","0","0","0","3","0","0","0","18","1","2","00","2","40 09:28.948","6","00","76 36:45.360","2","0","0","0","36407","0","0","0","N","0","0","0","2","36407","0","","5","09","N","N","0","","0","1","0","3","3","Y","1807","2","1","0","1","2","1","0","2","0","1","N","","","","","","","","","","","","07","  ","","",""
"1852","2","0","0","0","0","0","0","0","0","4","0","","36","05","2016","2016056833","6","40.0737","-76.3224","1822","08","0","0","0","0","0","1","0","0","","0","0","0","18","1","2","00","0","40 04:25.300","","07","76 19:20.500","4","0","0","0","36101","0","0","0","N","0","0","0","5","36101","2","","1","01","N","N","0","","0","0","0","0","0","","1822","2","2","0","0","0","0","0","3","0","2","N","","","","","","","","","","","","03","  ","","",""
"1220","0","0","0","1","0","0","0","0","0","4","0","","36","05","2016","2016056843","3","40.0733","-76.3198","1218","08","0","0","0","0","0","0","0","0","","0","0","0","12","1","1","00","0","40 04:23.865","","07","76 19:11.233","3","0","0","0","36101","1","0","0","N","0","0","0","3","36101","0","","1","01","N","N","0","","1","0","1","3","3","","1214","1","2","0","0","0","0","0","3","0","1","N","","","","","","","","","","","","03","  ","","",""
"0717","0","0","0","0","0","0","0","0","0","7","0","","36","06","2016","2016056847","1","40.072","-76.5018","0658","08","0","0","0","0","0","0","0","0","1","0","0","0","06","1","1","00","1","40 04:19.210","2","00","76 30:06.555","3","0","0","0","36230","0","0","0","N","0","0","0","2","36410","0","","5","09","N","N","0","","1","0","1","0","0","N","0656","1","1","0","0","0","0","0","1","0","1","N","","","","","","","","","","","","07","  ","","",""
"1626","1","0","0","0","0","0","0","0","0","2","0","","36","06","2016","2016056849","7","40.1766","-76.4026","1623","08","0","0","0","0","0","0","0","0","3","0","0","0","16","1","2","02","2","40 10:35.758","7","00","76 24:09.248","8","0","0","0","36230","0","0","0","N","0","0","0","5","36410","0","","1","01","N","N","1","","0","0","0","0","0","Y","1621","2","2","0","0","0","2","0","1","0","2","N","","","","","","","","","","","","03","  ","","",""
"1304","1","0","0","0","0","0","0","0","0","1","0","","36","06","2016","2016056890","1","40.1679","-76.166","1300","08","0","0","0","0","0","1","0","0","","0","0","0","12","1","3","02","0","40 10:04.304","","00","76 09:57.691","8","0","0","0","36408","0","0","0","N","0","0","0","4","36408","0","","1","01","N","N","0","","0","0","1","3","2","","1257","3","2","0","0","0","3","0","2","0","2","N","","","","","","","","","","","","03","  ","","",""
"1727","1","0","0","0","0","0","0","0","0","4","1","","36","05","2016","2016056918","4","40.0778","-76.4211","1718","08","0","0","0","0","0","1","0","0","1","0","1","0","17","1","1","01","1","40 04:40.159","1","00","76 25:15.790","4","0","0","0","36214","0","0","0","","0","0","0","3","36214","1","","1","01","N","N","0","","0","0","1","3","3","N","1717","1","3","0","0","0","0","0","3","0","3","N","","","","","","","","","","","","03","  ","","",""
"0934","0","0","0","0","0","0","0","0","0","7","0","","36","05","2016","2016056919","3","40.0489","-76.3507","0915","08","0","0","0","0","0","0","0","0","2","0","0","0","09","1","0","00","2","40 02:55.900","1","00","76 21:02.400","0","0","0","0","36214","0","0","0","","0","0","0","1","36214","0","","4","01","N","N","1","","0","0","0","0","0","N","0910","0","1","0","0","0","0","0","3","0","1","N","","","","","","","","","","","","03","  ","","",""
"0852","0","0","0","0","0","0","0","0","0","7","0","","36","06","2016","2016056920","7","40.0816","-76.3546","0847","08","0","0","0","0","0","0","0","0","2","0","0","0","08","1","1","00","2","40 04:53.880","3","00","76 21:16.429","3","0","0","0","36214","0","0","0","","0","0","0","2","36214","0","","2","01","N","N","1","","1","0","0","0","0","N","0840","1","1","0","0","0","0","0","3","0","1","N","","","","","","","","","","","","03","  ","","",""
"1921","2","0","0","0","0","0","0","0","0","4","0","","36","06","2016","2016056955","6","40.1266","-76.3051","1916","08","0","1","0","0","0","0","0","0","2","0","0","0","19","1","1","01","1","40 07:35.600","7","00","76 18:18.296","8","0","0","0","36235","0","0","0","N","0","0","0","3","36506","0","","1","01","N","N","0","","0","0","0","3","2","N","1916","1","2","0","0","0","1","0","1","0","2","N","","","","","","","","","","","","03","  ","","",""
"1651","1","0","0","0","0","0","0","0","0","7","0","","36","06","2016","2016057056","1","40.1594","-76.0172","1645","08","0","0","1","0","0","0","0","0","2","0","0","0","16","1","2","00","2","40 09:33.820","5","00","76 01:01.887","8","0","0","0","36213","0","0","0","N","0","0","0","2","36213","0","","5","09","N","N","0","","0","0","0","0","0","Y","1642","2","1","0","0","0","2","0","1","0","1","N","","","","","","","","","","","","07","  ","","",""
"2159","1","0","0","0","0","0","0","0","0","9","0","","36","05","2016","2016057077","3","40.1296","-76.4805","2138","08","0","0","0","0","0","0","0","0","","0","0","0","21","2","0","00","0","40 07:46.552","","00","76 28:49.806","0","0","0","0","36230","0","0","0","N","0","0","0","1","36410","0","","1","01","N","N","0","","0","0","0","0","0","","2137","0","1","0","0","0","0","0","1","0","1","N","","","","","","","","","","","","03","  ","","",""
"2144","1","0","0","0","0","0","0","0","0","0","0","","36","06","2016","2016057093","7","40.1518","-76.2407","2140","08","0","0","0","0","0","0","0","0","1","0","0","0","21","3","0","00","1","40 09:06.392","5","00","76 14:26.594","0","0","0","0","36235","0","0","0","N","0","0","0","2","36506","0","","1","09","N","N","0","","0","0","0","0","0","Y","2140","0","1","0","0","0","0","0","1","0","1","N","","","","","","","","","","","","07","  ","","",""