"ARRIVAL_TM","AUTOMOBILE_COUNT","BELTED_DEATH_COUNT","BELTED_SUSP_SERIOUS_INJ_COUNT","BICYCLE_COUNT","BICYCLE_DEATH_COUNT","BICYCLE_SUSP_SERIOUS_INJ_COUNT","BUS_COUNT","CHLDPAS_DEATH_COUNT","CHLDPAS_SUSP_SERIOUS_INJ_COUNT","COLLISION_TYPE","COMM_VEH_COUNT","CONS_ZONE_SPD_LIM","COUNTY","CRASH_MONTH","CRASH_YEAR","CRN","DAY_OF_WEEK","DEC_LAT","DEC_LONG","DISPATCH_TM","DISTRICT","DRIVER_COUNT_16YR","DRIVER_COUNT_17YR","DRIVER_COUNT_18YR","DRIVER_COUNT_19YR","DRIVER_COUNT_20YR","DRIVER_COUNT_50_64YR","DRIVER_COUNT_65_74YR","DRIVER_COUNT_75PLUS","EST_HRS_CLOSED","FATAL_COUNT","HEAVY_TRUCK_COUNT","HORSE_BUGGY_COUNT","HOUR_OF_DAY","ILLUMINATION","INJURY_COUNT","INTERSECT_TYPE","LANE_CLOSED","LATITUDE","LN_CLOSE_DIR","LOCATION_TYPE","LONGITUDE","MAX_SEVERITY_LEVEL","MCYCLE_DEATH_COUNT","MCYCLE_SUSP_SERIOUS_INJ_COUNT","MOTORCYCLE_COUNT","MUNICIPALITY","NONMOTR_COUNT","NONMOTR_DEATH_COUNT","NONMOTR_SUSP_SERIOUS_INJ_COUNT","NTFY_HIWY_MAINT","PED_COUNT","PED_DEATH_COUNT","PED_SUSP_SERIOUS_INJ_COUNT","PERSON_COUNT","POLICE_AGCY","POSSIBLE_INJ_COUNT","RDWY_SURF_TYPE_CD","RELATION_TO_ROAD","ROAD_CONDITION","SCH_BUS_IND","SCH_ZONE_IND","SMALL_TRUCK_COUNT","SPEC_JURIS_CD","SUSP_MINOR_INJ_COUNT","SUSP_SERIOUS_INJ_COUNT","SUV_COUNT","TCD_FUNC_CD","TCD_TYPE","TFC_DETOUR_IND","TIME_OF_DAY","TOT_INJ_COUNT","TOTAL_UNITS","UNB_DEATH_COUNT","UNB_SUSP_SERIOUS_INJ_COUNT","UNBELTED_OCC_COUNT","UNK_INJ_DEG_COUNT","UNK_INJ_PER_COUNT","URBAN_RURAL","VAN_COUNT","VEHICLE_COUNT","WORK_ZONE_IND","WORK_ZONE_LOC","WORK_ZONE_TYPE","WORKERS_PRES","WZ_CLOSE_DETOUR","WZ_FLAGGER","WZ_LAW_OFFCR_IND","WZ_LN_CLOSURE","WZ_MOVING","WZ_OTHER","WZ_SHLDER_MDN","ROADWAY_CLEARED","WEATHER1","WEATHER2","WZ_WORKERS_INJ_KILLED","SECONDARY_CRASH","INTERSECTION_RELATED"
"1518","1","0","0","0","0","0","0","0","0","7","0","","36","06","2016","2016057136","6","40.0084","-76.429","1512","08","0","0","0","1","0","0","0","0","2","0","0","0","15","1","0","00","1","40 00:30.230","1","00","76 25:44.561","0","0","0","0","36223","0","0","0","","0","0","0","1","36223","0","","4","09","N","N","0","","0","0","0","0","0","Y","1509","0","1","0","0","0","0","0","1","0","1","N","","","","","","","","","","","","03","  ","","",""
"1139","0","0","0","0","0","0","0","0","0","8","0","","36","05","2016","2016057156","1","40.0324","-76.3002","1132","08","0","0","0","0","0","0","0","0","2","0","0","0","11","1","1","00","1","40 01:56.762","3","00","76 18:00.615","4","0","0","0","36301","1","0","0","N","1","0","0","4","36301","1","","1","01","N","N","0","","0","0","1","0","0","N","1128","1","2","0","0","0","0","0","3","0","1","N","","","","","","","","","","","","03","  ","","",""
"1431","2","0","0","0","0","0","0","0","0","4","0","","36","05","2016","2016057166","1","40.0424","-76.2938","1430","08","0","0","1","0","0","0","0","0","2","0","0","0","14","1","1","01","1","40 02:32.690","3","00","76 17:37.622","3","0","0","0","36301","0","0","0","N","0","0","0","4","36301","0","","1","01","N","N","0","","1","0","0","3","3","N","1430","1","3","0","0","0","0","0","3","1","3","N","","","","","","","","","","","","03","  ","","",""
"1018","1","0","0","0","0","0","0","0","0","8","0","","36","06","2016","2016057177","2","40.1128","-76.3965","1012","08","0","0","0","0","0","0","0","1","1","0","0","0","10","1","1","01","1","40 06:45.982","1","00","76 23:47.576","2","0","0","0","36214","1","0","1","N","1","0","1","3","36214","0","","1","01","N","N","0","","0","1","0","3","3","N","1010","1","2","0","0","0","0","0","3","0","1","N","","","","","","","","","","","","03","  ","","",""
"1724","1","0","0","0","0","0","0","0","0","4","0","","36","06","2016","2016057185","5","40.0622","-76.3059","1708","08","0","0","0","0","0","0","1","0","2","0","0","0","17","1","1","00","1","40 03:43.795","5","07","76 18:21.166","4","0","0","0","36101","0","0","0","N","0","0","0","3","36101","1","","1","01","N","N","0","","0","0","0","0","0","N","1701","1","2","0","0","0","0","0","3","1","2","N","","","","","","","","","","","","03","  ","","",""
"1127","2","0","0","0","0","0","0","0","0","4","0","","36","05","2016","2016057215","1","40.0436","-76.3137","1126","08","0","0","0","0","0","0","0","1","","0","0","0","11","1","1","01","0","40 02:37.075","","00","76 18:49.266","8","0","0","0","36301","0","0","0","N","0","0","0","2","36301","0","","1","01","N","N","0","","0","0","0","3","2","","1126","1","2","0","0","0","1","0","3","0","2","N","","","","","","","","","","","","03","  ","","",""
"1501","1","0","0","0","0","0","0","0","0","1","0","","36","06","2016","2016057255","2","40.0576","-76.3989","1452","08","0","0","0","0","0","0","0","0","","0","0","0","14","1","1","00","0","40 03:27.284","","00","76 23:55.923","4","0","0","0","36214","0","0","0","N","0","0","0","2","36214","1","","1","01","N","N","1","","0","0","0","0","0","","1445","1","2","0","0","0","0","0","3","0","2","N","","","","","","","","","","","","03","  ","","",""
"1424","1","0","0","0","0","0","0","0","0","1","0","","36","06","2016","2016057353","1","40.1056","-76.4263","1420","08","0","0","1","0","0","0","0","0","","0","0","0","14","1","0","07","0","40 06:20.293","","02","76 25:34.662","9","0","0","0","36214","0","0","0","","0","0","0","3","36214","0","","1","01","N","N","0","","0","0","0","0","0","","1410","0","2","0","0","0","0","1","3","0","2","N","","","","","","","","","","","","03","  ","","",""
"1618","0","0","0","0","0","0","0","0","0","7","0","","36","06","2016","2016057354","1","39.9773","-76.4032","1608","08","0","1","0","0","0","0","0","0","","0","0","0","16","1","0","00","0","39 58:38.440","","00","76 24:11.364","0","0","0","0","36223","0","0","0","","0","0","0","1","36223","0","","4","09","N","N","1","","0","0","0","0","0","","1605","0","1","0","0","0","0","0","1","0","1","N","","","","","","","","","","","","07","  ","","",""
"0958","2","0","0","0","0","0","0","0","0","4","0","","36","05","2016","2016057424","6","40.0359","-76.5046","0954","08","0","0","0","0","0","1","0","0","1","0","0","0","09","1","2","01","1","40 02:09.384","7","00","76 30:16.473","3","0","0","0","36404","0","0","0","N","0","0","0","2","36404","0","","1","01","N","N","1","","1","0","0","3","3","Y","0952","2","3","0","0","0","1","0","3","0","3","N","","","","","","","","","","","","03","  ","","",""
"0357","2","0","0","0","0","0","0","0","0","1","0","","36","06","2016","2016057427","5","40.0418","-76.3134","0356","08","0","0","0","0","0","0","0","0","2","0","0","0","03","3","1","00","2","40 02:30.600","2","00","76 18:48.200","8","0","0","0","36301","0","0","0","N","0","0","0","1","36301","0","","6","01","N","N","0","","0","0","1","0","0","Y","0352","1","3","0","0","0","1","0","3","0","3","N","","","","","","","","","","","","03","  ","","",""
"1248","0","0","0","0","0","0","0","0","0","4","0","","36","06","2016","2016057446","4","40.0402","-76.2391","1246","08","0","0","0","0","0","1","1","1","1","0","0","0","12","1","0","01","1","40 02:24.730","6","00","76 14:20.844","0","0","0","0","36215","0","0","0","N","0","0","0","4","36215","0","","1","01","N","N","1","","0","0","2","3","2","Y","1244","0","3","0","0","0","0","0","1","0","3","N","","","","","","","","","","","","03","  ","","",""
"1739","2","0","0","0","0","0","0","0","0","5","0","","36","06","2016","2016057459","5","40.0346","-76.2521","1727","08","0","0","0","0","0","1","0","0","","0","0","0","17","1","1","00","0","40 02:04.589","","00","76 15:07.506","8","0","0","0","36215","0","0","0","N","0","0","0","3","36215","0","","2","01","N","N","0","","0","0","0","0","0","","1721","1","2","0","0","1","1","0","1","0","2","N","","","","","","","","","","","","03","  ","","",""
"0147","1","0","0","0","0","0","0","0","0","9","0","","36","06","2016","2016057483","3","40.0681","-76.2967","0135","08","0","0","0","0","0","0","0","0","3","0","0","0","01","3","1","00","1","40 04:04.983","4","00","76 17:48.294","4","0","0","0","36101","0","0","0","Y","0","0","0","1","36101","1","","4","01","N","N","0","","0","0","0","0","0","N","0140","1","1","0","0","0","0","0","3","0","1","N","","","","","","","","","","","","03","  ","","",""
"0746","1","0","0","0","0","0","0","0","0","4","0","","36","06","2016","2016057492","2","40.0425","-76.3687","0744","08","0","0","0","0","0","1","0","0","1","0","0","0","07","1","0","02","1","40 02:33.172","1","00","76 22:07.248","0","0","0","0","36214","0","0","0","N","0","0","0","3","36214","0","","1","01","N","N","0","","0","0","1","3","3","Y","0744","0","2","0","0","0","0","0","3","0","2","N","","","","","","","","","","","","03","  ","","",""
"0051","0","0","0","0","0","0","0","0","0","0","0","","36","04","2016","2016057558","4","39.9791","-76.4034","0043","08","0","0","0","0","1","0","0","0","","0","0","0","00","2","1","00","0","39 58:44.595","","00","76 24:12.248","4","0","0","1","36223","0","0","0","","0","0","0","1","36223","1","","1","01","N","N","0","","0","0","0","0","0","","0037","1","1","0","0","0","0","0","1","0","1","N","","","","","","","","","","","","03","  ","","",""
"0618","1","0","0","0","0","0","0","0","0","4","1","","36","06","2016","2016057575","3","40.0461","-76.3052","0616","08","0","0","0","0","0","1","0","0","2","0","1","0","06","1","1","01","1","40 02:45.817","2","00","76 18:18.613","3","0","0","0","36301","0","0","0","N","0","0","0","2","36301","0","","1","01","N","N","0","","1","0","0","3","2","N","0614","1","2","0","0","0","0","0","3","0","2","N","","","","","","","","","","","","03","  ","","",""
"1030","0","0","0","0","0","0","0","0","0","1","0","","36","06","2016","2016057651","3","40.1094","-76.3553","1018","08","0","0","0","0","0","0","1","0","","0","0","0","10","1","0","00","0","40 06:33.857","","00","76 21:18.900","0","0","0","0","36214","0","0","0","N","0","0","0","2","36214","0","","1","01","N","N","0","","0","0","2","0","0","","1017","0","2","0","0","0","0","0","3","0","2","N","","","","","","","","","","","","03","  ","","",""
"1010","1","0","0","0","0","0","0","0","0","1","0","","36","06","2016","2016057661","3","40.0087","-76.343","1006","08","0","0","0","0","0","0","0","0","","0","0","0","10","1","0","02","0","40 00:31.485","","00","76 20:34.745","0","0","0","0","36412","0","0","0","N","0","0","0","3","36412","0","","1","01","N","N","1","","0","0","0","3","2","","1000","0","2","0","0","0","0","0","3","0","2","N","","","","","","","","","","","","03","  ","","",""
"1609","2","0","0","0","0","0","0","0","0","4","0","","36","06","2016","2016057668","2","39.9876","-76.2766","1608","08","0","0","0","0","0","1","1","0","2","0","0","0","15","1","1","01","1","39 59:15.184","3","00","76 16:35.764","8","0","0","0","36240","0","0","0","N","0","0","0","4","36240","0","","1","01","N","N","0","","0","0","0","3","2","N","1558","1","2","0","0","0","1","0","1","0","2","N","","","","","","","","","","","","03","  ","","",""
"1913","0","0","0","0","0","0","0","0","0","7","0","","36","05","2016","2016057683","7","40.0627","-76.5691","1907","08","0","0","0","0","0","0","0","0","2","0","0","0","19","1","1","00","1","40 03:45.636","6","00","76 34:08.729","3","0","0","0","36211","0","0","0","N","0","0","0","1","36504","0","","4","09","N","N","0","","1","0","1","0","0","N","1906","1","1","0","0","0","0","0","1","0","1","N","","","","","","","","","","","","07","  ","","",""
"0922","0","0","0","0","0","0","0","0","0","4","0","","36","05","2016","2016057705","6","40.1074","-76.1675","0915","08","0","0","0","0","0","0","0","0","2","0","1","0","09","1","1","01","1","40 06:26.737","5","00","76 10:02.928","8","0","0","0","36238","0","0","0","N","0","0","0","4","36238","0","","1","01","N","N","1","","0","0","0","3","3","Y","0911","1","2","0","0","0","1","0","3","0","2","N","","","","","","","","","","","","03","  ","","",""
"1830","2","0","0","0","0","0","0","0","0","1","0","","36","06","2016","2016057810","3","40.0634","-76.3241","1823","08","0","0","0","0","0","0","0","0","1","0","0","0","18","1","1","00","2","40 03:48.403","1","00","76 19:26.767","3","0","0","0","36101","0","0","0","N","0","0","0","5","36101","0","","1","01","N","N","0","","1","0","0","0","0","N","1823","1","2","0","0","0","0","0","3","0","2","N","","","","","","","","","","","","03","  ","","",""
"1909","1","0","0","0","0","0","0","0","0","4","0","","36","06","2016","2016057814","1","40.078","-76.3381","1901","08","0","0","1","0","0","0","1","0","2","0","0","0","19","1","2","01","2","40 04:40.938","2","00","76 20:17.286","3","0","0","0","36101","0","0","0","N","0","0","0","3","36101","0","","1","01","N","N","0","","2","0","1","3","2","Y","1900","2","2","0","0","0","0","0","3","0","2","N","","","","","","","","","","","","03","  ","","",""
"1108","0","0","0","0","0","0","0","0","0","1","0","","36","06","2016","2016057817","4","40.229","-76.0846","1108","08","0","0","0","0","0","2","0","0","2","0","0","0","11","1","4","01","2","40 13:44.336","3","00","76 05:04.484","3","0","0","0","36210","0","0","0","N","0","0","0","6","36210","3","","1","01","N","N","1","","1","0","1","0","0","N","1107","4","2","0","0","0","0","0","1","0","2","N","","","","","","","","","","","","03","  ","","",""
"2115","1","0","0","0","0","0","0","0","0","7","0","","36","06","2016","2016057820","1","40.0759","-76.3366","2113","08","0","0","0","0","0","0","0","0","3","0","0","0","21","2","1","06","1","40 04:33.380","4","02","76 20:11.863","4","0","0","0","36101","0","0","0","N","0","0","0","1","36101","1","","3","01","N","N","0","","0","0","0","0","0","N","2110","1","2","0","0","0","0","0","3","0","1","N","","","","","","","","","","","","03","  ","","",""
"0513","0","0","0","0","0","0","0","0","0","0","0","","36","06","2016","2016057823","5","39.9394","-76.3702","0512","08","0","0","0","0","0","0","0","0","","0","0","0","99","2","1","00","0","39 56:21.751","","00","76 22:12.679","8","0","0","1","36206","0","0","0","N","0","0","0","1","36503","0","","4","01","N","N","0","","0","0","0","0","0","","9999","1","1","0","0","0","1","0","1","0","1","N","","","","","","","","","","","","03","  ","","",""
"1652","0","0","0","0","0","0","0","0","0","7","0","","36","05","2016","2016057859","2","40.1621","-76.1996","1648","08","0","0","0","0","0","0","0","0","","0","0","0","16","1","0","00","0","40 09:43.400","","00","76 11:58.700","0","0","0","0","36408","0","0","0","N","0","0","0","1","36408","0","","4","09","N","N","0","","0","0","1","0","0","","1647","0","1","0","0","0","0","0","2","0","1","N","","","","","","","","","","","","07","  ","","",""
"0918","0","0","0","0","0","0","0","0","0","7","0","","36","06","2016","2016057969","6","39.9466","-76.3394","0912","08","1","0","0","0","0","0","0","0","1","0","0","0","09","1","0","00","1","39 56:47.810","2","00","76 20:21.768","0","0","0","0","36206","0","0","0","N","0","0","0","1","36503","0","","4","09","N","N","0","","0","0","1","0","0","N","0909","0","1","0","0","0","0","0","1","0","1","N","","","","","","","","","","","","03","  ","","",""
"0712","1","0","0","0","0","0","0","0","0","2","0","","36","06","2016","2016057982","4","40.04","-76.396","0711","08","0","0","0","0","0","0","0","0","4","1","0","0","07","1","2","00","2","40 02:23.975","6","00","76 23:45.611","1","0","0","0","36214","0","0","0","N","0","0","0","3","36214","0","2","1","01","N","N","1","0","0","2","0","0","0","Y","0710","2","2","1","2","3","0","0","3","0","2","N","","","","","","","","","","","","03","  ","","",""
"0655","2","0","0","0","0","0","0","0","0","4","0","","36","06","2016","2016058021","4","40.0978","-76.0893","0651","08","0","0","0","0","0","0","1","0","","0","0","0","06","1","0","02","0","40 05:52.216","","00","76 05:21.469","0","0","0","0","36415","0","0","0","N","0","0","0","3","36415","0","","1","01","N","Y","0","","0","0","0","3","3","","0651","0","2","0","0","0","0","0","1","0","2","N","","","","","","","","","","","","03","  ","","",""
"1100","1","0","0","0","0","0","0","0","0","7","0","","36","06","2016","2016058067","1","40.1315","-76.5646","1057","08","0","0","0","0","0","0","0","0","","0","0","0","10","1","1","00","0","40 07:53.436","","00","76 33:52.693","4","0","0","0","36225","0","0","0","N","0","0","0","1","36505","1","","4","01","N","N","0","","0","0","0","0","0","","1057","1","1","0","0","0","0","0","2","0","1","N","","","","","","","","","","","","03","  ","","",""
"1417","0","0","0","0","0","0","0","0","0","1","1","","36","06","2016","2016058071","6","40.1685","-76.6058","1412","08","0","0","0","0","0","1","0","0","2","0","1","0","14","1","0","02","1","40 10:06.754","1","00","76 36:20.955","0","0","0","0","36225","0","0","0","N","0","0","0","2","36505","0","","1","01","N","N","0","","0","0","1","3","2","Y","1407","0","2","0","0","0","0","0","2","0","2","N","","","","","","","","","","","","03","  ","","",""
"1120","0","0","0","0","0","0","0","0","0","7","0","","36","06","2016","2016058072","4","40.1216","-76.5641","1115","08","0","0","0","0","0","0","0","0","","0","0","0","11","1","1","02","0","40 07:17.652","","03","76 33:50.763","8","0","0","0","36237","0","0","0","N","0","0","0","1","36505","0","","4","09","N","N","0","","0","0","1","0","0","","1115","1","1","0","0","1","1","0","1","0","1","N","","","","","","","","","","","","03","  ","","",""
"1416","1","0","0","0","0","0","0","0","0","1","0","35","36","06","2016","2016058080","7","40.1867","-76.6023","1410","08","0","0","0","0","0","1","0","0","2","0","0","0","14","1","3","00","2","40 11:12.291","5","00","76 36:08.398","8","0","0","0","36225","0","0","0","N","0","0","0","3","36505","0","","1","01","N","N","0","","0","0","1","0","0","Y","1405","3","2","0","0","0","3","0","2","0","2","Y","2","1","N","","","N","Y","","","","","03","  ","","",""
"0651","1","0","0","0","0","0","0","0","0","7","0","","36","06","2016","2016058155","3","40.0336","-75.9846","0621","08","0","0","0","0","1","0","0","0","","0","0","0","06","1","0","00","0","40 02:00.788","","00","75 59:04.388","0","0","0","0","36232","0","0","0","","0","0","0","1","68J01","0","","4","01","N","N","0","","0","0","0","0","0","","0621","0","1","0","0","0","0","0","1","0","1","N","","","","","","","","","","","","03","  ","","",""
"0732","0","0","0","0","0","0","0","0","0","0","0","","36","06","2016","2016058168","2","40.0065","-76.4277","0724","08","0","1","0","0","0","0","0","0","2","0","0","0","07","1","0","00","1","40 00:23.499","2","00","76 25:39.823","0","0","0","0","36223","0","0","0","","0","0","0","1","36223","0","","5","01","N","N","0","","0","0","1","0","0","N","0721","0","1","0","0","0","0","0","1","0","1","N","","","","","","","","","","","","03","  ","","",""
"0846","0","0","0","0","0","0","0","0","0","4","0","","36","06","2016","2016058169","2","40.0362","-76.363","0751","08","0","0","0","0","0","3","0","0","1","0","0","0","07","1","1","02","2","40 02:10.180","1","00","76 21:46.960","4","0","0","0","36223","0","0","0","","0","0","0","3","36223","1","","1","01","N","N","0","","0","0","2","3","3","Y","0751","1","3","0","0","0","0","0","1","1","3","N","","","","","","","","","","","","03","  ","","",""
"0520","1","0","0","0","0","0","0","0","0","4","0","","36","05","2016","2016058191","4","39.914","-76.0461","0502","08","0","0","0","0","0","0","1","0","3","0","0","0","05","1","8","02","2","39 54:50.489","5","00","76 02:45.952","3","0","0","0","36201","0","0","0","","0","0","0","10","68J01","4","","1","01","N","N","0","","4","0","0","3","3","Y","0501","8","2","0","0","0","0","0","1","1","2","N","","","","","","","","","","","","03","  ","","",""
"1639","1","0","0","0","0","0","0","0","0","4","0","","36","06","2016","2016058253","1","40.2139","-76.1261","1638","08","0","0","1","0","0","0","0","0","2","0","0","0","16","1","0","00","1","40 12:50.079","2","07","76 07:33.821","0","0","0","0","36210","0","0","0","N","0","0","0","3","36210","0","","1","01","N","N","1","","0","0","0","0","0","N","1633","0","2","0","0","0","0","0","1","0","2","N","","","","","","","","","","","","03","  ","","",""
"1843","0","0","0","0","0","0","0","0","0","7","0","","36","04","2016","2016058258","1","40.2213","-76.4469","1837","08","0","0","0","0","0","1","0","0","3","1","0","0","18","1","0","00","2","40 13:16.690","5","00","76 26:48.708","1","1","0","1","36230","0","0","0","N","0","0","0","1","36410","0","2","4","01","N","N","0","0","0","0","0","0","0","Y","1835","0","1","0","0","0","0","0","1","0","1","N","","","","","","","","","","","","03","  ","","",""
"2311","1","0","0","0","0","0","0","0","0","9","0","","36","06","2016","2016058278","7","40.1157","-76.2378","2305","08","0","0","0","0","0","0","0","0","","0","0","0","23","2","0","00","0","40 06:56.539","","00","76 14:16.066","0","0","0","0","36101","0","0","0","N","0","0","0","1","36101","0","","1","01","N","N","0","","0","0","0","0","0","","2305","0","1","0","0","0","0","0","3","0","1","N","","","","","","","","","","","","03","  ","","",""
"0144","1","0","0","0","0","0","0","0","0","7","0","","36","06","2016","2016058287","5","40.0852","-76.2141","0140","08","0","0","0","1","0","0","0","0","","0","0","0","01","3","0","00","0","40 05:06.570","","00","76 12:50.703","0","0","0","0","36234","0","0","0","Y","0","0","0","1","36215","0","","4","01","N","N","0","","0","0","0","0","0","","0139","0","1","0","0","0","0","0","1","0","1","N","","","","","","","","","","","","03","  ","","",""
"1930","2","0","0","0","0","0","0","0","0","1","0","","36","04","2016","2016058293","3","40.0059","-76.3577","1928","08","0","0","0","1","0","0","1","0","2","0","0","0","19","1","3","02","2","40 00:21.354","5","00","76 21:27.552","8","0","0","0","36412","0","0","0","N","0","0","0","5","36412","0","","1","01","N","N","0","","0","0","0","0","0","Y","1926","3","2","0","0","1","3","0","3","0","2","N","","","","","","","","","","","","03","  ","","",""
"1423","0","0","0","0","0","0","0","0","0","7","0","","36","05","2016","2016058300","4","40.0111","-76.338","1419","08","0","0","0","0","0","0","0","0","","0","0","0","14","1","1","00","0","40 00:40.068","","00","76 20:16.620","8","0","0","0","36412","0","0","0","N","0","0","0","1","36412","0","","4","01","N","N","0","","0","0","1","0","0","","1416","1","1","0","0","0","1","0","3","0","1","N","","","","","","","","","","","","03","  ","","",""
"1224","1","0","0","0","0","0","0","0","0","1","0","","36","06","2016","2016058353","3","40.0386","-76.174","1151","08","0","0","0","0","0","0","1","0","","0","0","0","11","1","0","00","0","40 02:18.802","","00","76 10:26.321","0","0","0","0","36221","0","0","0","","0","0","0","2","68J01","0","","1","01","N","N","0","","0","0","1","0","0","","1149","0","2","0","0","0","0","0","1","0","2","N","","","","","","","","","","","","03","  ","","",""
"1332","0","0","0","0","0","0","0","0","0","1","0","","36","06","2016","2016058411","4","40.1313","-76.2167","1321","08","0","0","0","0","0","2","0","0","","0","0","0","13","1","1","00","0","40 07:52.810","","00","76 13:00.055","3","0","0","0","36238","0","0","0","N","0","0","0","3","36238","0","","1","01","N","N","0","","1","0","1","3","2","","1318","1","2","0","0","0","0","0","3","1","2","N","","","","","","","","","","","","03","  ","","",""
"1210","0","0","0","0","0","0","0","0","0","0","1","","36","06","2016","2016058449","4","40.0389","-76.2666","1204","08","0","0","0","0","0","0","0","0","","0","1","0","11","1","0","00","0","40 02:20.119","","00","76 15:59.708","0","0","0","0","36215","0","0","0","N","0","0","0","1","36215","0","","1","01","N","N","0","","0","0","0","0","0","","1157","0","1","0","0","0","0","0","1","0","1","N","","","","","","","","","","","","03","  ","","",""
"1142","1","0","1","0","0","0","0","0","0","4","0","","36","06","2016","2016058451","5","40.0898","-76.0989","1137","08","0","0","0","0","0","2","0","0","3","0","0","0","11","1","1","03","2","40 05:23.168","7","07","76 05:55.892","2","0","0","0","36415","0","0","0","N","0","0","0","2","36415","0","","1","01","N","N","0","","0","1","1","3","3","Y","1135","1","2","0","0","0","0","0","1","0","2","N","","","","","","","","","","","","03","  ","","",""
"1013","3","0","0","0","0","0","0","0","0","1","0","","36","06","2016","2016058464","5","39.9902","-76.2466","1011","08","1","0","0","0","0","0","0","0","2","0","0","0","10","1","1","00","1","39 59:24.878","4","07","76 14:47.599","3","0","0","0","36240","0","0","0","N","0","0","0","5","36240","0","","1","01","N","N","0","","1","0","0","0","0","N","1008","1","3","0","0","0","0","0","1","0","3","N","","","","","","","","","","","","03","  ","","",""
"2121","2","0","0","0","0","0","0","0","0","1","0","","36","05","2016","2016058512","6","40.0626","-76.5496","2113","08","0","0","0","0","0","0","0","0","1","0","0","0","21","2","1","01","1","40 03:45.336","5","00","76 32:58.470","3","0","0","0","36211","0","0","0","N","0","0","0","2","36504","0","","1","01","N","N","0","","1","0","0","3","2","Y","2110","1","2","0","0","0","0","0","1","0","2","N","","","","","","","","","","","","03","  ","","",""
"1640","1","0","0","0","0","0","0","0","0","1","0","","36","06","2016","2016058691","5","40.1256","-76.2244","1632","08","0","0","0","0","0","0","1","1","","0","0","0","16","1","1","00","0","40 07:32.336","","00","76 13:27.922","8","0","0","0","36238","0","0","0","N","0","0","0","2","36238","0","","1","01","N","N","0","","0","0","1","0","0","","1630","1","2","0","0","0","1","0","3","0","2","N","","","","","","","","","","","","03","  ","","",""
"1208","1","0","0","0","0","0","0","0","0","0","0","","36","05","2016","2016058706","2","40.2274","-76.0661","1150","08","0","0","0","0","0","1","0","0","1","0","0","0","11","1","1","00","1","40 13:38.773","1","00","76 03:57.909","3","0","0","0","36202","0","0","0","","0","0","0","1","68J01","0","","4","01","N","N","0","","1","0","0","0","0","N","1145","1","1","0","0","0","0","0","1","0","1","N","","","","","","","","","","","","03","  ","","",""
"1729","0","0","0","0","0","0","0","0","0","7","0","","36","04","2016","2016058749","1","39.9419","-76.1605","1718","08","0","0","0","0","0","0","0","0","3","0","0","0","17","1","0","00","1","39 56:30.730","5","00","76 09:37.620","0","0","0","0","36233","0","0","0","","0","0","0","1","68J01","0","","4","01","N","N","1","","0","0","0","0","0","N","1714","0","1","0","0","0","0","0","1","0","1","N","","","","","","","","","","","","03","  ","","",""
"1607","2","0","0","0","0","0","0","0","0","5","0","","36","06","2016","2016058754","4","40.097","-76.425","1600","08","0","0","0","0","0","0","1","0","","0","0","0","15","1","0","01","0","40 05:49.236","","00","76 25:29.856","0","0","0","0","36239","0","0","0","N","0","0","0","2","36239","0","","1","01","N","N","0","","0","0","0","3","3","","1557","0","2","0","0","0","0","0","3","0","2","N","","","","","","","","","","","","03","  ","","",""
"0919","1","0","0","0","0","0","0","0","0","1","0","","36","05","2016","2016058782","3","39.8454","-76.2196","0902","08","0","0","0","0","1","0","0","0","2","0","0","1","08","1","1","02","1","39 50:43.486","5","00","76 13:10.603","3","0","0","0","36212","2","0","0","","0","0","0","3","68J01","0","","1","01","N","N","0","","1","0","0","0","0","N","0859","1","2","0","0","0","0","0","1","0","1","N","","","","","","","","","","","","03","  ","","",""
"1755","2","0","0","0","0","0","0","0","0","2","0","","36","05","2016","2016058796","7","39.9583","-76.2341","1736","08","0","0","0","0","1","1","0","0","2","0","0","0","17","1","0","00","1","39 57:30.000","5","03","76 14:02.750","0","0","0","0","36233","0","0","0","","0","0","0","2","68J01","0","","1","09","N","N","0","","0","0","0","0","0","N","1736","0","2","0","0","0","0","0","1","0","2","N","","","","","","","","","","","","07","  ","","",""
"1400","0","0","0","0","0","0","0","0","0","1","0","","36","06","2016","2016058810","6","40.0401","-76.2349","1400","08","0","0","0","0","0","1","0","0","","0","0","0","13","1","1","00","0","40 02:24.469","","00","76 14:05.460","3","0","0","0","36215","0","0","0","","0","0","0","4","68J01","0","","1","09","N","N","0","","1","0","1","0","0","","1359","1","2","0","0","0","0","0","1","1","2","N","","","","","","","","","","","","07","  ","","",""
"2312","0","0","0","0","0","0","0","0","0","7","0","","36","06","2016","2016058812","7","40.0228","-76.1025","2306","08","1","0","0","0","0","0","0","0","","0","0","0","23","2","1","00","0","40 01:22.070","","00","76 06:09.120","3","0","0","0","36221","0","0","0","","0","0","0","1","68J01","0","","4","01","N","N","1","","1","0","0","0","0","","2306","1","1","0","0","0","0","0","1","0","1","N","","","","","","","","","","","","03","  ","","",""
"2254","0","0","0","0","0","0","0","0","0","4","0","","36","06","2016","2016058816","2","39.8986","-76.1593","2241","08","0","1","0","0","0","0","0","0","","0","0","0","22","3","0","02","0","39 53:54.870","","00","76 09:33.620","0","0","0","0","36416","0","0","0","","0","0","0","2","68J01","0","","1","01","N","N","1","","0","0","1","3","3","","2241","0","2","0","0","0","0","0","1","0","2","N","","","","","","","","","","","","03","  ","","",""