"ARRIVAL_TM","AUTOMOBILE_COUNT","BELTED_DEATH_COUNT","BELTED_SUSP_SERIOUS_INJ_COUNT","BICYCLE_COUNT","BICYCLE_DEATH_COUNT","BICYCLE_SUSP_SERIOUS_INJ_COUNT","BUS_COUNT","CHLDPAS_DEATH_COUNT","CHLDPAS_SUSP_SERIOUS_INJ_COUNT","COLLISION_TYPE","COMM_VEH_COUNT","CONS_ZONE_SPD_LIM","COUNTY","CRASH_MONTH","CRASH_YEAR","CRN","DAY_OF_WEEK","DEC_LAT","DEC_LONG","DISPATCH_TM","DISTRICT","DRIVER_COUNT_16YR","DRIVER_COUNT_17YR","DRIVER_COUNT_18YR","DRIVER_COUNT_19YR","DRIVER_COUNT_20YR","DRIVER_COUNT_50_64YR","DRIVER_COUNT_65_74YR","DRIVER_COUNT_75PLUS","EST_HRS_CLOSED","FATAL_COUNT","HEAVY_TRUCK_COUNT","HORSE_BUGGY_COUNT","HOUR_OF_DAY","ILLUMINATION","INJURY_COUNT","INTERSECT_TYPE","LANE_CLOSED","LATITUDE","LN_CLOSE_DIR","LOCATION_TYPE","LONGITUDE","MAX_SEVERITY_LEVEL","MCYCLE_DEATH_COUNT","MCYCLE_SUSP_SERIOUS_INJ_COUNT","MOTORCYCLE_COUNT","MUNICIPALITY","NONMOTR_COUNT","NONMOTR_DEATH_COUNT","NONMOTR_SUSP_SERIOUS_INJ_COUNT","NTFY_HIWY_MAINT","PED_COUNT","PED_DEATH_COUNT","PED_SUSP_SERIOUS_INJ_COUNT","PERSON_COUNT","POLICE_AGCY","POSSIBLE_INJ_COUNT","RDWY_SURF_TYPE_CD","RELATION_TO_ROAD","ROAD_CONDITION","SCH_BUS_IND","SCH_ZONE_IND","SMALL_TRUCK_COUNT","SPEC_JURIS_CD","SUSP_MINOR_INJ_COUNT","SUSP_SERIOUS_INJ_COUNT","SUV_COUNT","TCD_FUNC_CD","TCD_TYPE","TFC_DETOUR_IND","TIME_OF_DAY","TOT_INJ_COUNT","TOTAL_UNITS","UNB_DEATH_COUNT","UNB_SUSP_SERIOUS_INJ_COUNT","UNBELTED_OCC_COUNT","UNK_INJ_DEG_COUNT","UNK_INJ_PER_COUNT","URBAN_RURAL","VAN_COUNT","VEHICLE_COUNT","WORK_ZONE_IND","WORK_ZONE_LOC","WORK_ZONE_TYPE","WORKERS_PRES","WZ_CLOSE_DETOUR","WZ_FLAGGER","WZ_LAW_OFFCR_IND","WZ_LN_CLOSURE","WZ_MOVING","WZ_OTHER","WZ_SHLDER_MDN","ROADWAY_CLEARED","WEATHER1","WEATHER2","WZ_WORKERS_INJ_KILLED","SECONDARY_CRASH","INTERSECTION_RELATED"
"0337","1","0","0","0","0","0","0","0","0","7","0","","36","04","2016","2016058833","1","40.0104","-76.1318","0330","08","0","0","0","0","0","0","0","0","2","0","0","0","03","3","0","00","1","40 00:37.430","4","00","76 07:54.335","0","0","0","0","36226","0","0","0","","0","0","0","1","68J01","0","","4","01","N","N","0","","0","0","0","0","0","N","0329","0","1","0","0","0","0","0","1","0","1","N","","","","","","","","","","","","03","  ","","",""
"1634","1","0","0","0","0","0","0","0","0","7","0","","36","06","2016","2016058848","1","40.0944","-76.296","1634","08","0","0","0","0","0","0","0","0","","0","0","0","02","2","0","01","0","40 05:39.796","","00","76 17:45.427","0","0","0","0","36101","0","0","0","N","0","0","0","1","36101","0","","2","09","N","N","0","","0","0","0","3","3","","0200","0","1","0","0","0","0","0","3","0","1","N","","","","","","","","","","","","07","  ","","",""
"0631","0","0","0","0","0","0","0","0","0","0","0","","36","06","2016","2016058854","5","40.0445","-76.4122","0623","08","0","0","0","0","0","0","0","0","","0","0","0","06","1","1","00","0","40 02:40.318","","00","76 24:43.996","3","0","0","1","36239","0","0","0","N","0","0","0","1","36239","0","","1","01","N","N","0","","1","0","0","0","0","","0623","1","1","0","0","0","0","0","3","0","1","N","","","","","","","","","","","","03","  ","","",""
"2235","2","0","0","0","0","0","0","0","0","1","0","","36","06","2016","2016058876","5","40.0549","-76.3276","2229","08","0","0","0","0","0","1","0","0","2","0","0","0","22","2","0","00","1","40 03:17.523","3","00","76 19:39.236","0","0","0","0","36101","0","0","0","N","0","0","0","2","36101","0","","1","01","N","N","0","","0","0","0","0","0","N","2225","0","2","0","0","0","0","0","3","0","2","N","","","","","","","","","","","","03","  ","","",""
"2359","2","0","0","0","0","0","0","0","0","4","0","","36","06","2016","2016058880","5","40.0397","-76.3643","2353","08","0","0","0","0","0","1","0","0","1","0","0","0","23","3","0","01","1","40 02:22.764","2","00","76 21:51.574","0","0","0","0","36214","0","0","0","N","0","0","0","3","36214","0","","1","01","N","N","0","","0","0","0","3","2","N","2353","0","2","0","0","0","0","0","3","0","2","N","","","","","","","","","","","","03","  ","","",""
"0059","1","0","0","0","0","0","0","0","0","7","0","","36","06","2016","2016058900","6","40.0953","-76.4103","0049","08","0","0","0","1","0","0","0","0","","0","0","0","00","2","0","10","0","40 05:43.016","","00","76 24:37.175","0","0","0","0","36214","0","0","0","N","0","0","0","1","36214","0","","5","01","N","N","0","","0","0","0","0","0","","0047","0","1","0","0","0","0","0","3","0","1","N","","","","","","","","","","","","03","  ","","",""
"1718","1","0","0","0","0","0","0","0","0","1","1","","36","06","2016","2016058955","2","40.1302","-76.2167","1712","08","0","0","0","0","0","1","0","0","","0","1","0","16","1","1","00","0","40 07:48.620","","00","76 13:00.264","3","0","0","0","36238","0","0","0","N","0","0","0","3","36238","0","","1","01","N","N","1","","1","0","0","0","0","","1645","1","3","0","0","0","0","0","3","0","3","N","","","","","","","","","","","","03","  ","","",""
"0705","0","0","0","0","0","0","0","0","0","4","1","","36","06","2016","2016058967","6","40.227","-76.1307","0659","08","0","0","0","0","0","2","0","0","1","0","1","0","06","1","1","02","1","40 13:37.095","4","00","76 07:50.358","4","0","0","0","36405","0","0","0","N","0","0","0","2","36210","1","","1","01","N","N","0","","0","0","1","3","3","N","0655","1","2","0","0","0","0","0","1","0","2","N","","","","","","","","","","","","03","  ","","",""
"1128","1","0","0","0","0","0","0","0","0","4","0","","36","06","2016","2016058970","2","40.0464","-76.3342","1122","08","0","0","0","0","0","1","0","0","","0","0","0","11","1","0","01","0","40 02:46.866","","00","76 20:03.290","0","0","0","0","36220","0","0","0","N","0","0","0","2","36101","0","","1","01","N","N","0","","0","0","1","3","3","","1122","0","2","0","0","0","0","0","3","0","2","N","","","","","","","","","","","","03","  ","","",""
"0955","0","0","0","0","0","0","0","0","0","4","0","","36","06","2016","2016058983","5","39.9743","-76.2746","0950","08","0","0","0","0","0","1","0","0","3","0","0","0","09","1","1","01","1","39 58:27.602","1","00","76 16:28.609","8","0","0","1","36240","0","0","0","N","0","0","0","3","36240","0","","1","01","N","N","0","","0","0","0","3","3","Y","0950","1","2","0","0","0","1","0","1","1","2","N","","","","","","","","","","","","03","  ","","",""
"1630","2","0","0","0","0","0","0","0","0","4","0","","36","05","2016","2016059016","4","40.1298","-76.5258","1625","08","0","0","0","0","0","1","0","0","2","0","0","0","16","1","0","00","1","40 07:47.197","4","00","76 31:32.967","0","0","0","0","36225","0","0","0","N","0","0","0","2","36505","0","","1","01","N","N","0","","0","0","0","0","0","N","1620","0","2","0","0","0","0","0","2","0","2","N","","","","","","","","","","","","03","  ","","",""
"2141","1","0","0","0","0","0","0","0","0","8","0","","36","06","2016","2016059065","5","40.0229","-76.3116","2137","08","0","0","0","0","0","0","0","0","1","0","0","0","21","2","1","00","1","40 01:22.357","2","00","76 18:41.785","8","0","0","0","36301","1","0","0","N","1","0","0","2","36301","0","","1","01","N","N","0","","0","0","0","0","0","N","2127","1","2","0","0","1","1","0","3","0","1","N","","","","","","","","","","","","03","  ","","",""
"0153","1","0","0","0","0","0","0","0","0","9","0","","36","06","2016","2016059224","6","40.1238","-76.3053","0146","08","0","0","0","0","0","0","0","0","","0","0","0","01","2","0","00","0","40 07:25.694","","00","76 18:18.942","0","0","0","0","36101","0","0","0","N","0","0","0","1","36101","0","","1","01","N","N","0","","0","0","0","0","0","","0140","0","1","0","0","0","0","0","3","0","1","N","","","","","","","","","","","","03","  ","","",""
"0147","0","0","0","0","0","0","0","0","0","7","1","","36","06","2016","2016059241","7","39.9858","-76.2836","0142","08","0","0","0","0","0","1","0","0","3","0","1","0","01","3","0","01","1","39 59:08.888","2","00","76 17:01.092","0","0","0","0","36240","0","0","0","Y","0","0","0","1","36240","0","","4","01","N","N","0","","0","0","0","3","2","Y","0138","0","1","0","0","0","0","0","1","0","1","N","","","","","","","","","","","","03","  ","","",""
"1507","1","0","0","0","0","0","0","0","0","7","0","","36","06","2016","2016059279","5","40.1721","-75.9747","1455","08","0","0","0","1","0","0","0","0","","0","0","0","14","1","0","00","0","40 10:19.481","","00","75 58:29.915","0","0","0","0","36202","0","0","0","","0","0","0","1","68T06","0","","3","01","N","N","0","","0","0","0","0","0","","1453","0","1","0","0","0","0","0","1","0","1","N","","","","","","","","","","","","03","  ","","",""
"0706","0","0","0","0","0","0","0","0","0","1","0","","36","06","2016","2016059310","6","40.0475","-76.411","0656","08","0","0","0","0","0","0","0","0","1","0","0","0","06","1","0","00","1","40 02:50.827","3","00","76 24:39.716","0","0","0","0","36239","0","0","0","N","0","0","0","2","36239","0","","1","01","N","N","0","","0","0","2","0","0","N","0656","0","2","0","0","0","0","0","3","0","2","N","","","","","","","","","","","","03","  ","","",""
"1038","2","0","0","0","0","0","0","0","0","4","0","","36","06","2016","2016059340","7","40.0778","-76.4211","1026","08","0","0","0","0","0","0","0","0","2","0","0","0","10","1","0","01","1","40 04:40.159","1","00","76 25:15.790","0","0","0","0","36214","0","0","0","N","0","0","0","5","36214","0","","1","01","N","N","0","","0","0","0","3","3","N","1025","0","2","0","0","0","0","0","3","0","2","N","","","","","","","","","","","","03","  ","","",""
"1644","1","0","0","0","0","0","0","0","0","7","0","","36","06","2016","2016059432","7","40.285","-76.1797","1638","08","0","0","0","0","0","0","0","0","2","0","0","0","16","1","0","02","1","40 17:06.026","7","00","76 10:46.930","0","0","0","0","36236","0","0","0","N","0","0","0","3","36408","0","","5","01","N","N","0","","0","0","0","3","3","N","1635","0","1","0","0","0","0","0","1","0","1","N","","","","","","","","","","","","03","  ","","",""
"0039","1","0","0","0","0","0","0","0","0","9","0","","36","06","2016","2016059438","5","40.161","-76.5786","0035","08","0","0","0","0","0","0","0","0","","0","0","0","00","2","1","00","0","40 09:39.716","","00","76 34:42.910","8","0","0","0","36225","0","0","0","N","0","0","0","1","36505","0","","1","01","N","N","0","","0","0","0","0","0","","0034","1","1","0","0","0","1","0","2","0","1","N","","","","","","","","","","","","03","  ","","",""
"2238","2","0","0","0","0","0","0","0","0","1","0","","36","06","2016","2016059449","3","40.0554","-76.3287","2227","08","0","0","0","0","0","0","0","0","","0","0","0","22","3","0","00","0","40 03:19.609","","07","76 19:43.347","0","0","0","0","36101","0","0","0","N","0","0","0","2","36101","0","","1","01","N","N","0","","0","0","0","3","2","","2225","0","2","0","0","0","0","0","3","0","2","N","","","","","","","","","","","","03","  ","","",""
"2159","2","0","0","0","0","0","0","0","0","4","0","","36","06","2016","2016059465","7","40.1046","-76.4324","2159","08","0","0","0","0","0","0","1","0","","0","0","0","21","2","1","01","0","40 06:16.724","","00","76 25:56.808","4","0","0","0","36214","0","0","0","N","0","0","0","5","36214","1","","1","01","N","N","0","","0","0","0","3","3","","2159","1","2","0","0","0","0","0","3","0","2","N","","","","","","","","","","","","03","  ","","",""
"1554","1","0","0","0","0","0","0","0","0","4","0","","36","06","2016","2016059495","6","40.0619","-76.4988","1553","08","0","1","0","0","0","1","0","1","2","0","0","0","15","1","2","01","2","40 03:42.752","6","00","76 29:55.590","8","0","0","0","36239","0","0","0","N","0","0","0","3","36239","0","","1","01","N","N","1","","0","0","1","3","3","Y","1550","2","3","0","0","1","2","0","3","0","3","N","","","","","","","","","","","","03","  ","","",""
"0837","1","0","0","0","0","0","0","0","0","1","0","","36","06","2016","2016059497","7","40.0868","-76.1946","0831","08","0","0","0","0","0","0","0","0","","0","0","0","08","1","0","00","0","40 05:12.578","","00","76 11:40.606","0","0","0","0","36234","0","0","0","N","0","0","0","2","36215","0","","1","01","N","N","0","","0","0","1","0","0","","0825","0","2","0","0","0","0","0","1","0","2","N","","","","","","","","","","","","03","  ","","",""
"1503","1","0","0","0","0","0","0","0","0","1","0","","36","06","2016","2016059502","6","40.2383","-76.0672","1503","08","0","0","0","1","0","0","0","0","1","0","0","0","15","1","0","03","1","40 14:18.031","1","00","76 04:01.930","0","0","0","0","36401","0","0","0","N","0","0","0","4","36408","0","","1","01","N","N","1","","0","0","0","0","0","Y","1502","0","2","0","0","0","0","0","1","0","2","N","","","","","","","","","","","","03","  ","","",""
"0029","0","0","0","0","0","0","0","0","0","7","0","","36","06","2016","2016059514","7","40.1472","-76.6286","0028","08","0","0","0","0","0","0","0","0","2","0","0","0","00","2","1","00","2","40 08:49.911","6","00","76 37:42.913","3","0","0","0","36237","0","0","0","N","0","0","0","1","36505","0","","4","01","N","N","0","","1","0","1","0","0","Y","0026","1","1","0","0","0","0","0","1","0","1","N","","","","","","","","","","","","03","  ","","",""
"0635","1","0","0","0","0","0","0","0","0","7","0","","36","06","2016","2016059515","1","40.0638","-76.2578","0609","08","0","0","0","0","1","0","0","0","","0","0","0","06","1","0","00","0","40 03:49.800","","00","76 15:27.900","0","0","0","0","36215","0","0","0","N","0","0","0","1","36215","0","","4","01","N","N","0","","0","0","0","0","0","","0606","0","1","0","0","0","0","0","1","0","1","N","","","","","","","","","","","","03","  ","","",""
"0708","0","0","0","0","0","0","0","0","0","7","0","","36","05","2016","2016059523","1","39.9215","-76.365","0702","08","0","0","0","0","0","0","0","0","","0","0","0","07","1","0","00","0","39 55:17.259","","00","76 21:53.920","0","0","0","0","36206","0","0","0","N","0","0","0","1","36503","0","","5","01","N","N","0","","0","0","1","3","8","","0700","0","1","0","0","0","0","0","1","0","1","N","","","","","","","","","","","","03","  ","","",""
"1210","1","0","0","0","0","0","0","0","0","4","0","","36","06","2016","2016059525","5","40.0522","-76.2554","1205","08","0","0","0","0","0","1","0","1","1","0","0","0","12","1","1","00","1","40 03:07.761","6","00","76 15:19.517","3","0","0","0","36301","0","0","0","N","0","0","0","2","36301","0","","1","01","N","N","0","","1","0","0","0","0","N","1205","1","2","0","0","0","0","0","3","1","2","N","","","","","","","","","","","","03","  ","","",""
"1534","1","0","0","0","0","0","0","0","0","7","0","","36","06","2016","2016059533","7","40.2546","-76.1153","1529","08","0","0","0","0","0","0","0","0","","0","0","0","15","1","1","00","0","40 15:16.396","","00","76 06:55.207","3","0","0","0","36210","0","0","0","N","0","0","0","1","36210","0","","4","01","N","N","1","","1","0","0","0","0","","1528","1","2","0","0","0","0","0","1","0","2","N","","","","","","","","","","","","03","  ","","",""
"1229","2","0","0","0","0","0","0","0","0","4","0","","36","06","2016","2016059551","1","40.2352","-76.0883","1225","08","0","1","0","0","0","1","0","0","","0","0","0","12","1","1","00","0","40 14:06.800","","07","76 05:17.700","3","0","0","0","36210","0","0","0","N","0","0","0","2","36210","0","","1","01","N","N","0","","1","0","0","0","0","","1223","1","2","0","0","0","0","0","1","0","2","N","","","","","","","","","","","","03","  ","","",""
"1125","2","0","0","0","0","0","0","0","0","1","0","","36","06","2016","2016059565","3","40.0934","-76.3505","1112","08","0","0","0","0","0","0","0","0","","0","0","0","11","1","0","01","0","40 05:36.355","","00","76 21:01.669","0","0","0","0","36406","0","0","0","Y","0","0","0","2","36101","0","","1","01","N","N","0","","0","0","0","3","2","","1109","0","2","0","0","0","0","0","3","0","2","N","","","","","","","","","","","","03","  ","","",""
"1415","1","0","0","0","0","0","0","0","0","7","0","","36","06","2016","2016059573","1","40.039","-76.3598","1410","08","0","0","0","0","0","1","0","0","2","0","0","0","14","1","0","02","2","40 02:20.432","1","00","76 21:35.292","0","0","0","0","36214","0","0","0","N","0","0","0","1","36214","0","","2","01","N","N","0","","0","0","0","3","2","N","1400","0","1","0","0","0","0","0","3","0","1","N","","","","","","","","","","","","03","  ","","",""
"1702","2","0","0","0","0","0","0","0","0","4","0","","36","06","2016","2016059587","3","40.1063","-76.3544","1644","08","0","0","1","0","0","0","1","0","","0","0","0","16","1","0","01","0","40 06:22.809","","00","76 21:16.002","0","0","0","0","36406","0","0","0","N","0","0","0","3","36101","0","","1","01","N","N","0","","0","0","1","3","2","","1638","0","3","0","0","0","0","0","3","0","3","N","","","","","","","","","","","","03","  ","","",""
"0647","0","0","0","0","0","0","0","0","0","4","0","","36","06","2016","2016059589","6","40.1827","-76.4639","0641","08","0","0","0","0","1","0","0","0","1","0","0","0","06","1","1","01","1","40 10:57.666","1","00","76 27:50.180","3","0","0","1","36230","0","0","0","N","0","0","0","2","36410","0","","1","01","N","N","0","","1","0","1","3","3","N","0639","1","2","0","0","0","0","0","1","0","2","N","","","","","","","","","","","","03","  ","","",""
"1604","0","0","0","0","0","0","0","0","0","0","0","","36","06","2016","2016059709","1","39.9713","-76.2704","1601","08","0","0","0","0","0","0","0","0","","0","0","0","16","1","1","01","0","39 58:16.618","","00","76 16:13.300","3","0","0","1","36240","0","0","0","N","0","0","0","1","36240","0","","1","01","N","N","0","","1","0","0","3","3","","1600","1","2","0","0","0","0","0","1","0","1","N","","","","","","","","","","","","03","  ","","",""
"1458","0","0","0","0","0","0","0","0","0","4","0","","36","06","2016","2016059702","6","39.9803","-76.2768","1452","08","0","0","0","0","0","1","0","0","1","0","1","0","14","1","0","00","1","39 58:49.124","1","07","76 16:36.659","0","0","0","0","36240","0","0","0","N","0","0","0","2","36240","0","","1","01","N","N","1","","0","0","0","0","0","N","1450","0","2","0","0","0","0","0","1","0","2","N","","","","","","","","","","","","03","  ","","",""
"1631","1","0","0","0","0","0","0","0","0","4","0","","36","06","2016","2016059704","1","40.0395","-76.2046","1629","08","0","0","0","0","1","1","0","0","2","0","0","0","16","1","1","00","1","40 02:22.058","4","07","76 12:16.603","4","0","0","0","36215","0","0","0","N","0","0","0","4","36215","1","","1","01","N","N","0","","0","0","1","0","0","N","1626","1","2","0","0","0","0","0","1","0","2","N","","","","","","","","","","","","03","  ","","",""
"1645","1","0","0","0","0","0","0","0","0","1","0","","36","06","2016","2016059706","1","40.1854","-76.6015","1634","08","0","0","0","0","0","1","0","0","","0","0","0","16","1","0","00","0","40 11:07.481","","00","76 36:05.532","0","0","0","0","36225","0","0","0","N","0","0","0","5","36505","0","","1","01","N","N","1","","0","0","0","0","0","","1630","0","2","0","0","0","0","0","2","0","2","N","","","","","","","","","","","","03","  ","","",""
"1750","0","0","0","1","0","0","0","0","0","4","0","","36","06","2016","2016059713","5","40.074","-76.2041","1746","08","0","0","0","0","0","1","0","0","","0","0","0","17","1","1","03","0","40 04:26.574","","00","76 12:14.922","8","0","0","0","36234","1","0","0","N","0","0","0","3","36215","0","","1","01","N","N","0","","0","0","1","0","0","","1746","1","2","0","0","0","1","0","1","0","1","N","","","","","","","","","","","","03","  ","","",""
"0124","1","0","0","0","0","0","0","0","0","4","0","","36","06","2016","2016059729","1","40.0429","-76.3046","0123","08","0","0","0","0","0","0","0","0","2","0","0","0","01","3","0","01","1","40 02:34.370","7","00","76 18:16.409","0","0","0","0","36301","0","0","0","N","0","0","0","2","36301","0","","1","01","N","N","0","","0","0","0","3","2","N","0120","0","2","0","0","0","0","0","3","1","2","N","","","","","","","","","","","","03","  ","","",""
"1734","1","0","0","0","0","0","0","0","0","4","0","","36","06","2016","2016059735","3","39.9329","-76.3507","1725","08","0","0","0","0","0","0","1","0","2","0","0","0","17","1","1","02","1","39 55:58.533","5","00","76 21:02.350","4","0","0","0","36206","0","0","0","N","0","0","0","2","36503","1","","1","01","N","N","1","","0","0","0","0","0","N","1724","1","2","0","0","1","0","0","1","0","2","N","","","","","","","","","","","","03","  ","","",""
"0547","2","0","0","0","0","0","0","0","0","4","0","","36","06","2016","2016059737","3","40.0382","-76.3235","0542","08","0","0","0","0","0","0","0","0","","0","0","0","05","1","0","01","0","40 02:17.653","","00","76 19:24.603","9","0","0","0","36301","0","0","0","N","0","0","0","2","36301","0","","1","01","N","N","0","","0","0","0","3","2","","0540","0","2","0","0","0","0","1","3","0","2","N","","","","","","","","","","","","03","  ","","",""
"1836","0","0","0","0","0","0","0","0","0","4","1","","36","06","2016","2016059772","3","40.0395","-76.2076","1833","08","0","0","0","0","0","0","0","0","2","0","1","0","18","1","1","00","2","40 02:22.276","4","07","76 12:27.209","4","0","0","0","36215","0","0","0","N","0","0","0","2","36215","1","","2","01","N","N","1","","0","0","0","0","0","N","1822","1","2","0","0","0","0","0","1","0","2","N","","","","","","","","","","","","03","  ","","",""
"0717","1","0","0","0","0","0","0","0","0","7","0","","36","06","2016","2016059858","2","40.1463","-76.6063","0712","08","0","0","0","1","0","0","0","0","","0","0","0","07","1","1","00","0","40 08:46.557","","00","76 36:22.683","3","0","0","0","36407","0","0","0","N","0","0","0","1","36407","0","","4","01","N","N","0","","1","0","0","0","0","","0712","1","1","0","0","0","0","0","2","0","1","N","","","","","","","","","","","","03","  ","","",""
"2138","1","0","0","0","0","0","0","0","0","4","0","","36","06","2016","2016059873","5","40.061","-76.3036","2135","08","0","0","1","0","0","0","0","0","2","0","0","0","21","2","0","00","1","40 03:39.655","2","00","76 18:12.781","0","0","0","0","36101","0","0","0","N","0","0","0","1","36101","0","","4","01","N","N","0","","0","0","1","0","0","N","2115","0","2","0","0","0","0","0","3","0","2","N","","","","","","","","","","","","03","  ","","",""
"1706","2","0","0","0","0","0","0","0","0","4","0","","36","06","2016","2016059874","5","40.0456","-76.2924","1702","08","0","0","0","0","0","0","0","1","","0","0","0","17","1","0","01","0","40 02:44.055","","00","76 17:32.492","0","0","0","0","36301","0","0","0","N","0","0","0","4","36301","0","","1","01","N","N","0","","0","0","0","3","3","","1702","0","2","0","0","0","0","0","3","0","2","N","","","","","","","","","","","","03","  ","","",""
"0834","1","0","0","0","0","0","0","0","0","4","0","","36","03","2016","2016059877","1","40.0728","-76.1055","0827","08","0","0","0","0","0","1","0","0","2","0","0","0","08","1","2","01","1","40 04:22.118","6","00","76 06:19.973","8","0","0","0","36234","0","0","0","N","0","0","0","3","36415","0","","1","01","N","N","1","","0","0","0","3","3","Y","0825","2","2","0","0","0","2","0","1","0","2","N","","","","","","","","","","","","03","  ","","",""
"0642","0","0","0","0","0","0","0","0","0","1","0","","36","06","2016","2016059878","5","40.1173","-76.455","0633","08","0","0","0","0","0","0","0","0","3","0","0","0","06","1","1","00","2","40 07:02.287","3","00","76 27:17.919","3","0","0","0","36230","0","0","0","N","0","0","0","2","36410","0","","1","01","N","N","1","","1","0","1","0","0","Y","0631","1","2","0","0","0","0","0","1","0","2","N","","","","","","","","","","","","03","  ","","",""
"1308","1","0","0","0","0","0","0","0","0","4","0","","36","06","2016","2016059879","1","40.0319","-76.2398","1305","08","0","0","0","0","0","1","0","0","1","0","0","0","13","1","1","02","1","40 01:54.765","4","02","76 14:23.331","4","0","0","0","36215","0","0","0","N","0","0","0","2","36215","1","","1","01","N","N","0","","0","0","1","3","2","N","1302","1","2","0","0","0","0","0","1","0","2","N","","","","","","","","","","","","03","  ","","",""
"1400","1","0","0","0","0","0","0","0","0","0","0","","36","06","2016","2016059941","1","40.0611","-76.5692","1356","08","0","0","0","0","0","1","0","0","1","0","0","0","13","1","1","00","1","40 03:40.047","1","00","76 34:09.004","4","0","0","1","36211","0","0","0","N","0","0","0","2","36504","1","","1","2","N","N","0","","0","0","0","0","0","N","1353","1","2","0","0","0","0","0","1","0","2","N","","","","","","","","","","","","03","  ","","",""
"0928","0","0","0","0","0","0","0","0","0","7","0","","36","06","2016","2016059947","2","40.1798","-76.2127","0924","08","0","0","0","0","0","1","0","0","2","0","0","0","09","1","1","00","2","40 10:47.431","6","00","76 12:45.587","4","0","0","0","36218","0","0","0","N","0","0","0","1","36408","1","","4","01","N","N","0","","0","0","1","0","0","Y","0924","1","1","0","0","0","0","0","1","0","1","N","","","","","","","","","","","","03","  ","","",""
"1426","1","0","0","0","0","0","0","0","0","4","0","","36","06","2016","2016059963","2","40.1228","-76.023","1418","08","0","0","0","0","0","2","0","0","2","0","0","0","14","1","0","02","2","40 07:22.117","7","00","76 01:22.865","0","0","0","1","36213","0","0","0","N","0","0","0","2","36213","0","","1","01","N","N","0","","0","0","0","0","0","N","1417","0","2","0","0","0","0","0","1","0","2","N","","","","","","","","","","","","03","  ","","",""
"1605","0","0","0","0","0","0","0","0","0","0","1","","36","06","2016","2016059966","2","40.0608","-76.3577","1603","08","0","0","0","0","0","0","0","0","","0","1","0","16","1","0","00","0","40 03:39.051","","00","76 21:27.699","0","0","0","0","36214","0","0","0","N","0","0","0","2","36214","0","","1","01","N","N","0","","0","0","1","0","0","","1603","0","2","0","0","0","0","0","3","0","2","N","","","","","","","","","","","","03","  ","","",""
"1121","1","0","0","0","0","0","0","0","0","4","0","","36","06","2016","2016060114","4","40.0403","-76.245","1119","08","0","0","0","0","0","0","1","0","1","0","0","0","11","1","1","02","1","40 02:25.231","4","02","76 14:41.992","3","0","0","0","36215","0","0","0","N","0","0","0","2","36215","0","","1","09","N","N","0","","1","0","0","0","0","N","1116","1","2","0","0","0","0","0","1","1","2","N","","","","","","","","","","","","03","  ","","",""
"1414","1","0","0","0","0","0","0","0","0","8","0","","36","06","2016","2016060180","7","40.1203","-76.376","1411","08","0","0","0","0","0","0","0","1","","0","0","0","14","1","1","00","0","40 07:12.939","","07","76 22:33.438","4","0","0","0","36101","1","0","0","N","1","0","0","2","36101","1","","1","01","N","N","0","","0","0","0","0","0","","1410","1","2","0","0","0","0","0","3","0","1","N","","","","","","","","","","","","03","  ","","",""
"1950","3","0","0","0","0","0","0","0","0","1","0","","36","06","2016","2016060191","2","40.0474","-76.3629","1946","08","0","0","0","0","0","0","0","0","1","0","0","0","19","1","1","00","1","40 02:50.801","1","00","76 21:46.370","3","0","0","0","36214","0","0","0","N","0","0","0","4","36214","0","","1","01","N","N","0","","1","0","0","0","0","N","1940","1","3","0","0","0","0","1","3","0","3","N","","","","","","","","","","","","03","  ","","",""
"1732","1","0","0","0","0","0","0","0","0","1","0","","36","06","2016","2016060202","2","40.1235","-76.4771","1732","08","0","0","0","0","0","0","0","0","","0","0","0","17","1","0","01","0","40 07:24.643","","00","76 28:37.387","0","0","0","0","36230","0","0","0","N","0","0","0","2","36410","0","","1","01","N","N","0","","0","0","1","3","2","","1732","0","2","0","0","2","0","0","1","0","2","N","","","","","","","","","","","","03","  ","","",""
"1555","1","0","0","0","0","0","0","0","0","4","0","","36","06","2016","2016060210","1","40.0252","-76.2065","1554","08","0","0","0","0","0","1","0","1","2","0","0","0","15","1","1","00","1","40 01:30.553","4","07","76 12:23.258","4","0","0","0","36215","0","0","0","N","0","0","0","3","36215","1","","1","01","N","N","1","","0","0","0","0","0","N","1550","1","2","0","0","0","0","0","1","0","2","N","","","","","","","","","","","","03","  ","","",""
"1706","1","0","0","0","0","0","0","0","0","7","0","","36","06","2016","2016060219","2","40.1664","-76.2064","1704","08","0","0","0","0","0","0","0","0","","0","0","0","17","1","0","02","0","40 09:58.862","","07","76 12:22.940","0","0","0","0","36402","0","0","0","N","0","0","0","5","36402","0","","2","01","N","N","0","","0","0","1","0","0","","1704","0","2","0","0","0","0","0","2","0","2","N","","","","","","","","","","","","03","  ","","",""
"0340","1","0","0","0","0","0","0","0","0","7","0","","36","06","2016","2016060262","5","39.8412","-76.1422","0315","08","0","1","0","0","0","0","0","0","3","0","0","0","03","2","1","00","2","39 50:28.410","6","00","76 08:31.860","8","0","0","0","36212","0","0","0","","0","0","0","1","68J01","0","","4","01","N","N","0","","0","0","0","0","0","N","0314","1","1","0","0","0","1","0","1","0","1","N","","","","","","","","","","","","03","  ","","",""