"ARRIVAL_TM","AUTOMOBILE_COUNT","BELTED_DEATH_COUNT","BELTED_SUSP_SERIOUS_INJ_COUNT","BICYCLE_COUNT","BICYCLE_DEATH_COUNT","BICYCLE_SUSP_SERIOUS_INJ_COUNT","BUS_COUNT","CHLDPAS_DEATH_COUNT","CHLDPAS_SUSP_SERIOUS_INJ_COUNT","COLLISION_TYPE","COMM_VEH_COUNT","CONS_ZONE_SPD_LIM","COUNTY","CRASH_MONTH","CRASH_YEAR","CRN","DAY_OF_WEEK","DEC_LAT","DEC_LONG","DISPATCH_TM","DISTRICT","DRIVER_COUNT_16YR","DRIVER_COUNT_17YR","DRIVER_COUNT_18YR","DRIVER_COUNT_19YR","DRIVER_COUNT_20YR","DRIVER_COUNT_50_64YR","DRIVER_COUNT_65_74YR","DRIVER_COUNT_75PLUS","EST_HRS_CLOSED","FATAL_COUNT","HEAVY_TRUCK_COUNT","HORSE_BUGGY_COUNT","HOUR_OF_DAY","ILLUMINATION","INJURY_COUNT","INTERSECT_TYPE","LANE_CLOSED","LATITUDE","LN_CLOSE_DIR","LOCATION_TYPE","LONGITUDE","MAX_SEVERITY_LEVEL","MCYCLE_DEATH_COUNT","MCYCLE_SUSP_SERIOUS_INJ_COUNT","MOTORCYCLE_COUNT","MUNICIPALITY","NONMOTR_COUNT","NONMOTR_DEATH_COUNT","NONMOTR_SUSP_SERIOUS_INJ_COUNT","NTFY_HIWY_MAINT","PED_COUNT","PED_DEATH_COUNT","PED_SUSP_SERIOUS_INJ_COUNT","PERSON_COUNT","POLICE_AGCY","POSSIBLE_INJ_COUNT","RDWY_SURF_TYPE_CD","RELATION_TO_ROAD","ROAD_CONDITION","SCH_BUS_IND","SCH_ZONE_IND","SMALL_TRUCK_COUNT","SPEC_JURIS_CD","SUSP_MINOR_INJ_COUNT","SUSP_SERIOUS_INJ_COUNT","SUV_COUNT","TCD_FUNC_CD","TCD_TYPE","TFC_DETOUR_IND","TIME_OF_DAY","TOT_INJ_COUNT","TOTAL_UNITS","UNB_DEATH_COUNT","UNB_SUSP_SERIOUS_INJ_COUNT","UNBELTED_OCC_COUNT","UNK_INJ_DEG_COUNT","UNK_INJ_PER_COUNT","URBAN_RURAL","VAN_COUNT","VEHICLE_COUNT","WORK_ZONE_IND","WORK_ZONE_LOC","WORK_ZONE_TYPE","WORKERS_PRES","WZ_CLOSE_DETOUR","WZ_FLAGGER","WZ_LAW_OFFCR_IND","WZ_LN_CLOSURE","WZ_MOVING","WZ_OTHER","WZ_SHLDER_MDN","ROADWAY_CLEARED","WEATHER1","WEATHER2","WZ_WORKERS_INJ_KILLED","SECONDARY_CRASH","INTERSECTION_RELATED"
"0859","1","0","0","0","0","0","0","0","0","4","0","","36","06","2016","2016060271","7","40.0384","-76.109","0859","08","0","0","0","0","0","1","0","0","2","0","0","0","08","1","2","01","2","40 02:18.347","6","00","76 06:32.465","3","0","0","0","36221","0","0","0","","0","0","0","3","68J01","1","","1","01","N","N","0","","1","0","1","3","3","N","0859","2","2","0","0","0","0","0","1","0","2","N","","","","","","","","","","","","03","  ","","",""
"0823","2","0","0","0","0","0","0","0","0","1","0","","36","06","2016","2016060284","2","40.0447","-76.3273","0821","08","0","0","0","0","0","0","0","1","2","0","0","0","08","1","1","00","1","40 02:40.844","1","00","76 19:38.224","3","0","0","0","36220","0","0","0","N","0","0","0","1","36101","0","","6","01","N","N","0","","1","0","0","0","0","N","0819","1","2","0","0","0","0","0","3","0","2","N","","","","","","","","","","","","03","  ","","",""
"0747","1","0","0","0","0","0","0","0","0","4","0","","36","06","2016","2016060331","3","40.0381","-76.4553","0739","08","0","0","0","0","0","0","0","0","2","0","0","0","07","1","1","01","2","40 02:17.149","1","02","76 27:18.904","8","0","0","0","36239","0","0","0","N","0","0","0","2","36239","0","","1","01","N","N","0","","0","0","1","3","2","N","0738","1","2","0","0","0","1","0","3","0","2","N","","","","","","","","","","","","03","  ","","",""
"0757","1","0","0","0","0","0","0","0","0","1","0","","36","06","2016","2016060352","3","40.0698","-76.3168","0753","08","0","0","0","0","0","1","1","0","2","0","0","0","07","1","1","01","1","40 04:11.336","3","00","76 19:00.464","4","0","0","0","36101","0","0","0","N","0","0","0","2","36101","1","","1","01","N","N","0","","0","0","1","3","4","N","0750","1","2","0","0","0","0","0","3","0","2","N","","","","","","","","","","","","03","  ","","",""
"1039","1","0","0","0","0","0","0","0","0","1","0","","36","06","2016","2016060368","3","40.0761","-76.3087","1017","08","0","0","0","0","0","0","0","0","","0","0","0","10","1","1","00","0","40 04:33.872","","00","76 18:31.357","3","0","0","0","36101","0","0","0","N","0","0","0","2","36101","0","","1","01","N","N","1","","1","0","0","0","0","","1005","1","2","0","0","0","0","0","3","0","2","N","","","","","","","","","","","","03","  ","","",""
"0948","1","0","0","0","0","0","0","0","0","7","0","","36","06","2016","2016060371","3","40.0899","-76.3827","0941","08","0","1","0","0","0","0","0","0","","0","0","0","09","1","1","06","0","40 05:23.766","","02","76 22:57.777","4","0","0","0","36214","0","0","0","Y","0","0","0","2","36214","1","","2","01","N","N","0","","0","0","0","0","0","","0930","1","1","0","0","0","0","0","3","0","1","N","","","","","","","","","","","","03","  ","","",""
"1320","0","0","0","0","0","0","0","0","0","1","0","","36","06","2016","2016060411","3","40.1593","-76.1397","1313","08","0","0","0","0","1","0","0","0","","0","0","0","13","1","0","00","0","40 09:33.549","","00","76 08:22.946","0","0","0","0","36218","0","0","0","N","0","0","0","3","36408","0","","1","01","N","N","0","","0","0","2","0","0","","1309","0","2","0","0","0","0","0","1","0","2","N","","","","","","","","","","","","03","  ","","",""
"1330","2","0","0","0","0","0","0","0","0","4","0","","36","06","2016","2016060415","3","40.1233","-76.3753","1328","08","0","0","0","0","0","1","0","0","","0","0","0","13","1","2","01","0","40 07:23.702","","00","76 22:31.147","4","0","0","0","36214","0","0","0","N","0","0","0","4","36214","2","","1","01","N","N","0","","0","0","0","3","3","","1325","2","2","0","0","0","0","0","3","0","2","N","","","","","","","","","","","","03","  ","","",""
"0005","0","0","0","0","0","0","0","0","0","5","0","","36","06","2016","2016060557","5","40.0381","-76.2949","0003","08","0","0","0","0","0","0","0","0","2","0","0","0","00","3","0","00","2","40 02:17.000","1","00","76 17:41.500","0","0","0","0","36301","0","0","0","N","0","0","0","1","36301","0","","6","01","N","N","0","","0","0","3","0","0","N","0003","0","3","0","0","0","0","0","3","0","3","N","","","","","","","","","","","","03","  ","","",""
"2050","2","0","0","0","0","0","0","0","0","4","0","","36","06","2016","2016060565","3","40.1027","-76.4328","2045","08","0","0","0","1","0","0","0","0","2","0","0","0","20","4","0","01","2","40 06:09.637","5","00","76 25:57.928","0","0","0","0","36239","0","0","0","N","0","0","0","3","36239","0","","1","01","N","N","0","","0","0","0","3","3","Y","2040","0","2","0","0","0","0","0","3","0","2","N","","","","","","","","","","","","03","  ","","",""
"0105","3","0","0","0","0","0","0","0","0","4","0","","36","05","2016","2016060568","1","40.0436","-76.3137","0101","08","0","0","0","0","0","1","0","0","","0","0","0","00","3","0","01","0","40 02:37.075","","00","76 18:49.266","0","0","0","0","36301","0","0","0","N","0","0","0","2","36301","0","","1","09","N","N","0","","0","0","0","3","2","","0059","0","3","0","0","0","0","0","3","0","3","N","","","","","","","","","","","","07","  ","","",""
"2255","1","0","0","0","0","0","0","0","0","7","0","","36","05","2016","2016060569","3","40.0435","-76.298","2252","08","0","0","0","0","0","0","0","0","1","0","0","0","22","3","1","02","1","40 02:36.501","4","00","76 17:52.632","3","0","0","0","36301","0","0","0","N","0","0","0","1","36301","0","","5","01","N","N","0","","1","0","0","0","0","N","2252","1","1","0","0","0","0","0","3","0","1","N","","","","","","","","","","","","03","  ","","",""
"1711","1","0","0","0","0","0","0","0","0","2","0","","36","06","2016","2016060573","3","40.1917","-76.1768","1708","08","0","0","0","0","0","1","0","0","1","0","0","0","17","1","0","00","1","40 11:29.998","1","00","76 10:36.409","0","0","0","0","36408","0","0","0","N","0","0","0","2","36408","0","","1","01","N","N","0","","0","0","1","0","0","N","1706","0","2","0","0","0","0","0","2","0","2","N","","","","","","","","","","","","03","  ","","",""
"1627","1","0","0","0","0","0","0","0","0","4","0","","36","06","2016","2016060578","7","39.9811","-76.3054","1618","08","0","0","0","0","0","0","0","1","3","0","0","0","16","1","1","00","2","39 58:52.087","6","00","76 18:19.619","4","0","0","0","36228","0","0","0","N","0","0","0","2","36503","1","","1","01","N","N","0","","0","0","1","0","0","Y","1615","1","2","0","0","0","0","0","1","0","2","N","","","","","","","","","","","","03","  ","","",""
"1331","1","0","0","0","0","0","0","0","0","1","0","90","36","06","2016","2016060590","3","40.1526","-76.6031","1331","08","0","0","0","0","1","0","0","0","2","0","0","0","13","1","1","00","2","40 09:09.444","6","00","76 36:11.172","8","0","0","0","36407","0","0","0","N","0","0","0","2","36407","0","","1","01","N","N","1","","0","0","0","3","7","Y","1331","1","2","0","0","2","1","0","2","0","2","Y","3","3","Y","","Y","Y","Y","","","Y","","03","  ","","",""
"1527","1","0","0","0","0","0","0","0","0","1","0","","36","06","2016","2016060598","4","40.0772","-76.3088","1527","08","0","0","1","0","0","0","0","0","2","0","0","0","15","1","0","00","1","40 04:38.006","2","00","76 18:31.763","0","0","0","0","36101","0","0","0","N","0","0","0","5","36101","0","","1","01","N","N","0","","0","0","0","3","2","N","1525","0","2","0","0","0","0","0","3","1","2","N","","","","","","","","","","","","03","  ","","",""
"0900","0","0","0","0","0","0","0","0","0","0","1","","36","05","2016","2016060620","5","40.2052","-76.3922","0855","08","0","0","0","0","0","1","0","0","4","0","1","0","08","1","1","02","2","40 12:18.726","7","00","76 23:31.782","8","0","0","0","36227","0","0","0","N","0","0","0","1","36506","0","","1","01","N","N","0","","0","0","0","3","3","Y","0847","1","1","0","0","0","1","0","1","0","1","N","","","","","","","","","","","","03","  ","","",""
"1531","0","0","0","0","0","0","0","0","0","4","0","","36","06","2016","2016060621","4","40.1359","-76.3131","1523","08","0","1","0","0","0","0","1","0","","0","0","0","15","1","1","00","0","40 08:09.400","","07","76 18:47.000","4","0","0","0","36235","0","0","0","N","0","0","0","2","36506","1","","1","01","N","N","0","","0","0","1","0","0","","1523","1","2","0","0","0","0","0","1","1","2","N","","","","","","","","","","","","03","  ","","",""
"1703","2","0","0","0","0","0","0","0","0","1","0","","36","06","2016","2016060667","2","40.0569","-76.394","1657","08","0","0","0","0","0","1","0","0","2","0","0","0","16","1","1","02","1","40 03:24.854","3","00","76 23:38.403","4","0","0","0","36214","0","0","0","","0","0","0","2","36214","1","","1","01","N","N","0","","0","0","0","0","0","N","1650","1","2","0","0","0","0","1","3","0","2","N","","","","","","","","","","","","03","  ","","",""
"1740","0","0","0","0","0","0","0","0","0","4","0","","36","06","2016","2016060677","3","40.012","-76.2263","1733","08","0","0","0","0","0","0","0","1","","0","0","0","17","1","0","01","0","40 00:43.379","","00","76 13:34.666","0","0","0","0","36240","0","0","0","Y","0","0","0","3","36240","0","","1","01","N","N","0","","0","0","2","3","3","","1733","0","2","0","0","0","0","0","1","0","2","N","","","","","","","","","","","","03","  ","","",""
"1217","0","0","0","0","0","0","0","0","0","8","0","","36","05","2016","2016060711","1","40.0333","-76.4979","1213","08","0","0","0","0","0","1","0","0","4","1","0","0","12","1","0","01","2","40 01:59.922","7","00","76 29:52.262","1","0","0","0","36404","1","1","0","N","1","1","0","2","36404","0","2","1","01","N","N","1","0","0","0","0","3","2","Y","1211","0","2","0","0","1","0","0","3","0","1","N","","","","","","","","","","","","03","  ","","",""
"0925","1","0","0","0","0","0","0","0","0","4","0","","36","06","2016","2016060745","2","40.0404","-76.2463","0916","08","0","0","0","1","0","0","0","0","1","0","0","0","09","1","1","07","2","40 02:25.433","3","02","76 14:46.845","3","0","0","0","36215","0","0","0","N","0","0","0","2","36215","0","","1","01","N","N","0","","1","0","0","3","2","N","0910","1","2","0","0","0","0","0","1","1","2","N","","","","","","","","","","","","03","  ","","",""
"1635","0","0","0","0","0","0","0","0","0","0","0","","36","06","2016","2016060746","6","40.0858","-76.2794","1633","08","0","0","0","0","0","1","0","0","2","0","0","0","16","1","1","02","1","40 05:08.887","1","00","76 16:45.775","3","0","0","1","36101","0","0","0","N","0","0","0","1","36101","0","","1","01","N","N","0","","1","0","0","3","3","N","1630","1","2","0","0","0","0","0","3","0","1","N","","","","","","","","","","","","03","  ","","",""
"1215","1","0","0","0","0","0","0","0","0","4","0","","36","06","2016","2016060763","4","40.0741","-76.3709","1210","08","1","0","0","0","0","1","0","0","1","0","0","0","12","1","1","01","1","40 04:26.901","6","00","76 22:15.317","4","0","0","0","36214","0","0","0","N","0","0","0","2","36214","1","","1","01","N","N","0","","0","0","1","3","2","N","1208","1","2","0","0","0","0","0","3","0","2","N","","","","","","","","","","","","03","  ","","",""
"1355","0","0","0","0","0","0","0","0","0","4","1","","36","06","2016","2016060774","6","40.1066","-76.0676","1347","08","0","0","0","0","0","1","1","0","","0","1","0","13","1","0","01","0","40 06:23.763","","00","76 04:03.457","0","0","0","0","36209","0","0","0","N","0","0","0","2","36415","0","","1","01","N","N","0","","0","0","1","3","3","","1347","0","2","0","0","0","0","0","1","0","2","N","","","","","","","","","","","","03","  ","","",""
"1925","0","0","0","0","0","0","0","0","0","0","0","","36","06","2016","2016060797","3","40.0737","-76.6388","1925","08","0","0","0","0","0","0","0","0","","0","0","0","19","1","1","00","0","40 04:25.338","","00","76 38:19.572","8","0","0","1","36207","0","0","0","N","0","0","0","1","36504","0","","1","01","N","N","0","","0","0","0","0","0","","1925","1","1","0","0","0","1","0","1","0","1","N","","","","","","","","","","","","03","  ","","",""
"1154","0","0","0","0","0","0","0","0","0","0","0","","36","06","2016","2016060808","4","40.0535","-76.3095","1150","08","0","0","0","0","0","0","0","0","2","0","0","0","11","1","1","00","1","40 03:12.591","4","07","76 18:34.233","4","0","0","1","36101","0","0","0","N","0","0","0","1","36101","1","","1","01","N","N","0","","0","0","0","0","0","N","1147","1","2","0","0","0","0","0","3","0","1","N","","","","","","","","","","","","03","  ","","",""
"1040","1","0","0","0","0","0","0","0","0","1","0","","36","06","2016","2016060809","4","40.1301","-76.2164","1027","08","0","0","0","0","0","1","0","0","","0","0","0","10","1","1","00","0","40 07:48.298","","02","76 12:58.862","3","0","0","0","36238","0","0","0","N","0","0","0","3","36238","0","","1","01","N","N","0","","1","0","0","0","0","","1025","1","2","0","0","0","0","0","3","1","2","N","","","","","","","","","","","","03","  ","","",""
"0731","2","0","0","0","0","0","0","0","0","4","0","","36","06","2016","2016060812","1","40.0698","-76.3168","0730","08","0","0","0","0","0","1","0","0","2","0","0","0","07","1","2","01","1","40 04:11.400","2","00","76 19:01.409","3","0","0","0","36101","0","0","0","N","0","0","0","2","36101","0","","1","01","N","N","0","","2","0","0","3","2","N","0728","2","2","0","0","0","0","0","3","0","2","N","","","","","","","","","","","","03","  ","","",""
"1537","1","0","0","1","0","0","0","0","0","4","0","","36","06","2016","2016060869","7","40.129","-76.3049","1530","08","0","0","0","0","0","0","0","0","2","0","0","0","15","1","1","00","2","40 07:44.378","6","07","76 18:17.550","3","0","0","0","36235","1","0","0","N","0","0","0","2","36506","0","","1","01","N","N","0","","1","0","0","3","3","Y","1530","1","2","0","0","0","0","0","1","0","1","N","","","","","","","","","","","","03","  ","","",""
"1335","1","0","0","0","0","0","0","0","0","4","0","","36","06","2016","2016060997","7","40.0153","-76.3502","1330","08","0","0","0","0","0","2","0","0","1","0","0","0","13","1","0","00","1","40 00:54.981","4","00","76 21:00.546","0","0","0","0","36412","0","0","0","N","0","0","0","4","36412","0","","1","01","N","N","0","","0","0","0","0","0","N","1330","0","2","0","0","0","0","0","3","1","2","N","","","","","","","","","","","","03","  ","","",""
"1853","0","0","0","0","0","0","0","0","0","4","0","","36","06","2016","2016061022","3","40.0484","-76.3011","1850","08","0","0","0","0","0","1","0","0","","0","0","0","18","1","1","01","0","40 02:54.355","","00","76 18:03.826","4","0","0","1","36301","0","0","0","N","0","0","0","2","36301","1","","1","01","N","N","1","","0","0","0","3","3","","1828","1","2","0","0","0","0","0","3","0","2","N","","","","","","","","","","","","03","  ","","",""
"1845","1","0","0","0","0","0","0","0","0","4","0","","36","06","2016","2016061093","1","40.0251","-76.3177","1836","08","0","0","0","0","0","0","0","0","","0","0","0","18","1","0","01","0","40 01:30.460","","00","76 19:03.550","0","0","0","0","36301","0","0","0","","0","0","0","5","36301","0","","1","01","","","0","","0","0","0","3","3","","1836","0","2","0","0","0","0","0","3","1","2","N","","","","","","","","","","","","03","  ","","",""
"1137","0","0","0","0","0","0","0","0","0","4","0","","36","06","2016","2016061094","4","40.1442","-76.3021","1135","08","0","0","0","0","0","1","0","0","1","0","0","0","11","1","0","01","1","40 08:39.130","2","00","76 18:07.653","0","0","0","0","36409","0","0","0","N","0","0","0","6","36409","0","","1","01","N","N","0","","0","0","1","3","3","N","1130","0","2","0","0","0","0","0","3","1","2","N","","","","","","","","","","","","03","  ","","",""
"0808","1","0","0","0","0","0","0","0","0","4","0","","36","06","2016","2016061101","4","40.1567","-76.4083","0755","08","0","0","0","0","0","0","1","0","","0","0","0","07","1","0","00","0","40 09:24.291","","07","76 24:29.905","0","0","0","0","36410","0","0","0","N","0","0","0","2","36410","0","","1","01","N","N","1","","0","0","0","0","0","","0750","0","2","0","0","0","0","0","2","0","2","N","","","","","","","","","","","","03","  ","","",""
"1325","1","0","0","0","0","0","0","0","0","4","0","","36","06","2016","2016061103","4","40.1914","-76.1705","1323","08","0","0","1","0","0","0","1","0","4","1","0","0","13","1","0","02","2","40 11:28.915","5","00","76 10:13.828","1","1","0","1","36408","0","0","0","N","0","0","0","2","36408","0","2","1","01","N","N","0","0","0","0","0","0","0","Y","1321","0","2","0","0","0","0","0","2","0","2","N","","","","","","","","","","","","03","  ","","",""
"0704","0","0","0","0","0","0","0","0","0","7","0","","36","06","2016","2016061120","5","40.2682","-76.1558","0652","08","0","0","0","0","0","0","0","1","","0","0","0","06","1","0","00","0","40 16:05.558","","00","76 09:20.910","0","0","0","0","36236","0","0","0","N","0","0","0","1","36408","0","","5","09","N","N","0","","0","0","1","0","0","","0652","0","1","0","0","0","0","0","1","0","1","N","","","","","","","","","","","","03","  ","","",""
"1025","2","0","0","0","0","0","0","0","0","1","0","","36","06","2016","2016061139","5","40.0701","-76.3172","1022","08","0","0","0","0","0","0","1","0","2","0","0","0","10","1","0","00","1","40 04:12.189","2","01","76 19:01.932","0","0","0","0","36101","0","0","0","N","0","0","0","5","36101","0","","1","09","N","N","1","","0","0","0","3","2","N","1016","0","3","0","0","0","0","0","3","0","3","N","","","","","","","","","","","","07","  ","","",""
"1253","0","0","0","0","0","0","0","0","0","7","0","","36","06","2016","2016061188","5","40.1663","-76.0483","1244","08","0","0","0","0","0","0","0","0","2","0","0","0","12","1","0","00","2","40 09:58.700","5","00","76 02:53.700","0","0","0","0","36213","0","0","0","N","0","0","0","2","36213","0","","4","09","N","N","1","","0","0","0","0","0","Y","1240","0","1","0","0","0","0","0","1","0","1","N","","","","","","","","","","","","03","  ","","",""
"1547","1","0","0","0","0","0","0","0","0","7","0","","36","06","2016","2016061218","5","40.1115","-76.079","1547","08","0","0","0","0","0","0","0","0","","0","0","0","15","1","0","00","0","40 06:41.400","","00","76 04:44.400","0","0","0","0","36415","0","0","0","N","0","0","0","1","36415","0","","4","09","N","N","0","","0","0","0","0","0","","1547","0","1","0","0","0","0","0","1","0","1","N","","","","","","","","","","","","07","  ","","",""
"1720","1","0","0","0","0","0","0","0","0","7","0","","36","06","2016","2016061252","5","40.0552","-76.2788","1717","08","0","0","0","0","0","0","0","0","2","0","0","0","17","1","0","00","1","40 03:18.800","3","00","76 16:43.700","0","0","0","0","36101","0","0","0","N","0","0","0","1","36101","0","","4","09","N","N","0","","0","0","0","0","0","N","1713","0","1","0","0","0","0","0","3","0","1","N","","","","","","","","","","","","03","  ","","",""
"1435","1","0","0","0","0","0","0","0","0","7","0","","36","06","2016","2016061254","2","40.0264","-76.3055","1434","08","0","0","0","0","0","0","0","0","","0","0","0","14","1","0","01","0","40 01:35.077","","00","76 18:19.941","0","0","0","0","36301","0","0","0","N","0","0","0","2","36301","0","","4","01","N","N","0","","0","0","0","0","0","","1433","0","1","0","0","0","0","0","3","0","1","N","","","","","","","","","","","","03","  ","","",""
"1803","1","0","0","0","0","0","0","0","0","1","0","","36","06","2016","2016061394","5","40.0318","-76.4751","1753","08","0","0","0","0","0","1","0","0","1","0","0","0","17","1","2","00","1","40 01:54.658","4","00","76 28:30.532","8","0","0","0","36239","0","0","0","N","0","0","0","3","36239","0","","1","01","N","N","0","","0","0","0","3","2","Y","1753","2","3","0","0","0","2","0","3","2","3","N","","","","","","","","","","","","03","  ","","",""
"2120","1","0","0","0","0","0","0","0","0","1","0","","36","06","2016","2016061423","5","40.0642","-76.4371","2116","08","0","1","0","0","0","1","0","0","2","0","0","0","21","3","1","00","2","40 03:51.285","6","00","76 26:13.382","8","0","0","0","36239","0","0","0","N","0","0","0","2","36239","0","","1","01","N","N","0","","0","0","1","0","0","Y","2116","1","2","0","0","0","1","0","3","0","2","N","","","","","","","","","","","","03","  ","","",""
"0833","2","0","0","0","0","0","0","0","0","4","0","","36","05","2016","2016061502","3","39.8565","-76.0774","0817","08","0","0","0","1","0","1","0","0","2","0","0","0","08","1","2","01","1","39 51:23.571","5","00","76 04:38.721","4","0","0","0","36205","0","0","0","","0","0","0","2","68J01","2","","1","01","N","N","0","","0","0","0","0","0","N","0807","2","2","0","0","0","0","0","1","0","2","N","","","","","","","","","","","","03","  ","","",""
"1922","0","0","0","0","0","0","0","0","0","0","0","","36","06","2016","2016061539","3","39.9035","-76.2959","1914","08","0","0","0","0","0","0","0","0","","0","0","0","19","1","1","00","0","39 54:12.630","","00","76 17:45.320","8","0","0","1","36224","0","0","0","","0","0","0","1","68J01","0","","2","01","N","N","0","","0","0","0","0","0","","1913","1","1","0","0","0","1","0","1","0","1","N","","","","","","","","","","","","03","  ","","",""
"1538","1","0","0","0","0","0","0","0","0","6","0","","36","06","2016","2016061546","5","40.2257","-76.1456","1532","08","0","0","0","0","0","0","0","1","2","0","0","0","15","1","3","00","2","40 13:32.640","5","00","76 08:44.329","2","0","1","1","36405","0","0","0","N","0","0","0","3","36210","1","","1","01","N","N","0","","0","1","0","0","0","Y","1530","3","2","0","0","0","1","0","1","0","2","N","","","","","","","","","","","","03","  ","","",""
"1740","3","0","0","0","0","0","0","0","0","1","0","","36","06","2016","2016061551","3","40.0966","-76.1062","1730","08","0","0","0","0","0","0","0","0","","0","0","0","17","1","0","01","0","40 05:47.922","","00","76 06:22.185","0","0","0","0","36415","0","0","0","N","0","0","0","4","36415","0","","1","01","N","N","0","","0","0","0","3","2","","1729","0","3","0","0","0","0","0","1","0","3","N","","","","","","","","","","","","03","  ","","",""
"1719","3","0","0","0","0","0","0","0","0","1","0","","36","06","2016","2016061562","3","40.0698","-76.314","1706","08","0","0","0","0","0","1","0","0","","0","0","0","16","1","0","00","0","40 04:11.393","","00","76 18:50.308","0","0","0","0","36101","0","0","0","N","0","0","0","3","36101","0","","1","01","N","N","0","","0","0","0","0","0","","1654","0","3","0","0","0","0","0","3","0","3","N","","","","","","","","","","","","03","  ","","",""
"0801","2","0","0","0","0","0","0","0","0","4","0","","36","06","2016","2016061570","5","40.1455","-76.6375","0752","08","0","0","0","0","0","0","1","0","2","0","0","0","07","1","1","02","2","40 08:43.820","6","00","76 38:15.037","8","0","0","0","36237","0","0","0","N","0","0","0","2","36505","0","","1","09","N","N","0","","0","0","0","3","3","Y","0750","1","2","0","0","0","1","0","1","0","2","N","","","","","","","","","","","","07","  ","","",""
"1009","0","0","0","0","0","0","0","0","0","4","1","","36","06","2016","2016061589","3","40.214","-76.1268","1005","08","0","0","0","0","0","1","1","0","1","0","1","0","10","1","1","00","1","40 12:50.387","3","07","76 07:36.509","3","0","0","0","36210","0","0","0","Y","0","0","0","3","36210","0","","1","01","N","N","0","","1","0","2","0","0","Y","1000","1","3","0","0","0","0","0","1","0","3","N","","","","","","","","","","","","03","  ","","",""
"1745","0","0","0","0","0","0","0","0","0","1","0","","36","06","2016","2016061617","3","40.0772","-76.3396","1739","08","0","0","0","0","0","0","0","0","1","0","0","0","17","1","2","00","1","40 04:38.047","3","00","76 20:22.696","4","0","0","0","36101","0","0","0","N","0","0","0","4","36101","2","","1","01","N","N","2","","0","0","1","0","0","N","1739","2","3","0","0","0","0","0","3","0","3","N","","","","","","","","","","","","03","  ","","",""
"0850","1","0","0","0","0","0","0","0","0","1","0","","36","06","2016","2016061633","6","40.0748","-76.3366","0842","08","0","0","0","0","0","2","0","0","1","0","0","0","08","1","1","06","1","40 04:27.673","2","02","76 20:10.949","4","0","0","0","36101","0","0","0","N","0","0","0","4","36101","1","","1","01","N","N","2","","0","0","0","3","4","N","0842","1","3","0","0","0","0","0","3","0","3","N","","","","","","","","","","","","03","  ","","",""
"0718","0","0","0","0","0","0","0","0","0","4","0","","36","06","2016","2016061655","6","40.1136","-76.2496","0711","08","0","0","0","0","0","0","0","0","2","0","0","0","07","1","1","03","1","40 06:48.809","3","00","76 14:58.642","3","0","0","0","36101","0","0","0","N","0","0","0","2","36101","0","","1","01","N","N","1","","1","0","1","0","0","N","0710","1","2","0","0","0","0","0","3","0","2","N","","","","","","","","","","","","03","  ","","",""
"1725","1","0","0","0","0","0","0","0","0","4","0","","36","06","2016","2016061674","2","40.012","-76.2263","1718","08","0","1","0","0","0","0","0","0","2","0","0","0","17","1","1","01","1","40 00:43.379","1","00","76 13:34.666","8","0","0","0","36240","0","0","0","N","0","0","0","7","36240","0","","1","01","N","N","0","","0","0","1","3","3","N","1713","1","2","0","0","0","1","0","1","0","2","N","","","","","","","","","","","","03","  ","","",""
"1550","0","0","0","0","0","0","0","0","0","7","0","","36","05","2016","2016061777","7","39.9601","-76.3332","1545","08","0","1","0","0","0","0","0","0","","0","0","0","15","1","0","02","0","39 57:36.536","","00","76 19:59.372","9","0","0","0","36206","0","0","0","N","0","0","0","1","36503","0","","5","09","N","N","1","","0","0","0","0","0","","1540","0","1","0","0","0","0","1","1","0","1","N","","","","","","","","","","","","07","  ","","",""
"0113","0","0","0","0","0","0","0","0","0","7","0","","36","06","2016","2016061785","6","40.0677","-76.07","0109","08","0","0","0","0","0","1","0","0","2","0","0","0","01","2","1","00","2","40 04:03.623","5","00","76 04:12.124","2","0","0","0","36209","0","0","0","N","0","0","0","3","36415","0","","4","01","N","N","0","","0","1","1","0","0","Y","0109","1","1","0","0","1","0","0","1","0","1","N","","","","","","","","","","","","03","  ","","",""
"1820","0","0","0","0","0","0","0","0","0","0","0","","36","06","2016","2016061788","1","40.2609","-76.1142","1816","08","0","0","0","0","0","0","0","0","1","0","0","0","18","1","1","01","1","40 15:39.287","3","00","76 06:50.953","3","0","0","1","36236","0","0","0","N","0","0","0","1","36408","0","","1","01","N","N","0","","1","0","0","3","3","N","1812","1","1","0","0","0","0","0","1","0","1","N","","","","","","","","","","","","03","  ","","",""
"1741","2","0","0","0","0","0","0","0","0","1","0","","36","06","2016","2016061792","6","40.2871","-76.195","1736","08","0","0","0","0","0","0","0","0","2","0","0","0","17","1","0","00","1","40 17:13.531","3","07","76 11:42.123","0","0","0","0","36236","0","0","0","N","0","0","0","2","36408","0","","1","01","N","N","0","","0","0","0","0","0","N","1732","0","2","0","0","0","0","0","1","0","2","N","","","","","","","","","","","","03","  ","","",""
"2330","0","0","0","0","0","0","0","0","0","8","0","","36","06","2016","2016061804","2","40.0374","-76.3034","2308","08","0","0","0","0","0","0","0","0","","0","0","0","23","3","1","01","0","40 02:14.588","","00","76 18:12.327","8","0","0","0","36301","1","0","0","N","1","0","0","2","36301","0","","1","01","N","N","0","","0","0","1","3","2","","2308","1","2","0","0","0","1","0","3","0","1","N","","","","","","","","","","","","03","  ","","",""