"ARRIVAL_TM","AUTOMOBILE_COUNT","BELTED_DEATH_COUNT","BELTED_SUSP_SERIOUS_INJ_COUNT","BICYCLE_COUNT","BICYCLE_DEATH_COUNT","BICYCLE_SUSP_SERIOUS_INJ_COUNT","BUS_COUNT","CHLDPAS_DEATH_COUNT","CHLDPAS_SUSP_SERIOUS_INJ_COUNT","COLLISION_TYPE","COMM_VEH_COUNT","CONS_ZONE_SPD_LIM","COUNTY","CRASH_MONTH","CRASH_YEAR","CRN","DAY_OF_WEEK","DEC_LAT","DEC_LONG","DISPATCH_TM","DISTRICT","DRIVER_COUNT_16YR","DRIVER_COUNT_17YR","DRIVER_COUNT_18YR","DRIVER_COUNT_19YR","DRIVER_COUNT_20YR","DRIVER_COUNT_50_64YR","DRIVER_COUNT_65_74YR","DRIVER_COUNT_75PLUS","EST_HRS_CLOSED","FATAL_COUNT","HEAVY_TRUCK_COUNT","HORSE_BUGGY_COUNT","HOUR_OF_DAY","ILLUMINATION","INJURY_COUNT","INTERSECT_TYPE","LANE_CLOSED","LATITUDE","LN_CLOSE_DIR","LOCATION_TYPE","LONGITUDE","MAX_SEVERITY_LEVEL","MCYCLE_DEATH_COUNT","MCYCLE_SUSP_SERIOUS_INJ_COUNT","MOTORCYCLE_COUNT","MUNICIPALITY","NONMOTR_COUNT","NONMOTR_DEATH_COUNT","NONMOTR_SUSP_SERIOUS_INJ_COUNT","NTFY_HIWY_MAINT","PED_COUNT","PED_DEATH_COUNT","PED_SUSP_SERIOUS_INJ_COUNT","PERSON_COUNT","POLICE_AGCY","POSSIBLE_INJ_COUNT","RDWY_SURF_TYPE_CD","RELATION_TO_ROAD","ROAD_CONDITION","SCH_BUS_IND","SCH_ZONE_IND","SMALL_TRUCK_COUNT","SPEC_JURIS_CD","SUSP_MINOR_INJ_COUNT","SUSP_SERIOUS_INJ_COUNT","SUV_COUNT","TCD_FUNC_CD","TCD_TYPE","TFC_DETOUR_IND","TIME_OF_DAY","TOT_INJ_COUNT","TOTAL_UNITS","UNB_DEATH_COUNT","UNB_SUSP_SERIOUS_INJ_COUNT","UNBELTED_OCC_COUNT","UNK_INJ_DEG_COUNT","UNK_INJ_PER_COUNT","URBAN_RURAL","VAN_COUNT","VEHICLE_COUNT","WORK_ZONE_IND","WORK_ZONE_LOC","WORK_ZONE_TYPE","WORKERS_PRES","WZ_CLOSE_DETOUR","WZ_FLAGGER","WZ_LAW_OFFCR_IND","WZ_LN_CLOSURE","WZ_MOVING","WZ_OTHER","WZ_SHLDER_MDN","ROADWAY_CLEARED","WEATHER1","WEATHER2","WZ_WORKERS_INJ_KILLED","SECONDARY_CRASH","INTERSECTION_RELATED"
"0223","2","0","0","0","0","0","0","0","0","7","0","","36","06","2016","2016061817","7","40.1628","-76.3968","0218","08","0","0","0","0","0","0","0","0","1","0","0","0","02","3","0","01","1","40 09:45.938","3","00","76 23:48.449","9","0","0","0","36410","0","0","0","N","0","0","0","1","36410","0","","3","01","N","N","0","","0","0","0","3","2","Y","0215","0","3","0","0","0","0","1","2","0","3","N","","","","","","","","","","","","03","  ","","",""
"1605","1","0","0","0","0","0","0","0","0","7","0","","36","06","2016","2016061822","6","40.0823","-76.3582","1558","08","0","0","0","0","0","1","0","0","2","0","0","0","15","1","1","00","1","40 04:56.247","4","00","76 21:29.405","3","0","0","0","36214","0","0","0","N","0","0","0","1","36214","0","","4","01","N","N","0","","1","0","0","0","0","N","1553","1","2","0","0","0","0","0","3","0","1","N","","","","","","","","","","","","03","  ","","",""
"0946","1","0","0","0","0","0","0","0","0","7","0","","36","06","2016","2016061831","1","40.2071","-76.4193","0941","08","0","0","0","0","0","0","0","1","1","0","0","0","09","1","0","00","1","40 12:25.458","5","00","76 25:09.495","0","0","0","0","36227","0","0","0","N","0","0","0","1","36506","0","","5","09","N","N","0","","0","0","0","0","0","N","0939","0","1","0","0","0","0","0","1","0","1","N","","","","","","","","","","","","07","  ","","",""
"1040","1","0","0","0","0","0","0","0","0","1","0","","36","06","2016","2016061832","2","40.1399","-76.3827","1025","08","0","0","0","0","0","0","0","0","","0","0","0","10","1","1","01","0","40 08:23.771","","00","76 22:57.704","8","0","0","0","36227","0","0","0","N","0","0","0","2","36506","0","","1","01","N","N","0","","0","0","1","3","2","","1025","1","2","0","0","0","1","0","1","0","2","N","","","","","","","","","","","","03","  ","","",""
"1415","0","0","0","0","0","0","0","0","0","4","0","","36","06","2016","2016061833","3","40.1968","-76.3373","1404","08","0","0","0","0","0","2","0","0","1","0","0","0","14","1","1","00","2","40 11:48.328","4","00","76 20:14.101","8","0","0","0","36227","0","0","0","N","0","0","0","3","36506","0","","1","01","N","N","0","","0","0","1","0","0","Y","1404","1","2","0","0","0","1","0","1","0","2","N","","","","","","","","","","","","03","  ","","",""
"0848","2","0","0","0","0","0","0","0","0","5","0","","36","06","2016","2016061888","3","40.0468","-76.3053","0838","08","0","0","0","0","0","0","0","0","","0","0","0","08","1","1","00","0","40 02:48.596","","00","76 18:19.129","4","0","0","1","36301","0","0","0","N","0","0","0","2","36301","1","","1","01","N","N","0","","0","0","0","0","0","","0836","1","3","0","0","0","0","0","3","0","3","N","","","","","","","","","","","","03","  ","","",""
"0855","0","0","0","0","0","0","0","0","0","6","0","","36","06","2016","2016061917","2","40.066","-76.2086","0853","08","0","0","0","0","0","1","0","0","2","0","0","0","08","1","3","00","1","40 03:57.687","2","00","76 12:30.862","8","0","0","0","36234","0","0","0","N","0","0","0","3","36215","0","","1","01","N","N","1","","0","0","1","0","0","N","0853","3","2","0","0","0","3","0","1","0","2","N","","","","","","","","","","","","03","  ","","",""
"0935","2","0","0","0","0","0","0","0","0","4","0","","36","06","2016","2016061918","3","40.0328","-76.2431","0933","08","0","0","0","0","0","0","0","1","1","0","0","0","09","1","1","02","1","40 01:57.652","3","02","76 14:34.925","3","0","0","0","36215","0","0","0","N","0","0","0","2","36215","0","","1","01","N","N","0","","1","0","0","3","2","N","0930","1","2","0","0","0","0","0","1","0","2","N","","","","","","","","","","","","03","  ","","",""
"1503","2","0","0","0","0","0","0","0","0","1","0","","36","06","2016","2016061925","6","40.0699","-76.3147","1500","08","0","0","0","0","0","2","0","0","","0","0","0","14","1","1","00","0","40 04:11.756","","00","76 18:52.844","4","0","0","0","36101","0","0","0","N","0","0","0","3","36101","1","","1","01","N","N","0","","0","0","0","0","0","","1456","1","2","0","0","0","0","0","3","0","2","N","","","","","","","","","","","","03","  ","","",""
"1356","0","0","0","0","0","0","0","0","0","7","0","","36","05","2016","2016061927","1","40.1408","-76.6771","1349","08","0","0","1","0","0","0","0","0","","0","0","0","13","1","1","00","0","40 08:26.865","","00","76 40:37.550","8","0","0","0","36207","0","0","0","N","0","0","0","1","36504","0","","4","09","N","N","0","","0","0","1","0","0","","1345","1","1","0","0","0","1","0","1","0","1","N","","","","","","","","","","","","07","  ","","",""
"0741","0","0","0","0","0","0","0","0","0","4","0","","36","06","2016","2016061941","3","40.0792","-76.3465","0735","08","0","0","0","0","0","0","0","0","2","1","0","0","07","1","0","02","2","40 04:45.132","3","02","76 20:47.361","1","1","0","1","36101","0","0","0","N","0","0","0","3","36101","0","2","1","01","N","N","0","0","0","0","0","0","0","Y","0733","0","2","0","0","0","0","0","3","1","2","N","","","","","","","","","","","","03","  ","","",""
"1247","0","0","0","0","0","0","0","0","0","4","0","","36","06","2016","2016061951","2","40.0195","-76.1974","1228","08","0","0","0","0","0","0","1","1","","0","0","0","12","1","0","02","0","40 01:10.196","","07","76 11:50.481","0","0","0","0","36215","0","0","0","N","0","0","0","4","36215","0","","1","01","N","N","1","","0","0","1","3","3","","1228","0","2","0","0","0","0","0","1","0","2","N","","","","","","","","","","","","03","  ","","",""
"0713","2","0","0","0","0","0","0","0","0","1","0","","36","06","2016","2016061955","7","40.1453","-76.1895","0705","08","0","0","0","0","0","1","0","0","","0","0","0","07","1","0","00","0","40 08:43.005","","00","76 11:22.312","0","0","0","0","36238","0","0","0","N","0","0","0","7","36238","0","","1","01","N","N","0","","0","0","0","0","0","","0700","0","2","0","0","0","0","0","3","0","2","N","","","","","","","","","","","","03","  ","","",""
"1502","1","0","1","0","0","0","0","0","0","4","0","","36","06","2016","2016061962","2","40.0268","-76.2173","1459","08","0","0","0","0","0","0","1","0","2","0","0","0","14","1","1","00","2","40 01:36.601","4","07","76 13:02.170","2","0","0","0","36215","0","0","0","N","0","0","0","3","36215","0","","1","01","N","N","1","","0","1","0","3","2","N","1459","1","2","0","0","0","0","0","1","0","2","N","","","","","","","","","","","","03","  ","","",""
"0931","1","0","0","0","0","0","0","0","0","7","0","","36","06","2016","2016061966","7","40.2196","-76.0764","0928","08","0","0","0","0","0","0","0","0","","0","0","0","09","1","0","00","0","40 13:10.453","","00","76 04:35.160","0","0","0","0","36210","0","0","0","N","0","0","0","1","36210","0","","4","01","N","N","0","","0","0","0","0","0","","0926","0","1","0","0","0","0","0","1","0","1","N","","","","","","","","","","","","03","  ","","",""
"1550","1","0","0","0","0","0","0","0","0","4","0","","36","06","2016","2016061968","4","40.1377","-76.3824","1544","08","0","0","0","0","0","0","0","0","1","0","0","0","15","1","3","00","2","40 08:15.596","5","00","76 22:56.760","4","0","0","0","36227","0","0","0","N","0","0","0","3","36506","1","","1","01","N","N","0","","0","0","0","0","0","N","1542","3","2","0","0","0","2","0","1","1","2","N","","","","","","","","","","","","03","  ","","",""
"1223","2","0","0","0","0","0","0","0","0","1","0","","36","06","2016","2016062028","7","40.1117","-76.2831","1216","08","0","0","0","0","1","0","1","0","","0","0","0","12","1","1","00","0","40 06:42.091","","00","76 16:59.332","3","0","0","0","36101","0","0","0","N","0","0","0","3","36101","0","","1","01","N","N","0","","1","0","0","0","0","","1205","1","2","0","0","0","0","0","3","0","2","N","","","","","","","","","","","","03","  ","","",""
"1827","1","0","0","0","0","0","0","0","0","4","0","","36","06","2016","2016062034","5","40.1489","-76.3808","1803","08","0","0","0","0","0","0","0","0","","0","0","0","18","1","0","00","0","40 08:56.138","","00","76 22:50.909","0","0","0","0","36227","0","0","0","N","0","0","0","2","36506","0","","1","01","N","N","0","","0","0","1","0","0","","1803","0","2","0","0","0","0","0","1","0","2","N","","","","","","","","","","","","03","  ","","",""
"1104","0","0","0","0","0","0","0","0","0","4","0","","36","06","2016","2016062035","6","40.2314","-76.2298","1051","08","0","1","0","0","0","0","0","0","2","0","0","0","10","1","0","02","2","40 13:52.996","5","00","76 13:47.299","0","0","0","0","36204","0","0","0","N","0","0","0","2","36506","0","","1","01","N","N","0","","0","0","2","3","3","Y","1051","0","2","0","0","0","0","0","1","0","2","N","","","","","","","","","","","","03","  ","","",""
"2149","2","0","0","0","0","0","0","0","0","1","0","","36","06","2016","2016062087","2","40.0513","-76.3956","2146","08","0","0","0","0","0","0","1","0","","0","0","0","21","3","1","02","0","40 03:04.757","","00","76 23:44.092","4","0","0","0","36214","0","0","0","","0","0","0","2","36214","1","","1","01","N","N","0","","0","0","0","3","2","","2145","1","2","0","0","0","0","0","3","0","2","N","","","","","","","","","","","","03","  ","","",""
"0834","0","0","0","0","0","0","0","0","0","0","0","","36","06","2016","2016062156","1","40.0942","-76.2854","0830","08","0","0","0","0","0","0","0","0","2","0","0","0","08","1","2","02","1","40 05:38.986","4","00","76 17:07.606","3","0","0","1","36101","0","0","0","N","0","0","0","2","36101","0","","1","01","N","N","0","","1","0","0","0","0","N","0829","2","2","0","0","0","1","0","3","0","1","N","","","","","","","","","","","","03","  ","","",""
"0955","1","0","0","0","0","0","0","0","0","1","0","","36","06","2016","2016062160","1","40.1795","-76.6004","0948","08","0","0","0","0","0","0","0","0","","0","0","0","09","1","0","07","0","40 10:46.176","","02","76 36:01.501","0","0","0","0","36225","0","0","0","N","0","0","0","2","36505","0","","1","01","N","N","0","","0","0","1","3","4","","0946","0","2","0","0","0","0","0","2","0","2","N","","","","","","","","","","","","03","  ","","",""
"0646","0","0","0","0","0","0","0","0","0","7","0","","36","06","2016","2016062165","7","40.056","-76.2837","0643","08","0","0","0","0","0","0","0","0","","0","0","0","06","1","1","00","0","40 03:21.463","","00","76 17:01.384","8","0","0","0","36301","0","0","0","N","0","0","0","1","36301","0","","2","01","N","N","1","","0","0","0","0","0","","0642","1","1","0","0","1","1","0","3","0","1","N","","","","","","","","","","","","03","  ","","",""
"0853","1","0","0","0","0","0","0","0","0","4","0","","36","06","2016","2016062177","7","40.0916","-76.1295","0846","08","0","0","0","0","0","1","1","0","2","0","0","0","08","1","1","02","1","40 05:29.605","7","00","76 07:46.311","8","0","0","0","36209","0","0","0","N","0","0","0","3","36415","0","","1","01","N","N","0","","0","0","1","3","3","Y","0846","1","2","0","0","0","1","0","1","0","2","N","","","","","","","","","","","","03","  ","","",""
"1239","0","0","0","0","0","0","0","0","0","1","0","","36","06","2016","2016062191","1","40.172","-76.1709","1237","08","0","0","0","0","0","0","0","0","","0","0","0","12","1","1","02","0","40 10:19.280","","00","76 10:15.345","8","0","0","1","36408","0","0","0","N","0","0","0","2","36408","0","","1","01","N","N","0","","0","0","1","0","0","","1237","1","2","0","0","0","1","0","2","0","2","N","","","","","","","","","","","","03","  ","","",""
"1519","0","0","0","0","0","0","0","0","0","4","0","","36","06","2016","2016062202","1","40.1818","-76.4945","1513","08","0","0","0","0","0","1","1","0","2","0","0","0","15","1","0","01","1","40 10:54.338","3","00","76 29:40.023","0","0","0","0","36230","0","0","0","N","0","0","0","2","36410","0","","1","01","N","N","0","","0","0","2","3","3","N","1510","0","2","0","0","1","0","0","1","0","2","N","","","","","","","","","","","","03","  ","","",""
"1655","1","0","0","0","0","0","0","0","0","1","0","","36","06","2016","2016062238","7","40.136","-76.3037","1645","08","0","0","0","0","0","0","0","0","","0","0","0","16","1","0","00","0","40 08:09.506","","00","76 18:13.490","0","0","0","0","36235","0","0","0","N","0","0","0","6","36506","0","","1","01","N","N","0","","0","0","1","0","0","","1645","0","2","0","0","0","0","0","1","0","2","N","","","","","","","","","","","","03","  ","","",""
"1646","1","0","0","0","0","0","0","0","0","5","0","","36","05","2016","2016062324","6","40.1584","-76.3011","1645","08","0","0","0","0","0","0","1","0","3","0","0","0","16","1","0","00","1","40 09:30.087","5","00","76 18:03.875","0","0","0","0","36409","0","0","0","N","0","0","0","1","36409","0","","4","01","N","N","0","","0","0","1","0","0","N","1642","0","2","0","0","0","0","0","3","0","2","N","","","","","","","","","","","","03","  ","","",""
"0516","1","0","0","0","0","0","0","0","0","4","0","","36","06","2016","2016062337","3","40.037","-76.3147","0513","08","0","0","0","1","0","0","1","0","","0","0","0","05","5","0","01","0","40 02:13.183","","00","76 18:53.043","0","0","0","0","36301","0","0","0","N","0","0","0","2","36301","0","","1","01","N","N","0","","0","0","1","3","3","","0510","0","2","0","0","0","0","0","3","0","2","N","","","","","","","","","","","","03","  ","","",""
"1930","1","0","0","0","0","0","0","0","0","2","0","","36","06","2016","2016062390","6","40.1579","-76.6644","1917","08","0","0","0","1","0","0","0","0","2","0","0","0","19","1","1","03","1","40 09:28.491","1","00","76 39:51.897","8","0","0","0","36237","0","0","0","N","0","0","0","2","36505","0","","1","01","N","N","0","","0","0","1","3","3","N","1913","1","2","0","0","0","1","0","1","0","2","N","","","","","","","","","","","","03","  ","","",""
"2306","0","0","0","0","0","0","0","0","0","4","0","","36","06","2016","2016062391","3","40.0515","-76.3039","2303","08","0","0","0","0","0","1","0","0","1","0","0","0","23","3","1","01","1","40 03:05.573","3","00","76 18:13.945","3","0","0","0","36301","0","0","0","N","0","0","0","2","36301","0","","1","01","N","N","0","","1","0","1","3","2","N","2303","1","2","0","0","0","0","0","3","1","2","N","","","","","","","","","","","","03","  ","","",""
"0608","1","0","0","0","0","0","0","0","0","7","0","","36","06","2016","2016062432","5","40.0705","-76.3177","0601","08","0","0","0","0","0","0","0","0","2","0","0","0","05","5","0","00","1","40 04:13.962","4","00","76 19:03.861","0","0","0","0","36101","0","0","0","N","0","0","0","1","36101","0","","2","09","N","N","0","","0","0","0","0","0","N","0558","0","1","0","0","1","0","0","3","0","1","N","","","","","","","","","","","","07","  ","","",""
"1803","1","0","0","0","0","0","0","0","0","1","0","90","36","06","2016","2016062444","5","40.052","-76.3249","1753","08","0","0","1","0","0","1","0","0","","0","0","0","17","1","1","00","0","40 03:07.100","","00","76 19:29.600","4","0","0","0","36101","0","0","0","N","0","0","0","4","36101","1","","1","09","N","N","0","","0","0","2","0","0","","1749","1","3","0","0","0","0","0","3","0","3","Y","5","1","N","","","N","","","","","","07","  ","","",""
"2325","0","0","0","0","0","0","0","0","0","7","0","","36","06","2016","2016062453","4","40.0681","-76.2958","2324","08","0","0","0","0","0","0","0","0","3","0","0","0","23","3","1","00","1","40 04:05.049","4","00","76 17:45.045","3","0","0","0","36101","0","0","0","Y","0","0","0","1","36101","0","","2","01","N","N","1","","1","0","0","0","0","N","2321","1","1","0","0","0","0","0","3","0","1","N","","","","","","","","","","","","03","  ","","",""
"0757","0","0","0","0","0","0","0","0","0","0","1","","36","06","2016","2016062476","4","40.0761","-76.3409","0754","08","0","0","0","0","0","0","0","0","","0","1","0","07","1","1","00","0","40 04:33.800","","00","76 20:27.400","4","0","0","0","36101","0","0","0","N","0","0","0","1","36101","1","","4","01","N","N","0","","0","0","0","0","0","","0753","1","1","0","0","0","0","0","3","0","1","N","","","","","","","","","","","","03","  ","","",""
"1341","1","0","0","0","0","0","0","0","0","0","0","","36","05","2016","2016062507","1","40.119","-76.0755","1338","08","0","0","0","0","0","0","0","0","1","0","0","0","13","1","0","00","1","40 07:08.443","3","00","76 04:31.951","0","0","0","0","36209","0","0","0","N","0","0","0","1","36415","0","","1","01","N","N","0","","0","0","0","0","0","N","1337","0","1","0","0","0","0","0","1","0","1","N","","","","","","","","","","","","03","  ","","",""
"1827","0","0","0","0","0","0","0","0","0","7","0","","36","06","2016","2016062746","7","40.0424","-76.3637","1819","08","0","0","0","0","0","0","0","0","1","0","0","0","18","1","1","00","1","40 02:32.688","2","00","76 21:49.353","4","0","0","1","36214","0","0","0","","0","0","0","1","36214","1","","4","01","N","N","0","","0","0","0","0","0","Y","1818","1","1","0","0","0","0","0","3","0","1","N","","","","","","","","","","","","03","  ","","",""
"0856","1","0","0","0","0","0","0","0","0","6","0","","36","06","2016","2016062821","7","39.8657","-76.1103","0847","08","0","0","0","0","0","0","1","0","1","0","0","0","08","1","0","00","1","39 51:56.492","1","00","76 06:37.068","0","0","0","0","36205","0","0","0","","0","0","0","2","68J01","0","","1","01","N","N","1","","0","0","0","0","0","N","0843","0","2","0","0","0","0","0","1","0","2","N","","","","","","","","","","","","03","  ","","",""
"1256","1","0","0","0","0","0","0","0","0","4","0","","36","06","2016","2016062822","7","39.9251","-76.0681","1248","08","0","0","0","0","0","0","0","0","1","0","0","0","12","1","0","01","1","39 55:30.261","1","00","76 04:05.138","0","0","0","0","36201","0","0","0","","0","0","0","3","68J01","0","","1","01","N","N","0","","0","0","1","3","1","N","1244","0","2","0","0","0","0","0","1","0","2","N","","","","","","","","","","","","03","  ","","",""
"0823","1","0","0","0","0","0","0","0","0","7","0","","36","06","2016","2016062862","2","40.0779","-76.3411","0819","08","0","0","0","0","0","0","0","0","1","0","0","0","08","1","0","00","1","40 04:40.395","3","00","76 20:27.892","0","0","0","0","36101","0","0","0","N","0","0","0","1","36101","0","","3","01","N","N","0","","0","0","0","0","0","N","0816","0","1","0","0","0","0","0","3","0","1","N","","","","","","","","","","","","03","  ","","",""
"2205","1","0","0","0","0","0","0","0","0","4","0","","36","06","2016","2016062873","2","40.0691","-76.3569","2202","08","0","0","0","0","0","0","0","0","2","0","0","0","21","3","1","01","1","40 04:08.816","7","00","76 21:24.786","2","0","0","0","36214","0","0","0","N","0","0","0","4","36214","0","","1","01","N","N","0","","0","1","1","3","2","N","2158","1","2","0","1","1","0","0","3","0","2","N","","","","","","","","","","","","03","  ","","",""
"2241","1","0","0","0","0","0","0","0","0","7","0","","36","06","2016","2016062877","2","40.2136","-76.1508","2241","08","0","0","0","0","0","0","0","0","","0","0","0","22","2","0","00","0","40 12:49.120","","00","76 09:02.986","0","0","0","0","36210","0","0","0","N","0","0","0","1","36210","0","","4","01","N","N","0","","0","0","0","0","0","","2241","0","1","0","0","0","0","0","1","0","1","N","","","","","","","","","","","","03","  ","","",""
"1727","1","0","0","0","0","0","0","0","0","1","0","","36","06","2016","2016062899","4","40.0999","-76.3559","1723","08","0","0","0","0","0","0","1","0","","0","0","0","17","1","0","00","0","40 05:59.463","","00","76 21:21.300","0","0","0","0","36406","0","0","0","N","0","0","0","2","36101","0","","1","01","N","N","1","","0","0","0","0","0","","1721","0","2","0","0","0","0","0","3","0","2","N","","","","","","","","","","","","03","  ","","",""
"1252","1","0","0","0","0","0","0","0","0","7","0","","36","06","2016","2016062910","7","40.0268","-76.4973","1251","08","0","0","0","0","1","0","0","0","1","0","0","0","12","1","0","10","1","40 01:36.530","1","00","76 29:50.143","0","0","0","0","36404","0","0","0","","0","0","0","1","36404","0","","2","01","N","N","0","","0","0","0","0","0","N","1248","0","1","0","0","0","0","0","3","0","1","N","","","","","","","","","","","","03","  ","","",""
"0740","0","0","0","1","0","0","0","0","0","8","0","","36","06","2016","2016062980","1","40.0346","-76.2956","0740","08","0","0","0","0","0","0","0","0","","0","0","0","18","4","1","00","0","40 02:04.700","","00","76 17:44.200","4","0","0","0","36301","1","0","0","N","0","0","0","3","36301","1","","1","01","N","N","0","","0","0","1","0","0","","1830","1","2","0","0","0","0","0","3","0","1","N","","","","","","","","","","","","03","  ","","",""
"1829","2","0","0","0","0","0","0","0","0","4","0","","36","06","2016","2016062988","5","40.0392","-76.4285","1825","08","0","1","0","0","0","0","0","0","1","0","0","0","18","1","2","05","2","40 02:21.024","7","00","76 25:42.584","3","0","0","0","36414","0","0","0","N","0","0","0","4","36239","0","","1","09","N","N","0","","1","0","0","3","2","Y","1824","2","2","0","0","0","1","0","3","0","2","N","","","","","","","","","","","","07","  ","","",""
"1020","0","0","0","0","0","0","0","0","0","0","0","45","36","06","2016","2016063012","7","40.0516","-76.5167","1008","08","0","0","0","0","0","1","0","0","1","0","0","0","10","1","1","00","2","40 03:05.677","5","07","76 31:00.259","2","0","1","1","36239","0","0","0","N","0","0","0","1","36239","0","","1","01","N","N","0","","0","1","0","0","0","N","1008","1","2","0","0","0","0","0","3","0","1","Y","3","1","N","","","N","","","Y","","","03","  ","","",""
"1136","0","0","0","0","0","0","0","0","0","4","0","","36","06","2016","2016063063","3","39.9916","-76.3637","1128","08","0","0","0","0","0","1","1","0","1","0","0","0","11","1","1","00","2","39 59:29.582","3","00","76 21:49.338","8","0","0","1","36223","0","0","0","N","0","0","0","3","36223","0","","1","01","N","N","0","","0","0","1","0","0","Y","1126","1","2","0","0","0","1","0","1","0","2","N","","","","","","","","","","","","03","  ","","",""
"1208","0","0","0","0","0","0","0","0","0","1","1","","36","06","2016","2016063065","3","40.2171","-76.091","1205","08","0","0","0","0","0","1","0","0","1","0","1","0","12","1","0","01","1","40 13:01.736","3","00","76 05:27.697","0","0","0","0","36210","0","0","0","N","0","0","0","2","36210","0","","1","01","N","N","1","","0","0","0","3","2","N","1202","0","2","0","0","0","0","0","1","0","2","N","","","","","","","","","","","","03","  ","","",""
"1400","2","0","0","0","0","0","0","0","0","1","0","","36","06","2016","2016063070","3","40.084","-76.3432","1357","08","0","0","0","0","0","0","0","1","","0","0","0","13","1","1","00","0","40 05:02.376","","00","76 20:35.519","3","0","0","0","36101","0","0","0","N","0","0","0","2","36101","0","","1","01","N","N","0","","1","0","0","0","0","","1353","1","2","0","0","0","0","0","3","0","2","N","","","","","","","","","","","","03","  ","","",""
"0747","2","0","0","0","0","0","0","0","0","1","0","","36","06","2016","2016063080","2","40.0987","-76.1977","0743","08","0","0","0","0","0","0","0","0","","0","0","0","07","1","0","02","0","40 05:55.339","","00","76 11:51.569","0","0","0","0","36234","0","0","0","N","0","0","0","2","36215","0","","1","01","N","N","0","","0","0","0","0","0","","0740","0","2","0","0","0","0","0","1","0","2","N","","","","","","","","","","","","03","  ","","",""
"1710","0","0","0","0","0","0","0","0","0","4","0","","36","06","2016","2016063134","3","40.1556","-76.6086","1708","08","1","0","0","0","0","0","0","0","2","0","0","0","17","1","1","01","1","40 09:20.029","1","00","76 36:31.081","3","0","0","0","36407","0","0","0","N","0","0","0","4","36407","0","","1","01","N","N","2","","1","0","0","0","0","N","1706","1","2","0","0","0","0","0","2","0","2","N","","","","","","","","","","","","03","  ","","",""
"1522","1","0","0","0","0","0","0","0","0","1","0","","36","06","2016","2016063136","4","40.0216","-76.3792","1517","08","0","0","0","0","0","0","0","0","1","0","0","0","15","1","0","00","2","40 01:17.860","3","00","76 22:44.960","0","0","0","0","36223","0","0","0","","0","0","0","3","36223","0","","1","01","N","N","1","","0","0","0","0","0","N","1516","0","2","0","0","0","0","0","1","0","2","N","","","","","","","","","","","","03","  ","","",""
"1730","0","0","0","0","0","0","0","0","0","4","0","","36","06","2016","2016063179","5","40.0186","-76.0638","1726","08","0","0","0","0","0","1","0","0","","0","0","0","17","1","1","02","0","40 01:07.020","","00","76 03:49.852","4","0","0","0","36221","0","0","0","","0","0","0","2","68J01","1","","1","01","N","N","0","","0","0","1","3","3","","1726","1","2","0","0","0","0","0","1","1","2","N","","","","","","","","","","","","03","  ","","",""
"0340","1","0","0","0","0","0","0","0","0","7","0","","36","06","2016","2016063262","6","40.0573","-76.2799","0312","08","0","0","0","0","0","0","0","0","2","0","0","0","03","2","1","00","2","40 03:26.322","6","00","76 16:47.781","8","0","0","0","36301","0","0","0","N","0","0","0","2","36301","0","","4","01","N","N","0","","0","0","0","0","0","N","0312","1","1","0","0","0","1","1","3","0","1","N","","","","","","","","","","","","03","  ","","",""
"1936","1","0","0","0","0","0","0","0","0","4","0","","36","06","2016","2016063265","4","40.0384","-76.2949","1932","08","0","0","0","0","0","0","0","0","2","0","0","0","19","1","1","01","2","40 02:18.142","1","00","76 17:41.647","3","0","0","0","36301","0","0","0","N","0","0","0","2","36301","0","","1","01","N","N","0","","1","0","0","0","0","N","1932","1","2","0","0","0","0","0","3","1","2","N","","","","","","","","","","","","03","  ","","",""
"1828","0","0","0","0","0","0","0","0","0","7","0","","36","06","2016","2016063270","2","40.2082","-76.164","1824","08","0","0","0","0","0","0","0","0","1","0","0","0","18","1","1","02","2","40 12:29.600","5","00","76 09:50.315","3","0","0","1","36218","0","0","0","N","0","0","0","1","36408","0","","4","01","N","N","0","","1","0","0","0","0","Y","1822","1","1","0","0","0","0","0","1","0","1","N","","","","","","","","","","","","03","  ","","",""
"0300","1","0","0","0","0","0","0","0","0","5","0","","36","06","2016","2016063280","2","40.0586","-76.5403","0300","08","0","0","0","0","0","0","0","0","3","0","0","0","02","3","0","00","1","40 03:31.100","4","00","76 32:24.900","0","0","0","0","36411","0","0","0","N","0","0","0","1","36504","0","","1","01","N","N","0","","0","0","0","0","0","N","0210","0","2","0","0","1","0","0","1","1","2","N","","","","","","","","","","","","03","  ","","",""
"0650","2","0","0","0","0","0","0","0","0","4","0","","36","06","2016","2016063295","4","40.0402","-76.3299","0648","08","0","0","0","0","0","0","0","0","2","0","0","0","06","1","0","01","1","40 02:24.892","1","00","76 19:47.546","0","0","0","0","36220","0","0","0","N","0","0","0","2","36101","0","","1","01","N","N","0","","0","0","0","3","3","N","0646","0","2","0","0","0","0","0","3","0","2","N","","","","","","","","","","","","03","  ","","",""
"0905","1","0","0","0","0","0","0","0","0","7","0","","36","06","2016","2016063326","5","40.2378","-76.1305","0856","08","0","0","0","0","0","0","0","0","","0","0","0","08","1","0","00","0","40 14:14.991","","00","76 07:49.133","0","0","0","0","36210","0","0","0","","0","0","0","1","68T06","0","","4","09","N","N","0","","0","0","0","0","0","","0856","0","1","0","0","0","0","0","1","0","1","N","","","","","","","","","","","","07","  ","","",""