"ARRIVAL_TM","AUTOMOBILE_COUNT","BELTED_DEATH_COUNT","BELTED_SUSP_SERIOUS_INJ_COUNT","BICYCLE_COUNT","BICYCLE_DEATH_COUNT","BICYCLE_SUSP_SERIOUS_INJ_COUNT","BUS_COUNT","CHLDPAS_DEATH_COUNT","CHLDPAS_SUSP_SERIOUS_INJ_COUNT","COLLISION_TYPE","COMM_VEH_COUNT","CONS_ZONE_SPD_LIM","COUNTY","CRASH_MONTH","CRASH_YEAR","CRN","DAY_OF_WEEK","DEC_LAT","DEC_LONG","DISPATCH_TM","DISTRICT","DRIVER_COUNT_16YR","DRIVER_COUNT_17YR","DRIVER_COUNT_18YR","DRIVER_COUNT_19YR","DRIVER_COUNT_20YR","DRIVER_COUNT_50_64YR","DRIVER_COUNT_65_74YR","DRIVER_COUNT_75PLUS","EST_HRS_CLOSED","FATAL_COUNT","HEAVY_TRUCK_COUNT","HORSE_BUGGY_COUNT","HOUR_OF_DAY","ILLUMINATION","INJURY_COUNT","INTERSECT_TYPE","LANE_CLOSED","LATITUDE","LN_CLOSE_DIR","LOCATION_TYPE","LONGITUDE","MAX_SEVERITY_LEVEL","MCYCLE_DEATH_COUNT","MCYCLE_SUSP_SERIOUS_INJ_COUNT","MOTORCYCLE_COUNT","MUNICIPALITY","NONMOTR_COUNT","NONMOTR_DEATH_COUNT","NONMOTR_SUSP_SERIOUS_INJ_COUNT","NTFY_HIWY_MAINT","PED_COUNT","PED_DEATH_COUNT","PED_SUSP_SERIOUS_INJ_COUNT","PERSON_COUNT","POLICE_AGCY","POSSIBLE_INJ_COUNT","RDWY_SURF_TYPE_CD","RELATION_TO_ROAD","ROAD_CONDITION","SCH_BUS_IND","SCH_ZONE_IND","SMALL_TRUCK_COUNT","SPEC_JURIS_CD","SUSP_MINOR_INJ_COUNT","SUSP_SERIOUS_INJ_COUNT","SUV_COUNT","TCD_FUNC_CD","TCD_TYPE","TFC_DETOUR_IND","TIME_OF_DAY","TOT_INJ_COUNT","TOTAL_UNITS","UNB_DEATH_COUNT","UNB_SUSP_SERIOUS_INJ_COUNT","UNBELTED_OCC_COUNT","UNK_INJ_DEG_COUNT","UNK_INJ_PER_COUNT","URBAN_RURAL","VAN_COUNT","VEHICLE_COUNT","WORK_ZONE_IND","WORK_ZONE_LOC","WORK_ZONE_TYPE","WORKERS_PRES","WZ_CLOSE_DETOUR","WZ_FLAGGER","WZ_LAW_OFFCR_IND","WZ_LN_CLOSURE","WZ_MOVING","WZ_OTHER","WZ_SHLDER_MDN","ROADWAY_CLEARED","WEATHER1","WEATHER2","WZ_WORKERS_INJ_KILLED","SECONDARY_CRASH","INTERSECTION_RELATED"
"0125","1","0","0","0","0","0","0","0","0","9","0","","36","06","2016","2016063345","4","40.2286","-76.3582","0110","08","0","0","0","0","0","1","0","0","","0","0","0","01","2","0","00","0","40 13:42.668","","00","76 21:32.560","0","0","0","0","36227","0","0","0","","0","0","0","1","68T06","0","","1","01","N","N","0","","0","0","0","0","0","","0109","0","1","0","0","0","0","0","1","0","1","N","","","","","","","","","","","","03","  ","","",""
"0300","1","0","0","0","0","0","0","0","0","9","0","","36","06","2016","2016063347","1","40.2127","-76.0565","0202","08","0","0","0","0","0","0","0","0","","0","0","0","02","2","0","00","0","40 12:45.851","","00","76 03:23.521","0","0","0","0","36202","0","0","0","","0","0","0","2","68T06","0","","1","01","N","N","0","","0","0","0","0","0","","0201","0","1","0","0","0","0","0","1","0","1","N","","","","","","","","","","","","03","  ","","",""
"0608","0","0","0","0","0","0","0","0","0","4","0","","36","06","2016","2016063357","3","40.0442","-76.2921","0605","08","0","0","0","1","0","0","1","0","2","0","0","0","06","1","0","01","2","40 02:39.012","4","00","76 17:31.596","0","0","0","0","36301","0","0","0","N","0","0","0","2","36301","0","","1","01","N","N","1","","0","0","0","3","2","Y","0604","0","2","0","0","0","0","0","3","1","2","N","","","","","","","","","","","","03","  ","","",""
"0950","1","0","0","0","0","0","0","0","0","1","0","","36","06","2016","2016063369","3","40.1654","-76.1593","0947","08","0","0","0","0","0","1","0","0","","0","0","0","09","1","1","00","0","40 09:55.368","","00","76 09:33.450","4","0","0","0","36218","0","0","0","N","0","0","0","3","36408","1","","1","01","N","N","1","","0","0","0","0","0","","0947","1","3","0","0","0","0","0","1","1","3","N","","","","","","","","","","","","03","  ","","",""
"0927","1","0","0","0","0","0","0","0","0","1","0","","36","06","2016","2016063396","4","40.203","-76.1574","0925","08","0","0","0","0","0","2","0","0","1","0","0","0","09","1","0","01","2","40 12:10.779","1","00","76 09:26.525","0","0","0","0","36218","0","0","0","N","0","0","0","5","36408","0","","1","01","N","N","0","","0","0","2","3","2","N","0920","0","3","0","0","0","0","0","1","0","3","N","","","","","","","","","","","","03","  ","","",""
"0242","1","0","0","0","0","0","0","0","0","7","0","","36","06","2016","2016063409","5","40.0248","-76.2048","0242","08","0","0","0","0","0","0","0","0","","0","0","0","02","3","0","02","0","40 01:29.358","","00","76 12:17.190","0","0","0","0","36215","0","0","0","N","0","0","0","1","36215","0","","2","09","N","N","0","","0","0","0","3","2","","0242","0","1","0","0","0","0","0","1","0","1","N","","","","","","","","","","","","03","  ","","",""
"1715","1","0","0","0","0","0","0","0","0","1","0","","36","06","2016","2016063502","3","40.0374","-76.3111","1703","08","0","0","0","0","0","0","1","0","1","0","0","0","17","1","0","00","1","40 02:14.549","3","00","76 18:40.135","0","0","0","0","36301","0","0","0","N","0","0","0","3","36301","0","","1","01","N","N","0","","0","0","1","0","0","N","1701","0","2","0","0","0","0","0","3","0","2","N","","","","","","","","","","","","03","  ","","",""
"1812","1","0","0","0","0","0","0","0","0","6","0","","36","06","2016","2016063613","4","40.1553","-76.1039","1801","08","0","1","0","0","0","0","0","0","","0","0","0","18","1","0","00","0","40 09:19.165","","00","76 06:14.041","0","0","0","0","36209","0","0","0","N","0","0","0","2","36415","0","","1","01","N","N","1","","0","0","0","0","0","","1801","0","2","0","0","0","0","0","1","0","2","N","","","","","","","","","","","","03","  ","","",""
"2350","0","0","0","0","0","0","0","0","0","7","0","","36","06","2016","2016063630","1","40.1592","-76.6288","2340","08","0","0","0","0","0","0","0","0","1","0","0","0","23","2","0","00","1","40 09:33.194","2","00","76 37:43.510","0","0","0","0","36237","0","0","0","Y","0","0","0","2","36505","0","","4","01","N","N","0","","0","0","1","0","0","N","2336","0","1","0","0","0","0","0","1","0","1","N","","","","","","","","","","","","03","  ","","",""
"1818","1","0","0","0","0","0","0","0","0","4","1","","36","06","2016","2016063655","4","40.1139","-76.3862","1813","08","0","0","0","1","0","0","0","0","1","0","1","0","18","1","1","01","2","40 06:49.942","7","00","76 23:10.399","3","0","0","0","36214","0","0","0","N","0","0","0","2","36214","0","","1","01","N","N","0","","1","0","0","3","3","N","1811","1","2","0","0","0","0","0","3","0","2","N","","","","","","","","","","","","03","  ","","",""
"2027","1","0","0","0","0","0","0","0","0","4","0","","36","06","2016","2016063660","4","40.1734","-76.1939","2025","08","0","0","1","0","0","0","0","1","1","0","0","0","20","1","0","01","1","40 10:24.160","2","00","76 11:38.086","0","0","0","0","36408","0","0","0","N","0","0","0","3","36408","0","","1","01","N","N","0","","0","0","1","3","3","N","2020","0","2","0","0","0","0","0","2","0","2","N","","","","","","","","","","","","03","  ","","",""
"1832","0","0","0","0","0","0","0","0","0","5","0","","36","06","2016","2016063663","2","40.0519","-76.2952","1757","08","0","0","0","0","0","0","0","0","","0","0","0","17","1","0","00","0","40 03:07.000","","00","76 17:42.600","0","0","0","0","36301","0","0","0","N","0","0","0","1","36301","0","","6","01","N","N","0","","0","0","3","0","0","","1757","0","3","0","0","0","0","0","3","0","3","N","","","","","","","","","","","","03","  ","","",""
"2310","1","0","0","0","0","0","0","0","0","8","0","","36","06","2016","2016063665","4","40.0362","-76.3183","2307","08","0","0","0","1","0","0","0","0","1","0","0","0","23","3","1","00","2","40 02:10.200","2","00","76 19:06.000","4","0","0","0","36301","1","0","0","N","1","0","0","2","36301","1","","1","01","N","N","0","","0","0","0","0","0","N","2306","1","2","0","0","0","0","0","3","0","1","N","","","","","","","","","","","","03","  ","","",""
"0001","0","0","0","0","0","0","0","0","0","9","0","","36","06","2016","2016063672","6","40.1738","-76.4014","2355","08","0","0","0","0","0","0","0","0","","0","0","0","23","2","0","00","0","40 10:25.633","","00","76 24:05.172","0","0","0","1","36230","0","0","0","N","0","0","0","0","36410","0","","5","01","N","N","0","","0","0","0","0","0","","2342","0","1","0","0","0","0","0","1","0","1","N","","","","","","","","","","","","03","  ","","",""
"1117","1","0","0","0","0","0","0","0","0","6","0","","36","05","2016","2016063689","5","39.9615","-76.1028","1103","08","0","0","0","0","0","1","0","1","","0","0","0","11","1","0","01","0","39 57:41.266","","00","76 06:10.058","0","0","0","0","36226","0","0","0","","0","0","0","2","68J01","0","","1","01","N","N","0","","0","0","1","3","3","","1101","0","2","0","0","0","0","0","1","0","2","N","","","","","","","","","","","","03","  ","","",""
"2234","2","0","0","0","0","0","0","0","0","4","0","","36","06","2016","2016063717","7","40.0384","-76.1075","2229","08","1","1","0","0","0","0","0","0","2","0","0","0","22","3","2","03","1","40 02:18.235","3","00","76 06:27.152","8","0","0","0","36221","0","0","0","","0","0","0","3","68J01","0","","1","01","N","N","0","","0","0","0","3","3","Y","2225","2","2","0","0","1","2","0","1","0","2","N","","","","","","","","","","","","03","  ","","",""
"0422","1","1","0","0","0","0","0","0","0","7","0","","36","05","2016","2016063724","7","40.1784","-75.9883","0320","08","0","0","0","0","0","0","0","0","3","1","0","0","03","2","1","00","1","40 10:41.400","4","00","75 59:16.400","1","0","0","0","36202","0","0","0","","0","0","0","2","68T06","0","2","4","01","N","N","0","0","0","0","0","0","0","N","0319","1","1","0","0","0","1","0","1","0","1","N","","","","","","","","","","","","03","  ","","",""
"1658","0","0","0","0","0","0","0","0","0","1","0","","36","06","2016","2016063753","4","40.0876","-76.3808","1642","08","0","0","0","0","0","1","0","0","2","0","0","0","16","1","1","00","1","40 05:15.400","1","00","76 22:50.700","4","0","0","0","36214","0","0","0","N","0","0","0","5","36214","1","","1","01","N","N","1","","0","0","3","0","0","N","1640","1","4","0","0","0","0","0","3","0","4","N","","","","","","","","","","","","03","  ","","",""
"1133","0","0","0","0","0","0","0","0","0","4","0","","36","06","2016","2016063765","4","40.0817","-76.1157","1124","08","0","0","0","0","0","1","0","1","2","0","0","0","11","1","2","01","1","40 04:54.116","7","00","76 06:56.550","8","0","0","0","36209","0","0","0","N","0","0","0","5","36415","0","","1","01","N","N","0","","0","0","2","3","3","N","1124","2","2","0","0","0","2","0","1","0","2","N","","","","","","","","","","","","03","  ","","",""
"1442","0","0","0","0","0","0","0","0","0","4","0","","36","06","2016","2016063776","4","40.1686","-76.1673","1440","08","0","0","0","0","0","1","0","0","","0","0","0","14","1","1","02","0","40 10:07.002","","00","76 10:02.157","3","0","0","1","36408","0","0","0","N","0","0","0","2","36408","0","","1","01","N","N","0","","1","0","1","0","0","","1440","1","2","0","0","0","0","0","2","0","2","N","","","","","","","","","","","","03","  ","","",""
"1701","0","0","0","1","0","0","0","0","0","5","0","","36","06","2016","2016063844","1","40.0393","-76.3081","1659","08","0","0","0","0","0","0","0","0","","0","0","0","16","1","1","01","0","40 02:21.538","","00","76 18:29.063","3","0","0","0","36301","1","0","0","N","0","0","0","3","36301","0","","1","01","N","N","0","","1","0","0","3","2","","1655","1","2","0","0","0","0","0","3","1","1","N","","","","","","","","","","","","03","  ","","",""
"1315","0","0","0","0","0","0","1","0","0","1","1","","36","06","2016","2016063847","5","40.0552","-76.3283","1300","08","0","0","0","0","0","1","0","0","3","0","0","0","12","1","1","00","1","40 03:18.817","3","00","76 19:41.789","4","0","0","0","36101","0","0","0","N","0","0","0","12","36101","1","","1","01","N","N","0","","0","0","0","0","0","N","1235","1","2","0","0","0","0","0","3","1","2","N","","","","","","","","","","","","03","  ","","",""
"1436","0","0","0","0","0","0","0","0","0","4","1","","36","06","2016","2016063849","5","40.1133","-76.4512","1428","08","0","0","0","0","0","0","0","0","1","0","1","0","14","1","0","01","1","40 06:47.900","2","00","76 27:04.200","0","0","0","0","36230","0","0","0","N","0","0","0","2","36410","0","","1","01","N","N","0","","0","0","1","3","2","N","1426","0","2","0","0","0","0","0","1","0","2","N","","","","","","","","","","","","03","  ","","",""
"1238","2","0","0","0","0","0","0","0","0","1","0","","36","06","2016","2016063862","5","40.0705","-76.3191","1234","08","0","0","0","0","0","2","0","0","2","0","0","0","12","1","3","00","1","40 04:13.972","3","00","76 19:08.634","3","0","0","0","36101","0","0","0","N","0","0","0","5","36101","0","","1","01","N","N","0","","3","0","0","0","0","N","1232","3","3","0","0","0","0","0","3","1","3","N","","","","","","","","","","","","03","  ","","",""
"1645","1","0","0","0","0","0","0","0","0","7","0","","36","06","2016","2016064091","1","40.1429","-75.9038","1624","08","0","0","0","0","0","0","0","0","3","0","0","0","16","1","0","00","2","40 08:34.388","1","00","75 54:13.839","0","0","0","0","36203","0","0","0","","0","0","0","1","68J01","0","","4","01","N","N","0","","0","0","0","0","0","N","1613","0","1","0","0","0","0","0","1","0","1","N","","","","","","","","","","","","03","  ","","",""
"1650","1","0","0","0","0","0","0","0","0","4","0","","36","06","2016","2016064095","5","40.0386","-76.1734","1646","08","0","1","0","0","0","0","0","0","","0","0","0","16","1","1","01","0","40 02:18.836","","00","76 10:24.111","8","0","0","0","36221","0","0","0","","0","0","0","4","68J01","0","","1","01","N","N","1","","0","0","0","0","0","","1646","1","2","0","0","0","1","0","1","0","2","N","","","","","","","","","","","","03","  ","","",""
"2007","1","0","0","0","0","0","0","0","0","1","0","","36","02","2016","2016064126","1","39.9835","-76.1258","1954","08","0","0","0","0","0","0","0","0","3","0","0","1","19","2","2","00","2","39 59:00.775","6","00","76 07:32.712","2","0","0","0","36226","2","0","2","","0","0","0","3","68J01","0","","1","01","N","N","0","","0","2","0","0","0","Y","1954","2","2","0","0","0","0","0","1","0","1","N","","","","","","","","","","","","03","  ","","",""
"1148","0","0","0","0","0","0","0","0","0","4","0","","36","06","2016","2016064161","4","40.2152","-76.2829","1140","08","0","0","0","0","0","0","1","1","1","0","0","0","11","1","1","02","2","40 12:54.545","6","00","76 16:58.572","8","0","0","1","36217","0","0","0","","0","0","0","2","68J01","0","","1","01","N","N","0","","0","0","0","3","3","N","1139","1","2","0","0","0","1","0","1","1","2","N","","","","","","","","","","","","03","  ","","",""
"0217","1","0","0","0","0","0","0","0","0","7","0","","36","06","2016","2016064217","5","40.0419","-76.302","0217","08","0","0","0","0","0","0","0","0","1","0","0","0","02","3","0","00","1","40 02:30.937","1","00","76 18:07.224","0","0","0","0","36301","0","0","0","N","0","0","0","1","36301","0","","5","01","N","N","0","","0","0","0","0","0","N","0217","0","1","0","0","0","0","0","3","0","1","N","","","","","","","","","","","","03","  ","","",""
"2208","1","0","0","0","0","0","0","0","0","7","0","","36","06","2016","2016064239","5","40.2218","-76.1821","2201","08","0","0","0","0","0","0","0","0","","0","0","0","21","2","0","00","0","40 13:18.302","","00","76 10:55.380","0","0","0","0","36236","0","0","0","N","0","0","0","1","36408","0","","4","01","N","N","0","","0","0","0","0","0","","2159","0","1","0","0","0","0","0","1","0","1","N","","","","","","","","","","","","03","  ","","",""
"0138","0","0","0","0","0","0","0","0","0","1","0","","36","06","2016","2016064250","6","40.1653","-76.398","0123","08","0","0","0","0","0","0","0","0","","0","0","0","01","3","0","00","0","40 09:55.000","","00","76 23:52.800","9","0","0","0","36410","0","0","0","N","0","0","0","1","36410","0","","6","09","N","N","0","","0","0","2","0","0","","0120","0","3","0","0","0","0","1","2","0","3","N","","","","","","","","","","","","03","  ","","",""
"0504","1","0","0","0","0","0","0","0","0","7","0","","36","06","2016","2016064259","7","40.1745","-76.3516","0459","08","0","0","0","0","0","0","0","0","","0","0","0","05","2","0","00","0","40 10:28.300","","00","76 21:05.800","0","0","0","0","36227","0","0","0","N","0","0","0","1","36506","0","","4","01","N","N","0","","0","0","0","0","0","","0504","0","1","0","0","0","0","0","1","0","1","N","","","","","","","","","","","","03","  ","","",""
"1751","1","0","0","0","0","0","0","0","0","4","0","","36","06","2016","2016064260","1","40.1732","-76.3848","1747","08","0","0","0","0","0","1","0","0","1","0","0","0","17","1","1","00","1","40 10:23.600","6","07","76 23:05.200","8","0","0","0","36227","0","0","0","N","0","0","0","2","36506","0","","1","01","N","N","0","","0","0","1","3","3","N","1745","1","2","0","0","0","1","0","1","0","2","N","","","","","","","","","","","","03","  ","","",""
"0912","2","0","0","0","0","0","0","0","0","1","0","","36","05","2016","2016064266","2","40.1511","-75.9017","0904","08","0","0","0","0","0","0","0","0","2","0","0","0","09","1","1","00","1","40 09:03.895","5","07","75 54:05.961","3","0","0","0","36203","0","0","0","","0","0","0","3","68J01","0","","1","01","N","N","0","","1","0","0","0","0","N","0901","1","2","0","0","0","0","0","1","0","2","N","","","","","","","","","","","","03","  ","","",""
"1544","0","0","0","0","0","0","0","0","0","4","0","","36","06","2016","2016064286","7","40.2471","-76.3035","1532","08","0","0","0","0","0","0","1","0","2","0","0","0","15","1","0","00","1","40 14:49.543","2","00","76 18:12.731","0","0","0","0","36217","0","0","0","","0","0","0","5","68J01","0","","1","01","N","N","0","","0","0","2","0","0","N","1532","0","2","0","0","0","0","0","1","0","2","N","","","","","","","","","","","","03","  ","","",""
"1215","1","0","0","0","0","0","0","0","0","8","0","","36","06","2016","2016064325","2","40.039","-76.3108","1207","08","0","0","0","0","0","0","0","0","","0","0","0","12","1","1","01","0","40 02:20.496","","00","76 18:38.878","8","0","0","0","36301","1","0","0","N","1","0","0","2","36301","0","","1","01","N","N","0","","0","0","0","3","2","","1207","1","2","0","0","0","1","0","3","0","1","N","","","","","","","","","","","","03","  ","","",""
"1359","3","0","0","0","0","0","0","0","0","1","0","","36","06","2016","2016064330","2","40.1942","-76.1731","1354","08","0","0","0","0","0","1","1","1","","0","0","0","13","1","0","00","0","40 11:39.015","","00","76 10:23.034","0","0","0","0","36408","0","0","0","N","0","0","0","6","36408","0","","1","01","N","N","0","","0","0","0","0","0","","1354","0","4","0","0","0","0","0","2","1","4","N","","","","","","","","","","","","03","  ","","",""
"0806","0","0","0","0","0","0","0","0","0","4","1","","36","06","2016","2016064351","6","40.0475","-76.3629","0804","08","0","0","0","0","0","1","0","0","","0","1","0","08","1","1","02","0","40 02:50.996","","00","76 21:46.341","4","0","0","0","36214","0","0","0","N","0","0","0","2","36214","1","","1","01","N","N","0","","0","0","1","3","2","","0803","1","2","0","0","0","0","0","3","0","2","N","","","","","","","","","","","","03","  ","","",""
"1741","3","0","0","0","0","0","0","0","0","1","0","","36","06","2016","2016064435","6","40.072","-76.3274","1740","08","0","0","0","1","0","0","0","0","1","0","0","0","17","1","0","00","1","40 04:19.070","3","00","76 19:38.750","0","0","0","0","36101","0","0","0","N","0","0","0","4","36101","0","","1","01","N","N","0","","0","0","0","0","0","N","1724","0","3","0","0","0","0","0","3","0","3","N","","","","","","","","","","","","03","  ","","",""
"0108","0","0","0","0","0","0","0","0","0","7","0","","36","04","2016","2016064445","5","39.9347","-76.3182","0052","08","0","0","0","0","0","0","0","0","","0","0","0","00","2","1","00","0","39 56:04.816","","00","76 19:05.499","8","0","0","0","36224","0","0","0","","0","0","0","1","68J01","0","","4","01","N","N","0","","0","0","1","0","0","","0051","1","1","0","0","1","1","0","1","0","1","N","","","","","","","","","","","","03","  ","","",""
"1645","0","0","0","0","0","0","0","0","0","7","0","","36","06","2016","2016064457","1","40.1429","-75.9038","1624","08","0","0","0","0","0","0","1","0","3","0","0","0","16","1","1","00","2","40 08:34.388","1","00","75 54:13.839","8","0","0","1","36203","0","0","0","","0","0","0","3","68J01","0","","1","01","N","N","0","","0","0","1","0","0","N","1615","1","2","0","0","0","1","0","1","0","2","N","","","","","","","","","","","","03","  ","","",""
"1459","1","0","0","0","0","0","0","0","0","1","0","","36","06","2016","2016064470","7","39.922","-76.081","1436","08","0","0","0","0","0","0","0","1","2","0","0","0","14","1","1","02","1","39 55:19.207","3","00","76 04:51.533","8","0","0","0","36201","0","0","0","","0","0","0","3","68J01","0","","1","01","N","N","1","","0","0","0","0","0","N","1427","1","2","0","0","0","1","0","1","0","2","N","","","","","","","","","","","","03","  ","","",""
"0925","2","0","0","0","0","0","0","0","0","1","0","","36","06","2016","2016064473","2","39.8431","-76.0623","0909","08","0","0","0","0","0","2","0","0","1","0","0","0","08","1","0","00","1","39 50:35.117","1","00","76 03:44.366","0","0","0","0","36205","0","0","0","","0","0","0","5","68J01","0","","1","01","N","N","0","","0","0","1","0","0","N","0858","0","3","0","0","0","0","0","1","0","3","N","","","","","","","","","","","","03","  ","","",""
"1713","0","0","0","0","0","0","0","0","0","4","0","","36","06","2016","2016064500","4","40.0819","-76.351","1708","08","0","0","0","0","0","1","0","0","1","0","0","0","17","1","0","06","1","40 04:54.975","2","02","76 21:03.454","0","0","0","0","36214","0","0","0","","0","0","0","2","36214","0","","1","01","N","N","0","","0","0","1","3","2","Y","1708","0","2","0","0","0","0","0","3","1","2","N","","","","","","","","","","","","03","  ","","",""
"0200","0","0","0","0","0","0","0","0","0","7","0","","36","05","2016","2016064503","7","39.9972","-76.0314","0132","08","0","0","0","0","0","0","0","0","1","0","0","0","01","3","0","00","1","39 59:50.098","2","00","76 01:52.908","0","0","0","0","36232","0","0","0","","0","0","0","1","68J01","0","","4","01","N","N","1","","0","0","0","0","0","N","0129","0","1","0","0","0","0","0","1","0","1","N","","","","","","","","","","","","03","  ","","",""
"1058","1","0","0","0","0","0","0","0","0","7","0","","36","06","2016","2016064516","2","40.2222","-76.287","1056","08","0","0","0","0","0","0","1","0","","0","0","0","10","1","1","00","0","40 13:19.929","","00","76 17:13.174","3","0","0","0","36217","0","0","0","","0","0","0","1","68J01","0","","4","01","N","N","0","","1","0","0","0","0","","1056","1","1","0","0","0","0","0","1","0","1","N","","","","","","","","","","","","03","  ","","",""
"1512","0","0","0","0","0","0","0","0","0","4","0","","36","06","2016","2016064535","3","39.9627","-76.2704","1506","08","0","0","0","0","0","1","0","1","2","0","0","0","15","1","1","00","2","39 57:45.800","6","07","76 16:13.600","3","0","0","1","36228","0","0","0","N","0","0","0","3","36503","0","","1","01","N","N","0","","1","0","1","0","0","Y","1500","1","2","0","0","0","0","0","1","0","2","N","","","","","","","","","","","","03","  ","","",""
"2010","1","0","0","0","0","0","0","0","0","4","0","","36","06","2016","2016064560","6","40.0854","-76.3448","2005","08","0","0","0","1","0","1","0","0","2","0","0","0","20","4","2","00","2","40 05:07.367","5","00","76 20:41.410","3","0","0","0","36214","0","0","0","N","0","0","0","2","36214","0","","1","09","N","N","1","","1","0","0","0","0","Y","2000","2","2","0","0","0","1","0","3","0","2","N","","","","","","","","","","","","07","  ","","",""
"1540","2","0","0","0","0","0","0","0","0","4","0","","36","06","2016","2016064661","6","40.049","-76.3057","1534","08","0","0","0","0","0","0","1","0","","0","0","0","15","1","0","01","0","40 02:56.545","","00","76 18:20.624","0","0","0","0","36301","0","0","0","N","0","0","0","2","36301","0","","1","01","N","N","0","","0","0","0","3","3","","1534","0","2","0","0","0","0","0","3","0","2","N","","","","","","","","","","","","03","  ","","",""
"1354","0","0","0","0","0","0","0","0","0","7","0","","36","06","2016","2016064668","6","40.0948","-76.099","1348","08","0","0","0","0","0","0","1","0","","0","0","0","13","1","0","00","0","40 05:41.100","","00","76 05:56.500","0","0","0","0","36415","0","0","0","N","0","0","0","1","36415","0","","2","01","N","N","0","","0","0","1","0","0","","1348","0","1","0","0","0","0","0","1","0","1","N","","","","","","","","","","","","03","  ","","",""
"1659","1","0","0","0","0","0","0","0","0","7","0","","36","06","2016","2016064681","6","40.1501","-76.17","1654","08","0","0","0","0","0","0","0","0","","0","0","0","16","1","0","00","0","40 09:00.255","","00","76 10:11.916","0","0","0","0","36238","0","0","0","N","0","0","0","1","36238","0","","4","01","N","N","0","","0","0","0","0","0","","1645","0","1","0","0","0","0","0","3","0","1","N","","","","","","","","","","","","03","  ","","",""
"1556","2","0","0","0","0","0","0","0","0","1","0","","36","06","2016","2016064686","6","40.1517","-76.126","1540","08","0","0","0","1","0","0","1","0","","0","0","0","15","1","0","00","0","40 09:06.183","","00","76 07:33.628","0","0","0","0","36209","0","0","0","N","0","0","0","3","36415","0","","1","01","N","N","0","","0","0","1","0","0","","1540","0","3","0","0","0","0","0","1","0","3","N","","","","","","","","","","","","03","  ","","",""
"1205","1","0","0","0","0","0","0","0","0","1","0","","36","06","2016","2016064703","7","40.0417","-76.3638","1204","08","0","0","0","0","0","1","0","0","2","0","0","0","11","1","2","00","2","40 02:30.058","2","00","76 21:49.811","3","0","0","0","36214","0","0","0","N","0","0","0","4","36214","1","","1","01","N","N","0","","1","0","0","0","0","N","1159","2","2","0","0","0","0","0","3","1","2","N","","","","","","","","","","","","03","  ","","",""
"1220","1","0","0","0","0","0","0","0","0","4","0","","36","06","2016","2016064708","7","40.0091","-76.2513","1210","08","0","0","0","0","0","1","0","0","","0","0","0","12","1","0","02","0","40 00:32.896","","00","76 15:04.603","0","0","0","0","36240","0","0","0","N","0","0","0","4","36240","0","","1","01","N","N","0","","0","0","1","3","3","","1208","0","2","0","0","0","0","0","1","0","2","N","","","","","","","","","","","","03","  ","","",""
"1210","2","0","0","0","0","0","0","0","0","7","0","","36","06","2016","2016064721","7","40.2103","-76.1064","1203","08","0","0","0","0","0","2","0","0","2","0","0","0","12","1","3","00","1","40 12:37.086","2","01","76 06:23.151","3","0","0","0","36210","0","0","0","Y","0","0","0","7","36210","0","","2","01","N","N","0","","2","0","1","0","0","N","1201","3","3","0","0","0","1","0","1","0","3","N","","","","","","","","","","","","03","  ","","",""
"0730","0","0","0","0","0","0","0","0","0","0","0","","36","06","2016","2016064730","7","40.1379","-76.0595","0724","08","0","0","0","0","0","1","0","0","1","0","0","0","07","1","1","00","1","40 08:16.429","1","00","76 03:34.272","3","0","0","1","36213","0","0","0","N","0","0","0","1","36213","0","","1","2","N","N","0","","1","0","0","0","0","N","0722","1","1","0","0","0","0","0","1","0","1","N","","","","","","","","","","","","03","  ","","",""
"1526","1","0","0","0","0","0","0","0","0","1","0","","36","06","2016","2016064740","2","40.1629","-76.2997","1523","08","0","0","0","0","1","1","0","0","","0","0","0","15","1","0","00","0","40 09:46.400","","00","76 17:58.800","0","0","0","0","36409","0","0","0","N","0","0","0","2","36409","0","","1","01","N","N","1","","0","0","0","0","0","","1520","0","2","0","0","0","0","0","3","0","2","N","","","","","","","","","","","","03","  ","","",""
"1820","2","0","0","0","0","0","0","0","0","5","0","","36","06","2016","2016064746","2","40.1596","-76.2959","1816","08","0","0","1","0","0","0","0","0","","0","0","0","18","1","0","00","0","40 09:34.400","","00","76 17:45.400","0","0","0","0","36409","0","0","0","N","0","0","0","1","36409","0","","6","01","N","N","0","","0","0","0","0","0","","1815","0","2","0","0","0","0","0","3","0","2","N","","","","","","","","","","","","03","  ","","",""
"1208","2","0","0","0","0","0","0","0","0","4","0","","36","06","2016","2016064753","4","40.2257","-76.3978","1148","08","0","0","0","1","0","1","0","0","1","0","0","0","11","1","1","00","2","40 13:32.916","4","00","76 23:48.892","8","0","0","0","36227","0","0","0","","0","0","0","3","68T06","0","","1","09","N","N","0","","0","0","0","0","0","N","1148","1","2","0","0","0","1","0","1","0","2","N","","","","","","","","","","","","07","  ","","",""
"1809","0","0","0","0","0","0","0","0","0","1","0","","36","06","2016","2016064770","6","40.1298","-76.2166","1805","08","0","0","0","0","0","0","0","0","","0","0","0","18","1","0","01","0","40 07:47.738","","02","76 12:59.285","0","0","0","0","36238","0","0","0","N","0","0","0","3","36238","0","","1","01","N","N","1","","0","0","1","3","2","","1804","0","3","0","0","0","0","0","3","1","3","N","","","","","","","","","","","","03","  ","","",""