"ARRIVAL_TM","AUTOMOBILE_COUNT","BELTED_DEATH_COUNT","BELTED_SUSP_SERIOUS_INJ_COUNT","BICYCLE_COUNT","BICYCLE_DEATH_COUNT","BICYCLE_SUSP_SERIOUS_INJ_COUNT","BUS_COUNT","CHLDPAS_DEATH_COUNT","CHLDPAS_SUSP_SERIOUS_INJ_COUNT","COLLISION_TYPE","COMM_VEH_COUNT","CONS_ZONE_SPD_LIM","COUNTY","CRASH_MONTH","CRASH_YEAR","CRN","DAY_OF_WEEK","DEC_LAT","DEC_LONG","DISPATCH_TM","DISTRICT","DRIVER_COUNT_16YR","DRIVER_COUNT_17YR","DRIVER_COUNT_18YR","DRIVER_COUNT_19YR","DRIVER_COUNT_20YR","DRIVER_COUNT_50_64YR","DRIVER_COUNT_65_74YR","DRIVER_COUNT_75PLUS","EST_HRS_CLOSED","FATAL_COUNT","HEAVY_TRUCK_COUNT","HORSE_BUGGY_COUNT","HOUR_OF_DAY","ILLUMINATION","INJURY_COUNT","INTERSECT_TYPE","LANE_CLOSED","LATITUDE","LN_CLOSE_DIR","LOCATION_TYPE","LONGITUDE","MAX_SEVERITY_LEVEL","MCYCLE_DEATH_COUNT","MCYCLE_SUSP_SERIOUS_INJ_COUNT","MOTORCYCLE_COUNT","MUNICIPALITY","NONMOTR_COUNT","NONMOTR_DEATH_COUNT","NONMOTR_SUSP_SERIOUS_INJ_COUNT","NTFY_HIWY_MAINT","PED_COUNT","PED_DEATH_COUNT","PED_SUSP_SERIOUS_INJ_COUNT","PERSON_COUNT","POLICE_AGCY","POSSIBLE_INJ_COUNT","RDWY_SURF_TYPE_CD","RELATION_TO_ROAD","ROAD_CONDITION","SCH_BUS_IND","SCH_ZONE_IND","SMALL_TRUCK_COUNT","SPEC_JURIS_CD","SUSP_MINOR_INJ_COUNT","SUSP_SERIOUS_INJ_COUNT","SUV_COUNT","TCD_FUNC_CD","TCD_TYPE","TFC_DETOUR_IND","TIME_OF_DAY","TOT_INJ_COUNT","TOTAL_UNITS","UNB_DEATH_COUNT","UNB_SUSP_SERIOUS_INJ_COUNT","UNBELTED_OCC_COUNT","UNK_INJ_DEG_COUNT","UNK_INJ_PER_COUNT","URBAN_RURAL","VAN_COUNT","VEHICLE_COUNT","WORK_ZONE_IND","WORK_ZONE_LOC","WORK_ZONE_TYPE","WORKERS_PRES","WZ_CLOSE_DETOUR","WZ_FLAGGER","WZ_LAW_OFFCR_IND","WZ_LN_CLOSURE","WZ_MOVING","WZ_OTHER","WZ_SHLDER_MDN","ROADWAY_CLEARED","WEATHER1","WEATHER2","WZ_WORKERS_INJ_KILLED","SECONDARY_CRASH","INTERSECTION_RELATED"
"1929","2","0","0","0","0","0","0","0","0","1","0","","36","06","2016","2016064793","7","40.012","-76.2263","1921","08","0","0","0","0","0","0","0","0","","0","0","0","19","1","0","01","0","40 00:43.379","","00","76 13:34.666","0","0","0","0","36240","0","0","0","N","0","0","0","2","36240","0","","1","01","N","N","0","","0","0","0","0","0","","1916","0","2","0","0","0","0","0","1","0","2","N","","","","","","","","","","","","03","  ","","",""
"1623","2","0","0","0","0","0","0","0","0","1","0","","36","06","2016","2016064796","5","39.9879","-76.275","1623","08","0","0","0","0","0","1","0","0","2","0","0","0","16","1","2","00","1","39 59:16.419","1","00","76 16:30.009","4","0","0","0","36240","0","0","0","N","0","0","0","3","36240","2","","1","01","N","N","0","","0","0","0","0","0","N","1619","2","2","0","0","0","0","0","1","0","2","N","","","","","","","","","","","","03","  ","","",""
"1709","1","0","0","0","0","0","0","0","0","7","0","","36","06","2016","2016064806","7","40.1015","-76.027","1702","08","0","0","0","0","0","0","0","0","2","0","0","0","16","1","0","00","2","40 06:05.407","6","00","76 01:37.286","0","0","0","0","36213","0","0","0","N","0","0","0","1","36213","0","","5","01","N","N","1","","0","0","0","0","0","Y","1658","0","2","0","0","0","0","0","1","0","2","N","","","","","","","","","","","","03","  ","","",""
"1846","1","0","0","0","0","0","0","0","0","7","0","","36","06","2016","2016064815","7","40.0469","-76.3926","1840","08","0","0","0","0","0","0","0","0","","0","0","0","18","1","0","02","0","40 02:48.987","","00","76 23:33.190","9","0","0","0","36214","0","0","0","N","0","0","0","2","36214","0","","4","01","N","N","0","","0","0","0","0","0","","1835","0","1","0","0","0","0","1","3","0","1","N","","","","","","","","","","","","03","  ","","",""
"1848","0","0","0","0","0","0","0","0","0","1","0","","36","06","2016","2016064825","7","40.1233","-76.3753","1845","08","0","0","0","0","0","0","0","0","","0","0","0","18","1","0","01","0","40 07:23.702","","00","76 22:31.147","0","0","0","0","36214","0","0","0","N","0","0","0","6","36214","0","","1","01","N","N","1","","0","0","1","0","0","","1845","0","2","0","0","0","0","0","3","0","2","N","","","","","","","","","","","","03","  ","","",""
"1428","1","0","0","0","0","0","0","0","0","1","0","","36","06","2016","2016064829","3","40.0343","-76.3353","1424","08","0","0","0","0","1","0","0","0","","0","0","0","14","1","3","02","0","40 02:03.411","","00","76 20:07.173","8","0","0","0","36220","0","0","0","N","0","0","0","4","36101","0","","1","01","N","N","0","","0","0","1","0","0","","1424","3","2","0","0","0","3","0","3","0","2","N","","","","","","","","","","","","03","  ","","",""
"2120","1","0","0","0","0","0","0","0","0","4","0","","36","06","2016","2016064838","5","40.0824","-76.3083","2117","08","0","0","0","0","0","0","1","0","2","0","0","0","21","3","2","02","2","40 04:56.737","5","00","76 18:29.764","4","0","0","0","36101","0","0","0","N","0","0","0","6","36101","2","","1","09","N","N","0","","0","0","1","3","3","Y","2114","2","2","0","0","1","0","0","3","0","2","N","","","","","","","","","","","","03","  ","","",""
"2008","0","0","0","0","0","0","0","0","0","1","0","","36","06","2016","2016064911","1","40.1819","-76.0445","1944","08","0","0","0","0","0","1","0","1","2","0","0","1","19","1","1","00","2","40 10:54.950","6","00","76 02:40.090","4","0","0","0","36202","3","0","0","","0","0","0","6","68J01","1","","1","01","N","N","0","","0","0","1","0","0","Y","1944","1","3","0","0","0","0","0","1","1","2","N","","","","","","","","","","","","03","  ","","",""
"0525","1","0","0","0","0","0","0","0","0","1","0","","36","06","2016","2016064945","6","40.1745","-75.9623","0417","08","0","0","0","0","0","0","0","0","","0","0","0","04","2","1","00","0","40 10:27.943","","00","75 57:43.686","3","0","0","0","36203","0","0","0","","0","0","0","4","68T07","0","","1","01","N","N","0","","1","0","0","0","0","","0417","1","2","0","0","0","0","0","1","1","2","N","","","","","","","","","","","","03","  ","","",""
"0503","3","0","0","0","0","0","0","0","0","5","0","","36","06","2016","2016065011","7","40.0159","-76.3118","0452","08","0","0","0","0","0","0","0","0","","0","0","0","04","5","1","00","0","40 00:57.412","","00","76 18:42.588","4","0","0","0","36101","0","0","0","N","0","0","0","1","36101","1","","6","01","N","N","0","","0","0","0","0","0","","0450","1","3","0","0","0","0","0","3","0","3","N","","","","","","","","","","","","03","  ","","",""
"0023","0","0","0","0","0","0","0","0","0","4","0","","36","06","2016","2016065013","1","40.038","-76.3517","0021","08","0","0","0","0","0","0","0","0","2","0","0","0","00","3","1","00","1","40 02:16.797","6","00","76 21:06.281","3","0","0","0","36214","0","0","0","N","0","0","0","3","36214","0","","1","01","N","N","0","","1","0","1","0","0","Y","0015","1","2","0","0","0","0","0","3","1","2","N","","","","","","","","","","","","03","  ","","",""
"2030","2","0","0","0","0","0","0","0","0","4","0","","36","06","2016","2016065024","5","40.0331","-76.3059","2024","08","0","0","0","0","0","1","0","0","2","0","0","0","20","1","0","01","1","40 01:59.199","4","00","76 18:21.096","0","0","0","0","36301","0","0","0","N","0","0","0","2","36301","0","","1","01","N","N","0","","0","0","0","3","3","N","2024","0","2","0","0","0","0","0","3","0","2","N","","","","","","","","","","","","03","  ","","",""
"0427","1","0","0","0","0","0","1","0","0","1","1","","36","06","2016","2016065030","7","40.0306","-76.2343","0422","08","0","0","0","0","0","0","0","0","2","0","0","0","04","3","1","05","1","40 01:50.868","4","00","76 14:03.471","8","0","0","0","36215","0","0","0","N","0","0","0","4","36215","0","","1","01","N","N","0","","0","0","0","3","2","N","0420","1","2","0","0","0","1","0","1","0","2","N","","","","","","","","","","","","03","  ","","",""
"1917","1","0","0","0","0","0","0","0","0","7","0","","36","06","2016","2016065050","1","40.2177","-76.4496","1905","08","0","0","0","0","0","0","0","0","","0","0","0","19","1","0","00","0","40 13:03.841","","00","76 26:58.417","0","0","0","0","36230","0","0","0","N","0","0","0","2","36410","0","","4","01","N","N","0","","0","0","0","0","0","","1900","0","1","0","0","0","0","0","1","0","1","N","","","","","","","","","","","","03","  ","","",""
"1519","0","0","0","0","0","0","0","0","0","5","1","","36","06","2016","2016065062","4","40.0248","-76.2048","1517","08","0","0","0","0","0","0","0","0","2","0","1","0","15","1","1","02","1","40 01:29.358","3","00","76 12:17.190","3","0","0","0","36215","0","0","0","N","0","0","0","4","36215","0","","1","01","N","N","0","","1","0","1","3","2","N","1517","1","2","0","0","0","0","0","1","0","2","N","","","","","","","","","","","","03","  ","","",""
"0025","1","0","0","0","0","0","0","0","0","7","0","","36","06","2016","2016065067","7","40.0378","-76.3182","0014","08","0","0","0","0","0","0","0","0","","0","0","0","00","3","1","01","0","40 02:15.919","","00","76 19:05.359","4","0","0","0","36301","0","0","0","N","0","0","0","1","36301","1","","5","01","N","N","0","","0","0","0","0","0","","0012","1","1","0","0","0","0","0","3","0","1","N","","","","","","","","","","","","03","  ","","",""
"0228","1","0","0","0","0","0","0","0","0","5","0","","36","06","2016","2016065089","2","40.1551","-76.3858","0222","08","0","0","0","0","0","0","0","0","","0","0","0","02","3","0","00","0","40 09:18.482","","00","76 23:08.883","0","0","0","0","36227","3","0","0","N","0","0","0","4","36506","0","","1","01","N","N","2","","0","0","1","0","0","","0222","0","4","0","0","0","0","0","1","0","4","N","","","","","","","","","","","","03","  ","","",""
"1651","0","0","0","0","0","0","0","0","0","4","0","","36","06","2016","2016065090","2","40.1885","-76.3253","1643","08","0","0","0","0","0","0","0","0","1","0","0","0","16","1","0","01","2","40 11:18.768","6","00","76 19:30.989","0","0","0","0","36217","0","0","0","N","0","0","0","2","36506","0","","1","01","N","N","0","","0","0","1","3","3","Y","1643","0","2","0","0","0","0","0","1","1","2","N","","","","","","","","","","","","03","  ","","",""
"2009","0","0","0","0","0","0","0","0","0","4","0","","36","04","2016","2016065093","5","39.7941","-76.2219","2004","08","0","0","0","1","0","0","0","1","3","0","0","0","20","2","1","01","1","39 47:38.871","7","00","76 13:18.681","3","0","0","0","36208","0","0","0","","0","0","0","2","68J01","0","","1","01","N","N","2","","1","0","0","3","3","N","2004","1","2","0","0","2","0","0","1","0","2","N","","","","","","","","","","","","03","  ","","",""
"1423","0","0","0","0","0","0","0","0","0","4","0","","36","04","2016","2016065094","6","39.9756","-75.9939","1410","08","0","0","0","0","0","0","0","1","2","0","0","0","14","1","0","01","1","39 58:32.262","7","00","75 59:37.905","0","0","0","0","36231","0","0","0","","0","0","0","3","68J01","0","","1","01","N","N","0","","0","0","2","3","3","N","1410","0","2","0","0","0","0","0","1","0","2","N","","","","","","","","","","","","03","  ","","",""
"1205","1","0","0","0","0","0","0","0","0","1","0","55","36","06","2016","2016065109","2","40.2293","-76.119","1205","08","0","1","0","0","0","0","0","0","","0","0","0","12","1","0","00","0","40 13:45.369","","00","76 07:08.214","0","0","0","0","36210","0","0","0","","0","0","0","3","68T06","0","","1","01","N","N","0","","0","0","1","2","8","","1200","0","2","0","0","0","0","0","1","0","2","Y","2","2","N","N","N","N","Y","N","N","N","","03","  ","","",""
"1230","1","0","0","0","0","0","0","0","0","7","0","","36","06","2016","2016065119","6","40.2277","-76.4677","1230","08","0","0","0","0","0","0","1","0","","0","0","0","12","1","0","00","0","40 13:39.459","","00","76 28:04.731","0","0","0","0","36230","0","0","0","","0","0","0","1","68T06","0","","4","01","N","N","0","","0","0","0","0","0","","1229","0","1","0","0","0","0","0","1","0","1","N","","","","","","","","","","","","03","  ","","",""
"1815","1","0","0","0","0","0","0","0","0","1","0","","36","06","2016","2016065122","6","40.0078","-76.2211","1808","08","1","0","0","0","0","0","0","0","","0","0","0","18","1","0","00","0","40 00:28.258","","00","76 13:15.873","0","0","0","0","36240","0","0","0","","0","0","0","5","68J01","0","","1","01","N","N","1","","0","0","0","0","0","","1803","0","2","0","0","0","0","0","1","0","2","N","","","","","","","","","","","","03","  ","","",""
"2100","2","0","0","0","0","0","0","0","0","4","0","","36","06","2016","2016065161","5","40.0669","-76.3044","2059","08","0","0","0","0","0","1","0","1","","0","0","0","20","3","1","02","0","40 04:00.689","","00","76 18:15.730","4","0","0","0","36101","0","0","0","N","0","0","0","3","36101","1","","1","01","N","N","0","","0","0","0","3","2","","2055","1","2","0","0","0","0","0","3","0","2","N","","","","","","","","","","","","03","  ","","",""
"0614","0","0","0","0","0","0","0","0","0","5","1","99","36","06","2016","2016065173","6","40.0763","-76.3376","0606","08","0","0","0","0","0","0","0","0","","0","1","0","05","1","0","00","0","40 04:34.697","","00","76 20:15.441","0","0","0","0","36101","0","0","0","N","0","0","0","2","36101","0","","1","01","N","N","1","","0","0","0","3","3","","0556","0","2","0","0","0","0","0","3","0","2","Y","3","1","Y","","","N","Y","","","","","03","  ","","",""
"2315","1","0","0","0","0","0","0","0","0","1","0","","36","06","2016","2016065193","5","40.2072","-76.2206","2310","08","0","0","0","0","0","1","0","0","2","0","0","0","23","3","0","00","1","40 12:25.996","3","00","76 13:14.015","0","0","0","0","36204","0","0","0","N","0","0","0","2","36506","0","","1","09","N","N","0","","0","0","1","0","0","N","2310","0","2","0","0","0","0","0","1","0","2","N","","","","","","","","","","","","03","  ","","",""
"1231","2","0","0","0","0","0","0","0","0","5","0","","36","06","2016","2016065211","2","40.1606","-76.3917","1228","08","0","0","0","0","0","0","0","0","1","0","0","0","12","1","0","00","2","40 09:38.093","5","00","76 23:30.002","0","0","0","0","36410","0","0","0","N","0","0","0","1","36410","0","","6","01","N","N","0","","0","0","0","0","0","Y","1228","0","2","0","0","0","0","0","2","0","2","N","","","","","","","","","","","","03","  ","","",""
"0604","1","0","0","0","0","0","0","0","0","7","0","","36","06","2016","2016065240","2","40.0396","-76.5051","0559","08","0","0","0","0","0","0","0","0","","0","0","0","05","1","0","00","0","40 02:22.514","","00","76 30:18.452","0","0","0","0","36404","0","0","0","N","0","0","0","1","36404","0","","3","01","Y","N","0","","0","0","0","0","0","","0559","0","1","0","0","0","0","0","3","0","1","N","","","","","","","","","","","","03","  ","","",""
"2145","1","0","0","0","0","0","0","0","0","7","0","","36","04","2016","2016065261","7","39.9806","-76.2064","2134","08","0","0","0","1","0","0","0","0","2","0","0","0","21","3","1","00","2","39 58:50.100","6","00","76 12:22.970","4","0","0","0","36233","0","0","0","","0","0","0","1","68J01","1","","4","01","N","N","1","","0","0","0","0","0","Y","2132","1","2","0","0","0","0","0","1","0","2","N","","","","","","","","","","","","03","  ","","",""
"0248","1","0","0","0","0","0","0","0","0","4","0","","36","05","2016","2016065262","7","39.8874","-76.2494","0248","08","0","0","0","0","0","1","0","0","1","0","0","0","02","2","0","00","2","39 53:14.514","6","00","76 14:58.011","0","0","0","0","36229","0","0","0","","0","0","0","2","68J01","0","","1","01","N","N","1","","0","0","0","0","0","Y","0237","0","2","0","0","0","0","0","1","0","2","N","","","","","","","","","","","","03","  ","","",""
"1635","1","0","0","0","0","0","0","0","0","7","0","","36","06","2016","2016065301","2","40.1439","-76.0457","1627","08","0","0","0","0","0","0","0","1","2","0","0","0","16","1","0","00","1","40 08:38.159","5","00","76 02:44.676","0","0","0","0","36213","0","0","0","N","0","0","0","1","36213","0","","5","09","N","N","0","","0","0","0","0","0","Y","1626","0","1","0","0","0","0","0","1","0","1","N","","","","","","","","","","","","07","  ","","",""
"1138","0","0","0","0","0","0","0","0","0","2","0","","36","06","2016","2016065468","1","39.9715","-76.4243","1126","08","0","0","0","0","0","0","0","1","2","0","0","0","11","1","1","00","2","39 58:17.326","6","00","76 25:27.456","4","0","0","0","36223","0","0","0","","0","0","0","4","36223","1","","1","01","N","N","0","","0","0","1","0","0","Y","1124","1","2","0","0","0","0","0","1","1","2","N","","","","","","","","","","","","03","  ","","",""
"1727","1","0","0","0","0","0","0","0","0","4","0","","36","06","2016","2016065535","5","40.1791","-76.6006","1722","08","0","0","0","0","0","1","0","0","2","0","0","0","17","1","0","01","1","40 10:44.805","2","00","76 36:01.990","0","0","0","0","36225","0","0","0","N","0","0","0","2","36505","0","","1","01","N","N","0","","0","0","0","3","2","N","1720","0","2","0","0","0","0","0","2","1","2","N","","","","","","","","","","","","03","  ","","",""
"1633","1","0","0","0","0","0","0","0","0","4","0","","36","06","2016","2016065582","2","40.0651","-76.344","1627","08","0","0","0","0","0","0","0","0","1","0","0","0","16","1","2","02","1","40 03:54.808","4","00","76 20:38.157","8","0","0","0","36101","0","0","0","N","0","0","0","2","36101","0","","1","09","N","N","0","","0","0","1","3","2","N","1625","2","2","0","0","1","2","0","3","0","2","N","","","","","","","","","","","","07","  ","","",""
"1907","2","0","0","0","0","0","0","0","0","5","0","","36","06","2016","2016065919","3","40.0489","-76.2989","1856","08","0","0","0","0","0","0","0","0","1","0","0","0","18","1","0","00","1","40 02:56.200","1","00","76 17:56.200","0","0","0","0","36301","0","0","0","N","0","0","0","4","36301","0","","1","09","N","N","0","","0","0","0","0","0","N","1856","0","2","0","0","0","0","0","3","0","2","N","","","","","","","","","","","","03","  ","","",""
"1803","0","0","0","0","0","0","0","0","0","4","0","","36","06","2016","2016066035","4","40.0434","-76.2989","1749","08","0","0","0","0","0","1","0","0","2","0","0","0","17","1","0","00","1","40 02:36.400","3","00","76 17:56.000","0","0","0","0","36301","0","0","0","N","0","0","0","2","36301","0","","1","01","N","N","1","","0","0","1","0","0","N","1749","0","2","0","0","0","0","0","3","0","2","N","","","","","","","","","","","","03","  ","","",""
"2121","1","0","0","0","0","0","0","0","0","7","0","","36","06","2016","2016066044","1","40.1539","-76.1594","2115","08","0","0","0","0","1","0","0","0","2","0","0","0","21","2","1","00","1","40 09:14.063","2","00","76 09:33.793","3","0","0","0","36238","0","0","0","N","0","0","0","1","36238","0","","4","01","N","N","0","","1","0","0","0","0","Y","2110","1","1","0","0","0","0","0","3","0","1","N","","","","","","","","","","","","03","  ","","",""
"0937","2","0","0","0","0","0","0","0","0","4","0","","36","06","2016","2016066052","4","40.0439","-76.3588","0927","08","0","0","0","0","0","1","0","0","","0","0","0","09","1","0","00","0","40 02:37.873","","00","76 21:31.557","0","0","0","0","36214","0","0","0","N","0","0","0","2","36214","0","","1","01","N","N","0","","0","0","0","0","0","","0925","0","2","0","0","0","0","0","3","0","2","N","","","","","","","","","","","","03","  ","","",""
"1151","0","0","0","0","0","0","0","0","0","7","0","","36","06","2016","2016066093","4","40.0996","-76.3842","1145","08","0","0","0","0","0","0","0","0","","0","0","0","11","1","0","00","0","40 05:58.600","","00","76 23:03.200","0","0","0","0","36214","0","0","0","N","0","0","0","1","36214","0","","4","01","N","N","0","","0","0","1","0","0","","1140","0","1","0","0","0","0","0","3","0","1","N","","","","","","","","","","","","03","  ","","",""
"1240","1","0","0","0","0","0","0","0","0","1","0","","36","06","2016","2016066095","4","40.1441","-76.2101","1240","08","0","0","0","0","0","1","0","0","","0","0","0","12","1","1","00","0","40 08:38.584","","00","76 12:36.423","3","0","0","1","36238","0","0","0","N","0","0","0","2","36238","0","","2","01","N","N","0","","1","0","0","0","0","","1240","1","2","0","0","0","0","0","3","0","2","N","","","","","","","","","","","","03","  ","","",""
"1435","1","0","0","1","0","0","0","0","0","5","0","","36","06","2016","2016066100","6","40.046","-76.2973","1432","08","0","0","0","0","0","0","0","0","","0","0","0","14","1","1","00","0","40 02:45.674","","00","76 17:50.307","4","0","0","0","36301","1","0","0","N","0","0","0","2","36301","1","","1","01","N","N","0","","0","0","0","0","0","","1432","1","2","0","0","0","0","1","3","0","1","N","","","","","","","","","","","","03","  ","","",""
"1423","0","0","0","0","0","0","0","0","0","4","1","","36","06","2016","2016066112","4","40.1468","-76.0613","1415","08","0","0","0","0","0","2","0","0","1","0","1","0","14","1","3","01","2","40 08:48.577","7","00","76 03:40.579","4","0","0","0","36213","0","0","0","N","0","0","0","6","36213","3","","1","01","N","N","0","","0","0","1","3","3","Y","1412","3","2","0","0","0","0","0","1","0","2","N","","","","","","","","","","","","03","  ","","",""
"1330","2","0","0","0","0","0","0","0","0","4","0","","36","06","2016","2016066130","3","40.1092","-76.3552","1324","08","0","0","0","0","1","1","0","0","2","0","0","0","13","1","3","00","2","40 06:32.979","5","00","76 21:18.578","3","0","0","0","36214","0","0","0","","0","0","0","4","36214","2","","1","01","N","N","0","","1","0","0","0","0","Y","1322","3","2","0","0","0","0","0","3","0","2","N","","","","","","","","","","","","03","  ","","",""
"0123","1","0","0","0","0","0","0","0","0","4","0","","36","06","2016","2016066177","1","40.0447","-76.3026","0123","08","0","0","0","0","0","0","0","0","","0","0","0","01","3","0","01","0","40 02:41.036","","00","76 18:09.292","0","0","0","0","36301","0","0","0","N","0","0","0","3","36301","0","","1","01","N","N","0","","0","0","1","3","2","","0123","0","2","0","0","0","0","0","3","0","2","N","","","","","","","","","","","","03","  ","","",""
"2150","2","0","0","0","0","0","0","0","0","4","0","","36","06","2016","2016066181","6","40.042","-76.2898","2150","08","0","0","0","0","0","0","0","0","1","0","0","0","21","3","2","01","1","40 02:31.185","1","00","76 17:23.164","3","0","0","0","36301","0","0","0","N","0","0","0","2","36301","1","","1","09","N","N","0","","1","0","0","3","3","N","2150","2","2","0","0","0","0","0","3","0","2","N","","","","","","","","","","","","03","  ","","",""
"2226","0","0","0","0","0","0","0","0","0","7","0","","36","06","2016","2016066184","4","40.0687","-76.3428","2213","08","0","0","0","0","0","0","0","0","2","0","0","0","22","3","1","02","1","40 04:07.161","3","07","76 20:34.220","4","0","0","0","36301","0","0","0","N","0","0","0","1","36301","1","","3","09","N","N","0","","0","0","1","3","2","Y","2213","1","1","0","0","0","0","0","3","0","1","N","","","","","","","","","","","","07","  ","","",""
"2311","1","0","0","0","0","0","0","0","0","4","0","","36","06","2016","2016066190","7","40.0251","-76.3177","2305","08","0","0","1","0","0","0","1","0","","0","0","0","23","3","1","01","0","40 01:30.460","","00","76 19:03.550","8","0","0","0","36301","0","0","0","N","0","0","0","3","36301","0","","1","01","N","N","1","","0","0","0","1","3","","2305","1","2","0","0","0","1","0","3","0","2","N","","","","","","","","","","","","03","  ","","",""
"0533","1","0","0","0","0","0","0","0","0","1","0","","36","06","2016","2016066194","7","40.038","-76.2929","0500","08","0","0","0","0","0","0","0","0","","0","0","0","05","1","0","02","0","40 02:16.645","","00","76 17:34.447","0","0","0","0","36301","0","0","0","N","0","0","0","2","36301","0","","1","01","N","N","0","","0","0","0","3","3","","0500","0","2","0","0","0","0","0","3","1","2","N","","","","","","","","","","","","03","  ","","",""
"2102","0","0","0","1","0","0","0","0","0","4","0","","36","06","2016","2016066195","2","40.0441","-76.3089","2059","08","0","0","0","0","0","0","0","0","3","0","0","0","20","4","1","01","1","40 02:38.824","2","00","76 18:32.014","3","0","0","0","36301","1","0","0","N","0","0","0","2","36301","0","","1","01","N","N","0","","1","0","1","3","2","Y","2055","1","2","0","0","0","0","0","3","0","1","N","","","","","","","","","","","","03","  ","","",""
"1633","1","0","0","0","0","0","0","0","0","4","0","","36","04","2016","2016066250","5","40.0002","-76.3655","1625","08","0","0","0","1","0","1","0","0","","0","0","0","16","1","0","02","0","40 00:00.600","","00","76 21:55.700","0","0","0","0","36223","0","0","0","","0","0","0","5","36223","0","","1","09","N","N","0","","0","0","1","1","3","","1622","0","2","0","0","0","0","0","1","0","2","N","","","","","","","","","","","","03","  ","","",""
"1728","1","0","0","0","0","0","0","0","0","7","0","","36","06","2016","2016066329","3","40.2281","-76.464","1719","08","0","0","0","1","0","0","0","0","2","0","0","0","17","1","0","00","1","40 13:41.055","4","00","76 27:52.754","0","0","0","0","36230","0","0","0","","0","0","0","3","68T06","0","","3","08","N","N","0","","0","0","0","0","0","N","1718","0","1","0","0","0","0","0","1","0","1","N","","","","","","","","","","","","07","  ","","",""
"0557","1","0","0","0","0","0","0","0","0","7","0","","36","06","2016","2016066340","5","40.1033","-76.4231","0547","08","0","0","0","0","1","0","0","0","","0","0","0","05","1","0","00","0","40 06:12.034","","00","76 25:23.301","0","0","0","0","36214","0","0","0","Y","0","0","0","1","36214","0","","3","01","N","N","0","","0","0","0","0","0","","0540","0","1","0","0","0","0","0","3","0","1","N","","","","","","","","","","","","03","  ","","",""
"1424","0","0","0","0","0","0","0","0","0","4","1","","36","06","2016","2016066352","7","40.1165","-76.4502","1419","08","0","0","0","0","0","0","0","0","1","0","1","0","14","1","1","01","1","40 06:59.474","4","02","76 27:00.561","4","0","0","0","36230","0","0","0","N","0","0","0","2","36410","1","","1","01","N","N","1","","0","0","0","3","3","Y","1410","1","2","0","0","0","0","0","1","0","2","N","","","","","","","","","","","","03","  ","","",""
"0631","1","0","0","0","0","0","0","0","0","5","0","","36","06","2016","2016066404","5","40.0377","-76.2718","0627","08","0","0","1","0","0","0","0","0","","0","0","0","06","1","0","01","0","40 02:15.617","","00","76 16:18.739","0","0","0","0","36215","0","0","0","N","0","0","0","2","36215","0","","1","01","N","N","0","","0","0","1","3","2","","0625","0","2","0","0","0","0","0","1","0","2","N","","","","","","","","","","","","03","  ","","",""
"0750","0","0","0","0","0","0","0","0","0","1","0","","36","06","2016","2016066437","6","40.0623","-76.2801","0744","08","0","0","0","0","0","0","0","0","","0","0","0","07","1","1","00","0","40 03:44.133","","00","76 16:48.476","4","0","0","0","36101","0","0","0","N","0","0","0","2","36101","1","","1","01","N","N","0","","0","0","2","0","0","","0742","1","2","0","0","0","0","0","3","0","2","N","","","","","","","","","","","","03","  ","","",""
"1746","0","0","0","0","0","0","0","0","0","7","0","","36","06","2016","2016066439","6","40.0042","-76.3007","1739","08","0","0","0","0","0","0","0","0","3","0","0","0","17","1","1","00","2","40 00:15.100","6","00","76 18:02.500","3","0","0","0","36240","0","0","0","N","0","0","0","1","36240","0","","4","01","N","N","0","","1","0","1","0","0","Y","1738","1","1","0","0","0","0","0","1","0","1","N","","","","","","","","","","","","03","  ","","",""
"1600","0","0","0","0","0","0","0","0","0","7","0","","36","06","2016","2016066524","7","40.2096","-76.0266","1546","08","0","0","0","0","0","1","0","0","1","0","0","0","15","1","1","00","1","40 12:34.704","3","00","76 01:37.671","3","0","0","0","36202","0","0","0","","0","0","0","6","68T06","0","","1","01","N","N","0","","1","0","1","0","0","N","1545","1","3","0","0","0","0","0","1","1","2","N","","","","","","","","","","","","03","  ","","",""
"2334","1","0","0","0","0","0","0","0","0","7","0","","36","06","2016","2016066575","1","40.1282","-76.6115","2324","08","0","0","0","0","0","0","0","0","","0","0","0","23","3","0","01","0","40 07:41.664","","00","76 36:41.536","0","0","0","0","36237","0","0","0","Y","0","0","0","1","36505","0","","2","01","N","N","0","","0","0","0","0","0","","2320","0","1","0","0","0","0","0","1","0","1","N","","","","","","","","","","","","03","  ","","",""
"1325","1","0","0","0","0","0","0","0","0","4","0","","36","06","2016","2016066599","5","40.039","-76.5105","1323","08","0","0","0","0","0","0","0","0","","0","0","0","13","1","0","01","0","40 02:20.317","","02","76 30:37.949","0","0","0","0","36404","0","0","0","N","0","0","0","3","36404","0","","1","01","N","N","1","","0","0","0","3","2","","1320","0","2","0","0","0","0","0","3","0","2","N","","","","","","","","","","","","03","  ","","",""
"2057","2","0","0","0","0","0","0","0","0","2","0","","36","06","2016","2016066605","1","40.049","-76.3057","2040","08","0","0","1","1","0","0","0","0","2","0","0","0","20","3","5","01","2","40 02:56.516","2","00","76 18:20.618","4","0","0","0","36301","0","0","0","N","0","0","0","5","36301","5","","1","01","N","N","0","","0","0","0","3","3","Y","2039","5","2","0","0","0","0","0","3","0","2","N","","","","","","","","","","","","03","  ","","",""