"ARRIVAL_TM","AUTOMOBILE_COUNT","BELTED_DEATH_COUNT","BELTED_SUSP_SERIOUS_INJ_COUNT","BICYCLE_COUNT","BICYCLE_DEATH_COUNT","BICYCLE_SUSP_SERIOUS_INJ_COUNT","BUS_COUNT","CHLDPAS_DEATH_COUNT","CHLDPAS_SUSP_SERIOUS_INJ_COUNT","COLLISION_TYPE","COMM_VEH_COUNT","CONS_ZONE_SPD_LIM","COUNTY","CRASH_MONTH","CRASH_YEAR","CRN","DAY_OF_WEEK","DEC_LAT","DEC_LONG","DISPATCH_TM","DISTRICT","DRIVER_COUNT_16YR","DRIVER_COUNT_17YR","DRIVER_COUNT_18YR","DRIVER_COUNT_19YR","DRIVER_COUNT_20YR","DRIVER_COUNT_50_64YR","DRIVER_COUNT_65_74YR","DRIVER_COUNT_75PLUS","EST_HRS_CLOSED","FATAL_COUNT","HEAVY_TRUCK_COUNT","HORSE_BUGGY_COUNT","HOUR_OF_DAY","ILLUMINATION","INJURY_COUNT","INTERSECT_TYPE","LANE_CLOSED","LATITUDE","LN_CLOSE_DIR","LOCATION_TYPE","LONGITUDE","MAX_SEVERITY_LEVEL","MCYCLE_DEATH_COUNT","MCYCLE_SUSP_SERIOUS_INJ_COUNT","MOTORCYCLE_COUNT","MUNICIPALITY","NONMOTR_COUNT","NONMOTR_DEATH_COUNT","NONMOTR_SUSP_SERIOUS_INJ_COUNT","NTFY_HIWY_MAINT","PED_COUNT","PED_DEATH_COUNT","PED_SUSP_SERIOUS_INJ_COUNT","PERSON_COUNT","POLICE_AGCY","POSSIBLE_INJ_COUNT","RDWY_SURF_TYPE_CD","RELATION_TO_ROAD","ROAD_CONDITION","SCH_BUS_IND","SCH_ZONE_IND","SMALL_TRUCK_COUNT","SPEC_JURIS_CD","SUSP_MINOR_INJ_COUNT","SUSP_SERIOUS_INJ_COUNT","SUV_COUNT","TCD_FUNC_CD","TCD_TYPE","TFC_DETOUR_IND","TIME_OF_DAY","TOT_INJ_COUNT","TOTAL_UNITS","UNB_DEATH_COUNT","UNB_SUSP_SERIOUS_INJ_COUNT","UNBELTED_OCC_COUNT","UNK_INJ_DEG_COUNT","UNK_INJ_PER_COUNT","URBAN_RURAL","VAN_COUNT","VEHICLE_COUNT","WORK_ZONE_IND","WORK_ZONE_LOC","WORK_ZONE_TYPE","WORKERS_PRES","WZ_CLOSE_DETOUR","WZ_FLAGGER","WZ_LAW_OFFCR_IND","WZ_LN_CLOSURE","WZ_MOVING","WZ_OTHER","WZ_SHLDER_MDN","ROADWAY_CLEARED","WEATHER1","WEATHER2","WZ_WORKERS_INJ_KILLED","SECONDARY_CRASH","INTERSECTION_RELATED"
"2156","1","0","0","0","0","0","0","0","0","1","0","","36","06","2016","2016066618","7","40.0704","-76.318","2146","08","0","0","0","0","1","0","0","0","1","0","0","0","21","3","1","00","1","40 04:13.440","3","00","76 19:04.977","3","0","0","1","36101","0","0","0","N","0","0","0","2","36101","0","","1","01","N","N","0","","1","0","0","0","0","N","2141","1","2","0","0","0","0","0","3","0","2","N","","","","","","","","","","","","03","  ","","",""
"1835","0","0","0","0","0","0","0","0","0","7","0","","36","06","2016","2016066630","5","40.1745","-76.1725","1833","08","0","0","0","0","0","0","0","0","2","0","0","0","18","1","1","02","1","40 10:28.112","4","00","76 10:21.170","8","0","0","0","36408","0","0","0","N","0","0","0","1","36408","0","","4","01","N","N","0","","0","0","0","3","2","N","1830","1","1","0","0","0","1","0","2","1","1","N","","","","","","","","","","","","03","  ","","",""
"2251","2","0","0","0","0","0","0","0","0","1","0","","36","06","2016","2016066633","6","40.0812","-76.2933","2247","08","0","0","0","0","0","1","0","0","","0","0","0","22","3","0","00","0","40 04:52.257","","00","76 17:36.056","0","0","0","0","36101","0","0","0","N","0","0","0","2","36101","0","","1","01","N","N","0","","0","0","0","0","0","","2246","0","2","0","0","0","0","0","3","0","2","N","","","","","","","","","","","","03","  ","","",""
"1725","2","0","0","0","0","0","0","0","0","6","0","","36","06","2016","2016066644","3","40.0452","-76.4133","1720","08","0","0","0","0","0","0","0","0","2","0","0","0","17","1","0","00","1","40 02:42.600","3","00","76 24:47.800","0","0","0","0","36239","0","0","0","N","0","0","0","2","36239","0","","1","09","N","N","0","","0","0","0","0","0","N","1715","0","2","0","0","0","0","0","3","0","2","N","","","","","","","","","","","","07","  ","","",""
"1244","1","0","0","0","0","0","0","0","0","7","0","","36","06","2016","2016066646","5","40.2093","-76.2267","1234","08","0","0","0","0","0","0","0","0","1","0","0","0","12","1","0","01","1","40 12:33.401","4","00","76 13:36.284","0","0","0","0","36204","0","0","0","","0","0","0","1","36506","0","","4","01","N","N","0","","0","0","0","0","0","Y","1234","0","1","0","0","0","0","0","1","0","1","N","","","","","","","","","","","","03","  ","","",""
"1727","1","0","0","0","0","0","0","0","0","8","0","","36","06","2016","2016066701","2","40.0486","-76.2949","1723","08","0","0","0","0","0","0","0","0","1","0","0","0","17","1","1","02","1","40 02:55.100","2","00","76 17:41.600","3","0","0","0","36301","1","0","0","N","1","0","0","2","36301","0","","1","01","N","N","0","","1","0","0","0","0","N","1723","1","2","0","0","0","0","0","3","0","1","N","","","","","","","","","","","","03","  ","","",""
"1050","2","0","0","0","0","0","0","0","0","4","0","","36","06","2016","2016066743","3","40.026","-76.2049","1047","08","0","0","0","0","0","0","2","0","1","0","0","0","10","1","1","00","1","40 01:33.700","1","07","76 12:17.600","3","0","0","0","36215","0","0","0","N","0","0","0","2","36215","0","","1","01","N","N","0","","1","0","0","3","2","N","1044","1","2","0","0","0","0","0","1","0","2","N","","","","","","","","","","","","03","  ","","",""
"1156","0","0","0","0","0","0","0","0","0","7","0","","36","07","2016","2016066785","6","40.1482","-76.4099","1155","08","0","0","0","0","0","0","0","0","2","0","0","0","11","1","0","00","2","40 08:53.520","5","03","76 24:35.590","0","0","0","0","36230","0","0","0","N","0","0","0","1","36410","0","","2","01","N","N","0","","0","0","1","0","0","N","1148","0","1","0","0","0","0","0","1","0","1","N","","","","","","","","","","","","03","  ","","",""
"1508","0","0","0","0","0","0","0","0","0","4","0","","36","07","2016","2016066802","6","40.0422","-76.2956","1506","08","0","0","1","0","0","0","0","0","2","0","0","0","15","1","2","01","1","40 02:31.984","3","00","76 17:44.246","8","0","0","0","36301","0","0","0","Y","0","0","0","2","36301","0","","1","01","N","N","0","","0","0","1","3","3","N","1503","2","2","0","0","0","2","0","3","1","2","N","","","","","","","","","","","","03","  ","","",""
"1436","1","0","0","0","0","0","0","0","0","7","0","","36","07","2016","2016066813","6","40.1339","-76.5999","1432","08","0","0","0","0","0","0","0","0","1","0","0","0","14","1","0","00","1","40 08:02.014","1","00","76 35:59.723","0","0","0","0","36237","0","0","0","N","0","0","0","1","36505","0","","4","01","N","N","0","","0","0","0","0","0","N","1435","0","1","0","0","0","0","0","1","0","1","N","","","","","","","","","","","","03","  ","","",""
"1802","2","0","0","0","0","0","0","0","0","1","0","","36","06","2016","2016066816","3","40.0591","-76.3206","1758","08","0","0","0","0","0","1","0","0","","0","0","0","17","1","0","00","0","40 03:32.678","","00","76 19:14.159","0","0","0","0","36301","0","0","0","N","0","0","0","4","36301","0","","1","09","N","N","0","","0","0","1","0","0","","1739","0","3","0","0","0","0","0","3","0","3","N","","","","","","","","","","","","07","  ","","",""
"1648","0","0","0","0","0","0","0","0","0","1","0","","36","06","2016","2016066847","1","39.8188","-76.3221","1630","08","0","0","0","0","0","0","0","0","3","0","1","1","16","1","2","00","2","39 49:07.648","4","03","76 19:19.531","3","0","0","0","36224","2","0","0","","0","0","0","4","68J01","0","","1","01","N","N","0","","1","0","0","0","0","N","1629","2","2","0","0","0","1","0","1","0","1","N","","","","","","","","","","","","03","  ","","",""
"2046","0","0","0","0","0","0","0","0","0","7","0","","36","06","2016","2016066881","6","40.0132","-76.4326","2038","08","1","0","0","0","0","0","0","0","","0","0","0","20","2","0","03","0","40 00:47.494","","00","76 25:57.331","0","0","0","0","36223","0","0","0","","0","0","0","2","36223","0","","4","09","N","N","0","","0","0","1","0","0","","2033","0","1","0","0","0","0","0","1","0","1","N","","","","","","","","","","","","07","  ","","",""
"2143","2","0","1","0","0","0","0","0","0","2","0","","36","06","2016","2016066905","3","40.061","-76.2765","2141","08","0","0","0","0","0","1","1","0","2","0","0","0","21","3","2","00","2","40 03:39.671","4","00","76 16:35.257","2","0","0","0","36101","0","0","0","Y","0","0","0","2","36101","1","","1","01","N","N","0","","0","1","0","3","1","N","2139","2","2","0","0","0","0","0","3","0","2","N","","","","","","","","","","","","03","  ","","",""
"0624","2","0","0","0","0","0","0","0","0","4","0","","36","07","2016","2016066943","6","40.1853","-76.1616","0619","08","0","0","0","0","0","1","0","0","","0","0","0","06","1","0","00","0","40 11:06.900","","07","76 09:41.900","0","0","0","0","36408","0","0","0","N","0","0","0","1","36408","0","","6","01","N","N","0","","0","0","0","0","0","","0617","0","3","0","0","0","0","0","2","1","3","N","","","","","","","","","","","","03","  ","","",""
"1623","1","0","0","0","0","0","0","0","0","7","0","","36","06","2016","2016066946","2","40.1455","-76.3627","1618","08","0","0","0","0","0","0","0","0","","0","0","0","16","1","0","00","0","40 08:43.908","","00","76 21:45.857","0","0","0","0","36227","0","0","0","","0","0","0","1","36506","0","","4","09","N","N","0","","0","0","0","0","0","","1618","0","1","0","0","0","0","0","1","0","1","N","","","","","","","","","","","","07","  ","","",""
"1555","1","0","0","0","0","0","0","0","0","4","0","","36","07","2016","2016066995","6","40.0419","-76.3154","1552","08","0","0","0","0","0","1","0","0","1","0","0","0","15","1","1","01","1","40 02:30.706","4","00","76 18:55.562","8","0","0","0","36301","0","0","0","N","0","0","0","2","36301","0","","1","01","N","N","0","","0","0","1","3","3","Y","1550","1","2","0","0","0","1","0","3","0","2","N","","","","","","","","","","","","03","  ","","",""
"1705","1","0","0","0","0","0","0","0","0","4","0","","36","07","2016","2016067000","6","40.1599","-76.391","1704","08","0","0","1","0","0","1","0","0","2","0","0","0","17","1","0","01","1","40 09:35.765","2","00","76 23:27.466","9","0","0","0","36410","0","0","0","N","0","0","0","5","36410","0","","1","01","N","N","1","","0","0","0","3","2","N","1703","0","2","0","0","0","0","3","2","0","2","N","","","","","","","","","","","","03","  ","","",""
"1638","2","0","0","0","0","0","0","0","0","1","0","","36","06","2016","2016067005","2","40.0554","-76.2683","1634","08","0","0","0","0","0","0","0","0","","0","0","0","16","1","3","00","0","40 03:19.265","","00","76 16:05.923","4","0","0","0","36215","0","0","0","N","0","0","0","5","36215","3","","1","01","N","N","0","","0","0","0","0","0","","1619","3","2","0","0","0","0","0","1","0","2","N","","","","","","","","","","","","03","  ","","",""
"1355","0","0","0","0","0","0","0","0","0","4","1","","36","06","2016","2016067018","2","40.1481","-76.5515","1354","08","0","0","0","0","0","1","0","0","1","0","1","0","13","1","1","02","2","40 08:53.137","7","00","76 33:05.272","8","0","0","0","36225","0","0","0","N","0","0","0","2","36505","0","","1","09","N","N","1","","0","0","0","3","3","Y","1350","1","2","0","0","0","1","0","2","0","2","N","","","","","","","","","","","","07","  ","","",""
"0645","0","0","0","0","0","0","0","0","0","0","0","","36","07","2016","2016067034","7","40.1","-76.3177","0637","08","0","1","0","0","0","0","0","0","2","0","0","0","06","1","1","00","2","40 06:00.100","2","00","76 19:03.600","3","0","0","0","36101","0","0","0","N","0","0","0","3","36101","0","","1","01","N","N","0","","1","0","1","0","0","N","0633","1","1","0","0","1","0","0","3","0","1","N","","","","","","","","","","","","03","  ","","",""
"1525","1","0","0","0","0","0","0","0","0","5","1","","36","06","2016","2016067051","3","40.0261","-76.2109","1516","08","0","0","0","0","0","0","0","0","2","0","1","0","15","1","0","00","1","40 01:34.124","4","00","76 12:39.330","0","0","0","0","36215","0","0","0","N","0","0","0","2","36215","0","","1","01","N","N","0","","0","0","0","0","0","N","1514","0","2","0","0","0","0","0","1","0","2","N","","","","","","","","","","","","03","  ","","",""
"1324","0","0","0","0","0","0","0","0","0","0","0","","36","07","2016","2016067071","6","40.1081","-76.0526","1315","08","0","0","0","0","0","0","0","0","","0","0","0","22","2","1","00","0","40 06:29.100","","00","76 03:09.400","4","0","0","1","36213","0","0","0","N","0","0","0","1","36213","1","","1","01","N","N","0","","0","0","0","0","0","","2245","1","1","0","0","0","0","0","1","0","1","N","","","","","","","","","","","","03","  ","","",""
"2007","2","0","0","0","0","0","0","0","0","4","0","","36","06","2016","2016067158","4","40.0333","-76.4917","2004","08","0","1","0","0","0","0","0","0","2","0","0","0","20","1","0","01","2","40 01:59.775","5","00","76 29:30.112","0","0","0","0","36404","0","0","0","N","0","0","0","2","36404","0","","1","01","N","N","0","","0","0","0","3","3","Y","2003","0","2","0","0","0","0","0","3","0","2","N","","","","","","","","","","","","03","  ","","",""
"2149","1","0","0","0","0","0","0","0","0","4","0","","36","07","2016","2016067151","7","40.0152","-76.1561","2130","08","0","0","0","1","0","0","0","0","2","0","0","0","21","2","3","02","2","40 00:54.775","3","00","76 09:22.126","3","0","0","0","36215","0","0","0","N","0","0","0","5","36215","0","","1","01","N","N","0","","3","0","1","3","3","N","2124","3","2","0","0","1","0","0","1","0","2","N","","","","","","","","","","","","03","  ","","",""
"1924","2","0","0","0","0","0","0","0","0","4","0","","36","07","2016","2016067153","7","40.0501","-76.3059","1917","08","0","0","1","0","0","0","0","0","3","0","0","0","19","4","1","01","1","40 03:00.332","4","00","76 18:21.350","4","0","0","0","36301","0","0","0","N","0","0","0","5","36301","1","","1","01","N","N","0","","0","0","0","3","2","Y","1916","1","2","0","0","0","0","0","3","0","2","N","","","","","","","","","","","","03","  ","","",""
"0018","0","0","0","0","0","0","0","0","0","7","0","","36","07","2016","2016067154","7","40.01","-76.2228","0003","08","0","0","0","0","0","0","0","0","2","0","0","0","23","2","1","00","2","40 00:36.017","5","00","76 13:22.053","8","0","0","0","36240","0","0","0","N","0","0","0","1","36240","0","","4","01","N","N","0","","0","0","1","0","0","Y","2358","1","1","0","0","0","1","0","1","0","1","N","","","","","","","","","","","","03","  ","","",""
"1449","0","0","0","0","0","0","0","0","0","4","0","","36","07","2016","2016067163","7","40.1019","-76.5609","1446","08","0","0","0","0","1","0","0","0","","0","0","0","14","1","0","02","0","40 06:06.974","","00","76 33:39.260","0","0","0","0","36211","0","0","0","N","0","0","0","2","36504","0","","1","01","N","N","1","","0","0","1","3","3","","1444","0","2","0","0","1","0","0","1","0","2","N","","","","","","","","","","","","03","  ","","",""
"1100","2","0","0","0","0","0","0","0","0","4","0","","36","07","2016","2016067172","6","40.1066","-76.0676","1055","08","0","0","0","0","0","0","0","1","1","0","0","0","10","1","0","01","1","40 06:23.763","7","00","76 04:03.457","0","0","0","0","36209","0","0","0","N","0","0","0","3","36415","0","","1","01","N","N","0","","0","0","0","3","3","N","1055","0","2","0","0","0","0","0","1","0","2","N","","","","","","","","","","","","03","  ","","",""
"1233","2","0","0","0","0","0","0","0","0","4","0","","36","07","2016","2016067184","7","39.9901","-76.2399","1231","08","0","0","0","0","0","1","0","0","","0","0","0","12","1","1","01","0","39 59:24.433","","00","76 14:23.626","8","0","0","0","36240","0","0","0","N","0","0","0","7","36240","0","","1","01","N","N","0","","0","0","0","3","2","","1231","1","2","0","0","2","1","0","1","0","2","N","","","","","","","","","","","","03","  ","","",""
"1533","1","0","0","0","0","0","0","0","0","1","0","","36","07","2016","2016067185","7","40.0403","-76.2444","1528","08","0","0","0","0","0","1","0","0","","0","0","0","15","1","1","00","0","40 02:25.153","","00","76 14:39.707","3","0","0","1","36215","0","0","0","N","0","0","0","2","36215","0","","1","01","N","N","0","","1","0","0","0","0","","1518","1","2","0","0","0","0","0","1","0","2","N","","","","","","","","","","","","03","  ","","",""
"1047","1","0","0","0","0","0","0","0","0","7","1","","36","06","2016","2016067189","5","40.0821","-76.2754","1035","08","0","0","0","0","0","0","0","1","","0","1","0","10","1","0","00","0","40 04:55.419","","00","76 16:31.432","0","0","0","0","36101","0","0","0","N","0","0","0","3","36101","0","","1","01","N","N","0","","0","0","0","0","0","","1031","0","2","0","0","0","0","0","3","0","2","N","","","","","","","","","","","","03","  ","","",""
"1117","0","0","0","0","0","0","0","0","0","4","0","","36","07","2016","2016067208","6","40.0734","-76.3199","1117","08","0","0","0","1","0","1","0","0","","0","0","0","11","1","1","00","0","40 04:24.252","","07","76 19:11.632","3","0","0","0","36101","0","0","0","N","0","0","0","2","36101","0","","1","01","N","N","0","","1","0","2","0","0","","1117","1","2","0","0","1","0","0","3","0","2","N","","","","","","","","","","","","03","  ","","",""
"1538","2","0","0","0","0","0","0","0","0","1","0","","36","07","2016","2016067214","6","40.1022","-76.3542","1531","08","0","0","0","1","0","0","0","0","2","0","0","0","15","1","2","00","1","40 06:07.741","2","00","76 21:15.229","3","0","0","0","36406","0","0","0","N","0","0","0","6","36101","0","","1","01","N","N","0","","2","0","0","0","0","N","1502","2","3","0","0","0","0","0","3","1","3","N","","","","","","","","","","","","03","  ","","",""
"1721","1","0","0","0","0","0","0","0","0","8","0","","36","06","2016","2016067227","3","40.0353","-76.3147","1717","08","0","1","0","0","0","0","0","0","","0","0","0","17","1","1","00","0","40 02:06.939","","00","76 18:53.079","3","0","0","0","36301","1","0","0","N","1","0","0","4","36301","0","","1","01","N","N","0","","1","0","0","0","0","","1713","1","2","0","0","0","0","0","3","0","1","N","","","","","","","","","","","","03","  ","","",""
"0909","2","0","0","0","0","0","0","0","0","4","0","","36","07","2016","2016067232","7","40.1066","-76.0676","0904","08","0","0","0","0","0","0","2","0","1","0","0","0","09","1","1","01","2","40 06:23.763","7","00","76 04:03.457","3","0","0","0","36209","0","0","0","N","0","0","0","4","36415","0","","1","01","N","N","0","","1","0","0","3","3","Y","0902","1","2","0","0","0","0","0","1","0","2","N","","","","","","","","","","","","03","  ","","",""
"1100","1","0","0","0","0","0","0","0","0","1","0","","36","07","2016","2016067243","7","40.0699","-76.3424","1051","08","0","0","1","0","0","1","0","0","","0","1","0","10","1","2","00","0","40 04:11.700","","00","76 20:32.500","4","0","0","0","36301","0","0","0","N","0","0","0","3","36301","2","","1","01","N","N","0","","0","0","0","0","0","","1022","2","2","0","0","0","0","0","3","0","2","N","","","","","","","","","","","","03","  ","","",""
"0400","1","0","0","0","0","0","0","0","0","1","0","","36","06","2016","2016067278","1","40.0365","-76.3075","0355","08","0","0","0","0","0","0","0","0","2","0","0","0","03","3","0","00","1","40 02:11.388","2","00","76 18:27.123","9","0","0","0","36301","0","0","0","N","0","0","0","1","36301","0","","6","01","N","N","0","","0","0","1","0","0","N","0345","0","3","0","0","0","0","1","3","0","3","N","","","","","","","","","","","","03","  ","","",""
"1803","1","0","0","0","0","0","0","0","0","4","0","","36","07","2016","2016067326","1","40.1383","-76.1002","1803","08","0","0","0","0","1","0","0","0","1","0","0","0","18","1","0","01","1","40 08:17.897","1","00","76 06:00.677","0","0","0","0","36209","0","0","0","N","0","0","0","6","36415","0","","1","01","N","N","0","","0","0","0","0","0","Y","1803","0","2","0","0","0","0","0","1","1","2","N","","","","","","","","","","","","03","  ","","",""
"1924","0","0","0","0","0","0","0","0","0","0","0","","36","07","2016","2016067329","7","40.2145","-76.4316","1918","08","0","0","0","0","0","0","0","0","1","0","0","0","19","1","1","00","1","40 12:52.208","2","00","76 25:53.588","8","0","0","1","36230","0","0","0","N","0","0","0","1","36410","0","","4","01","N","N","0","","0","0","0","0","0","Y","1914","1","1","0","0","0","1","0","1","0","1","N","","","","","","","","","","","","03","  ","","",""
"1952","1","0","0","0","0","0","0","0","0","4","0","","36","06","2016","2016067337","3","40.0319","-76.2398","1951","08","0","0","0","0","0","2","0","0","3","0","0","0","19","1","5","02","2","40 01:54.765","4","02","76 14:23.331","3","0","0","0","36215","0","0","0","N","0","0","0","7","36215","0","","1","01","N","N","0","","2","0","0","3","2","Y","1935","5","2","0","0","1","3","0","1","1","2","N","","","","","","","","","","","","03","  ","","",""
"0331","1","0","0","0","0","0","0","0","0","2","0","","36","07","2016","2016067343","7","40.0432","-76.3182","0326","08","0","0","0","0","0","0","0","0","2","0","0","0","03","3","0","01","2","40 02:35.469","4","00","76 19:05.620","0","0","0","0","36301","0","0","0","N","0","0","0","3","36301","0","","1","01","N","N","0","","0","0","0","3","3","N","0324","0","2","0","0","0","0","0","3","1","2","N","","","","","","","","","","","","03","  ","","",""
"0202","1","0","0","0","0","0","0","0","0","5","0","","36","07","2016","2016067359","2","40.0459","-76.2975","0157","08","0","0","0","0","0","0","0","0","2","0","0","0","01","3","0","00","1","40 02:45.205","3","00","76 17:50.919","0","0","0","0","36301","0","0","0","N","0","0","0","1","36301","0","","6","01","N","N","0","","0","0","1","0","0","N","0157","0","2","0","0","0","0","0","3","0","2","N","","","","","","","","","","","","03","  ","","",""
"2238","1","0","0","0","0","0","0","0","0","4","0","","36","07","2016","2016067363","1","40.131","-76.2171","2235","08","0","0","0","0","0","0","0","0","2","0","0","0","22","3","1","01","1","40 07:51.556","4","00","76 13:01.609","4","0","0","0","36238","0","0","0","N","0","0","0","3","36238","1","","1","01","N","N","1","","0","0","0","3","2","N","2230","1","2","0","0","0","0","0","3","0","2","N","","","","","","","","","","","","03","  ","","",""
"2114","2","0","0","0","0","0","0","0","0","4","0","","36","07","2016","2016067364","1","40.0375","-76.3171","2114","08","0","0","0","0","0","0","0","0","1","0","0","0","21","3","0","00","2","40 02:14.908","3","00","76 19:01.454","0","0","0","0","36301","0","0","0","N","0","0","0","1","36301","0","","4","01","N","N","0","","0","0","0","0","0","Y","2114","0","2","0","0","0","0","0","3","0","2","N","","","","","","","","","","","","03","  ","","",""
"0702","1","0","0","0","0","0","0","0","0","1","0","","36","06","2016","2016067368","4","40.0157","-76.3496","0657","08","0","0","0","0","0","0","0","0","1","0","0","0","06","1","0","01","1","40 00:56.470","1","00","76 20:58.524","0","0","0","0","36412","0","0","0","N","0","0","0","5","36412","0","","1","01","N","N","1","","0","0","0","3","2","N","0655","0","2","0","0","0","0","0","3","0","2","N","","","","","","","","","","","","98","  ","","",""
"2110","2","0","0","0","0","0","0","0","0","4","0","","36","07","2016","2016067370","6","40.0422","-76.2956","2107","08","0","0","0","0","0","0","0","0","2","0","0","0","21","3","2","01","1","40 02:31.984","3","00","76 17:44.246","3","0","0","0","36301","0","0","0","N","0","0","0","3","36301","1","","1","01","N","N","0","","1","0","0","0","0","N","2105","2","2","0","0","0","0","0","3","0","2","N","","","","","","","","","","","","03","  ","","",""
"0702","1","0","0","0","0","0","0","0","0","1","0","","36","06","2016","2016067400","5","40.1298","-76.4427","0657","08","0","0","0","0","0","2","0","0","1","0","0","0","06","1","1","02","1","40 07:47.214","4","00","76 26:33.543","3","0","0","0","36230","0","0","0","N","0","0","0","2","36410","0","","1","01","N","N","1","","1","0","0","0","0","N","0655","1","2","0","0","0","0","0","1","0","2","N","","","","","","","","","","","","03","  ","","",""
"1253","2","0","0","0","0","0","0","0","0","1","0","","36","06","2016","2016067407","4","40.1414","-76.2106","1253","08","0","0","0","0","0","0","1","0","","0","0","0","12","1","0","00","0","40 08:29.097","","00","76 12:38.139","0","0","0","0","36238","0","0","0","N","0","0","0","2","36238","0","","1","01","N","N","0","","0","0","0","0","0","","1253","0","2","0","0","1","0","0","3","0","2","N","","","","","","","","","","","","03","  ","","",""
"1548","1","0","0","0","0","0","0","0","0","1","0","","36","06","2016","2016067409","4","40.129","-76.2144","1548","08","0","0","0","0","0","0","1","0","","0","0","0","15","1","0","00","0","40 07:44.329","","02","76 12:51.732","0","0","0","0","36238","0","0","0","N","0","0","0","3","36238","0","","1","2","N","N","1","","0","0","0","0","0","","1545","0","2","0","0","0","0","0","3","0","2","N","","","","","","","","","","","","03","  ","","",""
"1225","3","0","0","0","0","0","0","0","0","5","0","","36","06","2016","2016067418","6","40.0394","-76.3015","1221","08","0","0","0","0","0","0","0","0","","0","0","0","12","1","1","00","0","40 02:21.851","","00","76 18:05.488","8","0","0","0","36301","0","0","0","N","0","0","0","1","36301","0","","6","01","N","N","0","","0","0","0","0","0","","1221","1","3","0","0","0","1","0","3","0","3","N","","","","","","","","","","","","03","  ","","",""
"1351","2","0","0","0","0","0","0","0","0","4","0","","36","06","2016","2016067424","4","40.0424","-76.2938","1350","08","1","0","0","0","1","0","0","0","","0","0","0","13","1","0","01","0","40 02:32.690","","00","76 17:37.622","9","0","0","0","36301","0","0","0","N","0","0","0","2","36301","0","","1","01","N","N","0","","0","0","0","3","3","","1350","0","2","0","0","0","0","2","3","0","2","N","","","","","","","","","","","","03","  ","","",""
"1417","2","0","0","0","0","0","0","0","0","1","0","","36","07","2016","2016067449","2","40.1507","-76.5945","1416","08","0","0","1","1","0","0","0","0","","0","0","0","14","1","0","02","0","40 09:02.520","","00","76 35:40.174","0","0","0","0","36407","0","0","0","N","0","0","0","3","36407","0","","1","09","N","N","0","","0","0","0","0","0","","1415","0","2","0","0","0","0","0","2","0","2","N","","","","","","","","","","","","07","  ","","",""
"1500","2","0","1","0","0","0","0","0","0","1","0","","36","07","2016","2016067457","2","40.1303","-76.4934","1452","08","0","0","0","0","0","1","0","0","2","0","0","0","14","1","2","00","1","40 07:49.193","4","03","76 29:36.289","2","0","0","0","36230","0","0","0","Y","0","0","0","4","36410","1","","1","09","N","N","0","","0","1","0","0","0","N","1448","2","2","0","0","0","0","0","1","0","2","N","","","","","","","","","","","","07","  ","","",""
"1514","2","0","0","0","0","0","0","0","0","1","0","","36","07","2016","2016067459","2","40.1246","-76.4691","1512","08","0","0","0","0","0","0","1","0","1","0","0","0","15","1","3","00","1","40 07:28.606","3","01","76 28:08.688","4","0","0","0","36230","0","0","0","N","0","0","0","5","36410","2","","1","01","N","N","0","","0","0","0","0","0","Y","1512","3","3","0","0","0","1","0","1","1","3","N","","","","","","","","","","","","03","  ","","",""
"1559","1","0","0","0","0","0","0","0","0","1","0","","36","06","2016","2016067471","5","40.0114","-76.3544","1551","08","0","0","0","0","0","0","0","0","2","0","0","0","15","1","0","00","2","40 00:41.101","3","00","76 21:16.008","0","0","0","0","36412","0","0","0","N","0","0","0","4","36412","0","","1","01","Y","N","0","","0","0","2","0","0","Y","1545","0","3","0","0","0","0","0","3","0","3","N","","","","","","","","","","","","03","  ","","",""
"0322","3","0","0","0","0","0","0","0","0","1","0","","36","07","2016","2016067523","6","40.0318","-76.4894","0321","08","0","1","0","0","0","0","0","0","","0","0","0","03","2","0","00","0","40 01:54.593","","00","76 29:21.704","0","0","0","0","36404","0","0","0","N","0","0","0","2","36404","0","","6","01","N","N","0","","0","0","0","0","0","","0319","0","3","0","0","0","0","0","3","0","3","N","","","","","","","","","","","","03","  ","","",""
"1735","1","0","0","0","0","0","0","0","0","4","0","","36","06","2016","2016067524","7","39.9858","-76.2836","1728","08","0","0","0","0","0","1","0","0","2","0","0","0","17","1","1","01","2","39 59:09.292","3","00","76 17:01.207","3","0","0","0","36240","0","0","0","N","0","0","0","4","36240","0","","1","09","N","N","0","","1","0","1","3","2","Y","1725","1","2","0","0","0","0","0","1","0","2","N","","","","","","","","","","","","03","  ","","",""
"1919","0","0","0","0","0","0","0","0","0","7","1","","36","07","2016","2016067531","2","40.0621","-76.3441","1910","08","0","0","0","0","0","0","0","0","","0","1","0","19","1","0","00","0","40 03:43.578","","00","76 20:38.821","0","0","0","0","36214","0","0","0","Y","0","0","0","1","36214","0","","4","09","N","N","0","","0","0","0","0","0","","1909","0","1","0","0","0","0","0","3","0","1","N","","","","","","","","","","","","07","  ","","",""
"2210","2","0","0","0","0","0","0","0","0","1","0","","36","04","2016","2016067540","7","40.0223","-76.192","2210","08","0","0","1","0","0","0","0","0","3","0","0","0","22","2","0","00","1","40 01:20.350","4","00","76 11:31.187","9","0","0","0","36215","0","0","0","N","0","0","0","3","36215","0","","1","01","N","N","0","","0","0","0","0","0","N","2205","0","2","0","0","0","0","1","1","0","2","N","","","","","","","","","","","","03","  ","","",""