"ARRIVAL_TM","AUTOMOBILE_COUNT","BELTED_DEATH_COUNT","BELTED_SUSP_SERIOUS_INJ_COUNT","BICYCLE_COUNT","BICYCLE_DEATH_COUNT","BICYCLE_SUSP_SERIOUS_INJ_COUNT","BUS_COUNT","CHLDPAS_DEATH_COUNT","CHLDPAS_SUSP_SERIOUS_INJ_COUNT","COLLISION_TYPE","COMM_VEH_COUNT","CONS_ZONE_SPD_LIM","COUNTY","CRASH_MONTH","CRASH_YEAR","CRN","DAY_OF_WEEK","DEC_LAT","DEC_LONG","DISPATCH_TM","DISTRICT","DRIVER_COUNT_16YR","DRIVER_COUNT_17YR","DRIVER_COUNT_18YR","DRIVER_COUNT_19YR","DRIVER_COUNT_20YR","DRIVER_COUNT_50_64YR","DRIVER_COUNT_65_74YR","DRIVER_COUNT_75PLUS","EST_HRS_CLOSED","FATAL_COUNT","HEAVY_TRUCK_COUNT","HORSE_BUGGY_COUNT","HOUR_OF_DAY","ILLUMINATION","INJURY_COUNT","INTERSECT_TYPE","LANE_CLOSED","LATITUDE","LN_CLOSE_DIR","LOCATION_TYPE","LONGITUDE","MAX_SEVERITY_LEVEL","MCYCLE_DEATH_COUNT","MCYCLE_SUSP_SERIOUS_INJ_COUNT","MOTORCYCLE_COUNT","MUNICIPALITY","NONMOTR_COUNT","NONMOTR_DEATH_COUNT","NONMOTR_SUSP_SERIOUS_INJ_COUNT","NTFY_HIWY_MAINT","PED_COUNT","PED_DEATH_COUNT","PED_SUSP_SERIOUS_INJ_COUNT","PERSON_COUNT","POLICE_AGCY","POSSIBLE_INJ_COUNT","RDWY_SURF_TYPE_CD","RELATION_TO_ROAD","ROAD_CONDITION","SCH_BUS_IND","SCH_ZONE_IND","SMALL_TRUCK_COUNT","SPEC_JURIS_CD","SUSP_MINOR_INJ_COUNT","SUSP_SERIOUS_INJ_COUNT","SUV_COUNT","TCD_FUNC_CD","TCD_TYPE","TFC_DETOUR_IND","TIME_OF_DAY","TOT_INJ_COUNT","TOTAL_UNITS","UNB_DEATH_COUNT","UNB_SUSP_SERIOUS_INJ_COUNT","UNBELTED_OCC_COUNT","UNK_INJ_DEG_COUNT","UNK_INJ_PER_COUNT","URBAN_RURAL","VAN_COUNT","VEHICLE_COUNT","WORK_ZONE_IND","WORK_ZONE_LOC","WORK_ZONE_TYPE","WORKERS_PRES","WZ_CLOSE_DETOUR","WZ_FLAGGER","WZ_LAW_OFFCR_IND","WZ_LN_CLOSURE","WZ_MOVING","WZ_OTHER","WZ_SHLDER_MDN","ROADWAY_CLEARED","WEATHER1","WEATHER2","WZ_WORKERS_INJ_KILLED","SECONDARY_CRASH","INTERSECTION_RELATED"
"1559","3","0","0","0","0","0","0","0","0","7","0","","36","06","2016","2016067543","1","40.0332","-76.2457","1554","08","0","0","0","0","0","0","0","0","","0","0","0","15","1","1","00","0","40 01:59.384","","00","76 14:44.544","8","0","0","0","36215","0","0","0","N","0","0","0","3","36215","0","","4","01","N","N","0","","0","0","1","0","0","","1552","1","4","0","0","0","1","0","1","0","4","N","","","","","","","","","","","","03","  ","","",""
"1124","1","0","0","0","0","0","0","0","0","1","0","","36","06","2016","2016067545","4","40.0341","-76.2505","1119","08","0","0","0","0","0","0","0","0","2","0","0","0","11","1","2","02","1","40 02:02.929","3","00","76 15:01.795","8","0","0","0","36215","0","0","0","N","0","0","0","4","36215","0","","1","01","N","N","0","","0","0","0","3","2","N","1119","2","2","0","0","2","2","0","1","1","2","N","","","","","","","","","","","","03","  ","","",""
"2144","2","0","0","0","0","0","0","0","0","4","0","","36","07","2016","2016067552","6","40.0319","-76.2398","2141","08","0","0","1","0","0","1","0","0","2","0","0","0","21","2","2","02","2","40 01:54.765","4","02","76 14:23.331","4","0","0","0","36215","0","0","0","N","0","0","0","3","36215","2","","1","01","N","N","0","","0","0","0","3","2","Y","2141","2","2","0","0","0","0","0","1","0","2","N","","","","","","","","","","","","03","  ","","",""
"1714","1","0","0","0","0","0","0","0","0","1","0","","36","06","2016","2016067559","5","40.0757","-76.3363","1705","08","0","0","0","0","0","0","0","0","1","0","0","0","17","1","0","00","1","40 04:32.373","3","00","76 20:10.660","0","0","0","0","36101","0","0","0","N","0","0","0","2","36101","0","","1","01","N","N","1","","0","0","0","0","0","N","1702","0","2","0","0","0","0","0","3","0","2","N","","","","","","","","","","","","03","  ","","",""
"0132","0","0","0","0","0","0","0","0","0","7","1","","36","06","2016","2016067565","6","40.0439","-76.2541","0126","08","0","0","0","0","0","0","0","0","3","0","0","0","01","3","0","00","2","40 02:37.900","5","01","76 15:14.640","0","0","0","0","36215","0","0","0","N","0","0","0","1","36215","0","","1","01","N","N","1","","0","0","0","3","8","N","0124","0","1","0","0","0","0","0","1","0","1","N","","","","","","","","","","","","03","  ","","",""
"2046","1","0","0","0","0","0","0","0","0","4","0","","36","07","2016","2016067566","2","40.0742","-76.4212","2041","08","0","0","0","1","0","0","0","0","","0","0","0","20","3","1","02","0","40 04:27.246","","00","76 25:16.410","4","0","0","0","36239","0","0","0","N","0","0","0","4","36239","1","","1","09","N","N","0","","0","0","1","3","3","","2036","1","2","0","0","0","0","1","3","0","2","N","","","","","","","","","","","","07","  ","","",""
"1330","1","0","0","0","0","0","0","0","0","1","0","","36","05","2016","2016067598","3","40.1298","-76.2166","1316","08","0","0","0","0","0","1","0","0","","0","0","0","13","1","0","01","0","40 07:47.418","","02","76 12:59.629","0","0","0","0","36238","0","0","0","N","0","0","0","2","36238","0","","1","01","N","N","0","","0","0","1","3","4","","1314","0","2","0","0","0","0","0","3","0","2","N","","","","","","","","","","","","03","  ","","",""
"2039","4","0","0","0","0","0","0","0","0","5","0","","36","07","2016","2016067601","2","40.0327","-76.2957","2039","08","0","0","0","0","0","0","0","0","2","0","0","0","20","1","0","00","2","40 01:57.662","6","00","76 17:44.426","0","0","0","0","36301","0","0","0","N","0","0","0","1","36301","0","","2","09","N","N","0","","0","0","0","0","0","Y","2018","0","4","0","0","0","0","0","3","0","4","N","","","","","","","","","","","","07","  ","","",""
"0215","0","0","0","0","0","0","0","0","0","7","0","35","36","07","2016","2016067607","3","40.1033","-76.3317","0210","08","0","0","0","0","0","0","0","0","","0","0","0","01","2","1","00","0","40 06:11.976","","00","76 19:54.274","3","0","0","0","36101","0","0","0","Y","0","0","0","5","36101","0","","4","09","N","N","0","","1","0","1","0","0","","0158","1","1","0","0","0","0","0","3","0","1","Y","4","1","N","","","N","","","","","","07","  ","","",""
"1138","2","0","0","0","0","0","0","0","0","1","1","","36","07","2016","2016067804","3","39.999","-76.3649","1136","08","0","0","0","0","0","1","0","0","3","0","1","0","11","1","1","00","2","39 59:56.300","5","00","76 21:53.800","2","0","0","0","36412","1","0","1","N","1","0","1","4","36412","0","","1","01","N","N","0","","0","1","0","0","0","Y","1130","1","4","0","0","0","0","0","3","0","3","N","","","","","","","","","","","","03","  ","","",""
"1244","1","0","0","0","0","0","0","0","0","4","0","","36","07","2016","2016067805","3","40.0395","-76.3635","1238","08","0","0","0","0","0","0","0","0","","0","0","0","12","1","1","00","0","40 02:22.331","","00","76 21:48.633","4","0","0","0","36214","0","0","0","N","0","0","0","3","36214","1","","1","01","N","N","0","","0","0","1","0","0","","1238","1","2","0","0","0","0","0","3","0","2","N","","","","","","","","","","","","03","  ","","",""
"1309","0","0","0","1","0","0","0","0","0","5","0","","36","07","2016","2016067865","3","40.0249","-76.205","1306","08","0","0","0","0","0","0","0","0","1","0","0","0","13","1","1","00","1","40 01:29.506","3","00","76 12:17.938","3","0","0","0","36215","1","0","0","N","0","0","0","2","36215","0","","1","01","N","N","0","","1","0","1","0","0","N","1304","1","2","0","0","0","0","0","1","0","1","N","","","","","","","","","","","","03","  ","","",""
"0843","0","0","0","0","0","0","0","0","0","8","0","","36","05","2016","2016067891","7","39.7947","-76.166","0841","08","0","0","0","0","0","0","0","0","","0","0","0","08","1","1","00","0","39 47:40.862","","00","76 09:57.430","8","0","0","0","36219","1","0","0","","1","0","0","2","68J01","0","","2","01","N","N","0","","0","0","1","0","0","","0839","1","2","0","0","0","1","1","1","0","1","N","","","","","","","","","","","","03","  ","","",""
"2150","1","0","0","0","0","0","0","0","0","2","0","","36","06","2016","2016067896","7","39.8141","-76.1283","2139","08","0","0","0","0","1","0","0","0","2","0","0","0","21","2","1","00","2","39 48:50.838","7","00","76 07:41.952","3","0","0","0","36222","0","0","0","","0","0","0","4","68J01","0","","1","01","N","N","1","","1","0","0","0","0","Y","2133","1","2","0","0","0","0","0","1","0","2","N","","","","","","","","","","","","03","  ","","",""
"0907","1","0","0","0","0","0","0","0","0","6","0","","36","06","2016","2016067900","4","40.1954","-76.0175","0906","08","0","0","0","0","0","2","0","0","","0","0","0","08","1","0","02","0","40 11:43.503","","00","76 01:02.958","0","0","0","0","36202","0","0","0","","0","0","0","2","68J01","0","","1","01","N","N","0","","0","0","1","3","3","","0847","0","2","0","0","0","0","0","1","0","2","N","","","","","","","","","","","","03","  ","","",""
"1252","0","0","0","0","0","0","0","0","0","9","0","","36","06","2016","2016067904","1","39.8641","-76.2594","1248","08","0","0","0","0","0","0","0","0","1","0","0","0","12","1","1","00","1","39 51:50.724","4","00","76 15:33.881","3","0","0","1","36208","0","0","0","","0","0","0","1","68J01","0","","1","01","N","N","0","","1","0","0","0","0","N","1248","1","1","0","0","0","0","0","1","0","1","N","","","","","","","","","","","","03","  ","","",""
"1633","1","0","0","0","0","0","0","0","0","1","0","45","36","06","2016","2016067905","2","40.0018","-76.1848","1627","08","0","1","0","0","0","1","0","0","2","0","0","0","16","1","0","00","1","40 00:06.646","2","00","76 11:05.373","0","0","0","0","36233","0","0","0","","0","0","0","3","68J01","0","","1","01","N","N","0","","0","0","2","3","7","N","1627","0","3","0","0","0","0","0","1","0","3","Y","2","1","Y","N","Y","N","Y","N","N","N","","03","  ","","",""
"1224","0","0","0","0","0","0","0","0","0","1","0","","36","06","2016","2016067906","3","39.8173","-76.0414","1151","08","0","0","0","0","0","1","0","0","","0","0","0","11","1","0","00","0","39 49:02.223","","07","76 02:29.090","0","0","0","0","36205","0","0","0","","0","0","0","2","68J01","0","","1","01","N","N","0","","0","0","2","0","0","","1151","0","2","0","0","0","0","0","1","0","2","N","","","","","","","","","","","","03","  ","","",""
"0910","0","0","0","0","0","0","0","0","0","2","1","","36","06","2016","2016067914","4","39.9888","-75.9856","0906","08","0","0","0","0","0","0","0","0","1","0","1","0","09","1","1","00","1","39 59:19.619","6","00","75 59:08.225","8","0","0","0","36232","0","0","0","","0","0","0","2","68J01","0","","1","01","N","N","0","","0","0","1","0","0","N","0902","1","2","0","0","0","1","0","1","0","2","N","","","","","","","","","","","","03","  ","","",""
"1314","0","0","0","0","0","0","0","0","0","7","0","","36","07","2016","2016067917","6","40.2005","-75.9915","1249","08","0","0","0","0","0","0","0","0","","0","0","0","12","1","0","00","0","40 12:01.697","","00","75 59:29.415","0","0","0","0","36202","0","0","0","","0","0","0","1","68J01","0","","4","01","N","N","0","","0","0","1","0","0","","1248","0","1","0","0","0","0","0","1","0","1","N","","","","","","","","","","","","03","  ","","",""
"2347","1","0","0","0","0","0","0","0","0","7","0","","36","06","2016","2016067947","1","40.0431","-76.1029","2338","08","0","1","0","0","0","0","0","0","3","0","0","0","23","2","0","00","1","40 02:35.190","2","00","76 06:10.390","0","0","0","0","36221","0","0","0","","0","0","0","1","68J01","0","","4","01","N","N","0","","0","0","0","0","0","N","2327","0","1","0","0","1","0","0","1","0","1","N","","","","","","","","","","","","03","  ","","",""
"1732","1","0","0","0","0","0","0","0","0","4","0","","36","06","2016","2016067957","3","40.0392","-76.0644","1722","08","0","0","0","0","0","0","0","1","3","0","0","0","17","1","3","01","2","40 02:21.008","6","00","76 03:51.801","3","0","0","0","36221","0","0","0","","0","0","0","3","68J01","0","","1","01","N","N","1","","2","0","0","3","3","N","1721","3","2","0","0","0","1","0","1","0","2","N","","","","","","","","","","","","03","  ","","",""
"1711","0","0","0","0","0","0","0","0","0","7","0","","36","06","2016","2016067959","4","40.2138","-76.06","1646","08","0","0","0","0","0","0","1","0","2","0","0","0","16","1","1","00","2","40 12:49.600","6","00","76 03:36.100","3","0","0","0","36202","0","0","0","","0","0","0","1","68J01","0","","2","01","N","N","1","","1","0","0","0","0","Y","1646","1","1","0","0","0","0","0","1","0","1","N","","","","","","","","","","","","03","  ","","",""
"1848","0","0","0","0","0","0","0","0","0","0","0","","36","06","2016","2016067961","5","39.9849","-76.054","1841","08","0","0","0","0","0","1","0","0","1","0","0","0","18","1","1","00","2","39 59:05.603","6","00","76 03:14.409","4","0","0","1","36232","0","0","0","","0","0","0","1","68J01","1","","1","09","N","N","0","","0","0","0","0","0","N","1841","1","1","0","0","0","0","0","1","0","1","N","","","","","","","","","","","","07","  ","","",""
"2036","1","0","0","0","0","0","0","0","0","4","0","","36","06","2016","2016067966","1","40.0392","-76.0644","2036","08","0","0","0","0","1","0","1","0","1","0","0","0","20","4","3","01","2","40 02:21.008","7","00","76 03:51.801","3","0","0","0","36221","0","0","0","","0","0","0","3","68J01","0","","1","01","N","N","0","","3","0","1","3","3","Y","2034","3","2","0","0","0","0","0","1","0","2","N","","","","","","","","","","","","03","  ","","",""
"1714","1","0","0","0","0","0","0","0","0","4","0","","36","06","2016","2016067974","3","40.082","-75.9448","1653","08","0","0","0","0","0","1","1","0","2","0","0","0","16","1","3","01","2","40 04:55.045","7","00","75 56:41.218","3","0","0","0","36232","0","0","0","","0","0","0","3","68J01","0","","1","01","N","N","0","","3","0","1","3","3","N","1653","3","2","0","0","0","0","0","1","0","2","N","","","","","","","","","","","","03","  ","","",""
"1743","1","0","0","0","0","0","0","0","0","4","0","","36","06","2016","2016067975","3","40.2261","-76.3024","1743","08","0","0","0","0","1","0","0","0","1","0","0","0","17","1","0","01","1","40 13:34.012","4","00","76 18:08.758","0","0","0","0","36217","0","0","0","","0","0","0","3","68J01","0","","1","09","N","N","1","","0","0","0","3","2","N","1743","0","2","0","0","0","0","0","1","0","2","N","","","","","","","","","","","","07","  ","","",""
"1954","2","0","0","0","0","0","0","0","0","4","0","","36","07","2016","2016068025","3","40.1233","-76.3753","1943","08","0","0","0","0","0","0","0","0","","0","0","0","19","1","0","01","0","40 07:23.702","","00","76 22:31.147","0","0","0","0","36214","0","0","0","Y","0","0","0","2","36214","0","","1","01","N","N","0","","0","0","0","3","3","","1940","0","2","0","0","0","0","0","3","0","2","N","","","","","","","","","","","","03","  ","","",""
"1603","1","0","0","0","0","0","0","0","0","5","0","","36","06","2016","2016068027","5","40.0835","-76.2736","1555","08","0","0","0","0","0","0","0","1","","0","0","0","15","1","0","00","0","40 05:00.465","","00","76 16:25.071","0","0","0","0","36101","0","0","0","N","0","0","0","3","36101","0","","1","01","N","N","0","","0","0","1","0","0","","1547","0","2","0","0","0","0","0","3","0","2","N","","","","","","","","","","","","03","  ","","",""
"1800","1","0","0","0","0","0","0","0","0","4","0","","36","07","2016","2016068047","3","40.2162","-76.1551","1755","08","0","0","0","0","0","1","0","0","2","0","0","0","17","1","1","01","2","40 12:58.376","2","00","76 09:18.249","3","0","0","0","36210","0","0","0","N","0","0","0","2","36210","0","","1","01","N","N","0","","1","0","1","3","3","N","1752","1","2","0","0","0","0","0","1","0","2","N","","","","","","","","","","","","03","  ","","",""
"0335","1","0","0","0","0","0","0","0","0","7","0","","36","07","2016","2016068048","3","40.215","-76.0942","0330","08","0","0","0","0","0","0","0","0","","0","0","0","03","2","0","00","0","40 12:54.046","","00","76 05:39.292","0","0","0","0","36210","0","0","0","Y","0","0","0","1","36210","0","","4","09","N","N","0","","0","0","0","0","0","","0328","0","1","0","0","0","0","0","1","0","1","N","","","","","","","","","","","","07","  ","","",""
"2015","1","0","0","0","0","0","0","0","0","4","0","","36","07","2016","2016068056","3","40.1652","-76.5778","2006","08","0","0","0","0","1","0","0","1","","0","0","0","20","4","1","02","0","40 09:54.796","","00","76 34:40.162","8","0","0","0","36225","0","0","0","N","0","0","0","4","36505","0","","1","01","N","N","0","","0","0","1","3","3","","2000","1","2","0","0","0","1","0","2","0","2","N","","","","","","","","","","","","03","  ","","",""
"1955","0","0","0","0","0","0","0","0","0","7","0","","36","07","2016","2016068058","3","40.2086","-76.1772","1955","08","0","0","0","0","1","0","0","0","1","0","0","0","19","1","1","00","1","40 12:31.027","4","00","76 10:38.023","8","0","0","1","36236","0","0","0","N","0","0","0","1","36408","0","","2","01","N","N","0","","0","0","0","0","0","N","1955","1","1","0","0","0","1","0","1","0","1","N","","","","","","","","","","","","03","  ","","",""
"2220","1","0","0","0","0","0","0","0","0","4","0","","36","07","2016","2016068081","1","40.0364","-76.4552","2215","08","0","1","0","0","0","0","0","0","2","0","0","0","22","3","2","01","1","40 02:10.903","7","00","76 27:18.690","4","0","0","0","36239","0","0","0","N","0","0","0","8","36239","2","","1","01","N","N","0","","0","0","1","3","2","N","2214","2","3","0","0","0","0","0","3","1","3","N","","","","","","","","","","","","03","  ","","",""
"1707","1","0","0","0","0","0","0","0","0","4","0","","36","06","2016","2016068138","7","40.0382","-76.354","1703","08","0","0","0","0","0","0","2","0","","0","0","0","15","1","1","02","0","40 02:17.511","","00","76 21:14.278","4","0","0","0","36223","0","0","0","","0","0","0","2","36223","1","","1","09","N","N","0","","0","0","1","3","3","","1502","1","2","0","0","0","0","0","1","0","2","N","","","","","","","","","","","","07","  ","","",""
"2100","0","0","0","0","0","0","0","0","0","7","0","","36","06","2016","2016068139","7","39.956","-76.3965","2051","08","0","0","0","0","0","1","0","0","4","0","0","0","20","4","2","00","2","39 57:21.526","5","00","76 23:47.401","2","0","1","1","36223","0","0","0","","0","0","0","2","36223","0","","4","01","N","N","0","","1","1","0","0","0","Y","2047","2","1","0","0","0","0","0","1","0","1","N","","","","","","","","","","","","03","  ","","",""
"1446","0","0","0","0","0","0","0","0","0","7","0","","36","06","2016","2016068165","2","40.066","-76.3049","1440","08","0","0","0","0","0","0","0","0","1","0","0","0","14","1","0","00","1","40 03:57.674","2","00","76 18:17.527","0","0","0","0","36101","0","0","0","N","0","0","0","2","36101","0","","5","09","N","N","0","","0","0","1","0","0","Y","1438","0","1","0","0","0","0","0","3","0","1","N","","","","","","","","","","","","07","  ","","",""
"0934","1","0","0","0","0","0","0","0","0","7","0","","36","07","2016","2016068181","4","40.0378","-76.3183","0933","08","0","0","0","0","0","0","0","1","1","0","0","0","09","1","1","00","2","40 02:16.058","3","00","76 19:06.018","8","0","0","0","36301","0","0","0","N","0","0","0","1","36301","0","","4","01","N","N","0","","0","0","0","0","0","Y","0931","1","1","0","0","0","1","0","3","0","1","N","","","","","","","","","","","","03","  ","","",""
"0700","0","0","0","0","0","0","0","0","0","4","0","","36","07","2016","2016068229","4","40.0049","-76.2188","0656","08","0","0","0","0","0","0","1","1","1","0","0","0","06","1","1","02","1","40 00:17.765","5","00","76 13:07.655","3","0","0","0","36240","0","0","0","N","0","0","0","2","36240","0","","1","01","N","N","2","","1","0","0","0","0","N","0655","1","2","0","0","1","0","0","1","0","2","N","","","","","","","","","","","","03","  ","","",""
"1307","2","0","0","0","0","0","0","0","0","4","0","","36","07","2016","2016068238","4","40.2429","-76.1323","1302","08","0","0","0","0","0","0","0","0","1","0","0","0","13","1","0","02","1","40 14:34.501","4","00","76 07:56.117","0","0","0","0","36405","0","0","0","N","0","0","0","2","36210","0","","1","01","N","N","0","","0","0","0","3","3","N","1300","0","2","0","0","0","0","0","1","0","2","N","","","","","","","","","","","","03","  ","","",""
"0152","0","0","0","0","0","0","0","0","0","7","0","","36","05","2016","2016068307","7","39.8868","-76.3353","0139","08","0","0","0","0","0","0","0","0","3","0","0","0","01","2","1","00","2","39 53:12.436","5","00","76 20:07.216","8","0","0","0","36224","0","0","0","","0","0","0","1","68J01","0","","4","01","N","N","1","","0","0","0","0","0","Y","0129","1","1","0","0","0","1","0","1","0","1","N","","","","","","","","","","","","03","  ","","",""
"2014","1","0","0","0","0","0","0","0","0","4","0","","36","06","2016","2016068309","4","40.1933","-76.0173","2011","08","0","0","0","0","0","2","0","0","3","0","0","0","20","1","3","00","2","40 11:35.756","2","00","76 01:02.248","8","0","0","0","36202","0","0","0","","0","0","0","4","68J01","0","","1","01","N","N","0","","0","0","0","0","0","N","2011","3","2","0","0","0","3","0","1","1","2","N","","","","","","","","","","","","03","  ","","",""
"1201","1","0","0","0","0","0","0","0","0","1","0","","36","06","2016","2016068356","5","40.0394","-76.3643","1155","08","0","0","0","0","0","0","0","0","1","0","0","0","11","1","1","00","1","40 02:21.866","1","00","76 21:51.496","4","0","0","0","36223","0","0","0","","0","0","0","4","36223","1","","1","01","N","N","0","","0","0","1","0","0","N","1153","1","3","0","0","0","0","0","1","1","3","N","","","","","","","","","","","","03","  ","","",""
"2320","0","0","0","0","0","0","0","0","0","1","0","","36","07","2016","2016068472","4","40.0645","-76.2939","2315","08","0","0","0","0","0","0","0","0","2","0","0","0","23","3","0","00","1","40 03:52.200","6","00","76 17:38.100","9","0","0","0","36101","0","0","0","N","0","0","0","1","36101","0","","6","01","N","N","0","","0","0","2","0","0","N","2314","0","2","0","0","0","0","1","3","0","2","N","","","","","","","","","","","","03","  ","","",""
"0504","0","0","0","0","0","0","0","0","0","7","0","","36","07","2016","2016068513","7","40.2167","-76.0767","0444","08","0","0","0","0","0","0","0","0","","0","0","0","04","5","0","00","0","40 13:00.236","","00","76 04:36.792","0","0","0","0","36210","0","0","0","","0","0","0","1","68T06","0","","4","01","N","N","0","","0","0","1","0","0","","0442","0","1","0","0","0","0","0","1","0","1","N","","","","","","","","","","","","03","  ","","",""
"0625","1","0","0","0","0","0","0","0","0","7","0","","36","06","2016","2016068536","2","40.1985","-76.0095","0612","08","0","0","0","0","0","0","0","0","","0","0","0","02","2","0","00","0","40 11:54.703","","00","76 00:34.485","0","0","0","0","36202","0","0","0","","0","0","0","1","68T06","0","","3","01","N","N","0","","0","0","0","0","0","","0230","0","1","0","0","0","0","0","1","0","1","N","","","","","","","","","","","","03","  ","","",""
"0240","0","0","0","0","0","0","0","0","0","7","0","","36","07","2016","2016068537","2","40.0199","-76.1797","0238","08","0","0","0","0","0","1","0","0","3","0","0","0","02","3","4","00","2","40 01:11.525","6","00","76 10:46.829","3","0","0","0","36215","0","0","0","N","0","0","0","4","36215","0","","4","01","N","N","0","","4","0","1","0","0","Y","0235","4","1","0","0","0","0","0","1","0","1","N","","","","","","","","","","","","03","  ","","",""
"1626","0","0","0","0","0","0","0","0","0","1","0","","36","07","2016","2016068542","6","40.0193","-76.1768","1626","08","0","0","1","0","1","0","0","0","","0","0","0","16","1","0","00","0","40 01:09.468","","00","76 10:36.416","0","0","0","0","36215","0","0","0","N","0","0","0","2","36215","0","","1","01","N","N","0","","0","0","2","0","0","","1624","0","2","0","0","0","0","0","1","0","2","N","","","","","","","","","","","","03","  ","","",""
"1506","1","0","0","0","0","0","0","0","0","4","0","","36","07","2016","2016068548","4","40.1777","-76.142","1501","08","0","0","0","0","0","0","1","0","2","0","0","0","15","1","1","01","1","40 10:39.874","6","00","76 08:31.236","8","0","0","0","36218","0","0","0","N","0","0","0","2","36408","0","","1","01","N","N","0","","0","0","1","3","3","N","1501","1","2","0","0","0","1","0","1","0","2","N","","","","","","","","","","","","03","  ","","",""
"0652","1","0","0","0","0","0","0","0","0","5","0","","36","06","2016","2016068581","3","40.0844","-76.2721","0648","08","0","0","1","0","0","0","1","0","1","0","0","0","06","1","1","00","1","40 05:03.950","1","00","76 16:19.483","3","0","0","0","36101","0","0","0","N","0","0","0","3","36101","0","","1","01","N","N","0","","1","0","2","0","0","Y","0644","1","3","0","0","0","0","0","3","0","3","N","","","","","","","","","","","","03","  ","","",""
"1141","1","0","0","0","0","0","0","0","0","1","0","","36","07","2016","2016068595","4","40.0271","-76.2193","1131","08","0","0","0","0","0","0","1","0","1","0","0","0","11","1","1","00","1","40 01:37.516","4","00","76 13:09.574","3","0","0","0","36215","0","0","0","N","0","0","0","2","36215","0","","1","01","N","N","1","","1","0","0","0","0","N","1130","1","2","0","0","0","0","0","1","0","2","N","","","","","","","","","","","","03","  ","","",""
"1158","1","0","0","0","0","0","0","0","0","4","0","","36","07","2016","2016068637","5","40.0921","-76.1223","1156","08","0","0","1","0","0","1","0","0","1","0","0","0","11","1","0","00","2","40 05:31.484","6","00","76 07:20.134","0","0","0","0","36209","0","0","0","N","0","0","0","2","36415","0","","1","01","N","N","0","","0","0","1","0","0","Y","1156","0","2","0","0","0","0","0","1","0","2","N","","","","","","","","","","","","03","  ","","",""
"1046","1","0","0","0","0","0","0","0","0","4","0","","36","06","2016","2016068739","5","40.1559","-76.3435","1040","08","0","0","0","1","0","0","0","1","","0","0","0","10","1","1","01","0","40 09:21.374","","00","76 20:36.774","8","0","0","0","36227","0","0","0","","0","0","0","7","36506","0","","1","01","N","N","0","","0","0","1","3","3","","1040","1","2","0","0","0","1","0","1","0","2","N","","","","","","","","","","","","03","  ","","",""
"2150","1","0","0","0","0","0","0","0","0","7","0","","36","07","2016","2016068780","7","39.9888","-75.986","2133","08","0","0","0","0","0","0","0","0","","0","0","0","21","2","1","00","0","39 59:19.759","","00","75 59:09.627","3","0","0","0","36232","0","0","0","","0","0","0","1","68J01","0","","1","01","N","N","0","","1","0","0","0","0","","2132","1","1","0","0","0","0","0","1","0","1","N","","","","","","","","","","","","03","  ","","",""
"2020","1","0","0","0","0","0","0","0","0","7","0","90","36","07","2016","2016068839","5","40.0539","-76.5211","2012","08","0","0","0","0","0","0","1","0","2","0","0","0","20","1","0","00","1","40 03:13.921","5","00","76 31:15.877","0","0","0","0","36239","0","0","0","N","0","0","0","1","36239","0","","4","01","N","N","0","","0","0","0","0","0","N","2012","0","1","0","0","0","0","0","3","0","1","Y","4","1","N","","","N","Y","","","Y","","03","  ","","",""
"2152","1","0","0","0","0","0","0","0","0","4","0","","36","07","2016","2016068849","5","39.9713","-76.2704","2147","08","0","0","0","1","1","0","0","0","","0","0","0","21","3","0","01","0","39 58:16.618","","00","76 16:13.300","0","0","0","0","36240","0","0","0","N","0","0","0","5","36240","0","","1","01","N","N","1","","0","0","0","0","0","","2145","0","2","0","0","1","0","0","1","0","2","N","","","","","","","","","","","","03","  ","","",""
"0240","2","0","0","0","0","0","0","0","0","1","0","","36","07","2016","2016068858","2","40.0199","-76.1797","0240","08","0","0","0","0","0","0","0","0","3","0","0","0","02","2","0","00","2","40 01:11.525","6","00","76 10:46.829","9","0","0","0","36215","0","0","0","N","0","0","0","2","36215","0","","1","01","N","N","0","","0","0","0","0","0","Y","0239","0","2","0","0","0","0","1","1","0","2","N","","","","","","","","","","","","03","  ","","",""
"1840","0","0","0","0","0","0","0","0","0","7","0","","36","05","2016","2016068875","5","39.8698","-76.3123","1833","08","0","0","0","0","0","0","0","0","","0","0","0","18","1","1","00","0","39 52:11.110","","00","76 18:44.210","3","0","0","1","36224","0","0","0","","0","0","0","1","68J01","0","","2","01","N","N","0","","1","0","0","0","0","","1818","1","1","0","0","0","0","0","1","0","1","N","","","","","","","","","","","","03","  ","","",""
"0007","0","0","0","0","0","0","0","0","0","7","0","","36","06","2016","2016068885","1","40.1121","-75.9792","0002","08","0","0","0","0","0","0","0","0","","0","0","0","00","2","0","00","0","40 06:43.538","","00","75 58:45.029","0","0","0","0","36203","0","0","0","","0","0","0","1","68J01","0","","4","01","N","N","0","","0","0","1","0","0","","0000","0","1","0","0","0","0","0","1","0","1","N","","","","","","","","","","","","03","  ","","",""
"0909","2","0","0","0","0","0","0","0","0","1","0","","36","07","2016","2016068961","6","40.1847","-76.4083","0906","08","0","0","0","0","0","1","0","0","1","0","0","0","09","1","0","00","1","40 11:05.053","1","00","76 24:29.847","0","0","0","0","36230","0","0","0","N","0","0","0","2","36410","0","","1","01","N","N","0","","0","0","0","0","0","N","0900","0","2","0","0","0","0","0","1","0","2","N","","","","","","","","","","","","03","  ","","",""