"ARRIVAL_TM","AUTOMOBILE_COUNT","BELTED_DEATH_COUNT","BELTED_SUSP_SERIOUS_INJ_COUNT","BICYCLE_COUNT","BICYCLE_DEATH_COUNT","BICYCLE_SUSP_SERIOUS_INJ_COUNT","BUS_COUNT","CHLDPAS_DEATH_COUNT","CHLDPAS_SUSP_SERIOUS_INJ_COUNT","COLLISION_TYPE","COMM_VEH_COUNT","CONS_ZONE_SPD_LIM","COUNTY","CRASH_MONTH","CRASH_YEAR","CRN","DAY_OF_WEEK","DEC_LAT","DEC_LONG","DISPATCH_TM","DISTRICT","DRIVER_COUNT_16YR","DRIVER_COUNT_17YR","DRIVER_COUNT_18YR","DRIVER_COUNT_19YR","DRIVER_COUNT_20YR","DRIVER_COUNT_50_64YR","DRIVER_COUNT_65_74YR","DRIVER_COUNT_75PLUS","EST_HRS_CLOSED","FATAL_COUNT","HEAVY_TRUCK_COUNT","HORSE_BUGGY_COUNT","HOUR_OF_DAY","ILLUMINATION","INJURY_COUNT","INTERSECT_TYPE","LANE_CLOSED","LATITUDE","LN_CLOSE_DIR","LOCATION_TYPE","LONGITUDE","MAX_SEVERITY_LEVEL","MCYCLE_DEATH_COUNT","MCYCLE_SUSP_SERIOUS_INJ_COUNT","MOTORCYCLE_COUNT","MUNICIPALITY","NONMOTR_COUNT","NONMOTR_DEATH_COUNT","NONMOTR_SUSP_SERIOUS_INJ_COUNT","NTFY_HIWY_MAINT","PED_COUNT","PED_DEATH_COUNT","PED_SUSP_SERIOUS_INJ_COUNT","PERSON_COUNT","POLICE_AGCY","POSSIBLE_INJ_COUNT","RDWY_SURF_TYPE_CD","RELATION_TO_ROAD","ROAD_CONDITION","SCH_BUS_IND","SCH_ZONE_IND","SMALL_TRUCK_COUNT","SPEC_JURIS_CD","SUSP_MINOR_INJ_COUNT","SUSP_SERIOUS_INJ_COUNT","SUV_COUNT","TCD_FUNC_CD","TCD_TYPE","TFC_DETOUR_IND","TIME_OF_DAY","TOT_INJ_COUNT","TOTAL_UNITS","UNB_DEATH_COUNT","UNB_SUSP_SERIOUS_INJ_COUNT","UNBELTED_OCC_COUNT","UNK_INJ_DEG_COUNT","UNK_INJ_PER_COUNT","URBAN_RURAL","VAN_COUNT","VEHICLE_COUNT","WORK_ZONE_IND","WORK_ZONE_LOC","WORK_ZONE_TYPE","WORKERS_PRES","WZ_CLOSE_DETOUR","WZ_FLAGGER","WZ_LAW_OFFCR_IND","WZ_LN_CLOSURE","WZ_MOVING","WZ_OTHER","WZ_SHLDER_MDN","ROADWAY_CLEARED","WEATHER1","WEATHER2","WZ_WORKERS_INJ_KILLED","SECONDARY_CRASH","INTERSECTION_RELATED"
"0722","2","0","0","0","0","0","0","0","0","1","0","","36","07","2016","2016068992","6","39.9706","-76.2732","0719","08","0","0","0","0","0","1","0","0","2","0","0","0","07","1","2","01","2","39 58:14.115","3","00","76 16:23.451","4","0","0","0","36240","0","0","0","N","0","0","0","2","36240","1","","1","01","N","N","0","","0","0","0","3","2","N","0717","2","2","0","0","1","1","0","1","0","2","N","","","","","","","","","","","","03","  ","","",""
"0610","2","0","0","0","0","0","0","0","0","2","0","","36","07","2016","2016069033","3","40.0618","-76.4077","0605","08","0","0","0","0","0","1","0","0","","0","0","0","06","1","0","02","0","40 03:42.405","","00","76 24:27.774","0","0","0","0","36239","0","0","0","N","0","0","0","2","36239","0","","1","01","N","N","0","","0","0","0","0","0","","0605","0","2","0","0","0","0","0","3","0","2","N","","","","","","","","","","","","03","  ","","",""
"1604","0","0","0","0","0","0","0","0","0","7","0","","36","06","2016","2016069050","5","40.2165","-76.4516","1557","08","0","0","0","0","0","0","0","0","","0","0","0","15","1","1","00","0","40 12:59.422","","00","76 27:05.705","3","0","0","1","36230","0","0","0","N","0","0","0","1","36410","0","","5","01","N","N","0","","1","0","0","0","0","","1555","1","1","0","0","0","0","0","1","0","1","N","","","","","","","","","","","","03","  ","","",""
"1536","2","0","0","0","0","0","0","0","0","6","0","","36","07","2016","2016069056","6","40.1215","-76.6058","1528","08","0","0","1","0","0","0","0","0","1","0","0","0","15","1","0","03","2","40 07:17.461","7","00","76 36:20.800","0","0","0","0","36237","0","0","0","N","0","0","0","2","36505","0","","1","09","N","N","0","","0","0","0","0","0","Y","1520","0","2","0","0","0","0","0","1","0","2","N","","","","","","","","","","","","07","  ","","",""
"1526","2","0","0","0","0","0","0","0","0","4","0","","36","07","2016","2016069064","2","40.1559","-76.3435","1521","08","0","0","0","0","0","1","0","0","1","0","0","0","15","1","2","01","2","40 09:21.374","4","00","76 20:36.774","3","0","0","0","36227","0","0","0","","0","0","0","2","36506","0","","1","01","N","N","0","","2","0","0","3","3","Y","1519","2","2","0","0","0","0","0","1","0","2","N","","","","","","","","","","","","03","  ","","",""
"0714","1","0","0","0","0","0","0","0","0","8","0","","36","07","2016","2016069065","6","40.1517","-76.2467","0658","08","0","0","0","0","0","0","0","0","2","0","0","0","06","1","1","00","2","40 09:06.105","3","00","76 14:48.023","2","0","0","0","36235","1","0","1","","1","0","1","2","36506","0","","1","01","N","N","0","","0","1","0","0","0","Y","0656","1","2","0","0","0","0","0","1","0","1","N","","","","","","","","","","","","03","  ","","",""
"1401","1","0","0","0","0","0","0","0","0","7","0","","36","06","2016","2016069098","4","40.2494","-76.3059","1343","08","0","0","0","0","0","0","0","0","","0","0","0","13","1","0","00","0","40 14:57.955","","00","76 18:21.110","0","0","0","0","36217","0","0","0","","0","0","0","1","68J01","0","","2","01","N","N","0","","0","0","0","0","0","","1316","0","1","0","0","0","0","0","1","0","1","N","","","","","","","","","","","","03","  ","","",""
"0046","1","0","0","0","0","0","0","0","0","5","0","","36","07","2016","2016069168","4","40.0283","-76.3039","0043","08","0","0","0","0","0","0","0","0","2","0","0","0","00","3","0","00","1","40 01:41.796","1","00","76 18:14.019","0","0","0","0","36301","0","0","0","N","0","0","0","1","36301","0","","6","01","N","N","0","","0","0","1","0","0","N","0043","0","2","0","0","1","0","0","3","0","2","N","","","","","","","","","","","","03","  ","","",""
"2050","1","0","0","0","0","0","0","0","0","7","0","","36","07","2016","2016069212","2","39.9904","-76.4676","2041","08","0","0","0","0","0","0","0","1","2","0","0","0","20","3","0","01","1","39 59:25.440","1","00","76 28:03.282","9","0","0","0","36223","0","0","0","","0","0","0","1","36223","0","","5","09","N","N","0","","0","0","0","3","8","N","2037","0","1","0","0","0","0","1","1","0","1","N","","","","","","","","","","","","07","  ","","",""
"1542","1","0","0","0","0","0","0","0","0","7","0","","36","07","2016","2016069229","6","40.1977","-76.0519","1528","08","0","0","0","0","0","0","0","0","","0","0","0","15","1","1","00","0","40 11:51.807","","00","76 03:06.853","3","0","0","0","36202","0","0","0","","0","0","0","1","68J01","0","","4","09","N","N","0","","1","0","0","0","0","","1527","1","1","0","0","1","0","0","1","0","1","N","","","","","","","","","","","","07","  ","","",""
"1200","0","0","0","0","0","0","0","0","0","7","0","","36","07","2016","2016069233","4","40.1951","-75.976","1132","08","0","0","0","0","0","0","0","0","2","0","0","0","11","1","0","00","1","40 11:42.270","3","00","75 58:33.770","0","0","0","0","36202","0","0","0","","0","0","0","1","68J01","0","","4","01","N","N","0","","0","0","1","0","0","N","1132","0","1","0","0","1","0","0","1","0","1","N","","","","","","","","","","","","03","  ","","",""
"1636","1","0","0","0","0","0","0","0","0","1","0","","36","07","2016","2016069253","6","40.1061","-76.2534","1621","08","0","0","0","0","0","1","0","0","","0","0","0","16","1","0","02","0","40 06:21.873","","02","76 15:12.279","0","0","0","0","36101","0","0","0","N","0","0","0","2","36101","0","","1","09","N","N","0","","0","0","1","3","3","","1610","0","2","0","0","0","0","0","3","0","2","N","","","","","","","","","","","","07","  ","","",""
"1214","0","0","0","0","0","0","0","0","0","1","2","","36","07","2016","2016069257","5","40.0823","-76.2331","1212","08","0","0","0","0","0","2","0","0","2","0","2","0","12","1","2","00","2","40 04:56.322","6","00","76 13:59.236","8","0","0","0","36234","0","0","0","N","0","0","0","2","36215","0","","1","01","N","N","0","","0","0","0","0","0","Y","1206","2","2","0","0","0","2","0","1","0","2","N","","","","","","","","","","","","03","  ","","",""
"1215","2","0","0","0","0","0","0","0","0","4","0","","36","07","2016","2016069273","6","40.0499","-76.3079","1204","08","0","0","0","0","1","0","0","0","2","0","0","0","12","1","2","01","2","40 02:59.610","3","00","76 18:28.586","3","0","0","0","36301","0","0","0","N","0","0","0","3","36301","1","","1","01","N","N","0","","1","0","2","3","2","Y","1204","2","4","0","0","0","0","0","3","0","4","N","","","","","","","","","","","","03","  ","","",""
"1510","2","0","0","0","0","0","0","0","0","4","0","","36","06","2016","2016069274","3","40.1019","-76.5609","1505","08","0","0","0","0","0","0","2","0","2","0","0","0","15","1","0","02","1","40 06:06.974","5","07","76 33:39.260","0","0","0","0","36211","0","0","0","N","0","0","0","2","36504","0","","1","01","N","N","0","","0","0","0","3","3","Y","1500","0","2","0","0","0","0","0","1","0","2","N","","","","","","","","","","","","03","  ","","",""
"1516","2","0","0","0","0","0","0","0","0","1","0","","36","07","2016","2016069301","6","39.9972","-76.2897","1508","08","0","0","0","0","0","0","1","0","","0","0","0","15","1","0","02","0","39 59:49.991","","00","76 17:22.824","0","0","0","0","36240","0","0","0","N","0","0","0","3","36240","0","","1","01","N","N","0","","0","0","0","0","0","","1507","0","2","0","0","0","0","0","1","0","2","N","","","","","","","","","","","","03","  ","","",""
"1555","1","0","0","0","0","0","0","0","0","6","0","","36","07","2016","2016069303","6","40.0231","-76.2752","1535","08","0","1","0","0","0","1","0","0","2","0","0","0","15","1","0","00","2","40 01:23.048","6","00","76 16:30.786","0","0","0","0","36240","0","0","0","N","0","0","0","3","36240","0","","1","09","N","N","1","","0","0","0","0","0","Y","1525","0","3","0","0","0","0","0","1","1","3","N","","","","","","","","","","","","07","  ","","",""
"1703","1","0","0","0","0","0","0","0","0","4","0","","36","07","2016","2016069317","5","40.0931","-76.2171","1653","08","0","0","0","0","1","0","0","0","1","0","0","0","16","1","0","00","1","40 05:35.300","1","07","76 13:01.500","0","0","0","0","36234","0","0","0","N","0","0","0","5","36215","0","","1","01","N","N","0","","0","0","0","0","0","N","1637","0","2","0","0","0","0","0","1","1","2","N","","","","","","","","","","","","03","  ","","",""
"1320","0","0","0","0","0","0","0","0","0","1","0","","36","07","2016","2016069323","7","40.0166","-76.1633","1304","08","0","0","0","0","0","0","0","0","","0","0","0","13","1","0","00","0","40 00:59.834","","00","76 09:48.027","0","0","0","0","36215","0","0","0","N","0","0","0","7","36215","0","","1","01","N","N","1","","0","0","0","0","0","","1301","0","2","0","0","0","0","0","1","1","2","N","","","","","","","","","","","","03","  ","","",""
"1409","2","0","0","0","0","0","0","0","0","4","0","","36","07","2016","2016069340","3","40.2146","-76.1588","1400","08","0","0","0","0","0","0","0","1","","0","0","0","13","1","0","00","0","40 12:52.400","","07","76 09:31.500","0","0","0","0","36236","0","0","0","N","0","0","0","2","36408","0","","1","01","N","N","0","","0","0","0","0","0","","1357","0","2","0","0","0","0","0","1","0","2","N","","","","","","","","","","","","03","  ","","",""
"1540","2","0","0","0","0","0","0","0","0","1","0","","36","07","2016","2016069351","7","","","1536","08","0","0","0","0","0","2","0","0","","0","0","0","15","1","2","00","0","","","00","","4","0","0","0","36409","0","0","0","N","0","0","0","3","36409","2","","1","01","N","Y","0","","0","0","0","0","0","","1534","2","3","0","0","0","0","0","3","1","3","N","","","","","","","","","","","","03","  ","","",""
"1852","0","0","0","0","0","0","0","0","0","7","0","","36","07","2016","2016069358","6","39.9395","-76.3961","1841","08","0","0","0","0","0","1","0","0","3","0","0","0","18","1","1","00","2","39 56:22.050","7","00","76 23:46.081","2","0","0","0","36223","0","0","0","","0","0","0","1","36223","0","","5","01","N","N","1","","0","1","0","0","0","Y","1839","1","1","0","0","0","0","0","1","0","1","N","","","","","","","","","","","","03","  ","","",""
"1203","1","0","0","0","0","0","0","0","0","1","0","","36","07","2016","2016069409","5","40.2274","-76.0896","1159","08","0","0","0","0","0","1","0","1","2","0","0","0","11","1","1","00","1","40 13:38.593","1","00","76 05:22.553","3","0","0","0","36210","0","0","0","N","0","0","0","2","36210","0","","1","01","N","N","0","","1","0","1","0","0","N","1156","1","2","0","0","1","0","0","1","0","2","N","","","","","","","","","","","","03","  ","","",""
"2317","0","0","0","0","0","0","0","0","0","0","0","","36","07","2016","2016069424","7","40.0639","-76.3067","2313","08","0","0","0","0","0","0","0","0","1","0","0","0","23","3","1","01","1","40 03:50.011","2","00","76 18:24.594","8","0","0","1","36101","0","0","0","N","0","0","0","1","36101","0","","1","01","N","N","0","","0","0","0","0","0","N","2311","1","2","0","0","0","1","0","3","0","1","N","","","","","","","","","","","","03","  ","","",""
"1558","2","0","0","0","0","0","0","0","0","4","0","","36","07","2016","2016069449","7","40.045","-76.2837","1558","08","0","0","0","0","0","0","1","1","2","0","0","0","15","1","3","01","1","40 02:42.268","4","00","76 17:01.285","8","0","0","0","36301","0","0","0","N","0","0","0","3","36301","0","","1","09","N","N","0","","0","0","0","3","2","N","1558","3","2","0","0","0","3","0","3","0","2","N","","","","","","","","","","","","03","  ","","",""
"1240","1","0","0","0","0","0","0","0","0","4","0","","36","07","2016","2016069450","3","40.0442","-76.2921","1240","08","0","0","0","0","0","1","0","0","1","0","0","0","12","1","0","01","1","40 02:39.012","4","00","76 17:31.596","0","0","0","0","36301","0","0","0","N","0","0","0","2","36301","0","","1","01","N","N","0","","0","0","1","3","2","N","1240","0","2","0","0","0","0","0","3","0","2","N","","","","","","","","","","","","03","  ","","",""
"1636","1","0","0","0","0","0","0","0","0","1","0","","36","07","2016","2016069462","7","40.1207","-76.2351","1631","08","0","0","0","0","0","0","0","0","","0","0","0","16","1","1","00","0","40 07:14.507","","07","76 14:06.320","4","0","0","0","36238","0","0","0","N","0","0","0","3","36238","1","","1","01","N","N","1","","0","0","0","0","0","","1625","1","2","0","0","1","0","0","3","0","2","N","","","","","","","","","","","","03","  ","","",""
"1206","1","0","0","0","0","0","0","0","0","7","0","","36","07","2016","2016069491","1","40.0693","-76.3571","1201","08","0","0","0","0","0","0","0","0","3","0","0","0","11","1","2","00","1","40 04:09.418","4","00","76 21:25.523","3","0","0","0","36214","0","0","0","Y","0","0","0","2","36214","0","","5","01","N","N","0","","2","0","0","0","0","N","1155","2","1","0","0","1","0","0","3","0","1","N","","","","","","","","","","","","03","  ","","",""
"1555","0","0","0","0","0","0","0","0","0","1","0","","36","07","2016","2016069493","7","40.0691","-76.3569","1551","08","0","0","0","0","0","0","1","0","","0","0","0","15","1","1","01","0","40 04:08.816","","00","76 21:24.786","3","0","0","0","36214","0","0","0","N","0","0","0","4","36214","0","","1","01","N","N","2","","1","0","0","3","2","","1547","1","2","0","0","0","0","0","3","0","2","N","","","","","","","","","","","","03","  ","","",""
"1211","0","0","0","0","0","0","0","0","0","1","0","","36","07","2016","2016069497","7","40.1559","-76.1316","1157","08","0","0","0","0","0","0","0","0","","0","0","0","11","1","0","00","0","40 09:21.181","","00","76 07:53.641","9","0","0","0","36218","0","0","0","N","0","0","0","4","36408","0","","1","01","N","N","2","","0","0","0","0","0","","1154","0","2","0","0","0","0","1","1","0","2","N","","","","","","","","","","","","03","  ","","",""
"2211","1","0","0","0","0","0","0","0","0","7","0","","36","07","2016","2016069509","2","39.8892","-76.3565","2128","08","0","0","1","0","0","0","0","0","2","0","0","0","21","2","0","00","1","39 53:21.032","6","00","76 21:23.416","0","0","0","0","36206","0","0","0","N","0","0","0","2","36503","0","","2","09","N","N","0","","0","0","0","0","0","N","2125","0","1","0","0","0","0","0","1","0","1","N","","","","","","","","","","","","07","  ","","",""
"1542","1","0","0","1","0","1","0","0","0","4","0","","36","07","2016","2016069528","1","40.0817","-76.1157","1534","08","0","0","0","0","0","0","0","0","2","0","0","0","15","1","2","01","2","40 04:54.116","5","00","76 06:56.550","2","0","0","0","36209","1","0","1","N","0","0","0","2","36415","0","","1","01","N","N","0","","1","1","0","3","3","Y","1534","2","2","0","0","0","0","0","1","0","1","N","","","","","","","","","","","","03","  ","","",""
"1755","1","0","0","0","0","0","0","0","0","7","0","","36","06","2016","2016069604","5","39.9114","-76.1702","1747","08","0","0","0","0","0","1","0","0","","0","0","0","16","1","1","00","0","39 54:40.861","","00","76 10:12.557","8","0","0","0","36216","0","0","0","","0","0","0","1","68J01","0","","4","09","N","N","0","","0","0","0","3","8","","1630","1","1","0","0","0","1","0","1","0","1","N","","","","","","","","","","","","07","  ","","",""
"1118","1","0","0","0","0","0","0","0","0","1","0","","36","06","2016","2016069607","1","40.0047","-76.1041","1116","08","0","0","0","0","0","1","0","0","","0","0","0","11","1","0","00","0","40 00:16.771","","00","76 06:14.892","0","0","0","0","36226","0","0","0","","0","0","0","2","68J01","0","","1","01","N","N","0","","0","0","1","3","2","","1116","0","2","0","0","0","0","0","1","0","2","N","","","","","","","","","","","","03","  ","","",""
"1853","1","0","0","0","0","0","0","0","0","7","0","","36","06","2016","2016069609","6","39.8724","-76.1539","1847","08","0","0","0","0","0","0","0","0","2","0","0","0","18","1","2","00","2","39 52:20.808","5","00","76 09:14.069","3","0","0","0","36212","0","0","0","","0","0","0","2","68J01","0","","4","01","N","N","0","","2","0","0","0","0","N","1842","2","1","0","0","0","0","0","1","0","1","N","","","","","","","","","","","","03","  ","","",""
"1842","0","0","0","0","0","0","0","0","0","1","0","","36","06","2016","2016069611","1","39.9262","-76.0692","1833","08","0","0","0","0","0","0","0","0","2","0","0","0","18","1","2","01","1","39 55:34.361","2","00","76 04:09.024","3","0","0","2","36201","0","0","0","","0","0","0","2","68J01","0","","1","01","N","N","0","","2","0","0","0","0","N","1832","2","2","0","0","0","0","0","1","0","2","N","","","","","","","","","","","","03","  ","","",""
"1218","1","0","0","0","0","0","0","0","0","6","0","45","36","06","2016","2016069612","2","39.9899","-76.0203","1212","08","0","0","0","0","0","0","0","0","","0","0","0","12","1","0","00","0","39 59:23.794","","00","76 01:12.962","0","0","0","0","36232","0","0","0","","0","0","0","2","68J01","0","","1","01","N","N","0","","0","0","0","0","0","","1212","0","2","0","0","0","0","0","1","1","2","Y","4","1","Y","N","N","N","Y","N","N","Y","","03","  ","","",""
"2039","1","0","0","0","0","0","0","0","0","7","0","","36","07","2016","2016069617","2","39.8819","-76.2622","2021","08","0","0","1","0","0","0","0","0","","0","0","0","20","4","0","00","0","39 52:54.924","","00","76 15:43.780","0","0","0","0","36229","0","0","0","","0","0","0","1","68J01","0","","4","09","N","N","0","","0","0","0","0","0","","2021","0","1","0","0","0","0","0","1","0","1","N","","","","","","","","","","","","07","  ","","",""
"1559","1","0","0","0","0","0","0","0","0","7","0","","36","07","2016","2016069626","6","40.2427","-76.2404","1556","08","0","0","0","0","0","0","0","0","","0","0","0","15","1","4","00","0","40 14:33.725","","00","76 14:25.160","3","0","0","0","36204","0","0","0","","0","0","0","4","68T06","0","","4","08","N","N","0","","4","0","0","0","0","","1555","4","1","0","0","0","0","0","1","0","1","N","","","","","","","","","","","","07","05","","",""
"1618","1","0","0","0","0","0","0","0","0","7","0","","36","07","2016","2016069637","6","40.2434","-76.1537","1608","08","0","0","0","0","0","0","0","0","1","0","0","0","16","1","1","00","1","40 14:35.945","4","00","76 09:12.593","3","0","0","0","36236","0","0","0","","0","0","0","1","68T06","0","","4","09","N","N","0","","1","0","0","0","0","N","1605","1","1","0","0","0","0","0","1","0","1","N","","","","","","","","","","","","07","  ","","",""
"0055","1","0","0","0","0","0","0","0","0","7","0","","36","07","2016","2016069678","1","40.2489","-76.1659","0050","08","0","0","0","0","0","0","0","0","2","0","0","0","00","2","1","00","2","40 14:55.968","5","00","76 09:57.308","3","0","0","0","36236","0","0","0","N","0","0","0","1","36408","0","","5","01","N","N","0","","1","0","0","0","0","Y","0048","1","1","0","0","0","0","0","1","0","1","N","","","","","","","","","","","","03","  ","","",""
"0004","0","0","0","0","0","0","0","0","0","1","0","","36","07","2016","2016069680","2","40.0723","-76.2682","0004","08","0","0","0","0","0","0","0","0","","0","0","0","00","3","0","00","0","40 04:20.252","","00","76 16:05.381","0","0","0","0","36101","0","0","0","N","0","0","0","3","36101","0","","1","01","N","N","0","","0","0","2","0","0","","0004","0","2","0","0","0","0","0","3","0","2","N","","","","","","","","","","","","03","  ","","",""
"1920","1","0","0","0","0","0","0","0","0","5","0","","36","07","2016","2016069698","2","40.0764","-76.2918","1912","08","0","0","0","0","0","0","0","0","2","0","0","0","19","1","0","00","1","40 04:34.900","2","00","76 17:30.400","0","0","0","0","36101","0","0","0","N","0","0","0","1","36101","0","","6","09","N","N","0","","0","0","2","0","0","N","1909","0","3","0","0","0","0","0","3","0","3","N","","","","","","","","","","","","07","  ","","",""
"0855","1","0","0","0","0","0","0","0","0","7","0","","36","07","2016","2016069779","2","40.039","-76.3597","0848","08","0","0","0","0","0","0","0","1","","0","0","0","08","1","1","00","0","40 02:20.361","","00","76 21:34.786","3","0","0","0","36214","0","0","0","N","0","0","0","1","36214","0","","5","01","N","N","0","","1","0","0","0","0","","0844","1","1","0","0","0","0","0","3","0","1","N","","","","","","","","","","","","03","  ","","",""
"1620","2","0","0","0","0","0","0","0","0","5","0","","36","07","2016","2016069922","6","40.0392","-76.361","1617","08","0","0","0","0","0","0","0","0","","0","0","0","16","1","0","02","0","40 02:21.027","","00","76 21:39.696","0","0","0","0","36223","0","0","0","","0","0","0","2","36223","0","","1","09","N","N","0","","0","0","0","0","0","","1614","0","2","0","0","0","0","0","1","0","2","N","","","","","","","","","","","","07","  ","","",""
"1817","2","0","0","0","0","0","0","0","0","4","0","","36","07","2016","2016070022","5","40.036","-76.3082","1810","08","0","0","0","0","0","1","0","0","1","0","0","0","17","1","0","01","1","40 02:09.754","2","00","76 18:29.372","0","0","0","0","36301","0","0","0","N","0","0","0","2","36301","0","","1","01","N","N","0","","0","0","0","3","3","N","1743","0","2","0","0","0","0","0","3","0","2","N","","","","","","","","","","","","03","  ","","",""
"1639","1","0","0","0","0","0","0","0","0","4","0","","36","07","2016","2016069964","2","40.1201","-76.6357","1629","08","0","0","0","0","0","1","1","0","2","0","0","0","16","1","1","00","2","40 07:12.455","6","07","76 38:08.650","8","0","0","0","36237","0","0","0","N","0","0","0","2","36505","0","","1","01","N","N","0","","0","0","1","0","0","Y","1627","1","2","0","0","0","1","0","1","0","2","N","","","","","","","","","","","","03","  ","","",""
"1756","0","0","1","0","0","0","0","0","0","4","0","","36","07","2016","2016069974","5","40.0166","-76.3239","1751","08","0","0","0","0","0","0","0","0","2","0","0","0","17","1","3","00","2","40 00:59.772","7","00","76 19:25.931","2","0","0","0","36220","0","0","0","N","0","0","0","5","36101","0","","1","01","N","N","0","","2","1","2","0","0","Y","1749","3","2","0","0","0","0","0","3","0","2","N","","","","","","","","","","","","03","  ","","",""
"1829","1","0","0","0","0","0","0","0","0","4","0","","36","07","2016","2016069992","4","40.0218","-76.3124","1825","08","0","0","0","0","0","0","0","0","","0","0","0","18","1","1","01","0","40 01:18.415","","00","76 18:44.794","3","0","0","0","36301","0","0","0","N","0","0","0","2","36301","0","","1","01","N","N","0","","1","0","1","3","3","","1824","1","2","0","0","0","0","0","3","0","2","N","","","","","","","","","","","","03","  ","","",""
"0128","0","0","0","0","0","0","0","0","0","5","1","","36","06","2016","2016069996","5","40.1576","-76.1536","0120","08","0","0","0","0","0","1","0","0","","0","1","0","01","2","1","00","0","40 09:27.472","","00","76 09:12.968","3","0","0","0","36238","0","0","0","N","0","0","0","2","36238","0","","1","01","N","N","0","","1","0","1","0","0","","0120","1","2","0","0","1","0","0","3","0","2","N","","","","","","","","","","","","03","  ","","",""
"1812","1","0","0","0","0","0","0","0","0","1","0","","36","07","2016","2016069997","2","40.0516","-76.3138","1706","08","0","0","0","0","0","1","0","0","1","0","0","0","17","1","1","00","2","40 03:05.713","4","00","76 18:49.766","3","0","0","0","36301","0","0","0","N","0","0","0","2","36301","0","","1","01","N","N","0","","1","0","1","0","0","Y","1705","1","2","0","0","0","0","0","3","0","2","N","","","","","","","","","","","","03","  ","","",""
"1915","2","0","0","0","0","0","0","0","0","3","0","","36","07","2016","2016070003","2","40.0359","-76.3087","1907","08","0","0","0","0","0","0","0","0","","0","0","0","19","1","0","00","0","40 02:09.200","","00","76 18:31.200","0","0","0","0","36301","0","0","0","N","0","0","0","2","36301","0","","4","01","N","N","0","","0","0","0","0","0","","1907","0","2","0","0","0","0","0","3","0","2","N","","","","","","","","","","","","03","  ","","",""
"0908","0","0","0","0","0","0","0","0","0","4","0","","36","07","2016","2016070017","4","40.0306","-76.2343","0904","08","0","0","0","0","0","0","0","0","2","0","0","0","09","1","1","05","1","40 01:50.123","2","00","76 14:03.641","3","0","0","0","36215","0","0","0","N","0","0","0","6","36215","0","","1","01","N","N","1","","1","0","1","3","2","N","0902","1","3","0","0","0","0","0","1","1","3","N","","","","","","","","","","","","03","  ","","",""
"0842","0","0","0","0","0","0","1","0","0","8","1","","36","07","2016","2016070134","2","","","0835","08","0","0","0","0","0","0","0","0","2","0","0","0","08","1","1","00","2","","1","07","","2","0","0","0","36301","1","0","1","N","1","0","1","4","36301","0","","1","09","N","N","0","","0","1","0","0","0","N","0834","1","2","0","0","0","0","0","3","0","1","N","","","","","","","","","","","","03","  ","","",""
"1625","1","0","0","0","0","0","0","0","0","1","0","","36","07","2016","2016070146","2","40.0615","-76.279","1619","08","0","0","0","0","0","1","1","0","1","0","0","0","16","1","1","00","1","40 03:41.379","3","00","76 16:44.365","3","0","0","0","36101","0","0","0","N","0","0","0","3","36101","0","","1","01","N","N","1","","1","0","0","0","0","N","1614","1","3","0","0","0","0","0","3","1","3","N","","","","","","","","","","","","03","  ","","",""
"0506","2","0","0","0","0","0","0","0","0","7","0","","36","07","2016","2016070158","6","40.1","-76.3556","0504","08","0","0","0","0","0","1","0","0","","0","0","0","05","3","0","01","0","40 05:59.942","","00","76 21:20.168","0","0","0","0","36406","0","0","0","N","0","0","0","1","36101","0","","2","01","N","N","0","","0","0","0","3","2","","0500","0","2","0","0","0","0","0","3","0","2","N","","","","","","","","","","","","03","  ","","",""
"1420","1","0","0","0","0","0","0","0","0","4","0","","36","07","2016","2016070214","3","40.0761","-76.2966","1408","08","0","0","0","0","0","0","0","0","","0","0","0","14","1","2","02","0","40 04:34.127","","07","76 17:47.802","8","0","0","0","36101","0","0","0","N","0","0","0","4","36101","0","","1","01","N","N","1","","0","0","0","3","3","","1406","2","2","0","0","0","2","0","3","0","2","N","","","","","","","","","","","","03","  ","","",""
"1331","1","0","0","0","0","0","0","0","0","1","0","","36","07","2016","2016070218","3","40.1975","-76.1681","1323","08","0","0","0","0","0","0","0","1","","0","0","0","13","1","1","00","0","40 11:50.974","","00","76 10:05.276","4","0","0","0","36408","0","0","0","N","0","0","0","3","36408","1","","1","01","N","N","0","","0","0","2","0","0","","1320","1","3","0","0","1","0","1","2","0","3","N","","","","","","","","","","","","03","  ","","",""
"1103","0","0","0","0","0","0","0","0","0","7","0","","36","07","2016","2016070219","3","40.0698","-76.3283","1058","08","0","0","0","0","0","0","0","0","","0","0","0","10","1","0","00","0","40 04:11.232","","00","76 19:41.830","0","0","0","0","36101","0","0","0","N","0","0","0","1","36101","0","","2","01","N","N","1","","0","0","0","0","0","","1057","0","1","0","0","0","0","0","3","0","1","N","","","","","","","","","","","","03","  ","","",""
"1606","0","0","0","0","0","0","0","0","0","7","0","","36","07","2016","2016070258","4","40.1524","-76.2404","1602","08","0","0","0","0","0","0","0","0","2","0","0","0","16","1","0","00","1","40 09:08.571","2","00","76 14:25.376","0","0","0","0","36235","0","0","0","","0","0","0","1","36506","0","","5","01","N","N","0","","0","0","1","0","0","N","1602","0","1","0","0","1","0","0","1","0","1","N","","","","","","","","","","","","03","  ","","",""