"ARRIVAL_TM","AUTOMOBILE_COUNT","BELTED_DEATH_COUNT","BELTED_SUSP_SERIOUS_INJ_COUNT","BICYCLE_COUNT","BICYCLE_DEATH_COUNT","BICYCLE_SUSP_SERIOUS_INJ_COUNT","BUS_COUNT","CHLDPAS_DEATH_COUNT","CHLDPAS_SUSP_SERIOUS_INJ_COUNT","COLLISION_TYPE","COMM_VEH_COUNT","CONS_ZONE_SPD_LIM","COUNTY","CRASH_MONTH","CRASH_YEAR","CRN","DAY_OF_WEEK","DEC_LAT","DEC_LONG","DISPATCH_TM","DISTRICT","DRIVER_COUNT_16YR","DRIVER_COUNT_17YR","DRIVER_COUNT_18YR","DRIVER_COUNT_19YR","DRIVER_COUNT_20YR","DRIVER_COUNT_50_64YR","DRIVER_COUNT_65_74YR","DRIVER_COUNT_75PLUS","EST_HRS_CLOSED","FATAL_COUNT","HEAVY_TRUCK_COUNT","HORSE_BUGGY_COUNT","HOUR_OF_DAY","ILLUMINATION","INJURY_COUNT","INTERSECT_TYPE","LANE_CLOSED","LATITUDE","LN_CLOSE_DIR","LOCATION_TYPE","LONGITUDE","MAX_SEVERITY_LEVEL","MCYCLE_DEATH_COUNT","MCYCLE_SUSP_SERIOUS_INJ_COUNT","MOTORCYCLE_COUNT","MUNICIPALITY","NONMOTR_COUNT","NONMOTR_DEATH_COUNT","NONMOTR_SUSP_SERIOUS_INJ_COUNT","NTFY_HIWY_MAINT","PED_COUNT","PED_DEATH_COUNT","PED_SUSP_SERIOUS_INJ_COUNT","PERSON_COUNT","POLICE_AGCY","POSSIBLE_INJ_COUNT","RDWY_SURF_TYPE_CD","RELATION_TO_ROAD","ROAD_CONDITION","SCH_BUS_IND","SCH_ZONE_IND","SMALL_TRUCK_COUNT","SPEC_JURIS_CD","SUSP_MINOR_INJ_COUNT","SUSP_SERIOUS_INJ_COUNT","SUV_COUNT","TCD_FUNC_CD","TCD_TYPE","TFC_DETOUR_IND","TIME_OF_DAY","TOT_INJ_COUNT","TOTAL_UNITS","UNB_DEATH_COUNT","UNB_SUSP_SERIOUS_INJ_COUNT","UNBELTED_OCC_COUNT","UNK_INJ_DEG_COUNT","UNK_INJ_PER_COUNT","URBAN_RURAL","VAN_COUNT","VEHICLE_COUNT","WORK_ZONE_IND","WORK_ZONE_LOC","WORK_ZONE_TYPE","WORKERS_PRES","WZ_CLOSE_DETOUR","WZ_FLAGGER","WZ_LAW_OFFCR_IND","WZ_LN_CLOSURE","WZ_MOVING","WZ_OTHER","WZ_SHLDER_MDN","ROADWAY_CLEARED","WEATHER1","WEATHER2","WZ_WORKERS_INJ_KILLED","SECONDARY_CRASH","INTERSECTION_RELATED"
"2243","1","0","0","0","0","0","0","0","0","7","0","","36","07","2016","2016070348","6","40.1397","-75.8875","2210","08","0","0","0","1","0","0","0","0","2","0","0","0","21","2","0","00","2","40 08:23.090","6","00","75 53:15.000","0","0","0","0","36203","0","0","0","","0","0","0","3","68J01","0","","5","01","N","N","0","","0","0","0","0","0","Y","2146","0","1","0","0","0","0","0","1","0","1","N","","","","","","","","","","","","03","  ","","",""
"1650","1","0","0","0","0","0","0","0","0","1","0","","36","07","2016","2016070395","3","40.1596","-76.1403","1641","08","0","0","0","0","0","0","0","0","1","0","0","0","16","1","1","00","1","40 09:34.440","3","00","76 08:25.112","8","0","0","0","36209","0","0","0","N","0","0","0","2","36415","0","","1","01","N","N","0","","0","0","0","0","0","N","1641","1","2","0","0","0","1","0","1","1","2","N","","","","","","","","","","","","03","  ","","",""
"2207","1","0","0","0","0","0","0","0","0","7","0","","36","07","2016","2016070405","2","40.1875","-76.4716","2201","08","0","0","0","0","0","0","0","0","","0","0","0","22","2","1","00","0","40 11:15.147","","00","76 28:17.752","4","0","0","0","36230","0","0","0","Y","0","0","0","1","36410","1","","4","01","N","N","0","","0","0","0","0","0","","2201","1","1","0","0","1","0","0","1","0","1","N","","","","","","","","","","","","03","  ","","",""
"2229","1","0","0","0","0","0","0","0","0","1","1","","36","06","2016","2016070409","6","40.1711","-76.5917","2222","08","0","0","0","0","0","0","0","0","1","0","1","0","22","2","0","00","1","40 10:16.080","4","00","76 35:30.048","0","0","0","0","36225","0","0","0","N","0","0","0","2","36505","0","","1","01","N","N","0","","0","0","0","0","0","N","2215","0","2","0","0","0","0","0","2","0","2","N","","","","","","","","","","","","03","  ","","",""
"1708","2","0","0","0","0","0","0","0","0","1","0","","36","07","2016","2016070423","3","40.047","-76.3629","1652","08","0","0","0","0","0","0","0","0","1","0","0","0","16","1","2","00","1","40 02:49.032","1","00","76 21:46.600","4","0","0","0","36214","0","0","0","N","0","0","0","4","36214","2","","1","01","N","N","0","","0","0","1","0","0","N","1641","2","3","0","0","0","0","0","3","0","3","N","","","","","","","","","","","","03","  ","","",""
"1504","0","0","0","0","0","0","0","0","0","1","0","","36","06","2016","2016070426","1","40.0635","-76.5833","1458","08","0","0","0","0","1","1","0","0","2","0","0","0","14","1","1","02","1","40 03:48.668","5","00","76 34:59.860","3","0","0","1","36211","0","0","0","N","0","0","0","2","36504","0","","1","01","N","N","0","","1","0","1","0","0","N","1458","1","2","0","0","0","0","0","1","0","2","N","","","","","","","","","","","","03","  ","","",""
"2024","2","0","0","0","0","0","0","0","0","5","0","","36","07","2016","2016070444","3","40.068","-76.294","2020","08","0","0","0","0","1","0","0","0","2","0","0","0","20","1","0","00","2","40 04:04.702","3","00","76 17:38.367","9","0","0","0","36101","0","0","0","N","0","0","0","2","36101","0","","1","01","N","N","0","","0","0","0","0","0","N","2016","0","2","0","0","0","0","1","3","0","2","N","","","","","","","","","","","","03","  ","","",""
"1740","1","0","0","0","0","0","0","0","0","7","0","","36","07","2016","2016070487","6","40.2378","-76.0356","1705","08","0","0","1","0","0","0","0","0","","0","0","0","16","1","0","00","0","40 14:16.130","","00","76 02:08.170","0","0","0","0","36202","0","0","0","","0","0","0","1","68J01","0","","4","09","N","N","0","","0","0","0","0","0","","1659","0","1","0","0","0","0","0","1","0","1","N","","","","","","","","","","","","07","  ","","",""
"1514","1","0","0","0","0","0","0","0","0","7","0","","36","07","2016","2016070493","1","40.0068","-76.0064","1445","08","0","1","0","0","0","0","0","0","2","0","0","0","14","1","1","00","1","40 00:24.639","1","00","76 00:22.885","3","0","0","0","36232","0","0","0","","0","0","0","1","68J01","0","","4","01","N","N","0","","1","0","0","0","0","N","1442","1","1","0","0","0","0","0","1","0","1","N","","","","","","","","","","","","03","  ","","",""
"0936","1","0","0","0","0","0","0","0","0","4","0","","36","07","2016","2016070535","4","40.1483","-76.1215","0928","08","0","0","0","0","0","1","0","0","","0","0","0","09","1","0","02","0","40 08:54.032","","00","76 07:17.516","0","0","0","0","36209","0","0","0","N","0","0","0","3","36415","0","","1","01","N","N","0","","0","0","0","3","3","","0928","0","2","0","0","1","0","0","1","1","2","N","","","","","","","","","","","","03","  ","","",""
"1405","1","0","0","0","0","0","0","0","0","6","0","","36","07","2016","2016070540","3","40.0084","-76.2778","1359","08","0","0","0","0","0","0","0","0","1","0","0","0","13","1","0","00","1","40 00:30.113","5","00","76 16:40.130","0","0","0","0","36240","0","0","0","N","0","0","0","6","36240","0","","1","01","N","N","1","","0","0","0","0","0","N","1359","0","2","0","0","0","0","0","1","0","2","N","","","","","","","","","","","","03","  ","","",""
"2126","1","0","0","0","0","0","0","0","0","4","1","","36","06","2016","2016070577","5","40.1216","-76.2337","2119","08","0","0","0","0","0","1","0","0","1","0","1","0","21","2","0","00","1","40 07:17.694","1","00","76 14:01.310","9","0","0","0","36238","0","0","0","N","0","0","0","2","36238","0","","1","01","N","N","0","","0","0","0","0","0","N","2119","0","2","0","0","0","0","1","3","0","2","N","","","","","","","","","","","","03","  ","","",""
"1600","2","0","0","0","0","0","0","0","0","4","0","","36","07","2016","2016070747","4","40.1566","-76.6058","1555","08","0","0","0","0","0","1","0","0","","0","0","0","15","1","0","01","0","40 09:23.770","","00","76 36:21.002","0","0","0","0","36407","0","0","0","N","0","0","0","4","36407","0","","1","01","N","N","0","","0","0","0","3","3","","1555","0","2","0","0","0","0","0","2","0","2","N","","","","","","","","","","","","03","  ","","",""
"1931","0","0","0","0","0","0","0","0","0","5","0","","36","07","2016","2016070806","2","39.9799","-76.2855","1914","08","0","0","0","0","0","0","0","0","","0","1","0","19","1","0","00","0","39 58:47.614","","00","76 17:07.818","0","0","0","0","36228","0","0","0","N","0","0","0","1","36503","0","","4","09","N","N","1","","0","0","0","0","0","","1914","0","2","0","0","0","0","0","1","0","2","N","","","","","","","","","","","","07","  ","","",""
"1513","1","0","0","0","0","0","0","0","0","1","0","","36","07","2016","2016070817","7","40.178","-76.1387","1506","08","0","0","0","0","0","0","0","0","","0","0","0","15","1","0","00","0","40 10:40.853","","00","76 08:19.446","0","0","0","0","36218","0","0","0","N","0","0","0","3","36408","0","","1","01","N","N","0","","0","0","1","0","0","","1500","0","2","0","0","0","0","0","1","0","2","N","","","","","","","","","","","","03","  ","","",""
"1903","1","0","0","0","0","0","0","0","0","7","0","","36","07","2016","2016070832","6","40.04","-76.2873","1903","08","0","0","0","0","0","0","1","0","","0","0","0","18","1","1","01","0","40 02:24.011","","00","76 17:14.418","3","0","0","0","36301","0","0","0","Y","0","0","0","1","36301","0","","4","01","N","N","0","","1","0","0","3","2","","1805","1","1","0","0","0","0","0","3","0","1","N","","","","","","","","","","","","03","  ","","",""
"1527","1","0","0","0","0","0","0","0","0","7","0","","36","07","2016","2016070833","3","40.1069","-76.2499","1517","08","0","0","0","0","0","0","0","0","","0","0","0","15","1","0","00","0","40 06:24.784","","00","76 14:59.714","0","0","0","0","36101","0","0","0","N","0","0","0","1","36101","0","","4","01","N","N","0","","0","0","0","0","0","","1516","0","2","0","0","0","0","0","3","0","1","N","","","","","","","","","","","","03","  ","","",""
"2200","2","0","0","0","0","0","0","0","0","5","0","","36","07","2016","2016070835","6","40.0385","-76.3003","2150","08","0","0","0","0","0","0","1","0","2","0","0","0","21","3","0","00","1","40 02:18.738","3","00","76 18:01.209","0","0","0","0","36301","0","0","0","N","0","0","0","2","36301","0","","1","01","N","N","0","","0","0","0","0","0","N","2150","0","2","0","0","0","0","0","3","0","2","N","","","","","","","","","","","","03","  ","","",""
"1608","1","0","0","0","0","0","0","0","0","4","0","","36","07","2016","2016070847","4","40.1551","-76.1244","1600","08","0","0","0","0","0","0","0","0","2","0","0","0","15","1","0","02","1","40 09:18.278","1","00","76 07:27.939","0","0","0","0","36218","0","0","0","N","0","0","0","2","36408","0","","1","09","N","N","0","","0","0","1","2","3","N","1558","0","2","0","0","0","0","0","1","0","2","N","","","","","","","","","","","","07","  ","","",""
"1902","0","0","0","0","0","0","0","0","0","7","0","","36","07","2016","2016070866","3","40.2773","-76.1754","1855","08","0","0","0","0","0","0","0","0","4","1","0","0","18","1","0","00","2","40 16:38.300","6","00","76 10:31.500","1","0","0","0","36236","0","0","0","N","0","0","0","1","36408","0","2","5","01","N","N","0","0","0","0","0","0","0","Y","1854","0","1","1","0","1","0","0","1","1","1","N","","","","","","","","","","","","03","  ","","",""
"1325","2","0","0","0","0","0","0","0","0","1","0","","36","07","2016","2016070930","4","40.0519","-76.396","1322","08","0","0","0","0","0","0","0","1","","0","0","0","13","1","2","00","0","40 03:06.700","","00","76 23:45.516","8","0","0","0","36214","0","0","0","N","0","0","0","5","36214","0","","1","09","N","N","0","","0","0","1","0","0","","1320","2","3","0","0","0","2","0","3","0","3","N","","","","","","","","","","","","07","  ","","",""
"1501","0","0","0","0","0","0","0","0","0","6","2","","36","07","2016","2016070938","4","40.2238","-76.1063","1456","08","0","0","0","0","0","0","0","0","3","0","2","0","14","1","0","00","2","40 13:25.854","5","00","76 06:22.843","0","0","0","0","36210","0","0","0","N","0","0","0","2","36210","0","","1","09","N","N","0","","0","0","0","0","0","Y","1450","0","2","0","0","0","0","0","1","0","2","N","","","","","","","","","","","","07","  ","","",""
"1150","0","0","0","1","0","0","0","0","0","4","0","","36","07","2016","2016070942","5","40.038","-76.3438","1147","08","0","0","0","0","0","0","1","0","1","0","0","0","11","1","1","01","1","40 02:16.808","4","00","76 20:37.817","3","0","0","0","36223","1","0","0","","0","0","0","2","36214","0","","1","01","N","N","0","","1","0","1","3","2","Y","1144","1","2","0","0","0","0","0","1","0","1","N","","","","","","","","","","","","03","  ","","",""
"0642","1","0","0","0","0","0","0","0","0","7","0","","36","07","2016","2016070952","6","40.0392","-76.429","0639","08","0","0","0","0","0","0","0","0","1","0","0","0","06","1","1","00","2","40 02:21.026","6","00","76 25:44.247","4","0","0","0","36414","0","0","0","N","0","0","0","1","36239","1","","5","01","N","N","0","","0","0","0","0","0","Y","0639","1","1","0","0","1","0","0","3","0","1","N","","","","","","","","","","","","03","  ","","",""
"1333","1","0","0","0","0","0","0","0","0","7","0","","36","07","2016","2016070953","4","40.0536","-76.3087","1327","08","0","0","0","0","0","0","0","0","1","0","0","0","13","1","0","01","2","40 03:12.956","3","00","76 18:31.140","0","0","0","0","36101","0","0","0","N","0","0","0","2","36101","0","","2","01","N","N","0","","0","0","0","3","2","N","1321","0","1","0","0","0","0","0","3","0","1","N","","","","","","","","","","","","03","  ","","",""
"1421","1","0","0","0","0","0","0","0","0","1","0","","36","07","2016","2016070961","4","40.0618","-76.2793","1416","08","0","0","0","0","0","1","0","1","","0","0","0","14","1","1","00","0","40 03:42.605","","00","76 16:45.466","4","0","0","0","36101","0","0","0","N","0","0","0","3","36101","1","","1","09","N","N","0","","0","0","0","0","0","","1413","1","2","0","0","0","0","0","3","1","2","N","","","","","","","","","","","","07","  ","","",""
"1621","1","0","0","0","0","0","0","0","0","4","0","","36","07","2016","2016070964","6","40.228","-76.0877","1619","08","0","0","0","0","0","0","0","0","","0","0","0","16","1","0","00","0","40 13:40.874","","07","76 05:15.893","0","0","0","0","36210","0","0","0","N","0","0","0","2","36210","0","","1","01","N","N","1","","0","0","0","0","0","","1617","0","2","0","0","0","0","0","1","0","2","N","","","","","","","","","","","","03","  ","","",""
"0613","1","0","0","0","0","0","0","0","0","4","0","","36","07","2016","2016070968","5","40.2413","-76.0567","0603","08","0","0","0","0","0","1","0","0","2","0","0","0","06","1","0","01","1","40 14:28.789","1","00","76 03:24.239","0","0","0","0","36401","0","0","0","N","0","0","0","2","36408","0","","1","01","N","N","1","","0","0","0","3","2","N","0600","0","2","0","0","0","0","0","1","0","2","N","","","","","","","","","","","","03","  ","","",""
"0708","1","0","0","0","0","0","0","0","0","1","0","","36","07","2016","2016070990","5","40.0547","-76.3743","0703","08","0","0","0","0","0","0","0","0","2","0","0","0","07","1","2","00","1","40 03:16.830","6","00","76 22:27.525","4","0","0","0","36214","0","0","0","N","0","0","0","3","36214","2","","1","01","N","N","0","","0","0","0","0","0","N","0700","2","2","0","0","0","0","0","3","1","2","N","","","","","","","","","","","","03","  ","","",""
"1202","1","0","0","0","0","0","0","0","0","4","0","","36","06","2016","2016071015","5","40.1493","-76.3811","1200","08","0","0","0","0","0","0","0","0","","0","0","0","12","1","2","00","0","40 08:57.433","","07","76 22:51.809","8","0","0","0","36227","0","0","0","","0","0","0","4","36506","0","","2","01","N","N","0","","0","0","0","0","0","","1200","2","2","0","0","1","2","0","1","1","2","N","","","","","","","","","","","","03","  ","","",""
"2110","1","0","0","0","0","0","0","0","0","6","1","","36","07","2016","2016071023","4","39.9612","-75.9957","2110","08","0","0","0","0","0","1","0","0","","0","1","0","21","6","0","01","0","39 57:40.330","","00","75 59:44.681","0","0","0","0","36403","0","0","0","N","0","0","0","3","36403","0","","1","01","N","N","0","","0","0","0","3","3","","2110","0","2","0","0","0","0","0","1","0","2","N","","","","","","","","","","","","03","  ","","",""
"1759","1","0","0","0","0","0","0","0","0","1","0","","36","07","2016","2016071048","4","40.1096","-76.0147","1754","08","0","0","0","0","0","1","0","0","","0","0","0","17","1","0","02","0","40 06:34.440","","00","76 00:52.796","0","0","0","0","36213","0","0","0","N","0","0","0","6","36213","0","","1","09","N","N","0","","0","0","0","0","0","","1752","0","2","0","0","0","0","0","1","1","2","N","","","","","","","","","","","","07","  ","","",""
"2150","1","0","0","0","0","0","0","0","0","5","0","","36","07","2016","2016071062","4","40.0413","-76.3133","2148","08","0","0","0","0","0","0","0","0","2","0","0","0","21","3","1","00","1","40 02:28.700","2","00","76 18:47.900","8","0","0","0","36301","0","0","0","N","0","0","0","2","36301","0","","6","09","N","N","1","","0","0","0","0","0","N","2148","1","2","0","0","1","1","0","3","0","2","N","","","","","","","","","","","","07","  ","","",""
"1641","1","0","0","4","0","1","0","0","0","2","0","","36","06","2016","2016071140","1","40.1823","-75.9565","1627","08","0","0","0","0","0","0","0","0","3","0","0","0","16","1","4","00","1","40 10:56.240","1","00","75 57:23.340","2","0","0","0","36202","4","0","1","","0","0","0","5","68J01","0","","1","01","N","N","0","","3","1","0","0","0","N","1623","4","5","0","0","0","0","0","1","0","1","N","","","","","","","","","","","","03","  ","","",""
"0523","1","0","0","0","0","0","0","0","0","1","1","55","36","06","2016","2016071142","4","40.0855","-76.3736","0523","08","0","0","0","0","1","0","0","0","2","0","1","0","05","5","1","00","2","40 05:07.922","3","00","76 22:24.787","2","0","0","0","36214","0","0","0","","0","0","0","2","68J01","0","","1","01","N","N","0","","0","1","0","0","0","Y","0523","1","2","0","1","2","0","0","3","0","2","Y","4","1","Y","N","N","Y","Y","N","N","N","","03","  ","","",""
"1425","1","0","0","0","0","0","0","0","0","4","0","","36","06","2016","2016071143","6","40.0186","-76.0638","1417","08","0","0","0","0","0","0","1","0","1","0","0","0","14","1","1","02","1","40 01:07.020","2","00","76 03:49.852","4","0","0","0","36221","0","0","0","","0","0","0","2","68J01","1","","1","01","N","N","0","","0","0","1","3","3","N","1417","1","2","0","0","0","0","0","1","0","2","N","","","","","","","","","","","","03","  ","","",""
"1322","1","0","0","0","0","0","0","0","0","1","0","","36","07","2016","2016071156","2","40.0392","-76.1349","1316","08","0","0","0","0","0","0","0","0","1","0","0","1","13","1","4","00","2","40 02:21.215","6","00","76 08:05.648","2","0","0","0","36221","4","0","1","","0","0","0","5","68J01","0","","1","01","N","N","0","","3","1","0","0","0","Y","1315","4","2","0","0","0","0","0","1","0","1","N","","","","","","","","","","","","03","  ","","",""
"1700","2","0","0","0","0","0","0","0","0","1","0","","36","07","2016","2016071176","5","40.144","-76.5983","1656","08","0","1","0","0","0","0","0","0","","0","0","0","16","1","0","00","0","40 08:38.296","","07","76 35:54.010","0","0","0","0","36407","0","0","0","N","0","0","0","2","36407","0","","1","01","N","N","0","","0","0","0","0","0","","1655","0","2","0","0","0","0","0","2","0","2","N","","","","","","","","","","","","03","  ","","",""
"1929","1","0","0","0","0","0","0","0","0","4","0","","36","05","2016","2016071184","4","39.9425","-76.0566","1909","08","0","0","0","0","0","1","0","0","3","0","0","0","18","1","0","01","2","39 56:33.146","5","00","76 03:23.678","0","0","0","0","36231","0","0","0","","0","0","0","2","68J01","0","","1","01","N","N","0","","0","0","1","3","3","N","1854","0","2","0","0","0","0","0","1","0","2","N","","","","","","","","","","","","03","  ","","",""
"1535","0","0","0","0","0","0","0","0","0","1","0","","36","05","2016","2016071185","7","39.9368","-76.2041","1520","08","0","1","0","0","0","0","0","0","3","0","0","0","14","1","1","03","1","39 56:12.597","2","00","76 12:14.824","3","0","0","0","36233","0","0","0","","0","0","0","3","68J01","0","","1","09","N","N","0","","1","0","2","0","0","N","1455","1","2","0","0","0","0","0","1","0","2","N","","","","","","","","","","","","07","  ","","",""
"0444","1","0","0","0","0","0","0","0","0","0","0","","36","06","2016","2016071186","4","40.2487","-76.3055","0423","08","0","0","0","0","0","1","0","0","2","0","0","0","04","2","1","00","1","40 14:55.376","1","00","76 18:19.766","3","0","0","0","36217","0","0","0","","0","0","0","1","68J01","0","","5","01","N","N","0","","1","0","0","0","0","N","0422","1","1","0","0","0","0","0","1","0","1","N","","","","","","","","","","","","03","  ","","",""
"0845","0","0","0","0","0","0","0","0","0","1","0","","36","06","2016","2016071187","7","39.8514","-76.1579","0823","08","0","0","0","0","0","1","0","1","1","0","0","0","08","1","1","00","1","39 51:05.183","1","00","76 09:28.422","3","0","0","0","36212","0","0","0","","0","0","0","2","68J01","0","","1","01","N","N","1","","1","0","1","0","0","N","0822","1","2","0","0","0","0","0","1","0","2","N","","","","","","","","","","","","03","  ","","",""
"0832","2","0","0","0","0","0","0","0","0","4","0","","36","06","2016","2016071189","4","39.7951","-76.1456","0806","08","0","0","1","0","0","0","0","0","3","0","0","0","07","1","1","00","1","39 47:42.490","2","07","76 08:44.260","3","0","0","0","36222","0","0","0","","0","0","0","2","68J01","0","","1","01","N","N","0","","1","0","0","0","0","N","0745","1","2","0","0","1","0","0","1","0","2","N","","","","","","","","","","","","03","  ","","",""
"0208","1","0","0","0","0","0","0","0","0","7","0","","36","06","2016","2016071190","1","39.9443","-76.2124","0208","08","0","0","0","0","0","0","0","0","2","0","0","0","02","2","0","00","1","39 56:39.410","1","00","76 12:44.532","0","0","0","0","36233","0","0","0","","0","0","0","1","68J01","0","","4","01","N","N","0","","0","0","0","0","0","Y","0207","0","1","0","0","1","0","0","1","0","1","N","","","","","","","","","","","","03","  ","","",""
"1957","1","0","0","0","0","0","0","0","0","2","0","","36","06","2016","2016071194","4","39.8132","-76.2957","1922","08","0","0","0","0","0","1","0","0","1","0","0","0","19","1","0","00","1","39 48:47.440","1","00","76 17:44.440","0","0","0","0","36208","0","0","0","","0","0","0","2","68J01","0","","1","2","N","N","0","","0","0","1","0","0","N","1922","0","2","0","0","0","0","0","1","0","2","N","","","","","","","","","","","","03","  ","","",""
"1801","0","0","0","0","0","0","0","0","0","4","0","","36","07","2016","2016071206","2","40.0532","-75.9503","1742","08","0","0","0","0","0","0","1","0","3","0","0","0","17","6","4","02","1","40 03:11.520","1","07","75 57:01.249","3","0","0","0","36232","0","0","0","","0","0","0","5","68J01","0","","1","01","N","N","1","","4","0","1","3","3","Y","1742","4","2","0","0","3","0","0","1","0","2","N","","","","","","","","","","","","03","  ","","",""
"1626","1","0","0","0","0","0","0","0","0","2","0","","36","07","2016","2016071213","6","40.0176","-76.06","1626","08","0","0","0","0","0","0","0","0","1","0","1","0","16","1","0","00","2","40 01:03.229","6","00","76 03:35.821","0","0","0","0","36232","0","0","0","","0","0","0","2","68J01","0","","1","09","N","N","0","","0","0","0","3","2","N","1623","0","2","0","0","0","0","0","1","0","2","N","","","","","","","","","","","","07","  ","","",""
"0147","0","0","0","0","0","0","0","0","0","1","0","","36","04","2016","2016071220","1","39.9047","-76.2421","0127","08","0","0","0","0","0","0","0","0","3","0","0","0","01","2","1","00","2","39 54:16.980","5","07","76 14:31.472","3","0","0","0","36229","0","0","0","","0","0","0","2","68J01","0","","1","01","N","N","1","","1","0","1","0","0","Y","0120","1","2","0","0","1","0","0","1","0","2","N","","","","","","","","","","","","03","  ","","",""
"1114","1","0","0","0","0","0","0","0","0","7","0","","36","07","2016","2016071225","7","39.9957","-76.3629","1109","08","0","1","0","0","0","0","0","0","","0","0","0","11","1","0","02","0","39 59:44.393","","00","76 21:46.512","0","0","0","0","36412","0","0","0","N","0","0","0","3","36412","0","","2","01","N","N","0","","0","0","0","3","3","","1107","0","1","0","0","0","0","0","3","0","1","N","","","","","","","","","","","","03","  ","","",""
"1642","1","0","0","0","0","0","0","0","0","5","1","","36","07","2016","2016071247","5","40.1428","-76.1965","1631","08","0","0","0","0","0","0","0","0","","0","1","0","16","1","0","00","0","40 08:34.211","","00","76 11:47.408","0","0","0","0","36238","0","0","0","N","0","0","0","4","36238","0","","1","01","N","N","0","","0","0","0","0","0","","1628","0","2","0","0","0","0","0","3","0","2","N","","","","","","","","","","","","03","  ","","",""
"0636","1","0","0","0","0","0","0","0","0","1","0","","36","07","2016","2016071264","2","40.039","-76.2962","0636","08","0","0","0","0","0","0","0","0","2","0","0","0","06","5","0","00","1","40 02:20.469","3","00","76 17:46.227","9","0","0","0","36301","0","0","0","N","0","0","0","2","36301","0","","1","01","N","N","1","","0","0","0","3","2","N","0636","0","2","0","0","0","0","1","3","0","2","N","","","","","","","","","","","","03","  ","","",""
"0311","4","0","0","0","0","0","0","0","0","5","1","","36","07","2016","2016071285","7","40.0174","-76.3138","0308","08","0","0","0","0","0","0","0","0","","0","1","0","03","3","0","00","0","40 01:02.600","","00","76 18:49.500","0","0","0","0","36220","0","0","0","N","0","0","0","1","36101","0","","6","01","N","N","1","","0","0","2","0","0","","0308","0","8","0","0","0","0","0","3","0","8","N","","","","","","","","","","","","03","  ","","",""
"2351","0","0","0","0","0","0","0","0","0","7","0","","36","07","2016","2016071290","1","40.0723","-76.2681","2346","08","0","0","0","0","0","0","0","0","2","0","0","0","23","2","0","02","1","40 04:20.400","2","00","76 16:05.210","0","0","0","0","36101","0","0","0","N","0","0","0","1","36101","0","","2","01","N","N","0","","0","0","1","0","0","N","2342","0","1","0","0","0","0","0","3","0","1","N","","","","","","","","","","","","03","  ","","",""
"2150","1","0","0","0","0","0","0","0","0","2","0","","36","07","2016","2016071299","1","40.0145","-76.3264","2150","08","0","0","0","0","0","0","0","0","1","0","0","0","21","3","0","00","1","40 00:52.171","3","00","76 19:34.995","0","0","0","0","36220","0","0","0","N","0","0","0","5","36101","0","","1","01","N","N","0","","0","0","0","0","0","N","2145","0","2","0","0","0","0","0","3","1","2","N","","","","","","","","","","","","03","  ","","",""
"0853","1","0","0","0","0","0","0","0","0","1","0","","36","07","2016","2016071360","6","40.0997","-76.3053","0840","08","0","0","0","0","0","0","0","0","","0","0","0","08","1","0","00","0","40 05:59.094","","00","76 18:19.159","0","0","0","0","36101","0","0","0","N","0","0","0","2","36101","0","","1","01","N","N","0","","0","0","1","0","0","","0835","0","2","0","0","0","0","0","3","0","2","N","","","","","","","","","","","","03","  ","","",""
"1854","2","0","0","0","0","0","0","0","0","1","0","","36","05","2016","2016071391","2","40.1767","-76.1747","1852","08","0","0","0","0","0","1","0","0","","0","0","0","18","1","1","00","0","40 10:36.033","","00","76 10:28.967","8","0","0","0","36408","0","0","0","N","0","0","0","2","36408","0","","1","01","N","N","0","","0","0","0","0","0","","1850","1","2","0","0","1","1","0","2","0","2","N","","","","","","","","","","","","03","  ","","",""
"1250","2","0","0","0","0","0","0","0","0","1","0","","36","07","2016","2016071412","6","40.2112","-76.131","1241","08","0","0","0","0","1","1","0","0","1","0","0","0","12","1","1","00","1","40 12:40.178","2","07","76 07:51.675","3","0","0","0","36210","0","0","0","N","0","0","0","3","36210","0","","1","01","N","N","0","","1","0","0","0","0","N","1238","1","2","0","0","0","0","0","1","0","2","N","","","","","","","","","","","","03","  ","","",""
"1659","1","0","0","0","0","0","0","0","0","4","0","","36","07","2016","2016071449","6","40.1922","-76.1704","1651","08","0","0","0","0","0","0","0","0","","0","0","0","16","1","0","00","0","40 11:32.088","","07","76 10:13.539","0","0","0","0","36218","0","0","0","N","0","0","0","3","36408","0","","1","01","N","N","0","","0","0","1","0","0","","1647","0","2","0","0","0","0","0","1","0","2","N","","","","","","","","","","","","03","  ","","",""
"1210","1","0","0","0","0","0","0","0","0","1","0","","36","07","2016","2016071518","1","40.0228","-76.3619","1206","08","0","0","0","0","0","1","0","0","1","0","0","0","12","1","2","00","2","40 01:22.000","2","00","76 21:42.886","4","0","0","0","36223","0","0","0","","0","0","0","8","36223","2","","1","01","N","N","0","","0","0","0","3","2","N","1204","2","2","0","0","1","0","0","1","1","2","N","","","","","","","","","","","","03","  ","","",""
"1626","1","0","0","0","0","0","0","0","0","1","0","","36","07","2016","2016071556","6","40.1795","-76.6004","1620","08","0","0","0","0","0","1","0","0","2","0","0","0","16","1","0","06","1","40 10:46.176","1","02","76 36:01.501","0","0","0","0","36225","0","0","0","N","0","0","0","2","36505","0","","1","01","N","N","1","","0","0","0","3","4","N","1615","0","2","0","0","0","0","0","2","0","2","N","","","","","","","","","","","","03","  ","","",""