"ARRIVAL_TM","AUTOMOBILE_COUNT","BELTED_DEATH_COUNT","BELTED_SUSP_SERIOUS_INJ_COUNT","BICYCLE_COUNT","BICYCLE_DEATH_COUNT","BICYCLE_SUSP_SERIOUS_INJ_COUNT","BUS_COUNT","CHLDPAS_DEATH_COUNT","CHLDPAS_SUSP_SERIOUS_INJ_COUNT","COLLISION_TYPE","COMM_VEH_COUNT","CONS_ZONE_SPD_LIM","COUNTY","CRASH_MONTH","CRASH_YEAR","CRN","DAY_OF_WEEK","DEC_LAT","DEC_LONG","DISPATCH_TM","DISTRICT","DRIVER_COUNT_16YR","DRIVER_COUNT_17YR","DRIVER_COUNT_18YR","DRIVER_COUNT_19YR","DRIVER_COUNT_20YR","DRIVER_COUNT_50_64YR","DRIVER_COUNT_65_74YR","DRIVER_COUNT_75PLUS","EST_HRS_CLOSED","FATAL_COUNT","HEAVY_TRUCK_COUNT","HORSE_BUGGY_COUNT","HOUR_OF_DAY","ILLUMINATION","INJURY_COUNT","INTERSECT_TYPE","LANE_CLOSED","LATITUDE","LN_CLOSE_DIR","LOCATION_TYPE","LONGITUDE","MAX_SEVERITY_LEVEL","MCYCLE_DEATH_COUNT","MCYCLE_SUSP_SERIOUS_INJ_COUNT","MOTORCYCLE_COUNT","MUNICIPALITY","NONMOTR_COUNT","NONMOTR_DEATH_COUNT","NONMOTR_SUSP_SERIOUS_INJ_COUNT","NTFY_HIWY_MAINT","PED_COUNT","PED_DEATH_COUNT","PED_SUSP_SERIOUS_INJ_COUNT","PERSON_COUNT","POLICE_AGCY","POSSIBLE_INJ_COUNT","RDWY_SURF_TYPE_CD","RELATION_TO_ROAD","ROAD_CONDITION","SCH_BUS_IND","SCH_ZONE_IND","SMALL_TRUCK_COUNT","SPEC_JURIS_CD","SUSP_MINOR_INJ_COUNT","SUSP_SERIOUS_INJ_COUNT","SUV_COUNT","TCD_FUNC_CD","TCD_TYPE","TFC_DETOUR_IND","TIME_OF_DAY","TOT_INJ_COUNT","TOTAL_UNITS","UNB_DEATH_COUNT","UNB_SUSP_SERIOUS_INJ_COUNT","UNBELTED_OCC_COUNT","UNK_INJ_DEG_COUNT","UNK_INJ_PER_COUNT","URBAN_RURAL","VAN_COUNT","VEHICLE_COUNT","WORK_ZONE_IND","WORK_ZONE_LOC","WORK_ZONE_TYPE","WORKERS_PRES","WZ_CLOSE_DETOUR","WZ_FLAGGER","WZ_LAW_OFFCR_IND","WZ_LN_CLOSURE","WZ_MOVING","WZ_OTHER","WZ_SHLDER_MDN","ROADWAY_CLEARED","WEATHER1","WEATHER2","WZ_WORKERS_INJ_KILLED","SECONDARY_CRASH","INTERSECTION_RELATED"
"1719","1","0","0","0","0","0","0","0","0","7","0","","36","07","2016","2016071655","6","40.1688","-76.3994","1711","08","0","0","0","0","0","0","0","0","1","0","0","0","17","1","0","02","1","40 10:07.667","2","00","76 23:58.009","0","0","0","0","36410","0","0","0","N","0","0","0","1","36410","0","","2","01","N","N","0","","0","0","0","0","0","N","1711","0","1","0","0","0","0","0","2","0","1","N","","","","","","","","","","","","03","  ","","",""
"1717","1","0","0","0","0","0","0","0","0","4","0","","36","06","2016","2016071663","2","40.0228","-76.3671","1714","08","0","0","0","0","0","0","0","0","1","0","0","0","17","1","0","01","2","40 01:21.946","2","00","76 22:01.509","0","0","0","0","36223","0","0","0","","0","0","0","3","36223","0","","1","01","N","N","0","","0","0","1","3","3","N","1713","0","2","0","0","0","0","0","1","0","2","N","","","","","","","","","","","","03","  ","","",""
"1730","1","0","0","0","0","0","0","0","0","4","1","","36","07","2016","2016071664","6","39.9969","-76.4465","1723","08","0","0","0","0","0","1","0","0","1","0","1","0","17","1","1","01","1","39 59:48.725","6","00","76 26:47.502","4","0","0","0","36223","0","0","0","","0","0","0","2","36223","1","","1","01","N","N","0","","0","0","0","3","3","N","1720","1","2","0","0","0","0","0","1","0","2","N","","","","","","","","","","","","03","  ","","",""
"1606","1","0","0","0","0","0","0","0","0","4","0","","36","07","2016","2016071674","6","40.0404","-76.3641","1556","08","0","0","0","0","0","0","0","0","","0","0","0","15","1","0","00","0","40 02:25.465","","00","76 21:50.888","0","0","0","0","36214","0","0","0","","0","0","0","2","36214","0","","1","01","N","N","0","","0","0","1","3","3","","1555","0","2","0","0","1","0","0","3","0","2","N","","","","","","","","","","","","03","  ","","",""
"0649","2","0","0","0","0","0","0","0","0","4","0","","36","07","2016","2016071682","2","40.0301","-76.2317","0643","08","0","0","0","0","0","0","0","0","2","0","0","0","06","1","2","00","2","40 01:48.264","3","07","76 13:54.184","4","0","0","0","36215","0","0","0","N","0","0","0","2","36215","2","","1","01","N","N","0","","0","0","0","3","3","N","0640","2","2","0","0","0","0","0","1","0","2","N","","","","","","","","","","","","03","  ","","",""
"1518","0","0","0","0","0","0","0","0","0","8","0","","36","07","2016","2016071699","6","40.0166","-76.1633","1514","08","0","0","0","0","0","1","0","0","1","0","0","0","15","1","1","00","1","40 00:59.796","4","00","76 09:47.838","8","0","0","0","36215","1","0","0","N","1","0","0","4","36215","0","","1","01","N","N","1","","0","0","0","0","0","N","1513","1","2","0","0","0","1","0","1","0","1","N","","","","","","","","","","","","03","  ","","",""
"1705","1","0","0","0","0","0","0","0","0","1","0","","36","07","2016","2016071704","4","40.0305","-76.3043","1656","08","0","0","0","0","0","0","0","0","2","0","0","0","16","1","1","00","1","40 01:49.690","1","00","76 18:15.506","4","0","0","0","36301","0","0","0","N","0","0","0","3","36301","1","","1","01","N","N","0","","0","0","1","0","0","N","1656","1","2","0","0","0","0","0","3","0","2","N","","","","","","","","","","","","03","  ","","",""
"1155","2","0","0","0","0","0","0","0","0","1","0","","36","07","2016","2016071737","7","39.9695","-76.3225","1148","08","0","0","0","1","0","0","0","0","","0","0","0","11","1","0","00","0","39 58:10.194","","07","76 19:20.897","0","0","0","0","36228","0","0","0","N","0","0","0","4","36503","0","","1","01","N","N","0","","0","0","0","0","0","","1148","0","2","0","0","0","0","0","1","0","2","N","","","","","","","","","","","","03","  ","","",""
"1305","1","0","0","0","0","0","0","0","0","1","0","","36","07","2016","2016071753","7","40.0564","-76.3028","1254","08","0","0","0","0","1","0","0","0","1","0","0","0","12","1","1","00","1","40 03:23.200","3","07","76 18:09.900","8","0","0","0","36101","0","0","0","N","0","0","0","3","36301","0","","1","01","N","N","0","","0","0","1","0","0","N","1243","1","2","0","0","0","1","0","3","0","2","N","","","","","","","","","","","","03","  ","","",""
"2318","3","0","0","0","0","0","0","0","0","1","0","","36","07","2016","2016071860","7","40.04","-76.3462","2307","08","0","0","0","0","0","1","0","0","","0","0","0","23","3","0","00","0","40 02:23.938","","00","76 20:46.158","0","0","0","0","36214","0","0","0","N","0","0","0","1","36214","0","","4","01","N","N","0","","0","0","0","0","0","","2305","0","3","0","0","0","0","0","3","0","3","N","","","","","","","","","","","","03","  ","","",""
"2246","2","0","0","0","0","0","0","0","0","4","0","","36","07","2016","2016071865","6","40.0373","-76.3163","2242","08","0","0","0","0","0","1","0","0","2","0","0","0","22","3","2","01","2","40 02:14.126","3","00","76 18:58.605","3","0","0","0","36301","0","0","0","N","0","0","0","3","36301","0","","1","01","N","N","0","","2","0","1","0","0","Y","2242","2","3","0","0","0","0","0","3","0","3","N","","","","","","","","","","","","03","  ","","",""
"0611","1","0","0","0","0","0","0","0","0","7","0","","36","07","2016","2016071879","1","40.1949","-76.4173","0606","08","0","0","0","0","0","0","0","0","2","0","0","0","06","1","0","00","1","40 11:41.758","5","00","76 25:02.346","0","0","0","0","36230","0","0","0","N","0","0","0","1","36410","0","","5","01","N","N","0","","0","0","0","0","0","N","0606","0","1","0","0","0","0","0","1","0","1","N","","","","","","","","","","","","03","  ","","",""
"1433","1","0","0","0","0","0","0","0","0","1","0","","36","07","2016","2016071889","7","40.1413","-76.5925","1430","08","0","0","0","0","0","1","0","0","","0","0","0","14","1","0","02","0","40 08:28.737","","00","76 35:32.831","0","0","0","0","36237","0","0","0","N","0","0","0","3","36505","0","","1","01","N","N","0","","0","0","1","0","0","","1430","0","2","0","0","0","0","0","1","0","2","N","","","","","","","","","","","","03","  ","","",""
"1645","1","0","0","0","0","0","0","0","0","4","0","","36","07","2016","2016071898","7","40.0436","-76.3137","1640","08","0","0","0","0","0","0","0","0","","0","0","0","16","1","1","01","0","40 02:37.075","","00","76 18:49.266","8","0","0","0","36301","0","0","0","N","0","0","0","2","36301","0","","1","01","N","N","0","","0","0","1","3","2","","1632","1","2","0","0","0","1","0","3","0","2","N","","","","","","","","","","","","03","  ","","",""
"1522","1","0","0","0","0","0","0","0","0","4","0","","36","06","2016","2016071900","6","40.2835","-76.1535","1518","08","0","0","0","0","0","1","0","0","1","0","0","0","15","1","1","01","1","40 17:00.664","2","00","76 09:12.685","4","0","0","0","36236","0","0","0","N","0","0","0","2","36408","1","","1","01","N","N","1","","0","0","0","3","3","N","1518","1","2","0","0","0","0","0","1","0","2","N","","","","","","","","","","","","03","  ","","",""
"1622","3","0","0","0","0","0","0","0","0","1","0","","36","07","2016","2016071904","6","40.0701","-76.3199","1613","08","0","0","0","0","0","0","0","1","2","0","0","0","16","1","1","00","1","40 04:12.500","3","00","76 19:11.611","4","0","0","0","36101","0","0","0","N","0","0","0","6","36101","1","","1","01","N","N","0","","0","0","0","0","0","N","1607","1","3","0","0","0","0","0","3","0","3","N","","","","","","","","","","","","03","  ","","",""
"1725","1","0","0","0","0","0","0","0","0","1","0","","36","07","2016","2016071915","6","40.0693","-76.3287","1721","08","0","0","1","0","0","0","0","0","2","0","0","0","17","1","2","00","1","40 04:09.636","3","00","76 19:43.341","3","0","0","0","36101","0","0","0","N","0","0","0","6","36101","1","","1","01","N","N","0","","1","0","1","0","0","N","1713","2","2","0","0","0","0","0","3","0","2","N","","","","","","","","","","","","03","  ","","",""
"1137","2","0","0","0","0","0","0","0","0","1","0","","36","07","2016","2016071954","1","40.0393","-76.1963","1133","08","0","0","0","0","0","1","0","0","","0","0","0","11","1","0","00","0","40 02:21.490","","00","76 11:46.700","0","0","0","0","36215","0","0","0","N","0","0","0","3","36215","0","","1","01","N","N","0","","0","0","0","0","0","","1131","0","2","0","0","0","0","0","1","0","2","N","","","","","","","","","","","","03","  ","","",""
"1732","1","0","0","0","0","0","0","0","0","7","0","","36","07","2016","2016072106","7","40.1326","-76.347","1723","08","0","0","0","0","0","1","0","0","","0","0","0","17","1","0","01","0","40 07:57.364","","00","76 20:49.148","0","0","0","0","36227","0","0","0","","0","0","0","1","36506","0","","5","01","N","N","0","","0","0","0","3","3","","1723","0","1","0","0","0","0","0","1","0","1","N","","","","","","","","","","","","03","  ","","",""
"0310","0","0","0","0","0","0","0","0","0","7","0","","36","07","2016","2016072136","7","40.1648","-76.1513","0301","08","0","0","0","0","0","0","0","0","","0","0","0","02","2","0","00","0","40 09:53.342","","00","76 09:04.544","0","0","0","0","36218","0","0","0","Y","0","0","0","1","36408","0","","3","01","N","N","0","","0","0","1","0","0","","0255","0","1","0","0","0","0","0","1","0","1","N","","","","","","","","","","","","03","  ","","",""
"1700","1","0","0","0","0","0","0","0","0","1","1","","36","07","2016","2016072162","6","40.0298","-76.2298","1648","08","0","0","0","1","0","0","0","0","1","0","1","0","16","1","1","00","2","40 01:47.136","4","00","76 13:47.151","3","0","0","0","36215","0","0","0","N","0","0","0","2","36215","0","","1","01","N","N","0","","1","0","0","0","0","N","1646","1","2","0","0","0","0","1","1","0","2","N","","","","","","","","","","","","03","  ","","",""
"1350","1","0","0","0","0","0","0","0","0","4","0","","36","07","2016","2016072164","7","40.172","-76.1709","1347","08","0","0","0","0","0","1","1","0","","0","0","0","13","1","1","02","0","40 10:19.280","","00","76 10:15.345","8","0","0","0","36408","0","0","0","N","0","0","0","2","36408","0","","1","01","N","N","0","","0","0","0","3","3","","1345","1","2","0","0","0","1","0","2","1","2","N","","","","","","","","","","","","03","  ","","",""
"0326","1","0","0","0","0","0","0","0","0","7","0","","36","07","2016","2016072194","1","40.0655","-76.2847","0319","08","0","0","0","0","0","0","0","0","3","0","0","0","03","3","1","00","1","40 03:55.715","4","00","76 17:04.882","3","0","0","0","36101","0","0","0","N","0","0","0","1","36101","0","","3","01","N","N","0","","1","0","0","0","0","Y","0316","1","1","0","0","1","0","0","3","0","1","N","","","","","","","","","","","","03","  ","","",""
"1830","0","0","0","0","0","0","0","0","0","7","0","","36","07","2016","2016072208","1","40.1015","-76.4519","1815","08","0","1","0","0","0","0","0","0","","0","0","0","18","1","0","00","0","40 06:05.500","","00","76 27:07.000","0","0","0","0","36230","0","0","0","N","0","0","0","1","36410","0","","5","01","N","N","1","","0","0","0","0","0","","1811","0","1","0","0","0","0","0","1","0","1","N","","","","","","","","","","","","03","  ","","",""
"0020","1","0","0","0","0","0","0","0","0","7","0","","36","07","2016","2016072211","2","40.0541","-76.3717","0017","08","0","0","0","0","0","0","0","0","2","0","0","0","00","2","0","00","1","40 03:14.939","4","00","76 22:18.061","0","0","0","0","36214","0","0","0","Y","0","0","0","5","36214","0","","3","01","N","N","0","","0","0","0","0","0","N","0014","0","1","0","0","0","0","0","3","0","1","N","","","","","","","","","","","","03","  ","","",""
"2035","2","0","0","0","0","0","0","0","0","1","0","","36","07","2016","2016072214","7","40.0404","-76.3083","2032","08","0","0","0","0","0","2","0","0","1","0","0","0","20","4","0","00","1","40 02:25.597","2","00","76 18:29.713","0","0","0","0","36301","0","0","0","N","0","0","0","3","36301","0","","1","01","N","N","0","","0","0","1","0","0","N","2026","0","3","0","0","0","0","0","3","0","3","N","","","","","","","","","","","","03","  ","","",""
"1715","2","0","0","0","0","0","0","0","0","4","0","","36","07","2016","2016072274","3","40.045","-76.2837","1709","08","0","0","0","0","0","0","1","0","1","0","0","0","17","1","0","01","1","40 02:42.261","3","00","76 17:01.349","0","0","0","0","36301","0","0","0","","0","0","0","2","36301","0","","1","01","","","0","","0","0","0","1","2","N","1709","0","2","0","0","0","0","0","3","0","2","N","","","","","","","","","","","","03","  ","","",""
"1647","2","0","0","0","0","0","0","0","0","1","0","","36","07","2016","2016072275","5","40.0688","-76.3295","1634","08","1","0","0","0","0","0","0","0","2","0","0","0","16","1","4","00","1","40 04:07.671","3","00","76 19:46.182","3","0","0","0","36101","0","0","0","N","0","0","0","5","36101","3","","1","01","N","N","0","","1","0","0","0","0","N","1631","4","2","0","0","0","0","0","3","0","2","N","","","","","","","","","","","","03","  ","","",""
"1138","1","0","0","0","0","0","0","0","0","2","0","","36","07","2016","2016072300","5","40.0356","-76.5042","1136","08","0","0","0","0","0","0","0","0","","0","0","0","11","1","0","00","0","40 02:08.300","","00","76 30:15.100","0","0","0","0","36404","0","0","0","N","0","0","0","2","36404","0","","1","01","N","N","0","","0","0","1","0","0","","1135","0","2","0","0","0","0","0","3","0","2","N","","","","","","","","","","","","03","  ","","",""
"2313","1","0","0","0","0","0","0","0","0","7","0","","36","07","2016","2016072401","3","40.0056","-76.1028","2308","08","0","0","0","1","0","0","0","0","","0","0","0","23","2","0","00","0","40 00:19.980","","00","76 06:09.960","0","0","0","0","36226","0","0","0","","0","0","0","1","68J01","0","","4","01","N","N","0","","0","0","0","0","0","","2306","0","1","0","0","0","0","0","1","0","1","N","","","","","","","","","","","","03","  ","","",""
"1741","1","0","0","0","0","0","0","0","0","1","0","","36","07","2016","2016072420","2","40.0639","-76.2824","1732","08","0","0","0","0","0","0","0","0","","0","0","0","17","1","0","00","0","40 03:50.139","","00","76 16:56.582","0","0","0","0","36101","0","0","0","N","0","0","0","2","36101","0","","1","01","N","N","0","","0","0","1","0","0","","1728","0","2","0","0","0","0","0","3","0","2","N","","","","","","","","","","","","03","  ","","",""
"0011","0","0","0","0","0","0","0","0","0","6","0","","36","07","2016","2016072424","2","40.0899","-76.398","0008","08","0","0","0","0","0","0","1","0","","0","0","0","00","2","0","00","0","40 05:23.670","","00","76 23:52.910","0","0","0","0","36214","0","0","0","","0","0","0","1","36214","0","","6","01","N","N","0","","0","0","1","0","0","","0005","0","2","0","0","0","0","0","3","1","2","N","","","","","","","","","","","","03","  ","","",""
"0446","1","0","0","0","0","0","0","0","0","7","0","","36","07","2016","2016072425","1","40.0525","-76.3799","0438","08","0","0","0","0","0","0","0","0","2","0","0","0","04","2","1","00","1","40 03:09.132","3","00","76 22:47.801","3","0","0","0","36214","0","0","0","","0","0","0","1","36214","0","","5","01","N","N","0","","1","0","0","0","0","N","0435","1","1","0","0","0","0","0","3","0","1","N","","","","","","","","","","","","03","  ","","",""
"1652","0","0","0","0","0","0","0","0","0","4","0","","36","07","2016","2016072466","4","40.2232","-76.2775","1607","08","0","0","0","1","0","1","0","0","","0","0","0","16","1","1","00","0","40 13:23.697","","00","76 16:38.865","3","0","0","0","36217","0","0","0","","0","0","0","2","68J01","0","","1","09","N","N","1","","1","0","0","0","0","","1606","1","2","0","0","0","0","0","1","0","2","N","","","","","","","","","","","","03","  ","","",""
"2152","2","0","0","0","0","0","0","0","0","4","0","","36","07","2016","2016072483","7","40.2415","-76.3367","2130","08","0","0","0","1","0","1","0","0","","0","0","0","21","2","0","02","0","40 14:29.263","","00","76 20:12.187","0","0","0","0","36217","0","0","0","","0","0","0","4","68J01","0","","1","01","N","N","0","","0","0","0","3","3","","2130","0","2","0","0","0","0","0","1","0","2","N","","","","","","","","","","","","03","  ","","",""
"1953","3","0","0","0","0","0","0","0","0","4","0","","36","07","2016","2016072488","1","40.0695","-76.3076","1952","08","0","0","0","0","0","1","0","1","2","0","0","0","19","1","3","05","2","40 04:10.082","1","00","76 18:27.453","3","0","0","0","36101","0","0","0","N","0","0","0","4","36101","2","","1","01","N","N","0","","1","0","0","3","2","Y","1951","3","3","0","0","0","0","0","3","0","3","N","","","","","","","","","","","","03","  ","","",""
"1733","1","0","0","0","0","0","0","0","0","1","0","","36","07","2016","2016072494","2","40.1141","-76.0328","1732","08","0","0","1","0","0","0","0","0","","0","0","0","17","1","0","02","0","40 06:50.713","","00","76 01:58.030","0","0","0","0","36213","0","0","0","N","0","0","0","4","36213","0","","1","01","N","N","0","","0","0","1","0","0","","1726","0","2","0","0","0","0","0","1","0","2","N","","","","","","","","","","","","03","  ","","",""
"1206","1","0","0","0","0","0","0","0","0","1","0","","36","07","2016","2016072501","6","40.0331","-76.2456","1156","08","0","0","0","0","0","0","0","1","","0","0","0","11","1","0","00","0","40 01:59.333","","00","76 14:44.256","9","0","0","0","36215","0","0","0","N","0","0","0","2","36215","0","","1","01","N","N","0","","0","0","1","0","0","","1145","0","2","0","0","0","0","1","1","0","2","N","","","","","","","","","","","","03","  ","","",""
"1454","1","0","0","0","0","0","0","0","0","4","0","","36","07","2016","2016072521","6","40.0846","-76.2206","1453","08","0","0","0","0","0","1","1","0","","0","0","0","14","1","1","02","0","40 05:04.637","","00","76 13:14.193","4","0","0","0","36234","0","0","0","N","0","0","0","3","36215","1","","1","01","N","N","0","","0","0","0","3","3","","1450","1","2","0","0","0","0","0","1","1","2","N","","","","","","","","","","","","03","  ","","",""
"1703","0","0","0","0","0","0","0","0","0","7","0","","36","07","2016","2016072674","2","40.1163","-76.3617","1654","08","0","0","0","0","0","1","0","0","","0","0","0","16","1","1","03","0","40 06:58.599","","00","76 21:42.204","4","0","0","0","36214","0","0","0","N","0","0","0","1","36214","1","","5","01","N","N","0","","0","0","1","0","0","","1650","1","1","0","0","0","0","0","3","0","1","N","","","","","","","","","","","","03","  ","","",""
"0710","2","0","0","0","0","0","0","0","0","4","0","","36","07","2016","2016072702","3","40.178","-76.1694","0705","08","0","0","0","0","0","1","0","0","","0","0","0","07","1","0","02","0","40 10:40.782","","00","76 10:09.771","0","0","0","0","36408","0","0","0","N","0","0","0","2","36408","0","","1","01","N","N","0","","0","0","0","3","3","","0703","0","2","0","0","0","0","0","2","0","2","N","","","","","","","","","","","","03","  ","","",""
"1416","1","0","0","0","0","0","0","0","0","1","0","","36","07","2016","2016072791","3","40.0384","-76.3551","1355","08","0","0","0","0","0","0","1","0","","0","0","0","13","1","0","02","0","40 02:18.083","","00","76 21:18.531","0","0","0","0","36223","0","0","0","N","0","0","0","2","36214","0","","1","01","N","N","0","","0","0","1","0","0","","1348","0","2","0","0","0","0","0","1","0","2","N","","","","","","","","","","","","03","  ","","",""
"1512","1","0","0","0","0","0","0","0","0","0","0","","36","07","2016","2016072795","6","40.2152","-76.4322","1504","08","0","0","0","1","0","0","0","0","2","0","0","0","99","1","0","00","1","40 12:54.730","2","00","76 25:55.780","0","0","0","0","36230","0","0","0","N","0","0","0","1","36410","0","","4","09","N","N","0","","0","0","0","0","0","Y","9999","0","1","0","0","0","0","0","1","0","1","N","","","","","","","","","","","","07","  ","","",""
"1626","1","0","0","0","0","0","0","0","0","4","0","","36","07","2016","2016072808","3","40.0685","-76.3074","1623","08","0","0","0","0","0","0","1","1","","0","0","0","16","1","0","01","0","40 04:06.605","","00","76 18:27.559","0","0","0","0","36101","0","0","0","N","0","0","0","2","36101","0","","1","01","N","N","1","","0","0","0","3","2","","1615","0","2","0","0","0","0","0","3","0","2","N","","","","","","","","","","","","03","  ","","",""
"1740","1","0","0","0","0","0","0","0","0","1","0","","36","07","2016","2016072816","2","40.1183","-76.0479","1739","08","0","0","0","0","0","0","0","0","","0","0","0","17","1","0","01","0","40 07:05.968","","00","76 02:52.589","0","0","0","0","36213","0","0","0","N","0","0","0","2","36213","0","","1","01","N","N","1","","0","0","0","0","0","","1738","0","2","0","0","0","0","0","1","0","2","N","","","","","","","","","","","","03","  ","","",""
"1918","1","0","0","0","0","0","0","0","0","1","0","","36","07","2016","2016072873","1","40.0326","-76.4061","1916","08","1","0","0","0","1","0","0","0","2","0","0","0","19","1","0","00","1","40 01:57.237","4","00","76 24:21.937","0","0","0","0","36223","0","0","0","","0","0","0","4","36223","0","","1","01","N","N","0","","0","0","2","0","0","N","1914","0","3","0","0","0","0","0","1","0","3","N","","","","","","","","","","","","03","  ","","",""
"1441","1","0","0","0","0","0","0","0","0","7","0","","36","07","2016","2016072874","4","40.0153","-76.4861","1441","08","0","0","0","0","0","0","0","0","2","0","0","0","14","1","0","00","1","40 00:55.106","2","00","76 29:09.785","0","0","0","0","36223","0","0","0","","0","0","0","1","36223","0","","5","01","N","N","0","","0","0","0","0","0","N","1441","0","1","0","0","0","0","0","1","0","1","N","","","","","","","","","","","","03","  ","","",""
"1225","1","0","0","0","0","0","0","0","0","7","0","","36","07","2016","2016072965","4","40.1944","-76.0174","1221","08","0","0","0","0","0","1","0","0","1","0","0","0","12","1","0","00","1","40 11:39.866","1","00","76 01:02.527","0","0","0","0","36202","0","0","0","","0","0","0","1","68J01","0","","4","01","N","N","0","","0","0","0","0","0","N","1221","0","1","0","0","0","0","0","1","0","1","N","","","","","","","","","","","","03","  ","","",""
"1737","0","0","0","0","0","0","0","0","0","4","0","","36","07","2016","2016073033","2","40.1139","-76.3862","1733","08","0","0","0","0","0","0","0","0","1","0","0","0","17","1","0","01","1","40 06:49.942","2","00","76 23:10.399","0","0","0","0","36214","0","0","0","N","0","0","0","3","36214","0","","1","01","N","N","1","","0","0","1","3","3","N","1730","0","2","0","0","0","0","0","3","0","2","N","","","","","","","","","","","","03","  ","","",""
"2200","0","0","1","0","0","0","0","0","0","7","0","","36","07","2016","2016073052","6","40.1756","-76.5476","2156","08","0","0","0","0","0","0","0","0","4","0","0","0","21","2","1","00","2","40 10:32.022","6","00","76 32:51.531","2","0","0","0","36225","0","0","0","N","0","0","0","1","36505","0","","4","01","N","N","0","","0","1","0","0","0","Y","2140","1","1","0","0","0","0","0","2","1","1","N","","","","","","","","","","","","03","  ","","",""
"1120","1","0","0","0","0","0","0","0","0","1","0","","36","07","2016","2016073237","4","40.1335","-76.5707","1115","08","0","0","0","0","0","0","0","1","2","0","0","0","11","1","0","00","1","40 08:00.496","6","00","76 34:14.606","0","0","0","0","36225","0","0","0","N","0","0","0","3","36505","0","","1","01","N","N","0","","0","0","1","0","0","N","1110","0","2","0","0","0","0","0","2","0","2","N","","","","","","","","","","","","03","  ","","",""
"1149","1","0","0","0","0","0","0","0","0","8","0","","36","07","2016","2016073238","4","40.0382","-76.3036","1141","08","0","0","0","0","0","0","0","0","","0","0","0","11","1","1","01","0","40 02:17.489","","00","76 18:12.922","8","0","0","0","36301","1","0","0","N","1","0","0","2","36301","0","","1","01","N","N","0","","0","0","0","3","2","","1141","1","2","0","0","0","1","0","3","0","1","N","","","","","","","","","","","","03","  ","","",""
"1616","1","0","0","0","0","0","0","0","0","6","0","","36","07","2016","2016073301","4","39.9811","-76.3177","1616","08","0","0","1","0","0","1","0","0","1","0","1","0","14","1","0","01","1","39 58:51.844","6","00","76 19:03.584","0","0","0","0","36228","0","0","0","N","0","0","0","3","36503","0","","1","01","N","N","0","","0","0","0","3","2","N","1416","0","3","0","0","0","0","0","1","0","2","N","","","","","","","","","","","","03","  ","","",""
"1837","1","0","0","1","0","0","0","0","0","4","0","","36","07","2016","2016073320","4","40.1788","-76.1819","1835","08","0","0","0","0","0","1","0","0","1","0","0","0","18","1","1","00","1","40 10:43.700","6","00","76 10:55.000","8","0","0","0","36408","1","0","0","N","0","0","0","2","36408","0","","1","01","N","N","0","","0","0","0","0","0","N","1834","1","2","0","0","0","1","0","2","0","1","N","","","","","","","","","","","","03","  ","","",""
"2337","3","0","0","0","0","0","0","0","0","5","0","","36","07","2016","2016073329","7","40.1569","-76.3053","2335","08","0","0","0","0","0","0","0","0","2","0","0","0","99","3","1","00","2","40 09:24.828","6","00","76 18:19.146","8","0","0","0","36409","0","0","0","N","0","0","0","1","36409","0","","6","01","N","N","0","","0","0","0","0","0","Y","9999","1","3","0","0","0","1","0","3","0","3","N","","","","","","","","","","","","03","  ","","",""
"1926","1","0","0","0","0","0","0","0","0","1","0","","36","07","2016","2016073351","4","40.0819","-76.351","1841","08","0","0","0","0","0","1","0","0","","0","0","0","18","1","0","01","0","40 04:54.975","","00","76 21:03.454","0","0","0","0","36214","0","0","0","N","0","0","0","2","36214","0","","1","01","N","N","0","","0","0","1","3","2","","1838","0","2","0","0","0","0","0","3","0","2","N","","","","","","","","","","","","03","  ","","",""
"1242","2","0","0","0","0","0","0","0","0","1","0","","36","06","2016","2016073369","3","40.1094","-76.484","1241","08","1","0","0","0","0","0","0","0","","0","0","0","12","1","0","00","0","40 06:33.856","","00","76 29:02.496","0","0","0","0","36413","0","0","0","N","0","0","0","2","36413","0","","1","01","N","N","0","","0","0","0","0","0","","1240","0","2","0","0","0","0","0","2","0","2","N","","","","","","","","","","","","03","  ","","",""
"0649","1","0","0","0","0","0","0","0","0","2","0","","36","05","2016","2016073382","2","39.9315","-75.9816","0625","08","0","0","0","0","0","0","0","0","","0","0","0","06","1","1","00","0","39 55:53.330","","03","75 58:53.780","3","0","0","0","36231","0","0","0","","0","0","0","3","68J01","0","","1","01","N","N","0","","1","0","1","3","4","","0619","1","2","0","0","1","0","0","1","0","2","N","","","","","","","","","","","","03","  ","","",""
"1058","0","0","0","0","0","0","0","0","0","5","0","","36","07","2016","2016073513","4","40.1332","-76.5698","1051","08","0","0","0","0","0","0","3","0","3","0","0","0","10","1","2","00","2","40 07:59.467","4","00","76 34:11.418","2","0","1","2","36225","0","0","0","N","0","0","0","4","36505","0","","1","01","N","N","0","","1","1","1","0","0","N","1048","2","3","0","0","0","0","0","2","0","3","N","","","","","","","","","","","","03","  ","","",""
"1152","0","0","0","1","0","0","0","0","0","4","0","35","36","07","2016","2016073515","4","40.1867","-76.6023","1145","08","0","0","0","0","0","0","0","0","2","0","0","0","11","1","2","00","1","40 11:12.291","5","07","76 36:08.398","4","0","0","0","36225","2","0","0","N","0","0","0","3","36505","2","","1","01","N","N","0","","0","0","1","0","0","N","1145","2","2","0","0","0","0","0","2","0","1","Y","4","1","Y","","","N","","","Y","","","03","  ","","",""