"ARRIVAL_TM","AUTOMOBILE_COUNT","BELTED_DEATH_COUNT","BELTED_SUSP_SERIOUS_INJ_COUNT","BICYCLE_COUNT","BICYCLE_DEATH_COUNT","BICYCLE_SUSP_SERIOUS_INJ_COUNT","BUS_COUNT","CHLDPAS_DEATH_COUNT","CHLDPAS_SUSP_SERIOUS_INJ_COUNT","COLLISION_TYPE","COMM_VEH_COUNT","CONS_ZONE_SPD_LIM","COUNTY","CRASH_MONTH","CRASH_YEAR","CRN","DAY_OF_WEEK","DEC_LAT","DEC_LONG","DISPATCH_TM","DISTRICT","DRIVER_COUNT_16YR","DRIVER_COUNT_17YR","DRIVER_COUNT_18YR","DRIVER_COUNT_19YR","DRIVER_COUNT_20YR","DRIVER_COUNT_50_64YR","DRIVER_COUNT_65_74YR","DRIVER_COUNT_75PLUS","EST_HRS_CLOSED","FATAL_COUNT","HEAVY_TRUCK_COUNT","HORSE_BUGGY_COUNT","HOUR_OF_DAY","ILLUMINATION","INJURY_COUNT","INTERSECT_TYPE","LANE_CLOSED","LATITUDE","LN_CLOSE_DIR","LOCATION_TYPE","LONGITUDE","MAX_SEVERITY_LEVEL","MCYCLE_DEATH_COUNT","MCYCLE_SUSP_SERIOUS_INJ_COUNT","MOTORCYCLE_COUNT","MUNICIPALITY","NONMOTR_COUNT","NONMOTR_DEATH_COUNT","NONMOTR_SUSP_SERIOUS_INJ_COUNT","NTFY_HIWY_MAINT","PED_COUNT","PED_DEATH_COUNT","PED_SUSP_SERIOUS_INJ_COUNT","PERSON_COUNT","POLICE_AGCY","POSSIBLE_INJ_COUNT","RDWY_SURF_TYPE_CD","RELATION_TO_ROAD","ROAD_CONDITION","SCH_BUS_IND","SCH_ZONE_IND","SMALL_TRUCK_COUNT","SPEC_JURIS_CD","SUSP_MINOR_INJ_COUNT","SUSP_SERIOUS_INJ_COUNT","SUV_COUNT","TCD_FUNC_CD","TCD_TYPE","TFC_DETOUR_IND","TIME_OF_DAY","TOT_INJ_COUNT","TOTAL_UNITS","UNB_DEATH_COUNT","UNB_SUSP_SERIOUS_INJ_COUNT","UNBELTED_OCC_COUNT","UNK_INJ_DEG_COUNT","UNK_INJ_PER_COUNT","URBAN_RURAL","VAN_COUNT","VEHICLE_COUNT","WORK_ZONE_IND","WORK_ZONE_LOC","WORK_ZONE_TYPE","WORKERS_PRES","WZ_CLOSE_DETOUR","WZ_FLAGGER","WZ_LAW_OFFCR_IND","WZ_LN_CLOSURE","WZ_MOVING","WZ_OTHER","WZ_SHLDER_MDN","ROADWAY_CLEARED","WEATHER1","WEATHER2","WZ_WORKERS_INJ_KILLED","SECONDARY_CRASH","INTERSECTION_RELATED"
"1058","0","0","0","0","0","0","0","0","0","1","0","","36","07","2016","2016073528","4","40.1332","-76.5698","1051","08","0","0","0","0","0","0","1","0","3","0","0","0","10","1","1","00","2","40 07:59.398","4","00","76 34:11.204","3","0","0","2","36225","0","0","0","N","0","0","0","1","36505","0","","1","01","N","N","0","","1","0","0","0","0","N","1048","1","2","0","0","0","0","0","2","0","2","N","","","","","","","","","","","","03","  ","","",""
"0943","1","0","0","0","0","0","0","0","0","7","0","","36","07","2016","2016073529","4","40.0444","-76.4908","0937","08","0","0","1","0","0","0","0","0","","0","0","0","09","1","0","00","0","40 02:39.991","","00","76 29:26.865","0","0","0","0","36404","0","0","0","N","0","0","0","1","36404","0","","3","01","N","N","0","","0","0","0","0","0","","0937","0","1","0","0","0","0","0","3","0","1","N","","","","","","","","","","","","03","  ","","",""
"1624","2","0","0","0","0","0","0","0","0","1","0","","36","07","2016","2016073533","4","40.04","-76.2269","1621","08","0","0","0","0","0","0","0","2","","0","0","0","16","1","0","00","0","40 02:23.834","","00","76 13:36.930","0","0","0","0","36215","0","0","0","N","0","0","0","5","36215","0","","1","01","N","N","1","","0","0","1","0","0","","1619","0","4","0","0","2","0","0","1","0","4","N","","","","","","","","","","","","03","  ","","",""
"1705","0","0","0","0","0","0","0","0","0","1","0","","36","07","2016","2016073540","4","40.1406","-76.5911","1702","08","0","0","0","0","0","0","0","0","2","0","0","0","16","1","0","00","2","40 08:26.285","4","00","76 35:28.024","0","0","0","0","36225","0","0","0","N","0","0","0","2","36505","0","","1","01","N","N","1","","0","0","1","0","0","N","1658","0","2","0","0","0","0","0","2","0","2","N","","","","","","","","","","","","03","  ","","",""
"1706","0","0","0","0","0","0","0","0","0","0","0","","36","07","2016","2016073547","4","40.0906","-76.1387","1656","08","0","0","0","0","0","0","0","0","2","0","0","0","16","1","1","00","2","40 05:26.152","5","00","76 08:19.207","4","0","0","1","36234","0","0","0","N","0","0","0","1","36215","1","","1","01","N","N","0","","0","0","0","3","6","Y","1654","1","1","0","0","0","0","0","1","0","1","N","","","","","","","","","","","","03","  ","","",""
"1652","1","0","0","0","0","0","0","0","0","7","0","","36","07","2016","2016073552","4","40.1375","-76.5832","1648","08","0","0","0","0","0","0","0","0","","0","0","0","16","1","0","01","0","40 08:14.961","","00","76 34:59.448","0","0","0","0","36225","0","0","0","N","0","0","0","0","36505","0","","2","01","N","N","0","","0","0","0","3","2","","1648","0","1","0","0","0","0","0","2","0","1","N","","","","","","","","","","","","03","  ","","",""
"1622","1","0","0","0","0","0","0","0","0","1","0","","36","07","2016","2016073560","1","40.1179","-76.3057","1618","08","0","0","0","0","0","1","0","0","2","0","0","0","16","1","2","00","1","40 07:04.333","1","00","76 18:20.594","3","0","0","0","36101","0","0","0","N","0","0","0","4","36101","0","","1","01","N","N","0","","2","0","2","0","0","N","1616","2","3","0","0","0","0","0","3","0","3","N","","","","","","","","","","","","03","  ","","",""
"1417","0","0","0","0","0","0","0","0","0","4","0","","36","07","2016","2016073598","5","40.0444","-76.2902","1409","08","0","0","0","0","0","2","0","0","2","0","0","0","14","1","0","01","1","40 02:39.753","4","00","76 17:24.593","9","0","0","0","36301","0","0","0","N","0","0","0","3","36301","0","","1","01","N","N","0","","0","0","2","3","3","N","1404","0","2","0","0","0","0","1","3","0","2","N","","","","","","","","","","","","03","  ","","",""
"1715","2","0","0","0","0","0","0","0","0","4","0","","36","06","2016","2016073600","5","40.0326","-76.3208","1709","08","0","0","0","0","1","0","0","0","1","0","0","0","17","1","1","05","1","40 01:57.295","2","00","76 19:14.973","4","0","0","0","36301","0","0","0","N","0","0","0","3","36301","1","","1","01","N","N","0","","0","0","0","3","3","N","1709","1","2","0","0","0","0","0","3","0","2","N","","","","","","","","","","","","03","  ","","",""
"1508","0","0","0","0","0","0","0","0","0","4","0","","36","07","2016","2016073603","5","40.0657","-76.3483","1506","08","0","0","0","0","0","0","0","1","2","0","0","0","15","1","1","01","2","40 03:56.450","1","00","76 20:53.986","4","0","0","0","36214","0","0","0","N","0","0","0","3","36214","1","","1","01","N","N","0","","0","0","1","0","0","N","1505","1","2","0","0","0","0","0","3","1","2","N","","","","","","","","","","","","03","  ","","",""
"1628","1","0","0","0","0","0","0","0","0","1","0","","36","07","2016","2016073620","5","40.0521","-76.3606","1626","08","0","0","0","0","0","0","0","0","","0","0","0","16","1","0","00","0","40 03:07.436","","00","76 21:38.192","0","0","0","0","36214","0","0","0","N","0","0","0","3","36214","0","","1","01","N","N","0","","0","0","1","0","0","","1624","0","2","0","0","0","0","0","3","0","2","N","","","","","","","","","","","","03","  ","","",""
"1918","1","0","0","0","0","0","0","0","0","4","0","","36","05","2016","2016073644","1","39.9165","-76.1879","1914","08","0","0","0","0","0","1","0","0","","0","0","0","19","1","2","02","0","39 54:59.289","","00","76 11:16.582","3","0","0","0","36229","0","0","0","","0","0","0","5","68J01","0","","1","09","N","N","1","","2","0","1","3","3","","1914","2","3","0","0","0","0","0","1","0","3","N","","","","","","","","","","","","07","  ","","",""
"1649","1","0","0","0","0","0","0","0","0","7","0","","36","07","2016","2016073667","7","39.843","-76.1561","1620","08","0","0","0","0","1","0","0","0","2","0","0","0","16","1","1","00","1","39 50:34.691","1","00","76 09:21.792","3","0","0","0","36212","0","0","0","","0","0","0","1","68J01","0","","4","01","N","N","0","","1","0","0","0","0","N","1620","1","1","0","0","0","0","0","1","0","1","N","","","","","","","","","","","","03","  ","","",""
"1724","1","0","0","0","0","0","0","0","0","7","0","","36","07","2016","2016073668","7","39.8843","-76.2006","1719","08","0","1","0","0","0","0","0","0","1","0","0","0","17","1","0","00","1","39 53:03.605","3","00","76 12:02.215","0","0","0","0","36212","0","0","0","","0","0","0","1","68J01","0","","4","09","N","N","0","","0","0","0","0","0","N","1713","0","1","0","0","0","0","0","1","0","1","N","","","","","","","","","","","","07","  ","","",""
"1544","2","0","0","0","0","0","0","0","0","1","0","","36","07","2016","2016073674","2","39.8912","-76.2387","1520","08","0","0","0","0","0","0","0","0","","0","0","0","15","1","0","00","0","39 53:28.356","","00","76 14:19.355","0","0","0","0","36229","0","0","0","","0","0","0","2","68J01","0","","1","01","N","N","0","","0","0","0","0","0","","1506","0","2","0","0","0","0","0","1","0","2","N","","","","","","","","","","","","03","  ","","",""
"2254","0","0","0","0","0","0","0","0","0","7","0","","36","07","2016","2016073676","2","40.174","-75.9833","2235","08","0","0","0","0","1","0","0","0","","0","0","0","22","2","0","00","0","40 10:27.280","","00","75 59:01.206","0","0","0","0","36202","0","0","0","","0","0","0","1","68T06","0","","4","09","N","N","0","","0","0","1","0","0","","2230","0","1","0","0","0","0","0","1","0","1","N","","","","","","","","","","","","07","  ","","",""
"1456","1","0","0","0","0","0","0","0","0","9","1","","36","07","2016","2016073716","2","40.2296","-76.4338","1438","08","0","0","0","0","0","1","0","0","1","0","1","0","14","1","1","00","1","40 13:46.631","3","00","76 25:58.971","8","0","0","0","36230","0","0","0","","0","0","0","2","68T06","0","","1","01","N","N","0","","0","0","0","0","0","N","1437","1","2","0","0","0","1","0","1","0","2","N","","","","","","","","","","","","03","  ","","",""
"1217","0","0","0","0","0","0","0","0","0","0","0","","36","07","2016","2016073749","1","40.2269","-76.4237","1202","08","0","0","0","0","0","1","0","0","3","0","0","0","12","1","0","00","1","40 13:37.092","4","00","76 25:25.515","0","0","0","0","36227","0","0","0","","0","0","0","2","68T06","0","","1","01","N","N","1","","0","0","0","0","0","N","1200","0","1","0","0","0","0","0","1","0","1","N","","","","","","","","","","","","03","  ","","",""
"1532","3","0","0","0","0","0","0","0","0","1","0","","36","07","2016","2016073763","5","39.9801","-76.3116","1524","08","0","0","0","0","0","0","1","0","","0","0","0","15","1","0","00","0","39 58:48.427","","00","76 18:41.744","0","0","0","0","36228","0","0","0","N","0","0","0","3","36503","0","","1","01","N","N","0","","0","0","0","0","0","","1524","0","3","0","0","0","0","0","1","0","3","N","","","","","","","","","","","","03","  ","","",""
"1745","2","0","0","0","0","0","0","0","0","4","0","","36","07","2016","2016073786","5","40.2123","-76.0821","1741","08","0","0","0","0","0","0","0","0","","0","0","0","17","1","0","02","0","40 12:44.155","","07","76 04:55.577","0","0","0","0","36210","0","0","0","N","0","0","0","4","36210","0","","1","01","N","N","0","","0","0","0","3","3","","1737","0","2","0","0","0","0","0","1","0","2","N","","","","","","","","","","","","03","  ","","",""
"0018","0","0","0","0","0","0","0","0","0","7","0","","36","07","2016","2016073807","6","40.0431","-76.3284","0016","08","0","0","0","0","0","0","0","0","","0","0","0","00","3","0","01","0","40 02:35.307","","00","76 19:42.329","0","0","0","0","36220","0","0","0","N","0","0","0","1","36101","0","","4","01","N","N","0","","0","0","1","3","2","","0015","0","1","0","0","0","0","0","3","0","1","N","","","","","","","","","","","","03","  ","","",""
"0303","3","0","0","0","0","0","0","0","0","5","0","","36","07","2016","2016073812","7","40.0377","-76.3179","0301","08","0","0","0","0","0","0","0","0","","0","0","0","02","3","1","00","0","40 02:15.735","","00","76 19:04.598","3","0","0","0","36301","0","0","0","N","0","0","0","1","36301","0","","6","01","N","N","0","","1","0","0","0","0","","0259","1","3","0","0","0","0","0","3","0","3","N","","","","","","","","","","","","03","  ","","",""
"2218","1","0","0","0","0","0","0","0","0","4","0","","36","07","2016","2016073813","5","40.1519","-76.5923","2203","08","0","0","0","0","0","1","0","0","2","0","0","0","22","3","0","00","1","40 09:06.700","4","07","76 35:32.400","0","0","0","0","36407","0","0","0","N","0","0","0","3","36407","0","","1","01","N","N","0","","0","0","1","0","0","N","2200","0","2","0","0","0","0","0","2","0","2","N","","","","","","","","","","","","03","  ","","",""
"2357","1","0","0","0","0","0","0","0","0","7","0","","36","07","2016","2016073816","6","40.1052","-76.2386","2350","08","0","0","0","0","0","0","0","0","","0","0","0","23","2","1","00","0","40 06:18.616","","00","76 14:19.043","4","0","0","0","36101","0","0","0","N","0","0","0","1","36101","1","","5","01","N","N","0","","0","0","0","0","0","","2348","1","1","0","0","0","0","0","3","0","1","N","","","","","","","","","","","","03","  ","","",""
"1702","1","0","0","0","0","0","0","0","0","4","0","","36","07","2016","2016073859","7","40.0695","-76.3076","1702","08","0","0","0","1","0","0","0","0","","0","0","0","17","1","0","01","0","40 04:10.226","","00","76 18:28.241","0","0","0","0","36101","0","0","0","","0","0","0","2","68J01","0","","1","01","N","N","1","","0","0","0","3","2","","1700","0","2","0","0","0","0","0","3","0","2","N","","","","","","","","","","","","03","  ","","",""
"1439","1","0","0","0","0","0","0","0","0","4","0","","36","07","2016","2016073890","5","40.012","-76.2263","1435","08","0","0","0","0","0","1","1","0","","0","0","0","14","1","0","01","0","40 00:43.379","","00","76 13:34.666","0","0","0","0","36240","0","0","0","N","0","0","0","6","36240","0","","1","01","N","N","0","","0","0","1","3","3","","1431","0","2","0","0","1","0","0","1","0","2","N","","","","","","","","","","","","03","  ","","",""
"1924","1","0","0","0","0","0","0","0","0","4","0","","36","07","2016","2016073927","4","40.1499","-76.3816","1919","08","0","0","0","0","0","0","0","0","","0","0","0","19","1","2","01","0","40 08:59.807","","00","76 22:53.789","8","0","0","0","36227","0","0","0","","0","0","0","3","36506","0","","1","01","N","N","0","","0","0","1","3","2","","1916","2","2","0","0","0","2","0","1","0","2","N","","","","","","","","","","","","03","  ","","",""
"1751","1","0","0","0","0","0","0","0","0","7","0","","36","07","2016","2016073928","5","40.1903","-76.3583","1742","08","0","0","0","0","0","0","1","0","","0","0","0","17","1","1","00","0","40 11:24.900","","00","76 21:29.900","8","0","0","0","36227","0","0","0","","0","0","0","1","36506","0","","4","01","N","N","0","","0","0","0","0","0","","1742","1","1","0","0","0","1","0","1","0","1","N","","","","","","","","","","","","03","  ","","",""
"0859","3","0","0","0","0","0","0","0","0","2","0","","36","07","2016","2016073942","6","40.0407","-76.497","0857","08","0","0","1","0","0","0","0","0","","0","0","0","08","1","0","00","0","40 02:26.600","","00","76 29:49.300","0","0","0","0","36404","0","0","0","N","0","0","0","1","36404","0","","6","01","N","N","0","","0","0","0","0","0","","0854","0","3","0","0","0","0","0","3","0","3","N","","","","","","","","","","","","03","  ","","",""
"2231","2","0","0","0","0","0","0","0","0","2","0","","36","07","2016","2016073944","2","40.1817","-76.1837","2226","08","0","0","1","0","0","0","0","0","","0","0","0","22","3","1","00","0","40 10:54.228","","03","76 11:01.186","4","0","0","0","36408","0","0","0","N","0","0","0","3","36408","1","","1","09","N","N","0","","0","0","0","0","0","","2224","1","2","0","0","0","0","0","2","0","2","N","","","","","","","","","","","","07","  ","","",""
"1247","1","0","0","1","0","0","0","0","0","5","0","","36","07","2016","2016073949","6","40.0954","-76.2732","1242","08","0","0","0","0","0","0","0","0","","0","0","0","12","1","1","00","0","40 05:43.366","","00","76 16:23.552","4","0","0","0","36101","1","0","0","N","0","0","0","2","36101","1","","1","01","N","N","0","","0","0","0","0","0","","1236","1","2","0","0","0","0","0","3","0","1","N","","","","","","","","","","","","03","  ","","",""
"1819","0","0","0","0","0","0","0","0","0","0","0","","36","05","2016","2016073967","4","40.0781","-76.5373","1816","08","0","0","0","0","0","0","0","0","2","0","0","0","18","1","2","00","2","40 04:41.083","5","00","76 32:14.258","2","0","2","1","36211","0","0","0","N","0","0","0","2","36504","0","","4","01","N","N","0","","0","2","0","0","0","Y","1815","2","1","0","0","0","0","0","1","0","1","N","","","","","","","","","","","","03","  ","","",""
"1712","1","0","0","0","0","0","0","0","0","1","0","","36","07","2016","2016073992","6","40.069","-76.3082","1702","08","0","0","0","0","0","1","0","0","","0","0","0","16","1","0","00","0","40 04:08.488","","00","76 18:29.515","0","0","0","0","36101","0","0","0","N","0","0","0","2","36101","0","","1","01","N","N","1","","0","0","0","0","0","","1654","0","2","0","0","0","0","0","3","0","2","N","","","","","","","","","","","","03","  ","","",""
"0836","1","0","0","0","0","0","0","0","0","1","1","","36","07","2016","2016074002","4","40.1663","-76.3081","0834","08","0","0","0","0","0","1","0","0","","0","1","0","08","1","1","10","0","40 09:58.611","","00","76 18:29.129","4","0","0","0","36235","0","0","0","","0","0","0","2","36506","1","","1","01","N","N","0","","0","0","0","0","0","","0834","1","2","0","0","0","0","0","1","0","2","N","","","","","","","","","","","","03","  ","","",""
"1816","0","0","0","0","0","0","0","0","0","7","0","","36","04","2016","2016074057","3","39.9895","-76.408","1807","08","0","0","0","0","0","0","0","0","","0","0","0","18","1","1","00","0","39 59:22.361","","00","76 24:28.941","3","0","0","1","36223","0","0","0","","0","0","0","1","36223","0","","4","01","N","N","0","","1","0","0","0","0","","1806","1","1","0","0","0","0","0","1","0","1","N","","","","","","","","","","","","03","  ","","",""
"2143","1","0","0","0","0","0","0","0","0","6","0","","36","04","2016","2016074058","6","40.009","-76.4293","2141","08","0","0","0","0","0","1","0","0","3","0","0","0","21","2","2","01","2","40 00:32.544","5","00","76 25:45.623","8","0","0","0","36223","0","0","0","","0","0","0","2","36223","0","","1","09","N","N","0","","0","0","1","0","0","Y","2139","2","2","0","0","0","2","0","1","0","2","N","","","","","","","","","","","","98","  ","","",""
"1705","0","0","0","0","0","0","0","0","0","7","0","","36","07","2016","2016074102","6","40.1456","-76.6072","1703","08","0","0","0","0","1","0","0","0","","0","0","0","16","1","0","02","0","40 08:44.088","","00","76 36:26.035","0","0","0","1","36407","0","0","0","N","0","0","0","1","36407","0","","2","01","N","N","0","","0","0","0","0","0","","1657","0","1","0","0","0","0","0","2","0","1","N","","","","","","","","","","","","03","  ","","",""
"1840","3","0","0","0","0","0","0","0","0","4","0","","36","07","2016","2016074124","6","40.0431","-76.3284","1839","08","0","0","0","0","0","1","0","0","2","0","0","0","18","1","1","01","2","40 02:35.307","1","00","76 19:42.329","8","0","0","0","36220","0","0","0","N","0","0","0","6","36101","0","","1","01","N","N","0","","0","0","0","3","2","Y","1839","1","3","0","0","0","1","0","3","0","3","N","","","","","","","","","","","","03","  ","","",""
"1409","2","0","0","0","0","0","0","0","0","1","0","90","36","07","2016","2016074131","3","40.1559","-76.3072","1409","08","0","0","0","0","0","0","1","0","","0","0","0","14","1","0","00","0","40 09:21.210","","00","76 18:26.066","0","0","0","0","36409","0","0","0","N","0","0","0","3","36409","0","","1","01","N","N","0","","0","0","1","0","0","","1409","0","3","0","0","0","0","0","3","0","3","Y","4","2","Y","","","N","","Y","","Y","","03","  ","","",""
"1924","0","0","0","0","0","0","0","0","0","4","0","","36","07","2016","2016074135","6","40.0519","-76.396","1922","08","0","0","0","0","0","1","0","0","1","0","0","0","19","1","0","00","2","40 03:06.700","2","00","76 23:45.516","0","0","0","0","36214","0","0","0","N","0","0","0","2","36214","0","","1","01","N","N","0","","0","0","2","3","2","N","1920","0","2","0","0","0","0","0","3","0","2","N","","","","","","","","","","","","03","  ","","",""
"1840","1","0","0","0","0","0","0","0","0","4","0","","36","07","2016","2016074136","6","40.1218","-76.029","1838","08","0","0","0","0","0","0","0","0","","0","0","0","18","1","0","02","0","40 07:18.494","","00","76 01:44.569","0","0","0","0","36213","0","0","0","N","0","0","0","6","36213","0","","1","01","N","N","0","","0","0","1","3","3","","1837","0","2","0","0","0","0","0","1","0","2","N","","","","","","","","","","","","03","  ","","",""
"1458","0","0","0","0","0","0","0","0","0","1","0","","36","07","2016","2016074151","3","40.1021","-76.5225","1457","08","0","0","0","0","1","1","0","0","1","0","1","0","14","1","0","02","1","40 06:07.681","1","00","76 31:21.165","0","0","0","0","36211","0","0","0","N","0","0","0","2","36413","0","","1","01","N","N","1","","0","0","0","0","0","N","1455","0","2","0","0","0","0","0","1","0","2","N","","","","","","","","","","","","03","  ","","",""
"0147","1","0","0","0","0","0","0","0","0","1","1","","36","07","2016","2016074213","6","40.0551","-76.2677","0139","08","0","0","0","0","0","0","0","0","","0","1","0","01","3","0","00","0","40 03:18.251","","00","76 16:03.743","0","0","0","0","36215","0","0","0","N","0","0","0","2","36215","0","","1","01","N","N","0","","0","0","0","0","0","","0135","0","2","0","0","1","0","0","1","0","2","N","","","","","","","","","","","","03","  ","","",""
"1058","0","0","0","0","0","0","0","0","0","7","0","","36","07","2016","2016074245","6","39.9653","-76.2447","1054","08","0","0","0","0","1","0","0","0","4","0","0","0","10","1","1","00","2","39 57:55.098","5","00","76 14:40.852","2","0","1","1","36240","0","0","0","N","0","0","0","1","36240","0","","4","01","N","N","0","","0","1","0","0","0","Y","1052","1","1","0","0","0","0","0","1","0","1","N","","","","","","","","","","","","03","  ","","",""
"1740","1","0","0","0","0","0","0","0","0","3","0","","36","06","2016","2016074252","5","40.0407","-76.3194","1738","08","0","0","0","0","0","0","0","0","1","0","0","0","17","1","1","00","1","40 02:26.600","2","00","76 19:09.800","3","0","0","0","36301","1","0","0","N","1","0","0","3","36301","0","","1","01","N","N","0","","1","0","1","0","0","N","1738","1","3","0","0","1","0","0","3","0","2","N","","","","","","","","","","","","03","  ","","",""
"1739","1","0","0","1","0","0","0","0","0","4","0","","36","06","2016","2016074265","6","40.0319","-76.3074","1736","08","0","0","0","0","0","0","0","0","","0","0","0","17","1","1","00","0","40 01:55.000","","07","76 18:26.500","3","0","0","0","36301","1","0","0","N","0","0","0","2","36301","0","","1","01","N","N","0","","1","0","0","0","0","","1736","1","2","0","0","0","0","0","3","0","1","N","","","","","","","","","","","","03","  ","","",""
"0815","0","0","0","0","0","0","0","0","0","4","0","","36","07","2016","2016074267","6","40.0769","-76.5068","0802","08","0","0","0","0","0","1","0","0","","0","0","0","99","1","0","03","0","40 04:36.800","","00","76 30:24.600","0","0","0","0","36230","0","0","0","N","0","0","0","2","36410","0","","1","01","N","N","0","","0","0","1","0","0","","9999","0","2","0","0","0","0","0","1","1","2","N","","","","","","","","","","","","03","  ","","",""
"1039","0","0","0","0","0","0","0","0","0","7","0","","36","07","2016","2016074271","6","40.1854","-76.4091","1034","08","0","0","0","0","0","0","0","0","","0","0","0","99","1","0","00","0","40 11:07.299","","00","76 24:32.685","0","0","0","0","36230","0","0","0","N","0","0","0","1","36410","0","","4","01","N","N","1","","0","0","0","0","0","","9999","0","1","0","0","0","0","0","1","0","1","N","","","","","","","","","","","","03","  ","","",""
"1648","1","0","0","0","0","0","0","0","0","2","0","","36","07","2016","2016074295","6","40.2143","-76.4313","1642","08","0","0","0","0","0","1","0","0","3","0","0","0","99","1","2","00","2","40 12:51.622","5","00","76 25:52.562","3","0","0","0","36230","0","0","0","N","0","0","0","3","36410","0","","1","09","N","N","0","","2","0","0","0","0","Y","9999","2","2","0","0","0","0","1","1","1","2","N","","","","","","","","","","","","03","  ","","",""
"1917","0","0","0","0","0","0","0","0","0","4","0","","36","07","2016","2016074300","2","40.1113","-76.2835","1912","08","0","0","0","0","0","0","0","0","2","0","0","0","19","1","1","01","2","40 06:40.818","7","00","76 17:00.459","2","0","1","1","36101","0","0","0","N","0","0","0","3","36101","0","","1","01","N","N","0","","0","1","1","3","2","Y","1909","1","2","0","0","0","0","0","3","0","2","N","","","","","","","","","","","","03","  ","","",""
"1740","1","0","0","0","0","0","0","0","0","4","0","","36","07","2016","2016074317","3","40.1713","-76.1237","1735","08","0","0","0","0","0","0","0","0","","0","0","0","17","1","0","02","0","40 10:16.682","","00","76 07:25.649","0","0","0","0","36218","0","0","0","N","0","0","0","5","36408","0","","1","01","N","N","1","","0","0","1","3","3","","1733","0","3","0","0","1","0","0","1","0","3","N","","","","","","","","","","","","03","  ","","",""
"2127","2","0","0","0","0","0","0","0","0","4","0","","36","07","2016","2016074432","7","40.0764","-76.4129","2120","08","0","0","0","0","0","0","0","0","2","0","0","0","21","2","0","00","1","40 04:34.993","1","00","76 24:46.519","0","0","0","0","36214","0","0","0","N","0","0","0","1","36214","0","","2","01","N","N","0","","0","0","0","0","0","N","2120","0","2","0","0","0","0","0","3","0","2","N","","","","","","","","","","","","03","  ","","",""
"2344","1","0","0","0","0","0","0","0","0","7","0","","36","05","2016","2016074433","6","40.2415","-76.1751","2343","08","0","0","0","1","0","0","0","0","5","1","0","0","23","3","4","00","2","40 14:29.388","6","00","76 10:30.313","1","0","0","0","36236","0","0","0","N","0","0","0","5","36408","0","2","5","01","N","N","0","0","0","4","0","0","0","Y","2341","4","1","1","4","5","0","0","1","0","1","N","","","","","","","","","","","","03","  ","","",""
"1221","0","0","0","0","0","0","0","0","0","7","0","","36","07","2016","2016074450","6","40.0185","-76.1726","1213","08","0","0","0","0","0","0","0","0","1","0","0","0","12","1","0","00","1","40 01:06.478","3","00","76 10:21.356","0","0","0","0","36215","0","0","0","N","0","0","0","1","36215","0","","4","01","N","N","1","","0","0","0","0","0","N","1211","0","1","0","0","0","0","0","1","0","1","N","","","","","","","","","","","","03","  ","","",""
"0730","1","0","0","0","0","0","0","0","0","4","0","","36","07","2016","2016074461","3","40.1814","-76.1769","0728","08","0","0","0","0","0","0","0","0","","0","0","0","07","1","1","01","0","40 10:53.148","","00","76 10:36.721","3","0","0","0","36408","0","0","0","N","0","0","0","2","36408","0","","1","01","N","N","0","","1","0","1","3","3","","0725","1","2","0","0","0","0","0","2","0","2","N","","","","","","","","","","","","03","  ","","",""
"1300","1","0","0","0","0","0","0","0","0","1","0","","36","07","2016","2016074479","3","40.0395","-76.2072","1300","08","0","0","0","0","0","0","0","0","","0","0","0","13","1","0","00","0","40 02:22.251","","00","76 12:26.055","0","0","0","0","36215","0","0","0","N","0","0","0","3","36215","0","","1","01","N","N","1","","0","0","0","0","0","","1300","0","2","0","0","0","0","0","1","0","2","N","","","","","","","","","","","","03","  ","","",""
"1519","1","0","0","0","0","0","0","0","0","4","0","","36","07","2016","2016074490","7","39.8986","-76.1594","1516","08","0","0","0","0","0","0","0","1","1","0","0","0","15","1","2","02","2","39 53:54.818","4","00","76 09:33.785","3","0","0","0","36416","0","0","0","N","0","0","0","2","36416","0","","1","01","N","N","1","","2","0","0","3","3","N","1513","2","2","0","0","1","0","0","1","0","2","N","","","","","","","","","","","","03","  ","","",""
"1902","1","0","0","0","0","0","0","0","0","7","0","","36","07","2016","2016074531","4","39.9793","-76.2765","1856","08","0","0","0","0","0","0","0","0","3","0","0","0","18","1","2","00","2","39 58:45.348","7","00","76 16:35.284","3","0","0","0","36240","0","0","0","N","0","0","0","2","36240","0","","4","01","N","N","0","","2","0","0","3","3","Y","1855","2","1","0","0","0","0","0","1","0","1","N","","","","","","","","","","","","03","  ","","",""
"1452","0","0","0","0","0","0","0","0","0","7","0","","36","07","2016","2016074599","2","40.0127","-76.2636","1447","08","0","0","0","0","0","1","0","0","","0","0","0","14","1","0","00","0","40 00:45.600","","00","76 15:49.000","0","0","0","0","36240","0","0","0","N","0","0","0","1","36240","0","","4","01","N","N","0","","0","0","1","0","0","","1445","0","1","0","0","0","0","0","1","0","1","N","","","","","","","","","","","","03","  ","","",""
"1815","1","0","0","0","0","0","0","0","0","4","0","","36","07","2016","2016074601","2","40.012","-76.2263","1809","08","0","0","0","0","0","0","0","1","2","0","0","0","18","1","0","01","1","40 00:43.379","7","00","76 13:34.666","0","0","0","0","36240","0","0","0","N","0","0","0","3","36240","0","","1","01","N","N","0","","0","0","1","3","3","N","1807","0","2","0","0","0","0","0","1","0","2","N","","","","","","","","","","","","03","  ","","",""