"ARRIVAL_TM","AUTOMOBILE_COUNT","BELTED_DEATH_COUNT","BELTED_SUSP_SERIOUS_INJ_COUNT","BICYCLE_COUNT","BICYCLE_DEATH_COUNT","BICYCLE_SUSP_SERIOUS_INJ_COUNT","BUS_COUNT","CHLDPAS_DEATH_COUNT","CHLDPAS_SUSP_SERIOUS_INJ_COUNT","COLLISION_TYPE","COMM_VEH_COUNT","CONS_ZONE_SPD_LIM","COUNTY","CRASH_MONTH","CRASH_YEAR","CRN","DAY_OF_WEEK","DEC_LAT","DEC_LONG","DISPATCH_TM","DISTRICT","DRIVER_COUNT_16YR","DRIVER_COUNT_17YR","DRIVER_COUNT_18YR","DRIVER_COUNT_19YR","DRIVER_COUNT_20YR","DRIVER_COUNT_50_64YR","DRIVER_COUNT_65_74YR","DRIVER_COUNT_75PLUS","EST_HRS_CLOSED","FATAL_COUNT","HEAVY_TRUCK_COUNT","HORSE_BUGGY_COUNT","HOUR_OF_DAY","ILLUMINATION","INJURY_COUNT","INTERSECT_TYPE","LANE_CLOSED","LATITUDE","LN_CLOSE_DIR","LOCATION_TYPE","LONGITUDE","MAX_SEVERITY_LEVEL","MCYCLE_DEATH_COUNT","MCYCLE_SUSP_SERIOUS_INJ_COUNT","MOTORCYCLE_COUNT","MUNICIPALITY","NONMOTR_COUNT","NONMOTR_DEATH_COUNT","NONMOTR_SUSP_SERIOUS_INJ_COUNT","NTFY_HIWY_MAINT","PED_COUNT","PED_DEATH_COUNT","PED_SUSP_SERIOUS_INJ_COUNT","PERSON_COUNT","POLICE_AGCY","POSSIBLE_INJ_COUNT","RDWY_SURF_TYPE_CD","RELATION_TO_ROAD","ROAD_CONDITION","SCH_BUS_IND","SCH_ZONE_IND","SMALL_TRUCK_COUNT","SPEC_JURIS_CD","SUSP_MINOR_INJ_COUNT","SUSP_SERIOUS_INJ_COUNT","SUV_COUNT","TCD_FUNC_CD","TCD_TYPE","TFC_DETOUR_IND","TIME_OF_DAY","TOT_INJ_COUNT","TOTAL_UNITS","UNB_DEATH_COUNT","UNB_SUSP_SERIOUS_INJ_COUNT","UNBELTED_OCC_COUNT","UNK_INJ_DEG_COUNT","UNK_INJ_PER_COUNT","URBAN_RURAL","VAN_COUNT","VEHICLE_COUNT","WORK_ZONE_IND","WORK_ZONE_LOC","WORK_ZONE_TYPE","WORKERS_PRES","WZ_CLOSE_DETOUR","WZ_FLAGGER","WZ_LAW_OFFCR_IND","WZ_LN_CLOSURE","WZ_MOVING","WZ_OTHER","WZ_SHLDER_MDN","ROADWAY_CLEARED","WEATHER1","WEATHER2","WZ_WORKERS_INJ_KILLED","SECONDARY_CRASH","INTERSECTION_RELATED"
"1005","0","0","0","0","0","0","0","0","0","4","0","","36","07","2016","2016074678","7","39.8968","-76.1546","1001","08","0","0","0","0","0","0","0","0","2","0","0","0","09","1","0","00","2","39 53:48.500","2","00","76 09:16.500","0","0","0","0","36416","0","0","0","N","0","0","0","1","36416","0","","4","01","N","N","0","","0","0","1","0","0","N","0957","0","2","0","0","0","0","0","1","1","2","N","","","","","","","","","","","","03","  ","","",""
"0204","0","0","0","0","0","0","0","0","0","7","0","","36","07","2016","2016074681","1","40.2266","-76.1303","0202","08","0","0","0","0","0","0","0","0","3","0","0","0","02","3","1","00","1","40 13:35.701","3","00","76 07:49.192","4","0","0","0","36210","0","0","0","Y","0","0","0","1","36210","1","","4","01","N","N","1","","0","0","0","0","0","N","0200","1","1","0","0","0","0","0","1","0","1","N","","","","","","","","","","","","03","  ","","",""
"1232","0","0","0","0","0","0","0","0","0","7","0","","36","07","2016","2016074705","5","40.0218","-76.2397","1227","08","0","0","0","0","0","0","0","0","3","0","0","0","12","1","2","00","1","40 01:18.554","1","00","76 14:22.740","8","0","0","0","36215","0","0","0","N","0","0","0","4","36215","0","","5","01","N","N","0","","0","0","0","0","0","Y","1225","2","1","0","0","0","2","0","1","1","1","N","","","","","","","","","","","","03","  ","","",""
"0254","1","0","0","0","0","0","0","0","0","7","0","","36","07","2016","2016074718","2","40.0568","-76.3072","0245","08","0","0","0","0","1","0","0","0","","0","0","0","01","3","0","00","0","40 03:24.411","","00","76 18:25.819","0","0","0","0","36101","0","0","0","N","0","0","0","2","36101","0","","4","01","N","N","0","","0","0","0","0","0","","0145","0","1","0","0","0","0","0","3","0","1","N","","","","","","","","","","","","03","  ","","",""
"2014","2","0","0","0","0","0","0","0","0","4","0","","36","07","2016","2016074722","1","40.0366","-76.3033","2012","08","0","0","0","0","0","1","0","0","2","0","0","0","20","1","2","01","2","40 02:11.747","2","00","76 18:11.719","3","0","0","0","36301","0","0","0","N","0","0","0","6","36301","1","","1","01","N","N","0","","1","0","0","3","2","Y","2012","2","2","0","0","0","0","0","3","0","2","N","","","","","","","","","","","","03","  ","","",""
"1742","2","0","0","0","0","0","0","0","0","4","0","","36","07","2016","2016074796","1","40.0322","-76.3116","1741","08","0","0","0","0","0","1","0","0","2","0","0","0","17","1","1","02","2","40 01:55.819","2","00","76 18:41.857","3","0","0","0","36301","0","0","0","N","0","0","0","2","36301","0","","1","01","N","N","0","","1","0","0","0","0","Y","1741","1","2","0","0","0","0","0","3","0","2","N","","","","","","","","","","","","03","  ","","",""
"1304","0","0","0","0","0","0","0","0","0","1","0","","36","07","2016","2016074877","2","40.0536","-76.3251","1254","08","0","0","0","0","0","0","0","1","","0","0","0","12","1","1","00","0","40 03:13.002","","00","76 19:30.241","4","0","0","0","36101","0","0","0","N","0","0","0","3","36101","1","","1","01","N","N","0","","0","0","2","0","0","","1250","1","2","0","0","0","0","0","3","0","2","N","","","","","","","","","","","","03","  ","","",""
"1051","2","0","0","0","0","0","0","0","0","1","0","","36","07","2016","2016074973","6","40.0387","-76.3877","1045","08","0","1","0","0","0","1","0","0","","0","0","0","10","1","1","00","0","40 02:19.490","","00","76 23:15.640","4","0","0","0","36223","0","0","0","","0","0","0","2","36223","1","","1","01","N","N","0","","0","0","0","0","0","","1044","1","2","0","0","0","0","0","1","0","2","N","","","","","","","","","","","","03","  ","","",""
"1133","1","0","0","0","0","0","0","0","0","0","1","","36","07","2016","2016074987","5","40.2149","-76.0676","1100","08","0","0","0","0","0","0","0","0","","0","1","0","11","1","1","00","0","40 12:53.353","","00","76 04:02.391","8","0","0","0","36202","0","0","0","","0","0","0","6","68T06","0","","1","01","N","N","0","","0","0","0","0","0","","1100","1","2","0","0","0","1","0","1","0","2","N","","","","","","","","","","","","03","  ","","",""
"1609","2","0","0","0","0","0","0","0","0","4","0","","36","07","2016","2016074998","5","40.1128","-76.3965","1602","08","0","0","0","0","0","0","0","0","2","0","0","0","16","1","0","01","1","40 06:45.982","7","00","76 23:47.576","0","0","0","0","36214","0","0","0","N","0","0","0","3","36214","0","","1","01","N","N","0","","0","0","0","3","3","N","1600","0","2","0","0","0","0","0","3","0","2","N","","","","","","","","","","","","03","  ","","",""
"1835","1","0","0","0","0","0","0","0","0","4","0","","36","07","2016","2016075001","3","40.0018","-76.2456","1830","08","0","0","0","0","1","0","1","0","","0","0","0","18","1","0","01","0","40 00:06.590","","00","76 14:44.022","0","0","0","0","36240","0","0","0","N","0","0","0","2","36240","0","","1","01","N","N","0","","0","0","1","0","0","","1820","0","2","0","0","0","0","0","1","0","2","N","","","","","","","","","","","","03","  ","","",""
"1828","1","0","0","0","0","0","0","0","0","7","0","","36","07","2016","2016075008","2","40.2353","-76.0799","1828","08","0","0","0","0","0","0","0","0","1","0","0","0","18","2","0","00","1","40 14:07.198","3","00","76 04:47.601","0","0","0","0","36210","0","0","0","N","0","0","0","1","36210","0","","1","09","N","N","0","","0","0","0","0","0","N","1825","0","1","0","0","0","0","0","1","0","1","N","","","","","","","","","","","","07","  ","","",""
"0015","2","0","0","0","0","0","0","0","0","1","0","","36","07","2016","2016075029","4","40.0365","-76.3044","0015","08","0","0","0","0","0","0","0","0","1","0","0","0","00","3","1","02","2","40 02:11.227","6","00","76 18:15.825","3","0","0","0","36301","0","0","0","N","0","0","0","2","36301","0","","1","01","N","N","0","","1","0","0","0","0","Y","0008","1","2","0","0","0","0","1","3","0","2","N","","","","","","","","","","","","03","  ","","",""
"1742","1","0","0","0","0","0","0","0","0","4","0","","36","07","2016","2016075031","5","40.0388","-76.3303","1738","08","0","0","0","0","1","0","1","0","1","0","0","0","17","1","1","02","2","40 02:19.591","4","00","76 19:49.247","3","0","0","1","36220","0","0","0","N","0","0","0","3","36101","0","","1","01","N","N","0","","1","0","0","3","2","N","1736","1","2","0","0","0","0","0","3","0","2","N","","","","","","","","","","","","03","  ","","",""
"1922","0","0","0","0","0","0","0","0","0","6","1","","36","07","2016","2016075045","5","40.1116","-76.443","1914","08","0","0","0","0","0","0","0","0","2","0","1","0","19","1","0","00","1","40 06:41.684","4","00","76 26:34.631","0","0","0","0","36230","0","0","0","N","0","0","0","2","36410","0","","1","01","N","N","0","","0","0","1","0","0","N","1916","0","2","0","0","0","0","0","1","0","2","N","","","","","","","","","","","","03","  ","","",""
"1854","3","0","0","0","0","0","0","0","0","4","0","","36","07","2016","2016075053","2","40.0424","-76.2938","1851","08","0","1","0","0","0","0","0","0","","0","0","0","18","1","0","01","0","40 02:32.690","","00","76 17:37.622","0","0","0","0","36301","0","0","0","N","0","0","0","3","36301","0","","1","01","N","N","0","","0","0","1","3","3","","1851","0","4","0","0","0","0","0","3","0","4","N","","","","","","","","","","","","03","  ","","",""
"1713","1","0","0","0","0","0","0","0","0","6","0","","36","07","2016","2016075060","2","40.2203","-76.4404","1657","08","0","0","0","0","0","1","0","0","","0","0","0","16","1","0","01","0","40 13:12.958","","00","76 26:25.539","0","0","0","0","36230","0","0","0","N","0","0","0","4","36410","0","","1","01","N","N","1","","0","0","0","3","3","","1657","0","2","0","0","0","0","0","1","0","2","N","","","","","","","","","","","","03","  ","","",""
"1249","1","0","0","0","0","0","0","0","0","7","0","","36","06","2016","2016075071","2","39.9191","-76.2477","1243","08","0","0","0","0","0","0","1","0","","0","0","0","12","1","1","00","0","39 55:08.858","","00","76 14:51.570","3","0","0","0","36229","0","0","0","","0","0","0","1","68J01","0","","4","01","N","N","0","","1","0","0","0","0","","1242","1","1","0","0","0","0","0","1","0","1","N","","","","","","","","","","","","03","  ","","",""
"1014","1","0","0","0","0","0","0","0","0","1","0","","36","07","2016","2016075079","6","40.039","-76.1123","1000","08","0","0","0","0","0","0","1","0","","0","0","1","09","1","1","00","0","40 02:20.473","","00","76 06:44.375","3","0","0","0","36221","1","0","0","","0","0","0","5","68J01","0","","2","01","N","N","0","","1","0","2","0","0","","0955","1","4","0","0","0","0","0","1","0","3","N","","","","","","","","","","","","03","  ","","",""
"2310","1","0","0","0","0","0","0","0","0","2","1","","36","07","2016","2016075086","5","40.0043","-76.1023","2304","08","0","1","0","0","0","0","0","0","3","0","1","0","22","6","2","00","1","40 00:15.450","3","00","76 06:08.426","3","0","0","0","36226","0","0","0","","0","0","0","3","68J01","0","","1","01","N","N","0","","2","0","0","0","0","N","2256","2","2","0","0","1","0","0","1","0","2","N","","","","","","","","","","","","03","  ","","",""
"1344","1","0","0","0","0","0","0","0","0","7","0","","36","07","2016","2016075143","6","40.0518","-76.3973","1305","08","0","0","0","1","0","0","0","0","","0","0","0","13","1","0","00","0","40 03:06.388","","00","76 23:50.353","0","0","0","0","36214","0","0","0","","0","0","0","2","36214","0","","5","01","N","N","0","","0","0","0","0","0","","1300","0","1","0","0","0","0","0","3","0","1","N","","","","","","","","","","","","03","  ","","",""
"2053","2","0","0","0","0","0","0","0","0","1","0","","36","05","2016","2016075144","5","40.0373","-76.4082","2047","08","0","0","0","0","0","0","0","0","2","0","0","0","20","2","1","01","1","40 02:14.323","3","00","76 24:29.659","3","0","0","0","36223","0","0","0","","0","0","0","3","36223","0","","1","01","N","N","1","","1","0","0","3","2","N","2041","1","3","0","0","1","0","1","1","0","3","N","","","","","","","","","","","","03","  ","","",""
"1115","2","0","0","0","0","0","0","0","0","4","0","","36","07","2016","2016075148","2","40.1438","-76.5939","1111","08","0","0","0","0","0","0","0","2","","0","0","0","11","1","0","01","0","40 08:37.582","","00","76 35:38.205","0","0","0","0","36407","0","0","0","N","0","0","0","2","36407","0","","1","01","N","N","0","","0","0","0","3","3","","1110","0","2","0","0","0","0","0","2","0","2","N","","","","","","","","","","","","03","  ","","",""
"1215","1","0","0","0","0","0","0","0","0","4","0","","36","07","2016","2016075157","6","40.1561","-76.6071","1212","08","0","0","0","0","0","0","1","0","","0","0","0","12","1","1","01","0","40 09:22.028","","00","76 36:25.628","4","0","0","0","36407","0","0","0","N","0","0","0","2","36407","1","","1","01","N","N","1","","0","0","0","3","3","","1212","1","2","0","0","1","0","0","2","0","2","N","","","","","","","","","","","","03","  ","","",""
"0830","1","0","0","0","0","0","0","0","0","4","0","","36","07","2016","2016075195","3","40.2203","-76.4404","0823","08","0","0","0","0","0","1","1","0","2","0","0","0","08","1","0","01","1","40 13:12.958","5","00","76 26:25.539","0","0","0","0","36230","0","0","0","N","0","0","0","2","36410","0","","1","01","N","N","1","","0","0","0","3","3","N","0823","0","2","0","0","0","0","0","1","0","2","N","","","","","","","","","","","","03","  ","","",""
"1829","0","0","0","0","0","0","0","0","0","5","0","","36","07","2016","2016075196","2","40.0765","-76.2841","1807","08","0","0","0","0","0","0","0","0","","0","0","0","18","1","3","00","0","40 04:35.499","","00","76 17:02.601","4","0","0","0","36101","0","0","0","N","0","0","0","4","36101","3","","1","01","N","N","1","","0","0","1","0","0","","1800","3","2","0","0","0","0","1","3","0","2","N","","","","","","","","","","","","03","  ","","",""
"1506","2","0","0","0","0","0","0","0","0","1","0","","36","07","2016","2016075199","2","40.0398","-76.4553","1459","08","0","0","0","0","0","0","0","0","1","0","0","0","14","1","0","00","1","40 02:23.334","1","00","76 27:19.110","0","0","0","0","36239","0","0","0","N","0","0","0","1","36239","0","","1","01","N","N","0","","0","0","0","3","2","Y","1452","0","2","0","0","0","0","0","3","0","2","N","","","","","","","","","","","","03","  ","","",""
"1853","1","0","0","0","0","0","0","0","0","7","0","","36","07","2016","2016075225","6","40.1396","-76.3003","1849","08","0","0","0","0","0","0","0","0","","0","0","0","18","1","0","00","0","40 08:22.600","","00","76 18:00.900","0","0","0","0","36235","0","0","0","","0","0","0","1","36506","0","","5","01","N","N","0","","0","0","0","0","0","","1849","0","1","0","0","0","0","0","1","0","1","N","","","","","","","","","","","","03","  ","","",""
"0304","1","0","0","0","0","0","0","0","0","7","0","","36","07","2016","2016075226","1","40.1308","-76.233","0254","08","0","0","0","0","0","0","0","0","","0","0","0","02","2","0","00","0","40 07:50.900","","00","76 13:58.800","0","0","0","0","36235","0","0","0","","0","0","0","1","36506","0","","4","01","N","N","0","","0","0","0","0","0","","0254","0","1","0","0","0","0","0","1","0","1","N","","","","","","","","","","","","03","  ","","",""
"1901","0","0","0","0","0","0","0","0","0","4","0","","36","07","2016","2016075227","1","40.1737","-76.3384","1900","08","0","0","1","0","0","0","0","0","1","0","0","0","19","1","0","01","1","40 10:25.198","3","00","76 20:18.137","0","0","0","0","36227","0","0","0","","0","0","0","4","36506","0","","1","01","N","N","1","","0","0","1","0","0","N","1900","0","2","0","0","0","0","0","1","0","2","N","","","","","","","","","","","","03","  ","","",""
"1356","2","0","0","0","0","0","0","0","0","4","0","","36","07","2016","2016075228","5","40.1342","-76.3093","1353","08","0","0","0","0","0","0","2","0","1","0","0","0","13","1","2","01","1","40 08:03.220","2","00","76 18:33.652","4","0","0","0","36235","0","0","0","","0","0","0","2","36506","2","","1","01","N","N","0","","0","0","0","3","3","Y","1353","2","2","0","0","0","0","0","1","0","2","N","","","","","","","","","","","","03","  ","","",""
"1915","1","0","0","0","0","0","0","0","0","7","0","","36","07","2016","2016075345","1","39.9949","-76.0177","1913","08","0","0","0","0","0","0","0","0","2","0","0","0","19","1","0","00","1","39 59:41.670","2","00","76 01:03.638","0","0","0","0","36232","0","0","0","","0","0","0","1","68J01","0","","4","01","N","N","0","","0","0","0","0","0","N","1910","0","1","0","0","1","0","0","1","0","1","N","","","","","","","","","","","","03","  ","","",""
"2144","1","0","0","0","0","0","0","0","0","7","0","","36","07","2016","2016075399","2","40.2283","-76.4621","2143","08","0","0","0","0","0","0","0","0","","0","0","0","21","2","1","00","0","40 13:41.786","","00","76 27:42.694","3","0","0","0","36230","0","0","0","","0","0","0","1","68T06","0","","4","09","N","N","0","","1","0","0","0","0","","2143","1","1","0","0","0","0","0","1","0","1","N","","","","","","","","","","","","07","  ","","",""
"2021","1","0","0","0","0","0","0","0","0","7","0","","36","07","2016","2016075405","1","40.2234","-76.4127","2002","08","0","0","0","0","0","0","0","0","","0","0","0","20","1","1","00","0","40 13:23.962","","00","76 24:48.632","8","0","0","0","36227","0","0","0","","0","0","0","4","68T06","0","","2","01","N","N","0","","0","0","0","0","0","","2002","1","1","0","0","0","1","0","1","0","1","N","","","","","","","","","","","","03","  ","","",""
"2000","1","0","0","0","0","0","0","0","0","4","0","","36","07","2016","2016075433","1","40.1422","-76.5665","1953","08","0","0","0","0","0","0","0","0","2","0","0","0","19","1","0","01","1","40 08:31.800","3","00","76 33:59.500","0","0","0","0","36225","0","0","0","N","0","0","0","2","36505","0","","1","01","N","N","0","","0","0","1","3","3","N","1951","0","2","0","0","2","0","0","2","0","2","N","","","","","","","","","","","","03","  ","","",""
"1615","0","0","0","0","0","0","0","0","0","7","0","","36","07","2016","2016075434","2","40.1027","-76.1131","1613","08","0","0","0","0","0","0","0","0","","0","0","0","16","1","0","00","0","40 06:09.800","","00","76 06:47.000","0","0","0","0","36209","0","0","0","N","0","0","0","1","36415","0","","5","01","N","N","0","","0","0","1","0","0","","1613","0","1","0","0","0","0","0","1","0","1","N","","","","","","","","","","","","03","  ","","",""
"1819","1","0","0","0","0","0","0","0","0","7","0","","36","07","2016","2016075452","2","40.2334","-76.0787","1811","08","0","0","0","0","0","0","1","0","","0","0","0","18","1","2","00","0","40 14:00.251","","00","76 04:43.443","4","0","0","0","36210","0","0","0","N","0","0","0","2","36210","2","","1","01","N","N","0","","0","0","0","0","0","","1807","2","1","0","0","0","0","0","1","0","1","N","","","","","","","","","","","","03","  ","","",""
"1915","1","0","0","0","0","0","0","0","0","7","0","","36","07","2016","2016075485","3","40.0653","-76.3417","1907","08","0","0","0","0","0","0","0","0","2","0","0","0","19","1","0","02","2","40 03:54.900","2","00","76 20:30.100","0","0","0","0","36301","0","0","0","N","0","0","0","1","36301","0","","3","01","N","N","0","","0","0","0","0","0","Y","1907","0","1","0","0","0","0","0","3","0","1","N","","","","","","","","","","","","03","  ","","",""
"0243","0","0","0","0","0","0","0","0","0","7","0","","36","07","2016","2016075488","4","40.0424","-76.5123","0240","08","0","0","0","0","0","1","0","0","2","0","0","0","02","2","1","00","2","40 02:32.493","5","00","76 30:44.385","8","0","0","0","36239","0","0","0","N","0","0","0","1","36239","0","","4","01","N","N","1","","0","0","0","0","0","Y","0240","1","1","0","0","0","1","0","3","0","1","N","","","","","","","","","","","","03","  ","","",""
"1441","0","0","0","0","0","0","0","0","0","8","0","","36","07","2016","2016075563","1","40.0333","-76.3003","1439","08","0","0","0","0","0","1","0","0","1","0","0","0","14","1","1","00","1","40 01:59.801","1","00","76 18:01.094","3","0","0","0","36301","1","0","0","N","1","0","0","2","36301","0","","1","01","N","N","0","","1","0","1","0","0","Y","1439","1","2","0","0","0","0","0","3","0","1","N","","","","","","","","","","","","03","  ","","",""
"1412","1","0","0","0","0","0","0","0","0","1","0","","36","07","2016","2016075572","3","40.2406","-76.0585","1404","08","0","0","0","0","0","0","1","0","2","0","0","0","14","1","1","02","1","40 14:26.110","5","00","76 03:30.624","4","0","0","0","36401","0","0","0","N","0","0","0","2","36408","1","","1","01","N","N","1","","0","0","0","0","0","Y","1400","1","2","0","0","0","0","0","1","0","2","N","","","","","","","","","","","","03","  ","","",""
"0747","1","0","0","0","0","0","0","0","0","0","1","","36","07","2016","2016075587","4","40.0635","-76.3589","0742","08","0","0","0","0","0","0","0","0","1","0","1","0","07","1","0","01","1","40 03:48.687","2","00","76 21:32.099","0","0","0","1","36214","0","0","0","N","0","0","0","4","36214","0","","1","01","N","N","0","","0","0","0","3","2","N","0740","0","3","0","0","0","0","0","3","0","3","N","","","","","","","","","","","","03","  ","","",""
"1631","2","0","0","0","0","0","0","0","0","4","0","","36","07","2016","2016075607","1","40.0266","-76.3201","1624","08","0","0","0","0","0","0","1","0","1","0","0","0","16","1","1","01","1","40 01:35.932","1","00","76 19:12.248","8","0","0","0","36301","0","0","0","N","0","0","0","3","36301","0","","1","01","N","N","0","","0","0","0","3","3","N","1624","1","2","0","0","0","1","0","3","0","2","N","","","","","","","","","","","","03","  ","","",""
"0953","2","0","0","0","0","0","0","0","0","4","0","","36","07","2016","2016075617","4","40.0392","-76.4311","0951","08","0","0","0","0","0","0","0","0","1","0","0","0","09","1","1","01","1","40 02:20.941","4","00","76 25:51.799","4","0","0","0","36414","0","0","0","N","0","0","0","2","36239","1","","1","01","N","N","0","","0","0","0","3","2","N","0945","1","2","0","0","0","0","0","3","0","2","N","","","","","","","","","","","","03","  ","","",""
"1652","1","0","0","0","0","0","0","0","0","1","0","","36","07","2016","2016075651","3","40.0698","-76.3281","1644","08","0","0","0","0","0","0","0","0","1","0","0","0","16","1","1","00","1","40 04:11.160","3","00","76 19:41.123","3","0","0","0","36101","0","0","0","N","0","0","0","4","36101","0","","1","01","N","N","2","","1","0","0","0","0","N","1642","1","4","0","0","1","0","0","3","1","4","N","","","","","","","","","","","","03","  ","","",""
"0113","2","0","0","0","0","0","0","0","0","5","0","","36","07","2016","2016075658","2","40.0648","-76.2849","0113","08","0","0","0","0","0","0","0","0","","0","0","0","00","3","0","00","0","40 03:53.400","","00","76 17:05.800","0","0","0","0","36101","0","0","0","N","0","0","0","1","36101","0","","6","01","N","N","0","","0","0","0","0","0","","0036","0","2","0","0","0","0","0","3","0","2","N","","","","","","","","","","","","03","  ","","",""
"1810","1","0","0","0","0","0","0","0","0","0","0","","36","07","2016","2016075698","1","40.0768","-76.5579","1808","08","0","1","0","0","0","0","0","0","4","0","0","0","18","1","3","00","2","40 04:36.500","6","00","76 33:28.500","2","0","0","0","36211","0","0","0","N","0","0","0","3","36504","0","","5","01","N","N","0","","0","3","0","0","0","Y","1806","3","1","0","3","3","0","0","1","0","1","N","","","","","","","","","","","","03","  ","","",""
"2251","1","0","0","0","0","0","0","0","0","7","0","","36","07","2016","2016075755","6","39.9932","-76.0284","2251","08","0","0","0","0","0","0","0","0","","0","0","0","22","3","0","00","0","39 59:35.650","","00","76 01:42.276","0","0","0","0","36232","0","0","0","","0","0","0","1","68J01","0","","5","01","N","N","0","","0","0","0","0","0","","2251","0","1","0","0","0","0","0","1","0","1","N","","","","","","","","","","","","03","  ","","",""
"1549","0","0","0","0","0","0","0","0","0","7","0","","36","07","2016","2016075789","3","40.0401","-76.3954","1539","08","0","0","0","0","1","0","0","0","2","0","0","0","15","1","0","02","2","40 02:24.526","4","00","76 23:43.535","0","0","0","0","36214","0","0","0","","0","0","0","1","36214","0","","5","01","N","N","1","","0","0","0","0","0","N","1535","0","1","0","0","0","0","0","3","0","1","N","","","","","","","","","","","","03","  ","","",""
"1649","1","0","0","0","0","0","0","0","0","1","0","","36","07","2016","2016075935","4","40.0607","-76.5362","1644","08","0","0","0","1","0","2","0","0","3","0","0","0","16","1","2","00","2","40 03:38.353","5","00","76 32:10.308","4","0","0","0","36211","0","0","0","N","0","0","0","4","36504","2","","1","01","N","N","2","","0","0","1","3","2","Y","1640","2","4","0","0","0","0","0","1","0","4","N","","","","","","","","","","","","03","  ","","",""
"0535","0","0","0","0","0","0","0","0","0","0","0","35","36","07","2016","2016075940","2","40.1445","-76.21","0529","08","0","0","0","0","0","0","0","0","3","0","0","0","05","5","0","01","2","40 08:40.212","2","00","76 12:36.127","0","0","0","0","36238","0","0","0","N","0","0","0","1","36238","0","","1","01","N","N","1","","0","0","0","3","3","Y","0529","0","1","0","0","0","0","0","3","0","1","Y","8","1","N","","","N","","Y","","","","03","  ","","",""
"1628","0","0","0","0","0","0","0","0","0","4","0","","36","07","2016","2016076031","4","40.1315","-76.1479","1623","08","0","0","0","0","0","0","1","0","1","0","0","0","16","1","1","01","1","40 07:53.254","7","00","76 08:52.441","8","0","0","0","36238","0","0","0","N","0","0","0","4","36238","0","","1","01","N","N","0","","0","0","1","3","3","N","1621","1","2","0","0","0","1","0","3","1","2","N","","","","","","","","","","","","03","  ","","",""
"1544","3","0","0","0","0","0","0","0","0","1","0","","36","07","2016","2016076037","3","40.0443","-76.3069","1542","08","0","0","0","0","0","0","0","0","1","0","0","0","15","1","0","00","1","40 02:39.501","1","00","76 18:24.815","0","0","0","0","36301","0","0","0","N","0","0","0","3","36301","0","","1","01","N","N","0","","0","0","0","0","0","N","1538","0","3","0","0","0","0","0","3","0","3","N","","","","","","","","","","","","03","  ","","",""
"1011","1","0","0","0","0","0","0","0","0","4","0","","36","07","2016","2016076040","4","40.0685","-76.3074","1004","08","0","1","0","0","0","0","0","0","","0","0","0","09","1","0","01","0","40 04:06.527","","00","76 18:26.750","0","0","0","0","36101","0","0","0","N","0","0","0","2","36101","0","","1","01","N","N","0","","0","0","1","3","2","","0958","0","2","0","0","0","0","0","3","0","2","N","","","","","","","","","","","","03","  ","","",""
"2246","1","0","1","0","0","0","0","0","0","7","0","","36","07","2016","2016076042","5","40.1647","-76.1229","2243","08","0","0","0","0","1","0","0","0","3","0","0","0","22","2","1","00","2","40 09:52.995","6","00","76 07:22.281","2","0","0","0","36218","0","0","0","N","0","0","0","1","36408","0","","5","01","N","N","0","","0","1","0","0","0","Y","2243","1","1","0","0","0","0","0","1","0","1","N","","","","","","","","","","","","03","  ","","",""
"2014","3","0","0","0","0","0","0","0","0","4","0","","36","07","2016","2016076045","1","40.0593","-76.3124","2014","08","0","1","0","0","0","0","0","0","2","0","0","0","20","1","0","01","1","40 03:33.214","3","07","76 18:44.710","0","0","0","0","36101","0","0","0","N","0","0","0","3","36101","0","","4","01","N","N","0","","0","0","0","3","2","N","2013","0","3","0","0","0","0","0","3","0","3","N","","","","","","","","","","","","03","  ","","",""
"1041","1","0","0","0","0","0","0","0","0","4","0","","36","07","2016","2016076061","3","40.0388","-76.3303","1034","08","0","0","0","0","0","1","0","0","","0","0","0","10","1","2","02","0","40 02:19.591","","00","76 19:49.247","8","0","0","0","36220","0","0","0","N","0","0","0","2","36101","0","","1","01","N","N","0","","0","0","0","3","2","","1034","2","2","0","0","0","2","0","3","1","2","N","","","","","","","","","","","","03","  ","","",""
"0600","1","0","0","0","0","0","0","0","0","4","0","","36","06","2016","2016076066","5","39.986","-76.3158","0552","08","0","0","0","0","0","0","0","0","1","0","0","0","05","1","1","00","1","39 59:09.705","2","00","76 18:56.974","8","0","0","0","36228","0","0","0","N","0","0","0","2","36503","0","","1","09","N","N","0","","0","0","1","0","0","N","0550","1","2","0","0","0","1","0","1","0","2","N","","","","","","","","","","","","07","  ","","",""
"1606","1","0","0","0","0","0","0","0","0","5","0","","36","07","2016","2016076073","6","40.0692","-76.3022","1602","08","0","0","0","0","0","0","0","0","","0","0","0","16","1","0","00","0","40 04:09.120","","00","76 18:08.066","0","0","0","0","36101","0","0","0","N","0","0","0","3","36101","0","","1","01","N","N","0","","0","0","0","0","0","","1600","0","2","0","0","0","0","0","3","1","2","N","","","","","","","","","","","","03","  ","","",""