"ARRIVAL_TM","AUTOMOBILE_COUNT","BELTED_DEATH_COUNT","BELTED_SUSP_SERIOUS_INJ_COUNT","BICYCLE_COUNT","BICYCLE_DEATH_COUNT","BICYCLE_SUSP_SERIOUS_INJ_COUNT","BUS_COUNT","CHLDPAS_DEATH_COUNT","CHLDPAS_SUSP_SERIOUS_INJ_COUNT","COLLISION_TYPE","COMM_VEH_COUNT","CONS_ZONE_SPD_LIM","COUNTY","CRASH_MONTH","CRASH_YEAR","CRN","DAY_OF_WEEK","DEC_LAT","DEC_LONG","DISPATCH_TM","DISTRICT","DRIVER_COUNT_16YR","DRIVER_COUNT_17YR","DRIVER_COUNT_18YR","DRIVER_COUNT_19YR","DRIVER_COUNT_20YR","DRIVER_COUNT_50_64YR","DRIVER_COUNT_65_74YR","DRIVER_COUNT_75PLUS","EST_HRS_CLOSED","FATAL_COUNT","HEAVY_TRUCK_COUNT","HORSE_BUGGY_COUNT","HOUR_OF_DAY","ILLUMINATION","INJURY_COUNT","INTERSECT_TYPE","LANE_CLOSED","LATITUDE","LN_CLOSE_DIR","LOCATION_TYPE","LONGITUDE","MAX_SEVERITY_LEVEL","MCYCLE_DEATH_COUNT","MCYCLE_SUSP_SERIOUS_INJ_COUNT","MOTORCYCLE_COUNT","MUNICIPALITY","NONMOTR_COUNT","NONMOTR_DEATH_COUNT","NONMOTR_SUSP_SERIOUS_INJ_COUNT","NTFY_HIWY_MAINT","PED_COUNT","PED_DEATH_COUNT","PED_SUSP_SERIOUS_INJ_COUNT","PERSON_COUNT","POLICE_AGCY","POSSIBLE_INJ_COUNT","RDWY_SURF_TYPE_CD","RELATION_TO_ROAD","ROAD_CONDITION","SCH_BUS_IND","SCH_ZONE_IND","SMALL_TRUCK_COUNT","SPEC_JURIS_CD","SUSP_MINOR_INJ_COUNT","SUSP_SERIOUS_INJ_COUNT","SUV_COUNT","TCD_FUNC_CD","TCD_TYPE","TFC_DETOUR_IND","TIME_OF_DAY","TOT_INJ_COUNT","TOTAL_UNITS","UNB_DEATH_COUNT","UNB_SUSP_SERIOUS_INJ_COUNT","UNBELTED_OCC_COUNT","UNK_INJ_DEG_COUNT","UNK_INJ_PER_COUNT","URBAN_RURAL","VAN_COUNT","VEHICLE_COUNT","WORK_ZONE_IND","WORK_ZONE_LOC","WORK_ZONE_TYPE","WORKERS_PRES","WZ_CLOSE_DETOUR","WZ_FLAGGER","WZ_LAW_OFFCR_IND","WZ_LN_CLOSURE","WZ_MOVING","WZ_OTHER","WZ_SHLDER_MDN","ROADWAY_CLEARED","WEATHER1","WEATHER2","WZ_WORKERS_INJ_KILLED","SECONDARY_CRASH","INTERSECTION_RELATED"
"1317","1","0","0","0","0","0","0","0","0","1","0","","36","07","2016","2016076074","1","40.0291","-76.2437","1311","08","0","1","0","0","0","0","0","0","1","0","0","0","13","1","1","00","1","40 01:44.808","1","00","76 14:37.370","8","0","0","0","36215","0","0","0","N","0","0","0","2","36215","0","","1","01","N","N","0","","0","0","1","0","0","N","1311","1","2","0","0","0","1","0","1","0","2","N","","","","","","","","","","","","03","  ","","",""
"1221","1","0","0","0","0","0","0","0","0","7","0","","36","07","2016","2016076089","5","40.0382","-76.354","1213","08","0","0","0","0","1","0","0","0","1","0","0","0","12","1","0","00","1","40 02:17.548","4","00","76 21:14.567","0","0","0","0","36214","0","0","0","N","0","0","0","2","36214","0","","2","01","N","N","0","","0","0","0","0","0","N","1210","0","1","0","0","0","0","0","3","0","1","N","","","","","","","","","","","","03","  ","","",""
"1959","0","0","0","0","0","0","0","0","0","4","0","","36","07","2016","2016076096","4","40.0925","-76.6638","1957","08","0","0","0","0","0","0","1","1","2","0","0","0","19","1","2","01","2","40 05:33.143","7","00","76 39:49.645","4","0","0","0","36207","0","0","0","N","0","0","0","2","36504","2","","1","01","N","N","1","","0","0","1","3","3","Y","1954","2","2","0","0","0","0","0","1","0","2","N","","","","","","","","","","","","03","  ","","",""
"1407","0","0","0","0","0","0","0","0","0","1","0","","36","07","2016","2016076097","4","40.0596","-76.3194","1404","08","0","0","0","0","0","1","0","1","2","0","0","0","13","1","1","00","1","40 03:34.520","1","00","76 19:09.772","3","0","0","0","36101","0","0","0","N","0","0","0","2","36101","0","","1","01","N","N","0","","1","0","1","0","0","N","1354","1","2","0","0","0","0","0","3","1","2","N","","","","","","","","","","","","03","  ","","",""
"1222","2","0","0","0","0","0","0","0","0","1","0","","36","07","2016","2016076103","5","40.077","-76.3088","1218","08","1","0","0","0","0","1","0","0","2","0","0","0","12","1","1","00","1","40 04:37.067","1","00","76 18:31.691","4","0","0","0","36101","0","0","0","N","0","0","0","3","36101","1","","1","01","N","N","0","","0","0","0","0","0","N","1216","1","2","0","0","0","0","0","3","0","2","N","","","","","","","","","","","","03","  ","","",""
"0910","2","0","0","0","0","0","0","0","0","4","0","","36","07","2016","2016076128","3","40.0009","-76.2361","0900","08","0","1","1","0","0","0","0","0","1","0","0","0","09","1","0","00","1","40 00:03.300","4","07","76 14:09.800","0","0","0","0","36240","0","0","0","N","0","0","0","3","36240","0","","1","01","N","N","0","","0","0","0","0","0","N","0900","0","2","0","0","0","0","0","1","0","2","N","","","","","","","","","","","","03","  ","","",""
"1622","1","0","0","0","0","0","0","0","0","4","0","","36","07","2016","2016076143","5","40.0458","-76.3082","1607","08","0","0","0","0","0","1","0","0","1","0","0","0","16","1","0","01","1","40 02:44.721","4","00","76 18:29.541","0","0","0","0","36301","0","0","0","N","0","0","0","2","36301","0","","1","09","N","N","0","","0","0","1","3","3","Y","1607","0","2","0","0","0","0","0","3","0","2","N","","","","","","","","","","","","07","  ","","",""
"1552","1","0","0","0","0","0","0","0","0","4","0","","36","07","2016","2016076286","5","39.9706","-76.2732","1552","08","0","0","0","0","0","0","1","0","","0","0","0","15","1","0","01","0","39 58:14.115","","00","76 16:23.451","0","0","0","0","36240","0","0","0","N","0","0","0","2","36240","0","","1","09","N","N","0","","0","0","1","3","2","","1551","0","2","0","0","0","0","0","1","0","2","N","","","","","","","","","","","","07","  ","","",""
"0208","1","0","0","0","0","0","0","0","0","5","0","","36","06","2016","2016076288","5","40.0586","-76.5468","0204","08","0","0","0","0","0","0","0","0","2","0","0","0","02","3","0","00","1","40 03:30.800","3","00","76 32:48.400","0","0","0","0","36411","0","0","0","N","0","0","0","1","36504","0","","6","01","N","N","0","","0","0","0","0","0","N","0200","0","2","0","0","0","0","0","1","1","2","N","","","","","","","","","","","","03","  ","","",""
"2120","1","0","0","0","0","0","0","0","0","9","0","","36","07","2016","2016076299","5","39.9293","-76.282","2110","08","0","0","0","1","0","1","0","0","2","0","0","0","21","2","1","00","2","39 55:45.517","5","00","76 16:55.191","2","0","1","1","36228","0","0","0","N","0","0","0","3","36503","0","","1","09","N","N","0","","0","1","0","0","0","Y","2108","1","2","0","0","0","0","0","1","0","2","N","","","","","","","","","","","","07","  ","","",""
"1937","0","0","0","0","0","0","0","0","0","4","0","","36","07","2016","2016076309","4","40.2247","-76.0942","1932","08","0","0","0","0","0","0","0","0","","0","0","0","19","1","1","00","0","40 13:28.772","","07","76 05:39.076","8","0","0","1","36210","0","0","0","N","0","0","0","2","36210","0","","1","01","N","N","0","","0","0","1","0","0","","1929","1","2","0","0","0","1","0","1","0","2","N","","","","","","","","","","","","03","  ","","",""
"1651","2","0","0","0","0","0","0","0","0","1","0","","36","07","2016","2016076315","7","40.0114","-76.3545","1647","08","0","0","0","1","0","0","0","0","","0","0","0","16","1","0","00","0","40 00:40.913","","00","76 21:16.235","0","0","0","0","36412","0","0","0","N","0","0","0","3","36412","0","","1","09","N","N","0","","0","0","0","0","0","","1647","0","2","0","0","0","0","0","3","0","2","N","","","","","","","","","","","","03","  ","","",""
"0908","1","0","0","0","0","0","0","0","0","4","1","","36","07","2016","2016076325","5","40.1567","-76.3043","0908","08","0","0","0","0","0","0","1","0","","0","1","0","09","1","0","01","0","40 09:24.205","","00","76 18:15.497","0","0","0","0","36409","0","0","0","N","0","0","0","2","36409","0","","1","01","N","N","0","","0","0","0","3","2","","0908","0","2","0","0","0","0","0","3","0","2","N","","","","","","","","","","","","03","  ","","",""
"0318","1","0","0","0","0","0","0","0","0","7","0","","36","07","2016","2016076381","4","40.1533","-76.6645","0311","08","0","1","0","0","0","0","0","0","","0","0","0","03","2","0","00","0","40 09:12.000","","00","76 39:52.200","9","0","0","0","36237","0","0","0","N","0","0","0","2","36505","0","","4","01","N","N","0","","0","0","0","0","0","","0305","0","1","0","0","0","0","1","1","0","1","N","","","","","","","","","","","","03","  ","","",""
"1344","2","0","0","0","0","0","0","0","0","4","0","","36","07","2016","2016076403","3","40.0422","-76.3113","1342","08","0","0","0","0","0","0","0","0","","0","0","0","13","1","1","01","0","40 02:32.038","","00","76 18:40.770","4","0","0","0","36301","0","0","0","N","0","0","0","4","36301","1","","1","01","N","N","0","","0","0","0","3","2","","1340","1","2","0","0","0","0","0","3","0","2","N","","","","","","","","","","","","03","  ","","",""
"1705","1","0","0","0","0","0","0","0","0","4","0","","36","07","2016","2016076410","2","40.1558","-76.1077","1652","08","0","0","0","0","0","1","0","1","","0","0","0","16","1","0","01","0","40 09:20.808","","00","76 06:27.691","0","0","0","0","36209","0","0","0","N","0","0","0","2","36415","0","","1","01","N","N","0","","0","0","1","3","3","","1652","0","2","0","0","0","0","0","1","0","2","N","","","","","","","","","","","","03","  ","","",""
"1325","2","0","0","0","0","0","0","0","0","2","0","","36","07","2016","2016076414","3","39.9679","-76.2694","1315","08","0","0","0","1","0","0","0","0","","0","0","0","13","1","0","00","0","39 58:04.600","","00","76 16:09.700","0","0","0","0","36240","0","0","0","N","0","0","0","1","36240","0","","6","01","N","N","0","","0","0","0","0","0","","1315","0","2","0","0","0","0","0","1","0","2","N","","","","","","","","","","","","03","  ","","",""
"1706","3","0","0","0","0","0","0","0","0","4","0","","36","07","2016","2016076424","2","40.036","-76.2868","1704","08","0","1","0","1","0","0","0","0","1","0","0","0","17","1","1","01","1","40 02:09.502","2","00","76 17:12.436","8","0","0","0","36301","0","0","0","Y","0","0","0","2","36301","0","","1","09","N","Y","0","","0","0","0","0","0","Y","1704","1","3","0","0","0","1","0","3","0","3","N","","","","","","","","","","","","03","  ","","",""
"1336","3","0","0","0","0","0","0","0","0","4","0","","36","07","2016","2016076459","6","40.0512","-76.3062","1334","08","0","0","0","0","1","0","0","0","2","0","0","0","13","1","0","01","1","40 03:04.412","2","00","76 18:22.145","0","0","0","0","36301","0","0","0","N","0","0","0","2","36301","0","","1","01","N","N","0","","0","0","0","3","3","N","1333","0","3","0","0","0","0","0","3","0","3","N","","","","","","","","","","","","03","  ","","",""
"2116","0","0","0","0","0","0","0","0","0","7","0","","36","07","2016","2016076490","5","40.1025","-76.6712","2113","08","1","0","0","0","0","0","0","0","3","0","0","0","21","2","0","00","2","40 06:09.058","5","00","76 40:16.186","0","0","0","0","36207","0","0","0","N","0","0","0","1","36504","0","","4","09","N","N","1","","0","0","0","0","0","Y","2111","0","1","0","0","0","0","0","1","0","1","N","","","","","","","","","","","","07","  ","","",""
"1530","1","0","0","0","0","0","0","0","0","1","0","","36","07","2016","2016076502","6","40.0664","-76.2084","1525","08","0","0","0","0","0","1","0","0","","0","0","0","15","1","1","00","0","40 03:59.001","","00","76 12:30.219","4","0","0","0","36234","0","0","0","","0","0","0","4","36215","1","","1","01","N","","0","","0","0","2","0","0","","1520","1","3","0","0","1","0","0","1","0","3","N","","","","","","","","","","","","03","  ","","",""
"1653","2","0","0","0","0","0","0","0","0","7","0","","36","07","2016","2016076603","6","40.037","-76.2439","1650","08","0","0","0","0","0","0","0","0","","0","0","0","16","1","1","00","0","40 02:13.118","","00","76 14:38.131","3","0","0","0","36215","0","0","0","N","0","0","0","2","36215","0","","2","01","N","N","0","","1","0","0","0","0","","1647","1","2","0","0","1","0","0","1","0","2","N","","","","","","","","","","","","03","  ","","",""
"1734","1","0","0","0","0","0","0","0","0","4","0","","36","07","2016","2016076611","6","40.2884","-76.2034","1727","08","1","0","0","0","0","0","0","0","","0","0","0","17","1","0","01","0","40 17:18.254","","00","76 12:12.309","0","0","0","0","36236","0","0","0","N","0","0","0","4","36408","0","","1","01","N","N","0","","0","0","1","3","3","","1725","0","2","0","0","0","0","0","1","0","2","N","","","","","","","","","","","","03","  ","","",""
"1722","1","0","0","0","0","0","0","0","0","4","0","","36","07","2016","2016076631","5","40.1063","-76.3544","1719","08","0","0","0","0","0","1","0","0","","0","0","0","17","1","1","01","0","40 06:22.809","","00","76 21:16.002","4","0","0","0","36406","0","0","0","N","0","0","0","2","36101","1","","1","01","N","N","0","","0","0","1","3","2","","1718","1","2","0","0","0","0","0","3","0","2","N","","","","","","","","","","","","03","  ","","",""
"1746","2","0","0","0","0","0","0","0","0","4","0","","36","07","2016","2016076634","3","40.1093","-76.2501","1740","08","0","0","0","0","0","1","0","0","2","0","0","0","17","1","0","01","1","40 06:33.403","3","00","76 15:00.444","0","0","0","0","36101","0","0","0","N","0","0","0","4","36101","0","","1","01","N","N","0","","0","0","1","3","3","N","1737","0","3","0","0","0","0","0","3","0","3","N","","","","","","","","","","","","03","  ","","",""
"0717","1","0","0","0","0","0","0","0","0","4","0","","36","07","2016","2016076682","5","40.0463","-76.3029","0717","08","0","0","0","0","0","1","0","0","2","0","0","0","07","1","1","01","1","40 02:46.807","4","00","76 18:10.378","4","0","0","0","36301","0","0","0","N","0","0","0","3","36301","1","","1","01","N","N","0","","0","0","1","3","2","N","0717","1","2","0","0","0","0","0","3","0","2","N","","","","","","","","","","","","03","  ","","",""
"1718","2","0","0","0","0","0","0","0","0","4","0","","36","07","2016","2016076685","6","39.9856","-76.3148","1708","08","0","0","0","0","0","1","0","0","","0","0","0","17","1","0","00","0","39 59:08.288","","07","76 18:53.394","0","0","0","0","36228","0","0","0","N","0","0","0","2","36503","0","","1","01","N","N","0","","0","0","0","0","0","","1708","0","2","0","0","0","0","0","1","0","2","N","","","","","","","","","","","","03","  ","","",""
"1153","2","0","0","0","0","0","0","0","0","4","0","","36","07","2016","2016076686","6","40.0399","-76.3659","1144","08","0","1","0","0","0","0","0","0","","0","0","0","11","1","0","02","0","40 02:23.570","","00","76 21:57.088","0","0","0","0","36223","0","0","0","N","0","0","0","5","36223","0","","2","01","N","N","0","","0","0","0","0","0","","1143","0","2","0","0","0","0","0","1","0","2","N","","","","","","","","","","","","03","  ","","",""
"1711","1","0","0","0","0","0","0","0","0","7","0","","36","07","2016","2016076689","6","40.1419","-76.4233","1704","08","0","0","0","0","0","0","0","0","6","0","0","0","17","1","0","00","2","40 08:30.900","6","00","76 25:23.703","0","0","0","0","36230","0","0","0","N","0","0","0","1","36410","0","","4","01","N","N","0","","0","0","0","0","0","Y","1700","0","1","0","0","0","0","0","1","0","1","N","","","","","","","","","","","","03","  ","","",""
"0730","1","0","0","0","0","0","0","0","0","7","0","","36","07","2016","2016076735","7","39.9817","-76.3309","0721","08","0","0","1","0","0","0","0","0","","0","0","0","07","1","0","00","0","39 58:54.226","","00","76 19:51.213","0","0","0","0","36228","0","0","0","","0","0","0","1","36503","0","","4","01","","","0","","0","0","0","0","0","","0718","0","1","0","0","0","0","0","1","0","1","N","","","","","","","","","","","","03","  ","","",""
"1046","2","0","0","0","0","0","0","0","0","5","0","","36","07","2016","2016076747","7","39.9589","-76.2666","1036","08","0","1","0","0","0","0","0","1","2","0","0","0","10","1","0","10","1","39 57:32.063","1","00","76 15:59.661","0","0","0","0","36228","0","0","0","","0","0","0","2","36503","0","","1","01","","","0","","0","0","0","0","0","N","1036","0","2","0","0","0","0","0","1","0","2","N","","","","","","","","","","","","03","  ","","",""
"1001","1","0","0","0","0","0","0","0","0","4","0","","36","07","2016","2016076776","7","40.033","-76.506","0950","08","0","0","0","0","0","0","0","1","1","0","0","0","09","1","0","01","1","40 01:58.979","4","00","76 30:21.554","0","0","0","0","36404","0","0","0","N","0","0","0","4","36404","0","","1","01","N","N","0","","0","0","1","3","3","N","0949","0","2","0","0","0","0","0","3","0","2","N","","","","","","","","","","","","03","  ","","",""
"1630","1","0","0","0","0","0","0","0","0","1","0","","36","07","2016","2016076795","6","40.1641","-76.5557","1625","08","0","0","0","0","0","1","0","0","1","0","0","0","16","1","0","00","2","40 09:50.900","2","07","76 33:20.500","0","0","0","0","36225","0","0","0","N","0","0","0","2","36505","0","","1","01","N","N","0","","0","0","1","0","0","N","1624","0","2","0","0","0","0","0","2","0","2","N","","","","","","","","","","","","03","  ","","",""
"1714","0","0","0","0","0","0","0","0","0","1","0","","36","07","2016","2016076799","7","40.0897","-76.3804","1710","08","1","0","0","0","0","0","0","0","","0","0","0","17","1","0","00","0","40 05:22.791","","00","76 22:49.461","0","0","0","0","36214","0","0","0","N","0","0","0","3","36214","0","","1","09","N","N","2","","0","0","0","0","0","","1705","0","2","0","0","0","0","0","3","0","2","N","","","","","","","","","","","","07","  ","","",""
"1729","0","0","0","0","0","0","0","0","0","4","0","","36","07","2016","2016076848","4","40.0506","-76.2558","1724","08","0","0","0","0","0","0","1","0","2","0","0","0","17","1","1","01","2","40 03:02.339","4","02","76 15:20.958","3","0","0","0","36215","0","0","0","N","0","0","0","4","36215","0","","1","01","N","N","0","","1","0","1","3","2","N","1721","1","2","0","0","0","0","0","1","1","2","N","","","","","","","","","","","","03","  ","","",""
"1922","0","0","0","0","0","0","0","0","0","7","0","","36","07","2016","2016076855","7","40.2201","-76.0784","1919","08","0","0","0","0","0","0","0","0","","0","0","0","19","4","0","00","0","40 13:12.294","","00","76 04:42.168","0","0","0","0","36210","0","0","0","Y","0","0","0","1","36210","0","","3","09","N","N","0","","0","0","1","0","0","","1917","0","1","0","0","0","0","0","1","0","1","N","","","","","","","","","","","","07","  ","","",""
"1509","0","0","0","0","0","0","0","0","0","4","0","","36","07","2016","2016076858","5","40.0458","-76.2691","1503","08","0","0","0","0","0","0","0","0","","0","0","0","15","1","1","00","0","40 02:44.875","","07","76 16:08.673","8","0","0","1","36215","0","0","0","N","0","0","0","3","36215","0","","1","01","N","N","0","","0","0","1","0","0","","1502","1","2","0","0","0","1","0","1","0","2","N","","","","","","","","","","","","03","  ","","",""
"0632","0","0","0","0","0","0","0","0","0","7","0","","36","07","2016","2016076887","3","40.1744","-76.5543","0626","08","0","0","0","0","0","0","0","0","","0","0","0","05","5","0","00","0","40 10:27.753","","00","76 33:15.392","0","0","0","0","36225","0","0","0","N","0","0","0","1","36505","0","","4","01","N","N","0","","0","0","1","0","0","","0530","0","1","0","0","0","0","0","2","0","1","N","","","","","","","","","","","","05","  ","","",""
"1711","1","0","1","0","0","0","0","0","0","4","0","","36","07","2016","2016076900","7","40.0385","-76.1776","1706","08","0","0","0","0","0","1","0","0","1","0","0","0","17","1","1","00","1","40 02:18.625","6","07","76 10:39.301","2","0","0","0","36215","0","0","0","N","0","0","0","9","36215","0","","1","09","N","N","0","","0","1","1","0","0","Y","1706","1","2","0","0","0","0","0","1","0","2","N","","","","","","","","","","","","07","  ","","",""
"0452","2","0","0","0","0","0","0","0","0","1","0","","36","04","2016","2016076907","5","40.0283","-76.4966","0443","08","0","0","0","0","0","0","0","0","","0","0","0","04","3","0","00","0","40 01:41.826","","00","76 29:47.774","0","0","0","0","36404","0","0","0","N","0","0","0","1","36404","0","","6","01","N","N","0","","0","0","1","0","0","","0443","0","3","0","0","0","0","0","3","0","3","N","","","","","","","","","","","","03","  ","","",""
"1610","1","0","0","0","0","0","0","0","0","1","0","","36","07","2016","2016076914","6","40.0648","-76.2837","1559","08","0","0","0","0","0","1","0","0","2","0","0","0","15","1","0","00","1","40 03:53.420","4","00","76 17:01.441","0","0","0","0","36101","0","0","0","N","0","0","0","3","36101","0","","1","01","N","N","0","","0","0","1","0","0","N","1549","0","2","0","0","0","0","0","3","0","2","N","","","","","","","","","","","","03","  ","","",""
"0557","1","0","0","0","0","0","0","0","0","7","0","","36","07","2016","2016076918","1","40.0867","-76.0881","0552","08","0","0","0","0","0","0","0","0","1","0","0","0","05","5","0","00","2","40 05:12.100","5","00","76 05:17.000","0","0","0","0","36209","0","0","0","N","0","0","0","1","36415","0","","4","01","N","N","0","","0","0","0","0","0","N","0550","0","1","0","0","0","0","0","1","0","1","N","","","","","","","","","","","","03","  ","","",""
"1710","1","0","0","0","0","0","0","0","0","1","0","","36","07","2016","2016076934","3","40.0829","-76.2911","1704","08","0","0","0","0","0","1","0","0","","0","0","0","17","1","1","00","0","40 04:58.285","","00","76 17:27.901","8","0","0","0","36101","0","0","0","N","0","0","0","5","36101","0","","1","01","N","N","0","","0","0","2","0","0","","1701","1","3","0","0","0","1","0","3","0","3","N","","","","","","","","","","","","03","  ","","",""
"0930","1","0","0","1","1","0","0","0","0","1","0","90","36","07","2016","2016076944","6","40.1398","-76.2109","0925","08","0","0","1","0","0","0","0","0","4","1","0","0","09","1","0","00","1","40 08:23.401","5","00","76 12:39.151","1","0","0","0","36238","1","1","0","N","0","0","0","2","36238","0","2","2","01","N","N","0","0","0","0","0","0","0","Y","0925","0","2","0","0","0","0","0","3","0","1","Y","8","1","N","","","N","","","","","","03","  ","","",""
"1319","2","0","0","0","0","0","0","0","0","5","0","","36","07","2016","2016076960","6","40.0488","-76.3097","1246","08","0","0","0","1","0","1","0","0","","0","0","0","12","1","0","00","0","40 02:55.613","","00","76 18:34.924","0","0","0","0","36301","0","0","0","N","0","0","0","2","36301","0","","1","01","N","N","0","","0","0","0","0","0","","1245","0","2","0","0","0","0","0","3","0","2","N","","","","","","","","","","","","03","  ","","",""
"2359","0","0","0","0","0","0","0","0","0","7","0","","36","07","2016","2016076992","7","40.0554","-76.2789","2357","08","0","0","0","0","0","0","0","0","2","0","0","0","23","2","0","00","2","40 03:19.267","5","00","76 16:43.916","0","0","0","0","36301","0","0","0","N","0","0","0","1","36301","0","","4","09","N","N","0","","0","0","1","0","0","Y","2357","0","1","0","0","0","0","0","3","0","1","N","","","","","","","","","","","","03","  ","","",""
"1331","2","0","0","0","0","0","0","0","0","4","0","","36","07","2016","2016076999","1","40.0791","-76.3465","1327","08","0","0","0","0","0","0","0","0","3","0","0","0","13","1","3","02","2","40 04:45.132","2","00","76 20:47.361","4","0","0","0","36101","0","0","0","N","0","0","0","4","36101","3","","1","01","N","N","0","","0","0","0","0","0","N","1317","3","2","0","0","1","0","0","3","0","2","N","","","","","","","","","","","","03","  ","","",""
"1632","2","0","0","0","0","0","0","0","0","1","0","","36","07","2016","2016077026","1","40.1059","-76.0254","1629","08","0","0","0","0","0","0","0","0","2","0","0","0","16","1","0","01","1","40 06:21.120","1","00","76 01:31.461","0","0","0","0","36213","0","0","0","N","0","0","0","2","36213","0","","1","01","N","N","0","","0","0","0","0","0","Y","1625","0","2","0","0","0","0","0","1","0","2","N","","","","","","","","","","","","03","  ","","",""
"2029","2","0","0","0","0","0","0","0","0","4","0","","36","07","2016","2016077034","1","40.0425","-76.3086","2025","08","0","0","0","0","0","1","0","0","","0","0","0","20","1","0","01","0","40 02:33.169","","00","76 18:31.085","0","0","0","0","36301","0","0","0","N","0","0","0","3","36301","0","","1","01","N","N","0","","0","0","0","9","2","","2025","0","2","0","0","0","0","0","3","0","2","N","","","","","","","","","","","","03","  ","","",""
"2338","1","0","0","0","0","0","0","0","0","7","0","","36","07","2016","2016077043","7","40.0083","-76.316","2332","08","0","0","0","0","0","0","0","0","2","0","0","0","23","2","0","00","2","40 00:29.891","6","00","76 18:57.441","0","0","0","0","36220","0","0","0","N","0","0","0","1","36101","0","","4","09","N","N","0","","0","0","0","0","0","Y","2329","0","1","0","0","0","0","0","3","0","1","N","","","","","","","","","","","","07","  ","","",""
"2257","1","0","0","0","0","0","0","0","0","7","0","","36","07","2016","2016077050","6","40.2107","-76.1788","2250","08","1","0","0","0","0","0","0","0","2","0","0","0","22","2","0","00","2","40 12:38.482","6","00","76 10:43.679","0","0","0","0","36236","0","0","0","N","0","0","0","1","36408","0","","4","01","N","N","0","","0","0","0","0","0","Y","2248","0","1","0","0","0","0","0","1","0","1","N","","","","","","","","","","","","03","  ","","",""
"2343","1","0","0","0","0","0","0","0","0","7","0","","36","07","2016","2016077051","6","40.1859","-76.5183","2333","08","0","0","0","0","0","1","0","0","","0","0","0","23","2","0","02","0","40 11:09.282","","00","76 31:05.868","0","0","0","0","36225","0","0","0","N","0","0","0","1","36505","0","","4","01","N","N","0","","0","0","0","3","3","","2320","0","1","0","0","0","0","0","2","0","1","N","","","","","","","","","","","","03","  ","","",""
"1848","0","0","0","0","0","0","0","0","0","5","0","","36","07","2016","2016077054","7","40.0695","-76.3311","1844","08","0","0","0","0","0","0","0","0","2","0","0","0","18","1","1","01","1","40 04:10.252","1","00","76 19:52.061","4","0","0","0","36101","0","0","0","Y","0","0","0","6","36101","1","","1","09","N","N","0","","0","0","2","3","2","N","1842","1","3","0","0","0","0","0","3","1","3","N","","","","","","","","","","","","07","  ","","",""
"0348","0","0","0","0","0","0","0","0","0","7","0","","36","07","2016","2016077057","1","40.1003","-76.3511","0346","08","0","0","0","0","0","1","0","0","5","0","0","0","03","3","0","00","2","40 06:01.054","6","00","76 21:04.133","0","0","0","0","36406","0","0","0","N","0","0","0","1","36101","0","","5","01","N","N","0","","0","0","1","0","0","Y","0345","0","1","0","0","0","0","0","3","0","1","N","","","","","","","","","","","","03","  ","","",""
"0757","2","0","0","0","0","0","0","0","0","4","0","","36","08","2016","2016077089","2","40.0578","-76.3059","0753","08","0","0","0","0","1","0","0","0","2","0","0","0","07","1","1","00","1","40 03:28.182","1","07","76 18:21.230","4","0","0","0","36101","0","0","0","N","0","0","0","2","36101","1","","1","01","N","N","0","","0","0","0","0","0","N","0752","1","2","0","0","0","0","0","3","0","2","N","","","","","","","","","","","","03","  ","","",""
"0708","1","0","0","0","0","0","0","0","0","0","0","","36","08","2016","2016077109","2","40.1242","-76.2211","0705","08","0","0","0","0","0","0","0","0","","0","0","0","07","1","0","00","0","40 07:27.193","","00","76 13:15.989","0","0","0","0","36238","0","0","0","N","0","0","0","1","36238","0","","1","01","N","N","0","","0","0","0","0","0","","0700","0","1","0","0","0","0","0","3","0","1","N","","","","","","","","","","","","03","  ","","",""
"0819","1","0","0","0","0","0","0","0","0","1","0","","36","08","2016","2016077113","2","40.1022","-76.3596","0815","08","0","0","0","0","0","1","0","0","","0","0","0","08","1","0","00","0","40 06:07.945","","00","76 21:34.672","0","0","0","0","36406","0","0","0","N","0","0","0","4","36101","0","","6","01","N","N","0","","0","0","0","0","0","","0811","0","2","0","0","0","0","0","3","1","2","N","","","","","","","","","","","","03","  ","","",""
"1535","1","0","0","0","0","0","0","0","0","6","1","","36","07","2016","2016077114","6","","","1531","08","0","0","0","0","0","0","0","0","","0","1","0","15","1","1","00","0","","","00","","3","0","0","0","36238","0","0","0","N","0","0","0","2","36238","0","","1","01","N","N","0","","1","0","0","0","0","","1530","1","2","0","0","0","0","0","3","0","2","N","","","","","","","","","","","","03","  ","","",""
"1224","0","0","0","0","0","0","0","0","0","0","0","","36","08","2016","2016077220","2","40.0556","-76.3692","1218","08","0","0","0","0","0","0","0","0","2","0","0","0","12","1","0","00","1","40 03:20.046","4","00","76 22:09.252","0","0","0","0","36214","0","0","0","N","0","0","0","3","36214","0","","1","01","N","N","0","","0","0","0","0","0","N","1215","0","1","0","0","0","0","0","3","1","1","N","","","","","","","","","","","","03","  ","","",""
"1531","1","0","0","0","0","0","0","0","0","7","0","","36","08","2016","2016077245","2","40.1067","-76.2497","1523","08","0","0","0","0","0","0","0","0","","0","0","0","15","1","0","00","0","40 06:24.216","","00","76 14:58.978","0","0","0","0","36101","0","0","0","N","0","0","0","1","36101","0","","4","09","N","N","0","","0","0","0","0","0","","1515","0","1","0","0","0","0","0","3","0","1","N","","","","","","","","","","","","07","  ","","",""