"ARRIVAL_TM","AUTOMOBILE_COUNT","BELTED_DEATH_COUNT","BELTED_SUSP_SERIOUS_INJ_COUNT","BICYCLE_COUNT","BICYCLE_DEATH_COUNT","BICYCLE_SUSP_SERIOUS_INJ_COUNT","BUS_COUNT","CHLDPAS_DEATH_COUNT","CHLDPAS_SUSP_SERIOUS_INJ_COUNT","COLLISION_TYPE","COMM_VEH_COUNT","CONS_ZONE_SPD_LIM","COUNTY","CRASH_MONTH","CRASH_YEAR","CRN","DAY_OF_WEEK","DEC_LAT","DEC_LONG","DISPATCH_TM","DISTRICT","DRIVER_COUNT_16YR","DRIVER_COUNT_17YR","DRIVER_COUNT_18YR","DRIVER_COUNT_19YR","DRIVER_COUNT_20YR","DRIVER_COUNT_50_64YR","DRIVER_COUNT_65_74YR","DRIVER_COUNT_75PLUS","EST_HRS_CLOSED","FATAL_COUNT","HEAVY_TRUCK_COUNT","HORSE_BUGGY_COUNT","HOUR_OF_DAY","ILLUMINATION","INJURY_COUNT","INTERSECT_TYPE","LANE_CLOSED","LATITUDE","LN_CLOSE_DIR","LOCATION_TYPE","LONGITUDE","MAX_SEVERITY_LEVEL","MCYCLE_DEATH_COUNT","MCYCLE_SUSP_SERIOUS_INJ_COUNT","MOTORCYCLE_COUNT","MUNICIPALITY","NONMOTR_COUNT","NONMOTR_DEATH_COUNT","NONMOTR_SUSP_SERIOUS_INJ_COUNT","NTFY_HIWY_MAINT","PED_COUNT","PED_DEATH_COUNT","PED_SUSP_SERIOUS_INJ_COUNT","PERSON_COUNT","POLICE_AGCY","POSSIBLE_INJ_COUNT","RDWY_SURF_TYPE_CD","RELATION_TO_ROAD","ROAD_CONDITION","SCH_BUS_IND","SCH_ZONE_IND","SMALL_TRUCK_COUNT","SPEC_JURIS_CD","SUSP_MINOR_INJ_COUNT","SUSP_SERIOUS_INJ_COUNT","SUV_COUNT","TCD_FUNC_CD","TCD_TYPE","TFC_DETOUR_IND","TIME_OF_DAY","TOT_INJ_COUNT","TOTAL_UNITS","UNB_DEATH_COUNT","UNB_SUSP_SERIOUS_INJ_COUNT","UNBELTED_OCC_COUNT","UNK_INJ_DEG_COUNT","UNK_INJ_PER_COUNT","URBAN_RURAL","VAN_COUNT","VEHICLE_COUNT","WORK_ZONE_IND","WORK_ZONE_LOC","WORK_ZONE_TYPE","WORKERS_PRES","WZ_CLOSE_DETOUR","WZ_FLAGGER","WZ_LAW_OFFCR_IND","WZ_LN_CLOSURE","WZ_MOVING","WZ_OTHER","WZ_SHLDER_MDN","ROADWAY_CLEARED","WEATHER1","WEATHER2","WZ_WORKERS_INJ_KILLED","SECONDARY_CRASH","INTERSECTION_RELATED"
"2255","2","0","0","0","0","0","0","0","0","4","0","","36","07","2016","2016077507","7","40.0346","-76.3072","2255","08","0","0","0","0","0","0","0","0","2","0","0","0","22","3","1","01","2","40 02:04.495","2","00","76 18:25.758","4","0","0","0","36301","0","0","0","N","0","0","0","2","36301","1","","1","01","N","N","0","","0","0","1","3","3","Y","2255","1","3","0","0","0","0","0","3","0","3","N","","","","","","","","","","","","03","  ","","",""
"1710","1","0","0","0","0","0","0","0","0","4","0","","36","07","2016","2016077522","1","40.1693","-76.1901","1704","08","0","0","0","0","0","0","1","0","","0","0","0","17","1","1","02","0","40 10:09.541","","00","76 11:24.356","3","0","0","0","36408","0","0","0","N","0","0","0","2","36408","0","","1","01","N","N","1","","1","0","0","3","3","","1702","1","2","0","0","0","0","0","2","0","2","N","","","","","","","","","","","","03","  ","","",""
"1833","2","0","0","0","0","0","0","0","0","1","0","","36","07","2016","2016077528","1","40.1678","-76.166","1830","08","0","0","1","0","0","0","0","0","","0","0","0","18","1","0","00","0","40 10:04.178","","00","76 09:57.491","0","0","0","0","36408","0","0","0","N","0","0","0","2","36408","0","","1","01","N","N","0","","0","0","0","0","0","","1828","0","2","0","0","0","0","0","2","0","2","N","","","","","","","","","","","","03","  ","","",""
"0458","1","0","0","0","0","0","0","0","0","7","0","","36","08","2016","2016077537","2","40.1691","-76.1743","0455","08","0","0","0","0","0","0","0","0","1","0","0","0","04","3","0","00","1","40 10:08.669","3","00","76 10:27.338","0","0","0","0","36408","0","0","0","N","0","0","0","1","36408","0","","2","01","N","N","0","","0","0","0","0","0","N","0451","0","1","0","0","0","0","0","2","0","1","N","","","","","","","","","","","","03","  ","","",""
"0224","2","0","0","0","0","0","0","0","0","4","0","","36","07","2016","2016077539","7","40.0361","-76.3075","0223","08","0","0","0","0","0","0","0","0","","0","0","0","02","3","1","01","0","40 02:10.108","","00","76 18:26.883","8","0","0","0","36301","0","0","0","N","0","0","0","1","36301","0","","1","01","N","N","0","","0","0","0","3","2","","0223","1","2","0","0","1","1","0","3","0","2","N","","","","","","","","","","","","03","  ","","",""
"2345","0","0","0","0","0","0","0","0","0","7","0","","36","08","2016","2016077562","2","40.0771","-76.3278","2339","08","1","0","0","0","0","0","0","0","","0","0","0","23","3","0","00","0","40 04:37.614","","00","76 19:40.075","0","0","0","0","36101","0","0","0","N","0","0","0","2","36101","0","","4","09","N","N","1","","0","0","0","0","0","","2321","0","1","0","0","2","0","0","3","0","1","N","","","","","","","","","","","","07","  ","","",""
"0657","1","0","0","0","0","0","0","0","0","7","0","","36","07","2016","2016077573","5","40.0597","-76.2012","0655","08","0","0","0","0","0","0","0","0","","0","0","0","06","1","0","00","0","40 03:35.000","","00","76 12:04.300","0","0","0","0","36234","0","0","0","N","0","0","0","2","36215","0","","5","01","N","N","0","","0","0","0","0","0","","0655","0","1","0","0","0","0","0","1","0","1","N","","","","","","","","","","","","03","  ","","",""
"2034","0","0","0","0","0","0","0","0","0","8","0","","36","04","2016","2016077666","7","40.0374","-76.4076","2029","08","0","0","0","0","0","1","0","0","4","1","0","0","20","2","2","00","2","40 02:14.577","6","00","76 24:27.514","1","0","0","1","36223","1","1","0","","1","1","0","3","36223","0","2","1","01","N","N","0","0","2","0","0","0","0","Y","2024","2","2","0","0","0","0","0","1","0","1","N","","","","","","","","","","","","03","  ","","",""
"0754","1","0","0","0","0","0","0","0","0","4","1","","36","08","2016","2016077694","3","40.1","-76.3541","0753","08","0","0","0","0","0","1","0","0","","0","1","0","07","1","0","01","0","40 06:00.025","","00","76 21:14.898","0","0","0","0","36406","0","0","0","N","0","0","0","2","36101","0","","1","01","N","N","0","","0","0","0","3","2","","0751","0","2","0","0","0","0","0","3","0","2","N","","","","","","","","","","","","03","  ","","",""
"1428","1","0","0","0","0","0","0","0","0","7","0","","36","08","2016","2016077696","2","40.2151","-76.1195","1424","08","0","0","0","0","0","0","0","0","","0","0","0","14","1","1","00","0","40 12:54.200","","00","76 07:10.200","4","0","0","0","36210","0","0","0","N","0","0","0","1","36210","1","","2","09","N","N","0","","0","0","0","0","0","","1422","1","1","0","0","0","0","0","1","0","1","N","","","","","","","","","","","","03","  ","","",""
"1159","1","0","0","0","0","0","0","0","0","4","0","","36","08","2016","2016077697","2","40.1165","-76.4502","1152","08","0","0","0","0","0","0","0","0","1","0","0","0","11","1","1","01","1","40 06:59.474","2","02","76 27:00.561","4","0","0","0","36230","0","0","0","N","0","0","0","2","36410","1","","1","01","N","N","1","","0","0","0","0","0","N","1150","1","2","0","0","0","0","0","1","0","2","N","","","","","","","","","","","","03","  ","","",""
"1136","1","0","0","0","0","0","0","0","0","7","0","","36","08","2016","2016077772","3","40.1808","-76.4796","1123","08","0","0","0","0","0","0","0","0","3","0","0","0","11","1","0","00","2","40 10:50.880","6","00","76 28:46.733","0","0","0","0","36230","0","0","0","N","0","0","0","2","36410","0","","4","01","N","N","0","","0","0","0","0","0","Y","1123","0","1","0","0","0","0","0","1","0","1","N","","","","","","","","","","","","03","  ","","",""
"1512","0","0","0","0","0","0","0","0","0","1","1","","36","08","2016","2016077775","2","40.0153","-76.1567","1504","08","0","0","0","0","0","1","0","0","1","0","1","0","15","1","1","00","2","40 00:55.145","4","00","76 09:24.023","4","0","0","0","36215","0","0","0","N","0","0","0","2","36215","1","","1","01","N","N","1","","0","0","0","0","0","N","1500","1","2","0","0","0","0","0","1","0","2","N","","","","","","","","","","","","03","  ","","",""
"1832","2","0","0","0","0","0","0","0","0","1","0","","36","08","2016","2016077783","2","40.0432","-76.3014","1829","08","0","0","0","0","0","0","0","0","2","0","0","0","17","1","0","00","1","40 02:35.600","4","00","76 18:04.900","0","0","0","0","36301","0","0","0","N","0","0","0","2","36301","0","","1","01","N","N","0","","0","0","0","0","0","Y","1746","0","2","0","0","0","0","0","3","0","2","N","","","","","","","","","","","","03","  ","","",""
"0241","1","0","0","0","0","0","0","0","0","1","0","","36","07","2016","2016077787","7","40.0414","-76.3202","0226","08","0","0","0","0","0","0","0","0","2","0","0","0","02","3","1","00","2","40 02:29.100","7","00","76 19:12.600","3","0","0","1","36301","0","0","0","N","0","0","0","1","36301","0","","6","01","N","N","0","","1","0","0","0","0","Y","0226","1","2","0","0","0","0","0","3","0","2","N","","","","","","","","","","","","03","  ","","",""
"1522","1","0","0","0","0","0","0","0","0","4","0","","36","08","2016","2016077788","3","40.0442","-76.2921","1521","08","0","0","0","0","0","1","0","0","","0","0","0","15","1","1","01","0","40 02:39.012","","00","76 17:31.596","3","0","0","0","36301","0","0","0","N","0","0","0","3","36301","0","","1","01","N","N","0","","1","0","1","3","2","","1519","1","2","0","0","1","0","0","3","0","2","N","","","","","","","","","","","","03","  ","","",""
"0038","1","0","0","0","0","0","0","0","0","7","0","","36","05","2016","2016077816","2","40.1337","-75.9597","0014","08","0","0","0","0","0","0","0","0","2","0","0","0","00","2","0","00","1","40 08:01.491","4","00","75 57:34.931","0","0","0","0","36203","0","0","0","","0","0","0","1","68J01","0","","4","09","N","N","0","","0","0","0","0","0","N","0014","0","1","0","0","0","0","0","1","0","1","N","","","","","","","","","","","","07","  ","","",""
"2131","0","0","0","0","0","0","0","0","0","7","0","","36","06","2016","2016077818","5","39.9134","-76.311","2123","08","0","0","0","0","0","0","0","0","3","0","0","0","21","2","1","00","2","39 54:48.329","7","00","76 18:39.562","8","0","0","0","36224","0","0","0","","0","0","0","1","68J01","0","","4","01","N","N","1","","0","0","0","0","0","Y","2119","1","1","0","0","0","1","0","1","0","1","N","","","","","","","","","","","","03","  ","","",""
"0923","0","0","0","0","0","0","0","0","0","4","0","","36","06","2016","2016077826","4","39.8565","-76.0774","0905","08","0","0","0","0","0","1","0","0","","0","0","1","09","1","0","01","0","39 51:23.571","","00","76 04:38.721","0","0","0","0","36205","1","0","0","","0","0","0","2","68J01","0","","1","01","N","N","1","","0","0","0","3","3","","0903","0","2","0","0","1","0","0","1","0","1","N","","","","","","","","","","","","03","  ","","",""
"0845","1","0","0","0","0","0","0","0","0","7","0","","36","07","2016","2016077827","7","40.0726","-75.9474","0813","08","0","0","0","0","0","0","0","0","","0","0","0","08","5","0","00","0","40 04:21.460","","03","75 56:50.460","0","0","0","0","36232","0","0","0","","0","0","0","1","68J01","0","","2","01","N","N","0","","0","0","0","0","0","","0809","0","1","0","0","0","0","0","1","0","1","N","","","","","","","","","","","","03","  ","","",""
"0904","1","0","0","0","0","0","0","0","0","7","0","","36","07","2016","2016077833","5","40.1373","-75.9762","0813","08","0","0","0","0","0","1","0","0","","0","0","0","08","1","0","00","0","40 08:14.353","","00","75 58:34.438","0","0","0","0","36203","0","0","0","","0","0","0","1","68J01","0","","4","01","N","N","0","","0","0","0","0","0","","0810","0","1","0","0","0","0","0","1","0","1","N","","","","","","","","","","","","03","  ","","",""
"2330","0","0","0","0","0","0","0","0","0","7","0","","36","07","2016","2016077858","6","40.0077","-76.1189","2323","08","0","0","0","0","0","0","0","0","2","0","0","0","23","2","4","02","1","40 00:27.850","3","03","76 07:07.883","3","0","0","0","36226","0","0","0","","0","0","0","4","68J01","0","","4","01","N","N","0","","1","0","1","0","0","N","2315","4","1","0","0","0","3","0","1","0","1","N","","","","","","","","","","","","03","  ","","",""
"0837","2","0","0","0","0","0","0","0","0","1","0","","36","07","2016","2016077883","5","40.1609","-76.1438","0828","08","0","0","0","0","0","1","0","0","","0","0","0","08","1","0","00","0","40 09:39.253","","00","76 08:37.528","0","0","0","0","36238","0","0","0","N","0","0","0","2","36238","0","","1","01","N","N","0","","0","0","0","0","0","","0818","0","2","0","0","0","0","0","3","0","2","N","","","","","","","","","","","","03","  ","","",""
"1018","0","0","0","0","0","0","0","0","0","6","0","","36","06","2016","2016077888","4","39.971","-76.0617","0952","08","0","0","0","0","0","1","0","0","","0","0","0","09","1","0","00","0","39 58:15.680","","00","76 03:41.970","0","0","0","0","36231","0","0","0","","0","0","0","3","68J01","0","","1","01","N","N","1","","0","0","0","0","0","","0941","0","2","0","0","0","0","0","1","1","2","N","","","","","","","","","","","","03","  ","","",""
"1754","0","0","0","0","0","0","0","0","0","0","0","","36","06","2016","2016077891","1","40.0344","-76.0209","1744","08","0","0","0","0","0","0","0","0","1","0","0","0","17","1","1","03","1","40 02:03.816","3","07","76 01:15.292","8","0","0","1","36232","0","0","0","","0","0","0","1","68J01","0","","1","01","N","N","0","","0","0","0","0","0","N","1734","1","1","0","0","0","1","0","1","0","1","N","","","","","","","","","","","","03","  ","","",""
"2333","1","0","0","0","0","0","0","0","0","9","0","","36","06","2016","2016077896","7","39.9622","-75.9886","2319","08","0","0","0","0","0","0","0","0","","0","0","0","23","2","0","00","0","39 57:43.914","","00","75 59:18.844","0","0","0","0","36231","0","0","0","","0","0","0","1","68J01","0","","1","01","N","N","0","","0","0","0","0","0","","2313","0","1","0","0","0","0","0","1","0","1","N","","","","","","","","","","","","03","  ","","",""
"1005","0","0","0","0","0","0","0","0","0","7","0","","36","07","2016","2016077899","1","39.9795","-76.0063","0948","08","0","0","0","0","0","0","0","0","","0","0","0","09","1","1","00","0","39 58:46.340","","00","76 00:22.518","3","0","0","0","36231","0","0","0","","0","0","0","1","68J01","0","","4","01","N","N","0","","1","0","1","0","0","","0946","1","1","0","0","0","0","0","1","0","1","N","","","","","","","","","","","","03","  ","","",""
"1319","2","0","0","0","0","0","0","0","0","1","0","","36","07","2016","2016077900","7","40.1417","-75.9374","1304","08","0","0","0","0","0","2","0","0","","0","0","0","13","1","1","02","0","40 08:29.956","","00","75 56:14.538","3","0","0","0","36203","0","0","0","","0","0","0","2","68J01","0","","1","01","N","N","0","","1","0","0","0","0","","1302","1","2","0","0","0","0","0","1","0","2","N","","","","","","","","","","","","03","  ","","",""
"2233","1","0","0","0","0","0","0","0","0","7","0","","36","07","2016","2016077906","7","39.8877","-76.2421","2224","08","0","0","0","0","0","0","0","0","2","0","0","0","22","2","0","00","2","39 53:15.691","6","00","76 14:31.565","0","0","0","0","36229","0","0","0","","0","0","0","1","68J01","0","","4","01","N","N","0","","0","0","0","0","0","Y","2224","0","1","0","0","0","0","0","1","0","1","N","","","","","","","","","","","","03","  ","","",""
"0001","1","0","0","0","0","0","0","0","0","0","0","","36","07","2016","2016077918","3","40.2285","-76.3601","2351","08","0","0","0","1","0","0","0","0","","0","0","0","23","2","0","00","0","40 13:42.587","","00","76 21:33.758","0","0","0","0","36227","0","0","0","","0","0","0","1","68T06","0","","1","01","N","N","0","","0","0","0","0","0","","2345","0","1","0","0","0","0","0","1","0","1","N","","","","","","","","","","","","03","  ","","",""
"1753","1","0","0","0","0","0","0","0","0","6","0","","36","07","2016","2016077919","4","39.9949","-76.2043","1738","08","0","0","0","1","0","0","0","0","1","0","0","0","17","1","0","00","1","39 59:41.590","3","03","76 12:15.430","0","0","0","0","36240","0","0","0","","0","0","0","2","68J01","0","","1","01","N","N","0","","0","0","1","0","0","N","1735","0","2","0","0","0","0","0","1","0","2","N","","","","","","","","","","","","03","  ","","",""
"1720","0","0","0","0","0","0","0","0","0","7","0","","36","07","2016","2016077927","7","40.2272","-76.1119","1700","08","0","0","0","0","0","0","0","0","","0","0","0","17","1","0","00","0","40 13:37.692","","00","76 06:42.667","0","0","0","0","36210","0","0","0","","0","0","0","1","68T06","0","","4","09","N","N","0","","0","0","1","0","0","","1700","0","1","0","0","0","0","0","1","0","1","N","","","","","","","","","","","","07","  ","","",""
"2125","1","0","0","0","0","0","0","0","0","4","0","","36","08","2016","2016077977","3","40.0939","-76.1141","2120","08","0","1","0","0","1","0","0","0","","0","0","0","21","3","0","00","0","40 05:38.078","","07","76 06:50.747","0","0","0","0","36209","0","0","0","N","0","0","0","2","36415","0","","1","01","N","N","1","","0","0","0","0","0","","2120","0","2","0","0","1","0","0","1","0","2","N","","","","","","","","","","","","03","  ","","",""
"1701","1","0","0","0","0","0","0","0","0","7","0","","36","07","2016","2016077981","7","40.0169","-76.2081","1648","08","0","0","1","0","0","0","0","0","1","0","0","0","16","1","0","00","1","40 01:00.848","3","00","76 12:29.198","0","0","0","0","36215","0","0","0","N","0","0","0","2","36215","0","","2","09","N","N","0","","0","0","0","0","0","N","1640","0","1","0","0","0","0","0","1","0","1","N","","","","","","","","","","","","07","  ","","",""
"1946","1","0","0","0","0","0","0","0","0","4","0","","36","08","2016","2016078000","3","39.9841","-76.2913","1940","08","0","0","0","0","0","1","0","0","","0","0","0","19","4","0","01","0","39 59:02.813","","00","76 17:28.847","0","0","0","0","36228","0","0","0","N","0","0","0","4","36503","0","","1","09","N","N","1","","0","0","0","3","2","","1934","0","2","0","0","0","0","0","1","0","2","N","","","","","","","","","","","","07","  ","","",""
"1703","0","0","0","0","0","0","1","0","0","4","1","","36","07","2016","2016078001","4","40.0631","-76.1569","1658","08","0","0","0","0","0","2","0","0","3","0","0","0","16","1","10","01","2","40 03:47.143","6","00","76 09:24.928","2","0","0","0","36234","0","0","0","N","0","0","0","16","36215","0","","1","01","N","N","0","","0","1","0","3","3","Y","1655","10","2","0","0","0","9","3","1","1","2","N","","","","","","","","","","","","03","  ","","",""
"1550","1","0","0","0","0","0","0","0","0","4","0","","36","07","2016","2016078063","5","40.016","-76.3061","1543","08","0","0","0","0","0","0","0","0","","0","0","0","15","1","1","02","0","40 00:57.640","","00","76 18:21.983","8","0","0","0","36220","0","0","0","N","0","0","0","3","36101","0","","1","09","N","N","0","","0","0","1","3","3","","1543","1","2","0","0","0","1","0","3","0","2","N","","","","","","","","","","","","07","  ","","",""
"1724","1","0","0","0","0","0","0","0","0","7","0","","36","07","2016","2016078067","7","40.1692","-76.2002","1720","08","0","0","0","0","0","1","0","0","1","0","0","0","17","1","0","00","1","40 10:09.190","4","00","76 12:00.801","0","0","0","0","36218","0","0","0","N","0","0","0","1","36408","0","","2","01","N","N","0","","0","0","0","0","0","N","1717","0","1","0","0","0","0","0","1","0","1","N","","","","","","","","","","","","03","  ","","",""
"0804","0","0","0","0","0","0","0","0","0","1","0","","36","08","2016","2016078081","4","40.0563","-76.3678","0800","08","0","0","0","0","0","1","0","0","","0","0","0","07","1","0","00","0","40 03:22.841","","00","76 22:04.033","0","0","0","0","36214","0","0","0","N","0","0","0","3","36214","0","","1","01","N","N","0","","0","0","2","0","0","","0755","0","2","0","0","0","0","0","3","0","2","N","","","","","","","","","","","","03","  ","","",""
"2244","1","0","0","0","0","0","0","0","0","0","0","","36","06","2016","2016078086","4","40.1075","-76.2011","2239","08","0","0","1","0","0","0","0","0","","0","0","0","22","2","2","00","0","40 06:26.907","","00","76 12:03.899","3","0","0","0","36238","0","0","0","N","0","0","0","3","36238","1","","4","01","N","N","0","","1","0","0","0","0","","2239","2","1","0","0","0","0","0","3","0","1","N","","","","","","","","","","","","03","  ","","",""
"0643","1","0","0","0","0","0","0","0","0","7","0","","36","08","2016","2016078094","4","40.0355","-76.5248","0636","08","0","0","0","0","0","0","0","0","2","0","0","0","06","1","0","00","1","40 02:07.640","4","03","76 31:29.421","0","0","0","0","36239","0","0","0","N","0","0","0","1","36239","0","","2","01","N","N","0","","0","0","0","0","0","N","0636","0","1","0","0","0","0","0","3","0","1","N","","","","","","","","","","","","03","  ","","",""
"1450","1","0","0","0","0","0","0","0","0","4","0","","36","07","2016","2016078153","6","40.0792","-76.3465","1450","08","0","0","0","0","0","0","0","0","2","0","0","0","14","1","0","02","1","40 04:44.998","1","02","76 20:47.326","0","0","0","0","36101","0","0","0","N","0","0","0","2","36101","0","","1","01","N","N","0","","0","0","0","0","0","N","1440","0","2","0","0","0","0","0","3","1","2","N","","","","","","","","","","","","03","  ","","",""
"2052","1","0","0","0","0","0","0","0","0","4","0","","36","07","2016","2016078155","1","40.0384","-76.3013","2049","08","0","0","0","0","0","1","0","0","1","0","0","0","20","4","0","01","1","40 02:18.358","3","00","76 18:04.767","0","0","0","0","36301","0","0","0","N","0","0","0","3","36301","0","","1","01","N","N","0","","0","0","0","3","2","N","2049","0","2","0","0","0","0","0","3","1","2","N","","","","","","","","","","","","03","  ","","",""
"1834","1","0","0","0","0","0","0","0","0","1","0","","36","08","2016","2016078177","3","40.1758","-76.3088","1827","08","0","0","0","0","0","1","0","0","2","0","0","0","18","1","1","00","1","40 10:32.768","5","00","76 18:31.673","8","0","0","0","36235","0","0","0","","0","0","0","2","36506","0","","1","09","N","N","0","","0","0","1","0","0","N","1827","1","2","0","0","0","1","0","1","0","2","N","","","","","","","","","","","","03","  ","","",""
"1900","0","0","0","0","0","0","0","0","0","1","0","","36","08","2016","2016078321","4","40.024","-76.2001","1859","08","0","0","0","0","0","1","1","0","2","0","0","0","18","1","0","00","1","40 01:26.328","4","00","76 12:00.268","0","0","0","0","36215","0","0","0","N","0","0","0","3","36215","0","","1","01","N","N","0","","0","0","1","0","0","N","1859","0","2","0","0","0","0","0","1","1","2","N","","","","","","","","","","","","03","  ","","",""
"0248","1","0","0","0","0","0","0","0","0","7","0","","36","08","2016","2016078340","5","40.0566","-76.3056","0242","08","0","0","0","0","0","0","0","0","","0","0","0","02","3","0","00","0","40 03:23.614","","07","76 18:20.171","0","0","0","0","36101","0","0","0","N","0","0","0","2","36101","0","","4","01","N","N","0","","0","0","0","0","0","","0235","0","1","0","0","0","0","0","3","0","1","N","","","","","","","","","","","","03","  ","","",""
"1730","1","0","0","0","0","0","0","0","0","7","0","","36","07","2016","2016078378","7","39.9127","-76.2143","1711","08","0","0","1","0","0","0","0","0","2","0","0","0","17","1","0","00","1","39 54:45.660","3","00","76 12:51.320","0","0","0","0","36229","0","0","0","","0","0","0","1","68J01","0","","4","09","N","N","0","","0","0","0","0","0","N","1707","0","1","0","0","0","0","0","1","0","1","N","","","","","","","","","","","","07","  ","","",""
"1625","0","0","0","0","0","0","0","0","0","0","0","","36","08","2016","2016078422","4","40.1512","-76.1254","1620","08","0","0","0","0","0","0","0","0","2","0","0","0","16","1","1","00","2","40 09:04.438","6","00","76 07:31.262","8","0","0","1","36209","0","0","0","N","0","0","0","1","36415","0","","1","01","N","N","0","","0","0","0","0","0","N","1619","1","1","0","0","0","1","0","1","0","1","N","","","","","","","","","","","","03","  ","","",""
"0727","2","0","0","0","0","0","0","0","0","4","1","","36","08","2016","2016078459","5","40.0425","-76.299","0721","08","0","0","0","0","0","0","0","0","","0","1","0","07","1","0","00","0","40 02:33.100","","07","76 17:56.400","0","0","0","0","36301","0","0","0","N","0","0","0","1","36301","0","","4","01","N","N","0","","0","0","0","0","0","","0719","0","3","0","0","0","0","0","3","0","3","N","","","","","","","","","","","","03","  ","","",""
"1339","3","0","0","0","0","0","0","0","0","4","0","","36","08","2016","2016078461","4","40.0444","-76.2902","1339","08","0","0","0","0","0","1","1","1","2","0","0","0","13","1","2","01","1","40 02:39.753","4","00","76 17:24.593","4","0","0","0","36301","0","0","0","N","0","0","0","5","36301","2","","1","01","N","N","0","","0","0","0","3","3","N","1339","2","3","0","0","0","0","0","3","0","3","N","","","","","","","","","","","","03","  ","","",""
"1328","1","0","0","0","0","0","0","0","0","4","0","","36","07","2016","2016078473","1","40.0279","-76.2237","1318","08","0","0","0","0","0","1","0","0","","0","0","0","13","1","0","02","0","40 01:40.475","","00","76 13:25.360","0","0","0","0","36215","0","0","0","N","0","0","0","2","36215","0","","1","01","N","N","0","","0","0","1","3","3","","1315","0","2","0","0","0","0","0","1","0","2","N","","","","","","","","","","","","03","  ","","",""
"0700","1","0","0","0","0","0","0","0","0","1","0","","36","08","2016","2016078476","4","40.068","-76.294","0700","08","0","0","0","0","0","1","0","0","1","0","0","0","07","1","1","00","1","40 04:04.702","3","00","76 17:38.367","4","0","0","0","36101","0","0","0","N","0","0","0","3","36101","1","","1","01","N","N","1","","0","0","0","0","0","N","0700","1","2","0","0","0","0","0","3","0","2","N","","","","","","","","","","","","03","  ","","",""
"1734","2","0","0","0","0","0","0","0","0","1","0","","36","08","2016","2016078480","4","40.0743","-76.329","1721","08","0","0","0","0","0","1","0","0","","0","0","0","17","1","0","00","0","40 04:27.500","","00","76 19:44.300","0","0","0","0","36101","0","0","0","N","0","0","0","1","36101","0","","6","01","N","N","1","","0","0","0","0","0","","1718","0","3","0","0","0","0","0","3","0","3","N","","","","","","","","","","","","03","  ","","",""
"1536","2","0","0","0","0","0","0","0","0","4","0","","36","08","2016","2016078486","4","40.0571","-76.3057","1532","08","0","0","0","1","0","0","0","0","1","0","0","0","15","1","0","00","1","40 03:25.648","2","00","76 18:20.442","0","0","0","0","36101","0","0","0","N","0","0","0","2","36101","0","","1","01","N","N","0","","0","0","0","0","0","N","1532","0","2","0","0","0","0","0","3","0","2","N","","","","","","","","","","","","03","  ","","",""
"1800","1","0","0","0","0","0","0","0","0","7","0","","36","08","2016","2016078534","4","40.0341","-76.3246","1759","08","0","0","0","0","0","0","0","0","","0","0","0","17","1","0","02","0","40 02:02.655","","00","76 19:28.473","0","0","0","0","36220","0","0","0","N","0","0","0","1","36101","0","","4","01","N","N","0","","0","0","0","0","0","","1757","0","1","0","0","0","0","0","3","0","1","N","","","","","","","","","","","","03","  ","","",""
"1707","1","0","0","0","0","0","0","0","0","1","0","","36","07","2016","2016078613","6","39.9948","-76.0392","1701","08","0","1","0","0","0","0","0","0","","0","0","0","17","1","3","00","0","39 59:41.429","","00","76 02:21.104","4","0","0","0","36232","0","0","0","","0","0","0","8","68J01","3","","1","01","N","N","1","","0","0","0","0","0","","1700","3","3","0","0","0","0","0","1","1","3","N","","","","","","","","","","","","03","  ","","",""
"2015","0","0","0","0","0","0","0","0","0","7","0","","36","07","2016","2016078646","2","40.1217","-76.2235","2011","08","0","0","0","0","0","0","0","0","2","0","0","0","20","4","1","00","1","40 07:17.952","2","00","76 13:24.735","3","0","0","0","36238","0","0","0","N","0","0","0","1","36238","0","","4","09","N","N","0","","1","0","1","0","0","N","2009","1","1","0","0","1","0","0","3","0","1","N","","","","","","","","","","","","07","  ","","",""
"1724","0","0","0","0","0","0","0","0","0","7","0","","36","08","2016","2016078659","5","40.177","-76.1706","1720","08","0","0","0","0","0","0","0","0","","0","0","0","17","1","1","02","0","40 10:37.023","","00","76 10:13.980","4","0","0","0","36408","0","0","0","N","0","0","0","1","36408","1","","2","01","N","N","0","","0","0","1","0","0","","1718","1","1","0","0","0","0","0","2","0","1","N","","","","","","","","","","","","03","  ","","",""
"1722","0","0","0","0","0","0","0","0","0","4","0","","36","07","2016","2016078664","6","40.1074","-76.1675","1715","08","0","0","0","0","0","0","0","1","5","0","0","0","17","1","1","01","2","40 06:26.737","5","00","76 10:02.928","3","0","0","0","36238","0","0","0","N","0","0","0","4","36238","0","","1","01","N","N","1","","1","0","1","3","3","Y","1713","1","2","0","0","1","0","0","3","0","2","N","","","","","","","","","","","","03","  ","","",""
"1806","2","0","0","0","0","0","0","0","0","4","0","","36","08","2016","2016078673","5","40.0395","-76.3631","1756","08","0","0","0","0","0","0","1","0","2","0","0","0","17","1","1","00","1","40 02:22.131","4","00","76 21:47.270","4","0","0","0","36214","0","0","0","N","0","0","0","2","36214","1","","1","01","N","N","0","","0","0","0","0","0","N","1753","1","2","0","0","1","0","0","3","0","2","N","","","","","","","","","","","","03","  ","","",""