"ARRIVAL_TM","AUTOMOBILE_COUNT","BELTED_DEATH_COUNT","BELTED_SUSP_SERIOUS_INJ_COUNT","BICYCLE_COUNT","BICYCLE_DEATH_COUNT","BICYCLE_SUSP_SERIOUS_INJ_COUNT","BUS_COUNT","CHLDPAS_DEATH_COUNT","CHLDPAS_SUSP_SERIOUS_INJ_COUNT","COLLISION_TYPE","COMM_VEH_COUNT","CONS_ZONE_SPD_LIM","COUNTY","CRASH_MONTH","CRASH_YEAR","CRN","DAY_OF_WEEK","DEC_LAT","DEC_LONG","DISPATCH_TM","DISTRICT","DRIVER_COUNT_16YR","DRIVER_COUNT_17YR","DRIVER_COUNT_18YR","DRIVER_COUNT_19YR","DRIVER_COUNT_20YR","DRIVER_COUNT_50_64YR","DRIVER_COUNT_65_74YR","DRIVER_COUNT_75PLUS","EST_HRS_CLOSED","FATAL_COUNT","HEAVY_TRUCK_COUNT","HORSE_BUGGY_COUNT","HOUR_OF_DAY","ILLUMINATION","INJURY_COUNT","INTERSECT_TYPE","LANE_CLOSED","LATITUDE","LN_CLOSE_DIR","LOCATION_TYPE","LONGITUDE","MAX_SEVERITY_LEVEL","MCYCLE_DEATH_COUNT","MCYCLE_SUSP_SERIOUS_INJ_COUNT","MOTORCYCLE_COUNT","MUNICIPALITY","NONMOTR_COUNT","NONMOTR_DEATH_COUNT","NONMOTR_SUSP_SERIOUS_INJ_COUNT","NTFY_HIWY_MAINT","PED_COUNT","PED_DEATH_COUNT","PED_SUSP_SERIOUS_INJ_COUNT","PERSON_COUNT","POLICE_AGCY","POSSIBLE_INJ_COUNT","RDWY_SURF_TYPE_CD","RELATION_TO_ROAD","ROAD_CONDITION","SCH_BUS_IND","SCH_ZONE_IND","SMALL_TRUCK_COUNT","SPEC_JURIS_CD","SUSP_MINOR_INJ_COUNT","SUSP_SERIOUS_INJ_COUNT","SUV_COUNT","TCD_FUNC_CD","TCD_TYPE","TFC_DETOUR_IND","TIME_OF_DAY","TOT_INJ_COUNT","TOTAL_UNITS","UNB_DEATH_COUNT","UNB_SUSP_SERIOUS_INJ_COUNT","UNBELTED_OCC_COUNT","UNK_INJ_DEG_COUNT","UNK_INJ_PER_COUNT","URBAN_RURAL","VAN_COUNT","VEHICLE_COUNT","WORK_ZONE_IND","WORK_ZONE_LOC","WORK_ZONE_TYPE","WORKERS_PRES","WZ_CLOSE_DETOUR","WZ_FLAGGER","WZ_LAW_OFFCR_IND","WZ_LN_CLOSURE","WZ_MOVING","WZ_OTHER","WZ_SHLDER_MDN","ROADWAY_CLEARED","WEATHER1","WEATHER2","WZ_WORKERS_INJ_KILLED","SECONDARY_CRASH","INTERSECTION_RELATED"
"1511","1","0","0","0","0","0","0","0","0","7","0","","36","07","2016","2016078680","3","40.2506","-76.165","1508","08","0","0","0","0","0","0","0","0","1","0","0","0","15","1","0","00","1","40 15:02.200","1","03","76 09:53.900","0","0","0","0","36236","0","0","0","N","0","0","0","1","36408","0","","2","01","N","N","0","","0","0","0","0","0","N","1506","0","1","0","0","0","0","0","1","0","1","N","","","","","","","","","","","","03","  ","","",""
"1855","1","0","0","0","0","0","0","0","0","5","0","","36","08","2016","2016078698","5","40.0534","-76.3086","1852","08","0","0","0","0","0","0","0","0","1","0","0","0","18","1","1","00","1","40 03:12.099","1","07","76 18:30.966","3","0","0","1","36101","0","0","0","N","0","0","0","2","36101","0","","1","01","N","N","0","","1","0","0","0","0","N","1850","1","2","0","0","0","0","0","3","0","2","N","","","","","","","","","","","","03","  ","","",""
"0230","2","0","0","0","0","0","0","0","0","1","0","","36","07","2016","2016078722","1","40.0202","-76.3058","0224","08","0","0","0","1","0","0","0","0","2","0","0","0","02","2","0","00","1","40 01:12.706","1","00","76 18:20.845","0","0","0","0","36220","0","0","0","N","0","0","0","2","36101","0","","1","09","N","N","0","","0","0","0","0","0","N","0221","0","2","0","0","0","0","0","3","0","2","N","","","","","","","","","","","","03","  ","","",""
"2158","1","0","0","0","0","0","0","0","0","4","0","","36","08","2016","2016078724","5","40.1316","-76.2175","2154","08","0","1","0","0","0","1","0","0","2","0","0","0","21","3","0","00","1","40 07:53.891","3","07","76 13:02.937","0","0","0","0","36238","0","0","0","N","0","0","0","3","36238","0","","1","01","N","N","1","","0","0","0","0","0","Y","2152","0","2","0","0","0","0","0","3","0","2","N","","","","","","","","","","","","03","  ","","",""
"1736","2","0","0","0","0","0","0","0","0","5","0","","36","07","2016","2016078801","3","40.038","-76.3438","1730","08","0","0","0","0","0","1","0","1","","0","0","0","17","1","1","01","0","40 02:16.808","","00","76 20:37.817","4","0","0","0","36223","0","0","0","","0","0","0","2","36223","1","","1","01","N","N","0","","0","0","0","3","2","","1727","1","2","0","0","0","0","0","1","0","2","N","","","","","","","","","","","","03","  ","","",""
"1524","1","0","0","0","0","0","0","0","0","1","0","","36","08","2016","2016078810","2","40.1938","-76.1984","1520","08","0","0","0","0","1","0","0","0","2","0","0","0","15","1","0","00","1","40 11:37.734","3","00","76 11:54.355","0","0","0","0","36408","0","0","0","N","0","0","0","2","36408","0","","1","01","N","N","1","","0","0","0","0","0","Y","1518","0","2","0","0","0","0","0","2","0","2","N","","","","","","","","","","","","03","  ","","",""
"1128","1","0","0","0","0","0","0","0","0","7","0","","36","08","2016","2016078832","3","40.1046","-76.0878","1128","08","0","0","0","0","0","0","0","0","1","0","0","0","11","1","0","02","1","40 06:16.590","1","00","76 05:16.110","0","0","0","0","36415","0","0","0","N","0","0","0","1","36415","0","","5","01","N","N","0","","0","0","0","3","3","N","1125","0","1","0","0","0","0","0","1","0","1","N","","","","","","","","","","","","03","  ","","",""
"0943","1","0","0","0","0","0","0","0","0","7","0","","36","08","2016","2016078846","3","40.0374","-76.3113","0939","08","0","0","0","0","0","0","0","0","2","0","0","0","09","1","1","00","1","40 02:14.507","3","00","76 18:40.528","4","0","0","0","36301","0","0","0","N","0","0","0","1","36301","1","","5","01","N","N","0","","0","0","0","0","0","N","0936","1","1","0","0","0","0","0","3","0","1","N","","","","","","","","","","","","03","  ","","",""
"1232","0","0","0","0","0","0","0","0","0","1","0","","36","08","2016","2016078847","5","39.8977","-76.162","1231","08","0","0","0","0","0","1","0","0","","0","0","0","12","1","0","00","0","39 53:51.750","","00","76 09:43.192","0","0","0","0","36416","0","0","0","N","0","0","0","2","36416","0","","1","01","N","N","1","","0","0","1","0","0","","1230","0","2","0","0","0","0","0","1","0","2","N","","","","","","","","","","","","03","  ","","",""
"1158","1","0","0","0","0","0","0","0","0","1","1","","36","08","2016","2016078892","6","40.1792","-76.178","1156","08","1","0","0","0","0","0","0","0","","0","1","0","11","1","0","00","0","40 10:44.974","","00","76 10:40.634","0","0","0","0","36408","0","0","0","N","0","0","0","2","36408","0","","1","01","N","N","0","","0","0","0","0","0","","1156","0","2","0","0","0","0","0","2","0","2","N","","","","","","","","","","","","03","  ","","",""
"1734","1","0","0","0","0","0","0","0","0","4","0","","36","08","2016","2016078906","6","40.0636","-76.3074","1732","08","0","0","0","0","0","1","0","0","","0","0","0","17","1","0","00","0","40 03:49.000","","07","76 18:26.500","0","0","0","0","36101","0","0","0","N","0","0","0","5","36101","0","","1","01","N","N","0","","0","0","0","0","0","","1728","0","2","0","0","0","0","0","3","1","2","N","","","","","","","","","","","","03","  ","","",""
"1250","1","0","0","0","0","0","0","0","0","7","0","","36","06","2016","2016078922","7","40.2005","-76.0534","1225","08","0","0","0","0","0","0","0","0","1","0","0","0","12","1","1","00","1","40 12:01.928","2","00","76 03:12.215","8","0","0","0","36202","0","0","0","","0","0","0","1","68J01","0","","4","01","N","N","1","","0","0","0","0","0","N","1225","1","2","0","0","0","1","0","1","0","2","N","","","","","","","","","","","","03","  ","","",""
"1831","0","0","0","0","0","0","0","0","0","7","0","","36","07","2016","2016078938","7","39.8873","-76.1886","1823","08","1","0","0","0","0","0","0","0","3","0","0","0","18","1","1","00","2","39 53:14.355","7","00","76 11:18.865","3","0","0","0","36212","0","0","0","","0","0","0","4","68J01","0","","4","09","N","N","1","","1","0","0","0","0","Y","1813","1","1","0","0","0","0","0","1","0","1","N","","","","","","","","","","","","07","  ","","",""
"1402","1","0","1","0","0","0","0","0","0","7","0","","36","07","2016","2016078944","5","39.8925","-76.0191","1342","08","0","0","0","0","0","0","1","0","3","0","0","0","13","1","1","00","1","39 53:32.908","5","00","76 01:08.646","2","0","0","0","36205","0","0","0","","0","0","0","1","68J01","0","","4","01","N","N","0","","0","1","0","0","0","N","1342","1","1","0","0","0","0","0","1","0","1","N","","","","","","","","","","","","03","  ","","",""
"1853","1","0","0","0","0","0","0","0","0","1","0","","36","07","2016","2016078947","7","39.9851","-76.0443","1853","08","0","0","1","0","0","0","0","0","2","0","0","0","18","1","1","00","1","39 59:06.359","4","00","76 02:39.314","3","0","0","0","36232","0","0","0","","0","0","0","2","68J01","0","","1","01","N","N","0","","1","0","1","0","0","N","1853","1","2","0","0","0","0","0","1","0","2","N","","","","","","","","","","","","03","  ","","",""
"1616","1","0","0","0","0","0","0","0","0","1","0","","36","07","2016","2016078949","1","40.1486","-75.9042","1554","08","0","0","0","0","0","1","0","1","3","0","0","0","15","1","0","02","1","40 08:54.976","2","00","75 54:14.945","0","0","0","0","36203","0","0","0","","0","0","0","2","68J01","0","","1","01","N","N","1","","0","0","0","0","0","N","1550","0","2","0","0","0","0","0","1","0","2","N","","","","","","","","","","","","03","  ","","",""
"0907","1","0","0","0","0","0","0","0","0","0","0","","36","07","2016","2016078958","6","39.8969","-76.3223","0855","08","0","1","0","0","0","0","0","0","","0","0","0","08","1","0","00","0","39 53:48.950","","00","76 19:20.310","0","0","0","0","36224","0","0","0","","0","0","0","1","68J01","0","","4","01","N","N","0","","0","0","0","0","0","","0855","0","1","0","0","0","0","0","1","0","1","N","","","","","","","","","","","","03","  ","","",""
"2212","2","0","0","0","0","0","0","0","0","4","0","","36","07","2016","2016078969","7","40.0116","-76.0464","2207","08","0","1","0","0","0","0","0","0","","0","0","0","22","2","1","01","0","40 00:41.713","","00","76 02:47.123","4","0","0","0","36232","0","0","0","","0","0","0","2","68J01","1","","1","09","N","N","0","","0","0","0","3","3","","2207","1","2","0","0","0","0","0","1","0","2","N","","","","","","","","","","","","07","  ","","",""
"1519","0","0","0","0","0","0","0","0","0","9","0","","36","08","2016","2016078973","2","39.8741","-76.0329","1458","08","0","0","0","1","0","1","0","0","","0","0","0","14","1","0","01","0","39 52:26.938","","00","76 01:58.581","0","0","0","0","36205","0","0","0","","0","0","0","4","68J01","0","","1","09","N","N","1","","0","0","1","3","3","","1427","0","2","0","0","0","0","0","1","0","2","N","","","","","","","","","","","","03","  ","","",""
"0040","0","0","0","0","0","0","0","0","0","7","0","","36","08","2016","2016078975","3","40.1986","-76.2731","0016","08","0","0","0","0","0","0","0","0","","0","0","0","00","2","1","00","0","40 11:55.083","","00","76 16:23.148","3","0","0","0","36217","0","0","0","","0","0","0","1","68J01","0","","4","09","N","N","1","","1","0","0","3","8","","0001","1","1","0","0","1","0","0","1","0","1","N","","","","","","","","","","","","03","  ","","",""
"0105","1","0","0","0","0","0","0","0","0","7","0","","36","08","2016","2016078978","4","40.0148","-76.1321","0052","08","0","0","0","0","0","0","0","0","2","0","0","0","00","2","0","00","2","40 00:53.250","2","00","76 07:55.450","0","0","0","0","36221","0","0","0","","0","0","0","1","68J01","0","","4","01","N","N","0","","0","0","0","0","0","N","0048","0","1","0","0","0","0","0","1","0","1","N","","","","","","","","","","","","03","  ","","",""
"2042","1","0","0","0","0","0","0","0","0","7","0","","36","07","2016","2016079004","2","39.9984","-76.4349","2028","08","0","0","0","0","0","0","0","0","","0","0","0","20","4","0","00","0","39 59:54.279","","00","76 26:05.750","0","0","0","0","36223","0","0","0","","0","0","0","1","36223","0","","4","09","N","N","0","","0","0","0","0","0","","2023","0","1","0","0","0","0","0","1","0","1","N","","","","","","","","","","","","07","  ","","",""
"1612","2","0","0","0","0","0","0","0","0","1","0","","36","07","2016","2016079005","2","40.038","-76.3459","1608","08","0","0","0","0","0","0","0","1","","0","0","0","16","1","1","00","0","40 02:16.851","","00","76 20:45.076","4","0","0","0","36223","0","0","0","","0","0","0","3","36223","1","","1","01","N","N","0","","0","0","0","0","0","","1603","1","2","0","0","0","0","0","1","0","2","N","","","","","","","","","","","","03","  ","","",""
"1721","1","0","0","0","0","0","0","0","0","2","0","","36","07","2016","2016079006","6","40.0384","-76.3551","1715","08","0","0","0","0","0","1","0","0","","0","0","0","17","1","1","10","0","40 02:18.083","","00","76 21:18.531","4","0","0","0","36223","0","0","0","","0","0","0","2","36223","1","","1","01","N","N","0","","0","0","1","0","0","","1715","1","2","0","0","0","0","0","1","0","2","N","","","","","","","","","","","","03","  ","","",""
"1532","1","0","0","0","0","0","0","0","0","4","0","","36","07","2016","2016079016","4","40.0861","-76.1894","1504","08","0","0","0","0","0","1","0","0","","0","0","0","15","1","0","00","0","40 05:09.897","","07","76 11:21.716","0","0","0","0","36234","0","0","0","N","0","0","0","2","36215","0","","1","01","N","N","0","","0","0","1","3","3","","1500","0","2","0","0","0","0","0","1","0","2","N","","","","","","","","","","","","03","  ","","",""
"1722","1","0","0","0","0","0","0","0","0","6","0","","36","08","2016","2016079019","6","40.0174","-76.346","1719","08","0","0","0","0","0","0","0","0","2","0","0","0","17","1","1","00","1","40 01:02.549","3","00","76 20:45.655","4","0","0","0","36412","0","0","0","N","0","0","0","5","36412","1","","1","01","N","N","0","","0","0","1","0","0","N","1715","1","2","0","0","2","0","0","3","0","2","N","","","","","","","","","","","","03","  ","","",""
"1302","3","0","1","0","0","0","0","0","0","1","0","","36","07","2016","2016079049","4","40.0395","-76.2067","1253","08","0","0","0","1","0","0","1","2","2","0","0","0","12","1","1","00","1","40 02:22.210","3","00","76 12:24.110","2","0","0","0","36215","0","0","0","N","0","0","0","5","36215","0","","1","01","N","N","1","","0","1","0","0","0","N","1251","1","4","0","0","0","0","0","1","0","4","N","","","","","","","","","","","","03","  ","","",""
"1907","1","0","0","0","0","0","0","0","0","4","0","","36","08","2016","2016079059","2","40.032","-76.3209","1904","08","0","0","0","0","0","0","0","0","","0","0","0","17","1","0","02","0","40 01:55.027","","00","76 19:15.344","0","0","0","0","36301","0","0","0","N","0","0","0","2","36301","0","","1","01","N","N","0","","0","0","1","3","3","","1755","0","2","0","0","0","0","0","3","0","2","N","","","","","","","","","","","","03","  ","","",""
"1508","0","0","0","0","0","0","0","0","0","1","0","","36","08","2016","2016079109","6","40.0787","-76.3464","1500","08","0","0","0","0","0","1","1","0","","0","0","0","14","1","1","06","0","40 04:41.708","","02","76 20:46.688","4","0","0","0","36101","0","0","0","N","0","0","0","2","36101","1","","1","01","N","N","0","","0","0","2","3","3","","1455","1","2","0","0","0","0","0","3","0","2","N","","","","","","","","","","","","03","  ","","",""
"1458","0","0","0","0","0","0","0","0","0","1","0","","36","08","2016","2016079115","6","40.0872","-76.1904","1443","08","0","0","0","0","0","1","0","0","2","0","0","0","14","1","0","02","1","40 05:14.005","4","00","76 11:25.420","0","0","0","0","36234","0","0","0","N","0","0","0","3","36215","0","","1","01","N","N","0","","0","0","2","3","2","N","1441","0","2","0","0","0","0","0","1","0","2","N","","","","","","","","","","","","03","  ","","",""
"0933","1","0","0","0","0","0","0","0","0","4","0","","36","08","2016","2016079136","6","40.1503","-76.6052","0931","08","0","0","0","0","0","0","0","1","2","0","0","0","09","1","1","02","2","40 09:00.950","4","00","76 36:18.597","4","0","0","0","36407","0","0","0","N","0","0","0","2","36407","1","","1","01","N","N","0","","0","0","1","0","0","Y","0931","1","2","0","0","1","0","0","2","0","2","N","","","","","","","","","","","","03","  ","","",""
"2054","1","0","0","0","0","0","0","0","0","1","0","","36","07","2016","2016079180","3","40.1641","-76.2009","2052","08","0","1","0","0","0","0","0","0","","0","0","0","20","1","0","00","0","40 09:50.693","","00","76 12:03.184","0","0","0","0","36218","0","0","0","N","0","0","0","2","36408","0","","1","01","N","N","0","","0","0","1","0","0","","2051","0","2","0","0","0","0","0","1","0","2","N","","","","","","","","","","","","03","  ","","",""
"0759","0","0","0","0","0","0","0","0","0","7","0","","36","07","2016","2016079194","5","40.0277","-76.2483","0746","08","0","0","1","0","0","0","0","0","","0","0","0","05","5","0","00","0","40 01:39.600","","00","76 14:53.900","0","0","0","0","36215","0","0","0","N","0","0","0","1","36215","0","","2","01","N","N","0","","0","0","1","0","0","","0530","0","1","0","0","0","0","0","1","0","1","N","","","","","","","","","","","","03","  ","","",""
"1449","0","0","0","0","0","0","0","0","0","4","1","","36","08","2016","2016079253","3","40.0334","-76.5063","1445","08","0","0","0","0","0","1","0","0","1","0","1","0","14","1","0","02","1","40 02:00.394","5","00","76 30:22.842","0","0","0","0","36404","0","0","0","N","0","0","0","2","36404","0","","1","01","N","N","1","","0","0","0","0","0","N","1443","0","2","0","0","0","0","0","3","0","2","N","","","","","","","","","","","","03","  ","","",""
"2052","0","0","0","0","0","0","0","0","0","7","0","","36","08","2016","2016079275","6","40.0968","-76.0689","2048","08","0","0","0","0","0","0","0","0","","0","0","0","20","4","1","00","0","40 05:48.500","","00","76 04:08.000","2","0","1","1","36209","0","0","0","N","0","0","0","1","36415","0","","2","01","N","N","0","","0","1","0","0","0","","2048","1","1","0","0","0","0","0","1","0","1","N","","","","","","","","","","","","03","  ","","",""
"1616","1","0","0","0","0","0","0","0","0","8","0","","36","07","2016","2016079307","5","40.0515","-76.29","1543","08","0","0","0","0","0","0","1","0","","0","0","0","15","1","1","01","0","40 03:05.310","","00","76 17:24.098","8","0","0","0","36301","1","0","0","N","1","0","0","2","36301","0","","1","01","N","N","0","","0","0","0","3","2","","1540","1","2","0","0","0","1","0","3","0","1","N","","","","","","","","","","","","03","  ","","",""
"1648","2","0","0","0","0","0","0","0","0","4","0","","36","08","2016","2016079309","7","40.0685","-76.5453","1642","08","0","0","0","1","0","0","0","0","1","0","0","0","16","1","0","02","1","40 04:06.561","6","00","76 32:42.924","0","0","0","0","36211","0","0","0","N","0","0","0","2","36504","0","","1","01","N","N","0","","0","0","0","3","3","N","1640","0","2","0","0","0","0","0","1","0","2","N","","","","","","","","","","","","03","  ","","",""
"1646","1","0","0","0","0","0","0","0","0","4","0","","36","08","2016","2016079311","7","40.1799","-76.4758","1636","08","0","0","1","0","0","1","0","0","1","0","0","0","16","1","0","01","1","40 10:47.592","1","00","76 28:32.778","0","0","0","0","36230","0","0","0","N","0","0","0","3","36410","0","","1","01","N","N","1","","0","0","0","3","3","Y","1636","0","2","0","0","0","0","0","1","0","2","N","","","","","","","","","","","","03","  ","","",""
"1204","2","0","0","0","0","0","0","0","0","1","0","","36","08","2016","2016079312","7","40.0376","-76.2684","1150","08","0","0","0","0","0","0","0","0","","0","0","0","11","1","1","00","0","40 02:15.531","","00","76 16:06.218","3","0","0","0","36215","0","0","0","N","0","0","0","3","36215","0","","1","01","N","N","0","","1","0","0","0","0","","1147","1","3","0","0","0","0","0","1","1","3","N","","","","","","","","","","","","03","  ","","",""
"1037","0","0","0","0","0","0","0","0","0","1","0","","36","08","2016","2016079330","7","40.0886","-76.3461","1034","08","0","0","0","0","0","2","1","0","1","0","0","0","10","1","0","00","2","40 05:19.039","1","00","76 20:45.819","0","0","0","0","36406","0","0","0","N","0","0","0","3","36101","0","","1","01","N","N","2","","0","0","1","3","2","N","1031","0","3","0","0","0","0","0","3","0","3","N","","","","","","","","","","","","03","  ","","",""
"1325","1","0","0","0","0","0","0","0","0","4","0","","36","08","2016","2016079336","3","40.2007","-76.1718","1309","08","0","0","0","0","0","0","0","1","1","0","0","0","13","1","0","01","1","40 12:02.510","2","00","76 10:18.574","0","0","0","0","36218","0","0","0","N","0","0","0","2","36408","0","","1","01","N","N","1","","0","0","0","3","3","N","1307","0","2","0","0","1","0","0","1","0","2","N","","","","","","","","","","","","03","  ","","",""
"0617","0","0","0","0","0","0","0","0","0","0","0","","36","08","2016","2016079341","2","40.0402","-76.2391","0614","08","0","0","0","0","0","0","0","0","1","0","0","0","06","1","1","01","1","40 02:24.730","3","00","76 14:20.844","8","0","0","1","36215","0","0","0","N","0","0","0","1","36215","0","","1","01","N","N","0","","0","0","0","3","2","Y","0611","1","1","0","0","0","1","0","1","0","1","N","","","","","","","","","","","","03","  ","","",""
"1313","0","0","0","0","0","0","0","0","0","1","0","","36","08","2016","2016079364","1","40.033","-76.506","1311","08","0","0","0","0","0","2","0","0","","0","0","0","13","1","1","01","0","40 01:58.979","","00","76 30:21.554","3","0","0","2","36404","0","0","0","N","0","0","0","2","36404","0","","1","01","N","N","0","","1","0","0","0","0","","1311","1","2","0","0","0","0","0","3","0","2","N","","","","","","","","","","","","03","  ","","",""
"1740","0","0","0","0","0","0","0","0","0","1","0","","36","08","2016","2016079366","3","40.0708","-76.3254","1732","08","0","0","0","0","0","1","1","0","2","0","0","0","17","1","1","00","2","40 04:15.038","3","00","76 19:31.459","2","0","1","1","36101","0","0","0","N","0","0","0","2","36101","0","","1","01","N","N","0","","0","1","1","0","0","N","1731","1","2","0","0","0","0","0","3","0","2","N","","","","","","","","","","","","03","  ","","",""
"1425","0","0","0","0","0","0","0","0","0","4","0","","36","08","2016","2016079377","6","40.0698","-76.3168","1421","08","0","0","0","0","0","2","0","0","2","0","0","0","14","1","1","01","1","40 04:11.400","3","00","76 19:01.409","3","0","0","0","36101","0","0","0","N","0","0","0","2","36101","0","","1","01","N","N","1","","1","0","1","3","2","N","1417","1","2","0","0","0","0","0","3","0","2","N","","","","","","","","","","","","03","  ","","",""
"1240","1","0","0","0","0","0","0","0","0","4","0","","36","08","2016","2016079383","7","40.113","-76.2701","1226","08","0","0","0","0","0","1","0","1","1","0","0","0","12","1","3","02","2","40 06:46.834","6","00","76 16:12.527","4","0","0","0","36101","0","0","0","N","0","0","0","3","36101","3","","1","01","N","N","0","","0","0","1","3","3","Y","1225","3","2","0","0","0","0","0","3","0","2","N","","","","","","","","","","","","03","  ","","",""
"1840","0","0","0","0","0","0","0","0","0","7","0","","36","07","2016","2016079386","4","40.1401","-76.2698","1831","08","0","0","0","0","0","1","0","0","1","0","0","0","18","1","1","00","1","40 08:24.300","3","00","76 16:11.300","8","0","0","1","36235","0","0","0","","0","0","0","1","36506","0","","4","01","N","N","0","","0","0","0","0","0","N","1828","1","1","0","0","0","1","0","1","0","1","N","","","","","","","","","","","","03","  ","","",""
"1932","1","0","0","0","0","0","0","0","0","1","0","","36","08","2016","2016079531","7","40.0546","-76.2693","1913","08","0","0","0","0","0","0","0","0","1","0","0","0","19","1","1","06","1","40 03:16.503","4","02","76 16:09.404","3","0","0","0","36301","0","0","0","N","0","0","0","2","36301","0","","1","01","N","N","0","","1","0","1","3","4","Y","1913","1","2","0","0","0","0","0","3","0","2","N","","","","","","","","","","","","03","  ","","",""
"1415","1","0","0","0","0","0","0","0","0","1","0","","36","08","2016","2016079541","1","40.0992","-76.4436","1408","08","0","1","0","0","0","0","0","0","1","0","0","0","14","1","0","00","2","40 05:57.042","5","00","76 26:36.991","0","0","0","0","36239","0","0","0","N","0","0","0","5","36239","0","","1","01","N","N","1","","0","0","0","0","0","Y","1408","0","2","0","0","0","0","0","3","0","2","N","","","","","","","","","","","","03","  ","","",""
"0144","0","0","0","0","0","0","0","0","0","7","0","","36","08","2016","2016079547","1","40.1908","-76.1069","0140","08","0","0","0","0","0","0","0","0","","0","0","0","01","2","0","00","0","40 11:26.894","","00","76 06:24.892","0","0","0","0","36210","0","0","0","N","0","0","0","1","36210","0","","4","01","N","N","1","","0","0","0","0","0","","0138","0","1","0","0","0","0","0","1","0","1","N","","","","","","","","","","","","03","  ","","",""
"2035","1","0","0","1","0","1","0","0","0","4","0","","36","08","2016","2016079578","7","39.999","-76.244","2031","08","0","0","0","0","0","1","0","0","1","0","0","0","20","4","1","01","1","39 59:56.541","3","00","76 14:38.445","2","0","0","0","36240","1","0","1","N","0","0","0","3","36240","0","","1","01","N","N","0","","0","1","0","3","2","N","2030","1","2","0","0","0","0","0","1","0","1","N","","","","","","","","","","","","03","  ","","",""
"0016","4","0","0","0","0","0","0","0","0","7","0","","36","08","2016","2016079590","2","40.0284","-76.4713","0010","08","0","0","0","0","0","1","0","0","","0","0","0","00","3","1","02","0","40 01:42.279","","00","76 28:16.698","8","0","0","0","36239","0","0","0","N","0","0","0","1","36239","0","","4","01","N","N","0","","0","0","3","0","0","","0008","1","7","0","0","1","1","0","3","0","7","N","","","","","","","","","","","","03","  ","","",""
"0541","1","0","0","0","0","0","0","0","0","7","0","","36","08","2016","2016079599","1","40.114","-76.2476","0533","08","0","0","0","0","0","0","0","0","1","0","0","0","05","2","0","00","2","40 06:50.575","6","00","76 14:51.220","0","0","0","0","36101","0","0","0","Y","0","0","0","1","36101","0","","4","01","N","N","0","","0","0","0","0","0","N","0527","0","1","0","0","0","0","0","3","0","1","N","","","","","","","","","","","","03","  ","","",""
"2115","0","0","0","0","0","0","0","0","0","4","0","","36","08","2016","2016079607","3","39.9865","-76.2812","2111","08","0","0","0","0","0","0","1","0","2","0","0","0","21","3","2","01","2","39 59:11.342","7","00","76 16:52.253","3","0","0","0","36240","0","0","0","N","0","0","0","3","36240","1","","1","01","N","N","1","","1","0","1","3","2","Y","2110","2","2","0","0","0","0","0","1","0","2","N","","","","","","","","","","","","03","  ","","",""
"0632","0","0","0","0","0","0","0","0","0","7","0","","36","07","2016","2016079632","2","39.8509","-76.2951","0616","08","0","0","0","0","0","0","0","0","","0","0","0","06","1","0","00","0","39 51:03.417","","00","76 17:42.255","9","0","0","0","36224","0","0","0","","0","0","0","1","68J01","0","","4","01","N","N","0","","0","0","1","0","0","","0612","0","1","0","0","0","0","1","1","0","1","N","","","","","","","","","","","","03","  ","","",""
"1630","2","0","0","0","0","0","0","0","0","4","0","","36","08","2016","2016079666","5","40.0516","-76.3133","1630","08","0","0","0","0","0","1","0","0","1","0","0","0","16","1","1","01","1","40 03:05.900","4","00","76 18:48.056","8","0","0","0","36301","0","0","0","N","0","0","0","2","36301","0","","1","01","N","N","0","","0","0","0","0","0","Y","1614","1","2","0","0","0","1","0","3","0","2","N","","","","","","","","","","","","03","  ","","",""
"1115","0","0","0","0","0","0","0","0","0","0","0","","36","08","2016","2016079704","2","40.0831","-76.2907","1114","08","0","0","0","0","0","0","1","0","1","0","0","0","11","1","1","00","1","40 04:59.208","2","00","76 17:26.513","3","0","0","1","36101","0","0","0","N","0","0","0","1","36101","0","","1","01","N","N","0","","1","0","0","0","0","N","1106","1","1","0","0","0","0","0","3","0","1","N","","","","","","","","","","","","03","  ","","",""
"0700","1","0","0","0","0","0","0","0","0","4","0","","36","08","2016","2016079747","2","40.1495","-76.3132","0655","08","0","0","0","0","0","0","1","0","1","0","0","0","06","1","0","00","1","40 08:58.372","3","00","76 18:47.671","0","0","0","0","36409","0","0","0","N","0","0","0","1","36409","0","","1","01","N","N","0","","0","0","0","0","0","N","0655","0","2","0","0","0","0","0","3","1","2","N","","","","","","","","","","","","03","  ","","",""
"1706","0","0","0","0","0","0","0","0","0","4","0","","36","07","2016","2016079887","1","40.0066","-76.377","1702","08","0","0","0","0","0","1","0","0","2","0","0","0","17","1","1","02","2","40 00:23.629","6","00","76 22:37.284","2","0","1","1","36223","0","0","0","","0","0","0","4","36223","0","","1","01","N","N","0","","0","1","1","3","3","Y","1702","1","2","0","0","0","0","0","1","0","2","N","","","","","","","","","","","","03","  ","","",""
"1702","1","0","0","0","0","0","0","0","0","4","0","","36","08","2016","2016079888","7","39.9916","-76.4699","1657","08","1","0","0","0","0","0","0","0","2","0","0","0","16","1","0","02","1","39 59:29.848","6","00","76 28:11.675","0","0","0","0","36223","0","0","0","","0","0","0","5","36223","0","","1","01","N","N","1","","0","0","0","0","0","Y","1649","0","2","0","0","0","0","0","1","0","2","N","","","","","","","","","","","","03","  ","","",""