"ARRIVAL_TM","AUTOMOBILE_COUNT","BELTED_DEATH_COUNT","BELTED_SUSP_SERIOUS_INJ_COUNT","BICYCLE_COUNT","BICYCLE_DEATH_COUNT","BICYCLE_SUSP_SERIOUS_INJ_COUNT","BUS_COUNT","CHLDPAS_DEATH_COUNT","CHLDPAS_SUSP_SERIOUS_INJ_COUNT","COLLISION_TYPE","COMM_VEH_COUNT","CONS_ZONE_SPD_LIM","COUNTY","CRASH_MONTH","CRASH_YEAR","CRN","DAY_OF_WEEK","DEC_LAT","DEC_LONG","DISPATCH_TM","DISTRICT","DRIVER_COUNT_16YR","DRIVER_COUNT_17YR","DRIVER_COUNT_18YR","DRIVER_COUNT_19YR","DRIVER_COUNT_20YR","DRIVER_COUNT_50_64YR","DRIVER_COUNT_65_74YR","DRIVER_COUNT_75PLUS","EST_HRS_CLOSED","FATAL_COUNT","HEAVY_TRUCK_COUNT","HORSE_BUGGY_COUNT","HOUR_OF_DAY","ILLUMINATION","INJURY_COUNT","INTERSECT_TYPE","LANE_CLOSED","LATITUDE","LN_CLOSE_DIR","LOCATION_TYPE","LONGITUDE","MAX_SEVERITY_LEVEL","MCYCLE_DEATH_COUNT","MCYCLE_SUSP_SERIOUS_INJ_COUNT","MOTORCYCLE_COUNT","MUNICIPALITY","NONMOTR_COUNT","NONMOTR_DEATH_COUNT","NONMOTR_SUSP_SERIOUS_INJ_COUNT","NTFY_HIWY_MAINT","PED_COUNT","PED_DEATH_COUNT","PED_SUSP_SERIOUS_INJ_COUNT","PERSON_COUNT","POLICE_AGCY","POSSIBLE_INJ_COUNT","RDWY_SURF_TYPE_CD","RELATION_TO_ROAD","ROAD_CONDITION","SCH_BUS_IND","SCH_ZONE_IND","SMALL_TRUCK_COUNT","SPEC_JURIS_CD","SUSP_MINOR_INJ_COUNT","SUSP_SERIOUS_INJ_COUNT","SUV_COUNT","TCD_FUNC_CD","TCD_TYPE","TFC_DETOUR_IND","TIME_OF_DAY","TOT_INJ_COUNT","TOTAL_UNITS","UNB_DEATH_COUNT","UNB_SUSP_SERIOUS_INJ_COUNT","UNBELTED_OCC_COUNT","UNK_INJ_DEG_COUNT","UNK_INJ_PER_COUNT","URBAN_RURAL","VAN_COUNT","VEHICLE_COUNT","WORK_ZONE_IND","WORK_ZONE_LOC","WORK_ZONE_TYPE","WORKERS_PRES","WZ_CLOSE_DETOUR","WZ_FLAGGER","WZ_LAW_OFFCR_IND","WZ_LN_CLOSURE","WZ_MOVING","WZ_OTHER","WZ_SHLDER_MDN","ROADWAY_CLEARED","WEATHER1","WEATHER2","WZ_WORKERS_INJ_KILLED","SECONDARY_CRASH","INTERSECTION_RELATED"
"1752","1","0","0","0","0","0","0","0","0","4","0","","36","08","2016","2016079901","2","40.0819","-76.351","1743","08","0","0","0","0","0","0","0","0","1","0","0","0","17","1","0","01","1","40 04:54.975","4","00","76 21:03.454","0","0","0","0","36214","0","0","0","N","0","0","0","4","36214","0","","1","01","N","N","0","","0","0","1","3","2","N","1740","0","2","0","0","0","0","0","3","0","2","N","","","","","","","","","","","","03","  ","","",""
"1622","1","0","0","0","0","0","0","0","0","1","0","","36","08","2016","2016079904","2","39.9884","-76.3178","1614","08","0","0","0","0","0","1","0","0","2","0","0","0","16","1","2","00","2","39 59:18.404","6","00","76 19:03.912","4","0","0","0","36228","0","0","0","N","0","0","0","3","36503","2","","1","01","N","N","2","","0","0","0","0","0","Y","1613","2","3","0","0","0","0","0","1","0","3","N","","","","","","","","","","","","03","  ","","",""
"2303","0","0","0","0","0","0","0","0","0","4","0","","36","08","2016","2016079934","2","40.0532","-76.3242","2300","08","0","0","0","0","0","0","0","0","1","0","0","0","22","3","1","01","1","40 03:11.365","6","00","76 19:27.049","3","0","0","0","36101","0","0","0","N","0","0","0","3","36101","0","","1","01","N","N","0","","1","0","2","3","2","Y","2259","1","2","0","0","0","0","0","3","0","2","N","","","","","","","","","","","","03","  ","","",""
"0549","1","0","0","0","0","0","0","0","0","7","0","","36","07","2016","2016079953","1","40.1456","-76.6072","0549","08","0","0","0","0","0","0","0","0","","0","0","0","03","3","2","00","0","40 08:44.139","","00","76 36:25.861","8","0","0","0","36407","0","0","0","N","0","0","0","2","36407","0","","2","01","N","N","0","","0","0","0","0","0","","0322","2","1","0","0","0","2","0","2","0","1","N","","","","","","","","","","","","03","  ","","",""
"1704","0","0","0","0","0","0","0","0","0","4","0","","36","08","2016","2016080059","2","40.1702","-76.1057","1655","08","0","0","1","0","0","1","0","0","1","0","0","0","16","1","1","02","1","40 10:12.838","4","00","76 06:20.606","2","0","1","1","36210","0","0","0","N","0","0","0","2","36210","0","","1","01","N","N","1","","0","1","0","3","3","N","1654","1","2","0","0","0","0","0","1","0","2","N","","","","","","","","","","","","03","  ","","",""
"0642","1","0","0","0","0","0","0","0","0","7","0","","36","08","2016","2016080060","2","40.0407","-76.245","0632","08","0","0","0","0","0","1","0","0","1","0","0","0","06","1","1","00","1","40 02:26.353","4","02","76 14:42.014","3","0","0","0","36215","0","0","0","N","0","0","0","1","36215","0","","2","01","N","N","0","","1","0","0","0","0","N","0626","1","1","0","0","0","0","0","1","0","1","N","","","","","","","","","","","","03","  ","","",""
"1120","0","0","0","0","0","0","0","0","0","4","0","","36","08","2016","2016080511","2","40.0709","-76.3176","1040","08","0","0","0","0","0","1","0","0","2","0","0","0","10","1","0","01","1","40 04:15.386","1","00","76 19:03.337","0","0","0","0","36101","0","0","0","N","0","0","0","2","36101","0","","1","01","N","N","1","","0","0","1","3","2","N","1036","0","2","0","0","0","0","0","3","0","2","N","","","","","","","","","","","","03","  ","","",""
"1527","1","0","0","0","0","0","0","0","0","4","0","","36","07","2016","2016081017","1","40.0665","-76.2083","1523","08","0","0","0","0","0","1","0","1","1","0","0","0","15","1","1","02","1","40 03:59.432","2","00","76 12:30.007","4","0","0","0","36234","0","0","0","N","0","0","0","2","36215","1","","1","01","N","N","0","","0","0","1","3","3","N","1523","1","2","0","0","0","0","0","1","0","2","N","","","","","","","","","","","","03","  ","","",""
"1459","1","0","0","0","0","0","0","0","0","1","0","","36","08","2016","2016081026","2","40.1067","-76.2497","1448","08","0","0","0","0","0","0","0","0","2","0","0","0","14","1","2","00","1","40 06:24.111","5","02","76 14:58.757","3","0","0","0","36101","0","0","0","N","0","0","0","6","36101","0","","1","01","N","N","0","","2","0","0","3","3","N","1444","2","2","0","0","0","0","0","3","1","2","N","","","","","","","","","","","","03","  ","","",""
"1518","1","0","0","0","0","0","0","0","0","4","0","","36","08","2016","2016081036","3","40.0739","-76.3499","1515","08","0","0","0","0","0","0","1","0","","0","0","0","15","1","0","01","0","40 04:25.939","","00","76 20:59.786","0","0","0","0","36214","0","0","0","N","0","0","0","2","36214","0","","1","01","N","N","1","","0","0","0","3","3","","1513","0","2","0","0","0","0","0","3","0","2","N","","","","","","","","","","","","03","  ","","",""
"0734","1","0","0","0","0","0","0","0","0","1","0","","36","08","2016","2016081037","2","40.038","-76.5112","0734","08","0","0","0","0","0","0","1","0","","0","0","0","07","1","0","06","0","40 02:17.640","","02","76 30:35.427","0","0","0","0","36404","0","0","0","N","0","0","0","2","36404","0","","1","01","N","N","1","","0","0","0","9","4","","0734","0","2","0","0","0","0","0","3","0","2","N","","","","","","","","","","","","03","  ","","",""
"1520","1","0","0","0","0","0","0","0","0","4","0","","36","08","2016","2016081042","3","40.1096","-76.0272","1518","08","0","0","0","0","0","1","0","0","2","0","0","0","15","1","0","01","2","40 06:34.623","1","00","76 01:37.885","0","0","0","0","36213","0","0","0","N","0","0","0","2","36213","0","","1","01","N","N","0","","0","0","1","0","0","N","1516","0","2","0","0","0","0","0","1","0","2","N","","","","","","","","","","","","03","  ","","",""
"1331","1","0","0","0","0","0","0","0","0","4","0","","36","07","2016","2016081098","7","40.0056","-76.1862","1324","08","0","0","0","0","1","1","0","0","","0","0","0","13","1","2","00","0","40 00:20.138","","00","76 11:10.239","4","0","0","0","36233","0","0","0","","0","0","0","3","68J01","2","","1","09","N","N","0","","0","0","1","0","0","","1324","2","2","0","0","0","0","0","1","0","2","N","","","","","","","","","","","","07","  ","","",""
"0245","1","0","0","0","0","0","0","0","0","7","0","","36","07","2016","2016081142","7","39.995","-76.3144","0237","08","0","0","0","0","0","0","0","0","2","0","0","0","02","2","2","00","2","39 59:41.914","5","00","76 18:51.892","3","0","0","0","36228","0","0","0","N","0","0","0","3","36503","1","","4","01","N","N","0","","1","0","0","0","0","Y","0230","2","1","0","0","0","0","1","1","0","1","N","","","","","","","","","","","","03","  ","","",""
"1345","2","0","0","0","0","0","0","0","0","1","0","","36","07","2016","2016081173","7","40.0684","-76.2878","1332","08","0","0","0","0","0","0","0","0","2","0","0","0","13","1","0","00","1","40 04:06.236","2","00","76 17:16.071","0","0","0","0","36101","0","0","0","N","0","0","0","4","36101","0","","1","09","N","N","0","","0","0","0","0","0","N","1329","0","2","0","0","0","0","0","3","0","2","N","","","","","","","","","","","","07","  ","","",""
"1544","1","0","0","0","0","0","0","0","0","1","0","","36","07","2016","2016081192","6","40.0702","-76.3164","1535","08","0","0","0","0","1","0","0","0","","0","0","0","15","1","0","00","0","40 04:12.668","","00","76 18:59.120","0","0","0","0","36101","0","0","0","N","0","0","0","3","36101","0","","1","01","N","N","0","","0","0","0","0","0","","1531","0","2","0","0","0","0","0","3","1","2","N","","","","","","","","","","","","03","  ","","",""
"1802","0","0","0","0","0","0","0","0","0","4","1","","36","08","2016","2016081205","3","40.1494","-76.6036","1800","08","0","0","0","0","1","0","0","0","4","0","1","0","17","1","1","01","2","40 08:57.757","7","00","76 36:12.988","2","0","1","1","36407","0","0","0","N","0","0","0","2","36407","0","","1","01","N","N","0","","0","1","0","3","3","Y","1759","1","2","0","0","0","0","0","2","0","2","N","","","","","","","","","","","","03","  ","","",""
"1719","1","0","0","0","0","0","0","0","0","7","0","","36","08","2016","2016081224","3","40.2338","-76.2616","1710","08","0","0","0","0","0","0","0","1","2","0","0","0","17","1","1","00","1","40 14:01.709","4","00","76 15:41.800","8","0","0","0","36204","0","0","0","","0","0","0","1","36506","0","","4","01","N","N","0","","0","0","0","0","0","N","1710","1","1","0","0","1","1","0","1","0","1","N","","","","","","","","","","","","03","  ","","",""
"0212","1","0","0","0","0","0","0","0","0","1","1","","36","07","2016","2016081288","6","40.2016","-76.0135","0212","08","0","0","0","0","0","1","0","0","","0","1","0","02","2","0","00","0","40 12:06.928","","00","76 00:50.217","0","0","0","0","36202","0","0","0","","0","0","0","1","68T06","0","","4","09","N","N","0","","0","0","0","0","0","","0212","0","2","0","0","0","0","0","1","0","2","N","","","","","","","","","","","","07","  ","","",""
"1102","1","0","0","0","0","0","0","0","0","1","0","","36","07","2016","2016081289","7","40.2246","-76.4053","1057","08","0","0","0","0","0","1","0","1","","0","0","0","10","1","1","00","0","40 13:28.802","","00","76 24:16.318","3","0","0","0","36227","0","0","0","","0","0","0","3","68T06","0","","1","01","N","N","1","","1","0","0","0","0","","1056","1","2","0","0","0","0","0","1","0","2","N","","","","","","","","","","","","03","  ","","",""
"0513","1","0","0","0","0","0","0","0","0","0","0","","36","08","2016","2016081301","4","40.1293","-76.5016","0509","08","0","0","0","0","0","0","0","0","2","0","0","0","05","2","1","00","1","40 07:45.453","3","00","76 30:05.692","3","0","0","0","36230","0","0","0","N","0","0","0","1","36410","0","","3","01","N","N","0","","1","0","0","0","0","N","0507","1","1","0","0","1","0","0","1","0","1","N","","","","","","","","","","","","03","  ","","",""
"1635","0","0","0","0","0","0","0","0","0","1","0","","36","08","2016","2016081308","5","40.0391","-76.2806","1616","08","0","0","0","0","0","1","0","0","","0","0","0","16","1","0","00","0","40 02:20.799","","00","76 16:50.011","0","0","0","0","36220","0","0","0","N","0","0","0","2","36101","0","","1","01","N","N","0","","0","0","2","0","0","","1614","0","2","0","0","0","0","0","3","0","2","N","","","","","","","","","","","","03","  ","","",""
"0731","0","0","0","0","0","0","0","0","0","1","1","","36","08","2016","2016081319","4","40.0575","-76.3983","0720","08","0","0","0","0","0","1","0","0","2","0","1","0","07","1","1","01","1","40 03:26.963","1","00","76 23:53.840","4","0","0","0","36214","0","0","0","N","0","0","0","2","36214","1","","1","01","N","N","0","","0","0","0","3","2","N","0718","1","2","0","0","0","0","0","3","1","2","N","","","","","","","","","","","","03","  ","","",""
"1559","1","0","0","0","0","0","0","0","0","7","0","","36","08","2016","2016081320","1","40.1524","-76.1626","1550","08","0","0","0","0","0","0","0","0","1","0","0","0","15","1","0","00","1","40 09:08.528","2","00","76 09:45.522","0","0","0","0","36238","0","0","0","Y","0","0","0","2","36238","0","","3","01","N","N","0","","0","0","0","0","0","N","1550","0","1","0","0","0","0","0","3","0","1","N","","","","","","","","","","","","03","  ","","",""
"1850","1","0","0","0","0","0","0","0","0","6","0","","36","08","2016","2016081337","2","40.0099","-76.2988","1845","08","0","0","0","0","0","0","0","0","2","0","0","0","18","1","0","02","2","40 00:35.678","5","00","76 17:55.741","0","0","0","0","36240","0","0","0","N","0","0","0","9","36240","0","","1","01","N","N","1","","0","0","1","3","3","Y","1844","0","3","0","0","0","0","0","1","0","3","N","","","","","","","","","","","","03","  ","","",""
"2127","2","0","0","0","0","0","0","0","0","4","0","","36","08","2016","2016081359","2","40.0013","-76.2342","2122","08","0","1","0","0","0","0","0","0","2","0","0","0","21","2","1","02","1","40 00:04.813","6","00","76 14:03.134","4","0","0","0","36240","0","0","0","N","0","0","0","3","36240","1","","1","01","N","N","0","","0","0","0","3","3","N","2121","1","2","0","0","0","0","0","1","0","2","N","","","","","","","","","","","","03","  ","","",""
"2349","1","0","0","0","0","0","0","0","0","5","0","","36","08","2016","2016081372","3","40.0107","-76.2509","2345","08","0","0","0","0","1","0","0","0","2","0","0","0","23","2","0","00","2","40 00:38.674","5","00","76 15:03.297","0","0","0","0","36240","0","0","0","N","0","0","0","2","36240","0","","6","01","N","N","0","","0","0","1","0","0","Y","2342","0","2","0","0","0","0","0","1","0","2","N","","","","","","","","","","","","03","  ","","",""
"1319","0","0","0","0","0","0","0","0","0","4","0","","36","08","2016","2016081384","4","40.0817","-76.1157","1316","08","0","0","0","0","0","2","0","0","2","0","0","0","13","1","0","01","2","40 04:54.116","5","00","76 06:56.550","0","0","0","0","36209","0","0","0","N","0","0","0","2","36415","0","","1","01","N","N","1","","0","0","0","3","3","Y","1316","0","2","0","0","1","0","0","1","1","2","N","","","","","","","","","","","","03","  ","","",""
"1446","2","0","0","0","0","0","0","0","0","4","0","","36","08","2016","2016081388","4","40.0755","-76.2736","1446","08","0","1","0","0","0","1","0","0","","0","0","0","14","1","0","00","0","40 04:31.798","","07","76 16:24.827","0","0","0","0","36101","0","0","0","N","0","0","0","2","36101","0","","1","01","N","N","0","","0","0","0","0","0","","1445","0","2","0","0","0","0","0","3","0","2","N","","","","","","","","","","","","03","  ","","",""
"2233","0","0","1","0","0","0","0","0","0","2","0","","36","06","2016","2016081485","4","39.9175","-76.1882","2227","08","0","0","0","0","1","0","0","0","1","0","0","0","22","2","2","00","2","39 55:03.047","5","00","76 11:17.463","2","0","0","0","36229","0","0","0","","0","0","0","3","68J01","0","","1","01","N","N","1","","1","1","1","0","0","N","2219","2","2","0","0","0","0","0","1","0","2","N","","","","","","","","","","","","03","  ","","",""
"1154","1","0","0","0","0","0","0","0","0","6","0","","36","06","2016","2016081489","5","39.9994","-76.0038","1132","08","0","0","0","0","0","0","2","0","","0","0","0","11","1","0","00","0","39 59:57.980","","00","76 00:13.770","0","0","0","0","36232","0","0","0","","0","0","0","2","68J01","0","","1","01","N","N","0","","0","0","0","0","0","","1132","0","2","0","0","0","0","0","1","0","2","N","","","","","","","","","","","","03","  ","","",""
"0121","1","0","0","0","0","0","0","0","0","7","0","","36","07","2016","2016081492","2","40.0387","-76.1434","0113","08","0","0","0","1","0","0","0","0","2","0","0","0","01","2","0","00","1","40 02:19.483","4","00","76 08:36.090","0","0","0","0","36221","0","0","0","","0","0","0","1","68J01","0","","4","01","N","N","0","","0","0","0","0","0","N","0113","0","1","0","0","0","0","0","1","0","1","N","","","","","","","","","","","","03","  ","","",""
"1114","1","0","0","0","0","0","0","0","0","4","0","","36","07","2016","2016081494","4","39.9784","-76.0012","1111","08","0","0","1","0","1","0","0","0","3","0","0","0","11","1","0","00","1","39 58:42.259","4","07","76 00:04.415","0","0","0","0","36231","0","0","0","","0","0","0","2","68J01","0","","1","01","N","N","1","","0","0","0","0","0","N","1111","0","2","0","0","0","0","0","1","0","2","N","","","","","","","","","","","","03","  ","","",""
"0619","1","0","0","0","0","0","0","0","0","7","0","","36","07","2016","2016081497","5","39.892","-76.2393","0603","08","0","0","0","0","0","0","0","0","","0","0","0","06","1","0","00","0","39 53:31.148","","00","76 14:21.327","0","0","0","0","36229","0","0","0","","0","0","0","1","68J01","0","","5","01","N","N","0","","0","0","0","0","0","","0603","0","1","0","0","0","0","0","1","0","1","N","","","","","","","","","","","","03","  ","","",""
"0642","1","0","0","0","0","0","0","0","0","7","0","","36","07","2016","2016081500","1","40.0658","-75.9996","0621","08","0","0","0","0","0","0","0","0","","0","0","0","06","1","0","00","0","40 03:56.710","","00","75 59:58.720","0","0","0","0","36232","0","0","0","","0","0","0","1","68J01","0","","4","01","N","N","0","","0","0","0","0","0","","0620","0","1","0","0","0","0","0","1","0","1","N","","","","","","","","","","","","03","  ","","",""
"1903","1","0","0","0","0","0","0","0","0","4","0","","36","07","2016","2016081508","6","40.0342","-76.0013","1850","08","0","0","1","0","0","0","0","0","1","0","0","0","18","1","0","01","1","40 02:02.942","5","00","76 00:04.667","0","0","0","0","36232","0","0","0","","0","0","0","2","68J01","0","","1","01","N","N","1","","0","0","0","3","3","Y","1850","0","2","0","0","0","0","0","1","0","2","N","","","","","","","","","","","","03","  ","","",""
"2209","3","0","0","0","0","0","0","0","0","1","0","","36","07","2016","2016081512","2","39.9631","-75.9974","2202","08","0","0","0","0","1","0","0","0","2","0","0","0","22","3","1","01","2","39 57:47.302","1","00","75 59:50.526","3","0","0","0","36231","0","0","0","","0","0","0","4","68J01","0","","1","09","N","N","0","","1","0","0","3","2","N","2201","1","3","0","0","0","0","0","1","0","3","N","","","","","","","","","","","","07","  ","","",""
"1740","2","0","0","0","0","0","0","0","0","4","0","","36","07","2016","2016081513","4","40.0111","-76.1353","1737","08","0","0","0","0","1","0","0","0","2","0","0","0","17","1","1","00","1","40 00:40.019","3","00","76 08:07.256","3","0","0","0","36221","0","0","0","","0","0","0","2","68J01","0","","1","01","N","N","0","","1","0","0","0","0","N","1730","1","2","0","0","0","0","0","1","0","2","N","","","","","","","","","","","","03","  ","","",""
"0924","0","0","0","0","0","0","0","0","0","7","0","","36","07","2016","2016081514","7","39.92","-76.036","0916","08","0","0","0","0","0","0","0","0","","0","0","0","09","1","1","00","0","39 55:12.089","","00","76 02:09.529","8","0","0","1","36231","0","0","0","","0","0","0","1","68J01","0","","4","01","N","N","0","","0","0","0","0","0","","0916","1","1","0","0","0","1","0","1","0","1","N","","","","","","","","","","","","03","  ","","",""
"0859","1","0","0","0","0","0","0","0","0","2","0","","36","07","2016","2016081562","4","40.1454","-75.922","0833","08","0","0","0","0","0","1","0","0","3","0","0","0","08","1","2","00","2","40 08:43.564","6","00","75 55:19.251","3","0","0","0","36203","0","0","0","","0","0","0","2","68J01","1","","1","01","N","N","0","","1","0","1","0","0","Y","0833","2","2","0","0","0","0","0","1","0","2","N","","","","","","","","","","","","03","  ","","",""
"0248","1","0","0","0","0","0","0","0","0","7","0","","36","07","2016","2016081577","6","40.232","-76.321","0227","08","0","0","0","0","0","0","0","0","","0","0","0","02","2","1","00","0","40 13:55.047","","00","76 19:15.500","3","0","0","0","36217","0","0","0","","0","0","0","3","68J01","0","","4","09","N","N","0","","1","0","0","0","0","","0226","1","1","0","0","0","0","0","1","0","1","N","","","","","","","","","","","","07","  ","","",""
"1725","4","0","0","0","0","0","0","0","0","1","0","","36","08","2016","2016081631","4","40.1474","-76.6033","1714","08","0","0","0","0","0","0","1","0","2","0","0","0","17","1","0","00","1","40 08:50.743","2","00","76 36:11.913","0","0","0","0","36407","0","0","0","N","0","0","0","4","36407","0","","1","01","N","N","0","","0","0","0","0","0","N","1714","0","4","0","0","1","0","0","2","0","4","N","","","","","","","","","","","","03","  ","","",""
"0719","0","0","0","0","0","0","0","0","0","4","1","","36","07","2016","2016081651","5","40.1628","-76.1499","0711","08","0","0","0","0","0","0","0","0","2","0","1","0","07","1","0","01","1","40 09:46.140","3","02","76 08:59.472","0","0","0","0","36218","0","0","0","N","0","0","0","3","36238","0","","1","09","N","N","1","","0","0","0","3","2","Y","0700","0","2","0","0","1","0","0","1","0","2","N","","","","","","","","","","","","03","  ","","",""
"2105","1","0","0","0","0","0","0","0","0","4","0","","36","08","2016","2016081659","1","40.0201","-76.1809","2100","08","0","0","0","0","0","2","0","0","","0","0","0","20","3","1","00","0","40 01:12.371","","07","76 10:51.119","4","0","0","0","36215","0","0","0","N","0","0","0","7","36215","1","","1","01","N","N","0","","0","0","0","0","0","","2057","1","2","0","0","0","0","0","1","1","2","N","","","","","","","","","","","","03","  ","","",""
"1906","1","0","0","0","0","0","0","0","0","1","0","","36","08","2016","2016081665","4","40.044","-76.3242","1904","08","0","0","0","0","0","0","0","0","","0","0","0","18","1","0","01","0","40 02:38.414","","00","76 19:27.148","0","0","0","0","36301","0","0","0","N","0","0","0","2","36301","0","","1","01","N","N","0","","0","0","1","3","2","","1853","0","2","0","0","0","0","0","3","0","2","N","","","","","","","","","","","","03","  ","","",""
"2233","1","0","0","0","0","0","0","0","0","5","0","","36","08","2016","2016081672","4","40.046","-76.2973","2231","08","0","0","0","0","0","0","0","0","2","0","0","0","22","3","0","00","2","40 02:45.597","6","00","76 17:50.408","0","0","0","0","36301","0","0","0","N","0","0","0","1","36301","0","","6","01","N","N","0","","0","0","1","0","0","Y","2231","0","2","0","0","0","0","0","3","0","2","N","","","","","","","","","","","","03","  ","","",""
"1905","0","0","0","0","0","0","0","0","0","8","0","","36","07","2016","2016081677","3","40.0334","-76.3048","1903","08","0","0","0","0","0","0","0","0","2","0","0","0","19","1","1","02","1","40 02:00.152","4","00","76 18:17.339","3","0","0","0","36301","1","0","0","N","1","0","0","2","36301","0","","1","01","N","N","0","","1","0","1","3","2","Y","1901","1","2","0","0","0","0","0","3","0","1","N","","","","","","","","","","","","03","  ","","",""
"1238","2","0","0","0","0","0","0","0","0","4","0","","36","08","2016","2016081769","4","40.1598","-76.399","1235","08","0","0","0","0","0","0","0","0","","0","0","0","12","1","0","01","0","40 09:35.114","","00","76 23:56.364","0","0","0","0","36410","0","0","0","N","0","0","0","2","36410","0","","1","01","N","N","0","","0","0","0","3","3","","1230","0","2","0","0","0","0","0","2","0","2","N","","","","","","","","","","","","03","  ","","",""
"2218","2","0","0","0","0","0","0","0","0","6","0","","36","08","2016","2016081772","6","40.0846","-76.3945","2215","08","0","0","0","0","0","0","0","0","2","0","0","0","22","2","0","00","2","40 05:04.700","1","00","76 23:40.100","0","0","0","0","36214","0","0","0","","0","0","0","1","36214","0","","6","01","N","N","0","","0","0","0","0","0","N","2210","0","2","0","0","0","0","0","3","0","2","N","","","","","","","","","","","","03","  ","","",""
"0951","0","0","0","0","0","0","0","0","0","4","0","","36","08","2016","2016081779","4","40.0619","-76.2757","0946","08","0","0","0","0","0","1","1","0","","0","0","0","09","1","1","02","0","40 03:42.916","","00","76 16:32.597","4","0","0","0","36101","0","0","0","N","0","0","0","2","36101","1","","1","01","N","N","1","","0","0","1","3","4","","0944","1","2","0","0","0","0","0","3","0","2","N","","","","","","","","","","","","03","  ","","",""
"1237","1","0","0","0","0","0","0","0","0","1","0","","36","08","2016","2016081787","4","40.0149","-76.1548","1219","08","0","0","0","0","0","1","0","0","","0","0","0","12","1","0","00","0","40 00:53.799","","00","76 09:17.105","0","0","0","0","36215","0","0","0","N","0","0","0","2","36215","0","","1","01","N","N","0","","0","0","0","0","0","","1212","0","2","0","0","0","0","0","1","1","2","N","","","","","","","","","","","","03","  ","","",""
"2346","1","0","0","0","0","0","0","0","0","7","0","","36","08","2016","2016081869","4","40.1508","-76.1663","2341","08","0","0","1","0","0","0","0","0","2","0","0","0","23","2","1","00","1","40 09:02.972","2","00","76 09:58.737","3","0","0","0","36238","0","0","0","N","0","0","0","1","36238","0","","4","01","N","N","0","","1","0","0","0","0","N","2340","1","1","0","0","1","0","0","3","0","1","N","","","","","","","","","","","","03","  ","","",""
"1026","2","0","0","0","0","0","0","0","0","7","0","","36","08","2016","2016081883","1","40.0526","-76.3793","1022","08","0","0","0","0","0","0","0","0","2","0","0","0","10","1","0","00","1","40 03:09.453","4","00","76 22:45.494","0","0","0","0","36214","0","0","0","N","0","0","0","2","36214","0","","3","01","N","N","0","","0","0","0","0","0","N","1022","0","2","0","0","0","0","0","3","0","2","N","","","","","","","","","","","","03","  ","","",""
"1827","1","0","0","0","0","0","0","0","0","1","0","","36","08","2016","2016081971","7","40.0299","-76.2305","1818","08","0","0","1","0","0","1","0","0","","0","0","0","18","1","0","00","0","40 01:47.719","","00","76 13:49.736","0","0","0","0","36215","0","0","0","N","0","0","0","3","36215","0","","1","01","N","N","1","","0","0","0","3","2","","1810","0","2","0","0","0","0","0","1","0","2","N","","","","","","","","","","","","03","  ","","",""
"2116","1","0","0","0","0","0","0","0","0","4","0","","36","08","2016","2016081978","4","40.2225","-76.0968","2116","08","0","0","0","0","0","0","0","0","","0","0","0","21","3","2","01","0","40 13:20.882","","00","76 05:48.548","3","0","0","0","36210","0","0","0","N","0","0","0","5","36210","0","","1","01","N","N","0","","2","0","1","3","2","","2116","2","2","0","0","0","0","0","1","0","2","N","","","","","","","","","","","","03","  ","","",""
"1825","1","0","0","0","0","0","0","0","0","1","0","","36","08","2016","2016081988","4","40.0688","-76.3295","1823","08","0","0","0","0","0","0","0","0","2","0","0","0","17","1","0","00","1","40 04:07.671","3","00","76 19:46.182","0","0","0","0","36101","0","0","0","N","0","0","0","4","36101","0","","1","01","N","N","0","","0","0","1","0","0","N","1752","0","3","0","0","0","0","0","3","1","3","N","","","","","","","","","","","","03","  ","","",""
"2002","1","0","0","0","0","0","0","0","0","4","0","","36","08","2016","2016082021","7","40.0392","-76.3088","1959","08","0","0","0","0","0","0","0","0","2","0","0","0","19","1","3","01","2","40 02:21.252","4","00","76 18:31.657","4","0","0","0","36301","0","0","0","","0","0","0","4","36301","3","","1","01","","","0","","0","0","1","0","0","Y","1959","3","2","0","0","0","0","1","3","0","2","N","","","","","","","","","","","","03","  ","","",""
"2116","0","0","0","0","0","0","0","0","0","5","0","","36","08","2016","2016082103","7","40.0667","-76.5748","2116","08","0","0","0","0","0","0","0","0","","0","0","0","21","3","0","00","0","40 04:00.100","","00","76 34:29.400","0","0","0","0","36211","0","0","0","N","0","0","0","1","36504","0","","6","01","N","N","3","","0","0","0","0","0","","2105","0","3","0","0","0","0","0","1","0","3","N","","","","","","","","","","","","03","  ","","",""
"1623","2","0","0","0","0","0","0","0","0","1","0","","36","08","2016","2016082134","5","40.1437","-76.3817","1617","08","0","1","0","0","0","0","0","0","","0","0","0","16","1","1","01","0","40 08:37.371","","00","76 22:53.969","4","0","0","0","36227","0","0","0","","0","0","0","3","36506","1","","1","01","N","N","0","","0","0","0","3","3","","1614","1","2","0","0","0","0","0","1","0","2","N","","","","","","","","","","","","03","  ","","",""
"0052","0","0","0","0","0","0","0","0","0","7","0","","36","07","2016","2016082148","7","40.0329","-76.2444","0023","08","0","0","0","0","0","1","0","0","","0","0","0","00","3","0","00","0","40 01:58.524","","07","76 14:39.732","0","0","0","0","36215","0","0","0","N","0","0","0","1","36215","0","","2","01","N","N","0","","0","0","0","0","0","","0023","0","1","0","0","0","0","0","1","1","1","N","","","","","","","","","","","","03","  ","","",""