"ARRIVAL_TM","AUTOMOBILE_COUNT","BELTED_DEATH_COUNT","BELTED_SUSP_SERIOUS_INJ_COUNT","BICYCLE_COUNT","BICYCLE_DEATH_COUNT","BICYCLE_SUSP_SERIOUS_INJ_COUNT","BUS_COUNT","CHLDPAS_DEATH_COUNT","CHLDPAS_SUSP_SERIOUS_INJ_COUNT","COLLISION_TYPE","COMM_VEH_COUNT","CONS_ZONE_SPD_LIM","COUNTY","CRASH_MONTH","CRASH_YEAR","CRN","DAY_OF_WEEK","DEC_LAT","DEC_LONG","DISPATCH_TM","DISTRICT","DRIVER_COUNT_16YR","DRIVER_COUNT_17YR","DRIVER_COUNT_18YR","DRIVER_COUNT_19YR","DRIVER_COUNT_20YR","DRIVER_COUNT_50_64YR","DRIVER_COUNT_65_74YR","DRIVER_COUNT_75PLUS","EST_HRS_CLOSED","FATAL_COUNT","HEAVY_TRUCK_COUNT","HORSE_BUGGY_COUNT","HOUR_OF_DAY","ILLUMINATION","INJURY_COUNT","INTERSECT_TYPE","LANE_CLOSED","LATITUDE","LN_CLOSE_DIR","LOCATION_TYPE","LONGITUDE","MAX_SEVERITY_LEVEL","MCYCLE_DEATH_COUNT","MCYCLE_SUSP_SERIOUS_INJ_COUNT","MOTORCYCLE_COUNT","MUNICIPALITY","NONMOTR_COUNT","NONMOTR_DEATH_COUNT","NONMOTR_SUSP_SERIOUS_INJ_COUNT","NTFY_HIWY_MAINT","PED_COUNT","PED_DEATH_COUNT","PED_SUSP_SERIOUS_INJ_COUNT","PERSON_COUNT","POLICE_AGCY","POSSIBLE_INJ_COUNT","RDWY_SURF_TYPE_CD","RELATION_TO_ROAD","ROAD_CONDITION","SCH_BUS_IND","SCH_ZONE_IND","SMALL_TRUCK_COUNT","SPEC_JURIS_CD","SUSP_MINOR_INJ_COUNT","SUSP_SERIOUS_INJ_COUNT","SUV_COUNT","TCD_FUNC_CD","TCD_TYPE","TFC_DETOUR_IND","TIME_OF_DAY","TOT_INJ_COUNT","TOTAL_UNITS","UNB_DEATH_COUNT","UNB_SUSP_SERIOUS_INJ_COUNT","UNBELTED_OCC_COUNT","UNK_INJ_DEG_COUNT","UNK_INJ_PER_COUNT","URBAN_RURAL","VAN_COUNT","VEHICLE_COUNT","WORK_ZONE_IND","WORK_ZONE_LOC","WORK_ZONE_TYPE","WORKERS_PRES","WZ_CLOSE_DETOUR","WZ_FLAGGER","WZ_LAW_OFFCR_IND","WZ_LN_CLOSURE","WZ_MOVING","WZ_OTHER","WZ_SHLDER_MDN","ROADWAY_CLEARED","WEATHER1","WEATHER2","WZ_WORKERS_INJ_KILLED","SECONDARY_CRASH","INTERSECTION_RELATED"
"0749","1","0","0","0","0","0","0","0","0","2","0","","36","07","2016","2016082426","3","39.9507","-76.2378","0741","08","0","0","0","0","0","0","0","0","2","0","0","0","07","1","1","00","1","39 57:02.614","5","00","76 14:16.042","4","0","0","0","36233","0","0","0","","0","0","0","6","68J01","1","","1","09","N","N","0","","0","0","1","0","0","N","0741","1","2","0","0","0","0","0","1","0","2","N","","","","","","","","","","","","03","  ","","",""
"1550","0","0","0","0","0","0","0","0","0","4","0","","36","07","2016","2016082427","2","40.0381","-76.1067","1540","08","0","0","0","0","0","2","0","0","","0","0","0","15","1","0","01","0","40 02:17.153","","00","76 06:24.081","0","0","0","0","36221","0","0","0","","0","0","0","3","68J01","0","","1","01","N","N","2","","0","0","0","3","3","","1540","0","2","0","0","0","0","0","1","0","2","N","","","","","","","","","","","","03","  ","","",""
"0933","1","0","0","0","0","0","0","0","0","4","0","","36","07","2016","2016082433","1","40.1417","-75.9374","0909","08","0","0","1","0","0","1","0","0","","0","0","0","09","1","0","01","0","40 08:29.956","","00","75 56:14.538","0","0","0","0","36203","0","0","0","","0","0","0","4","68J01","0","","1","01","N","N","0","","0","0","1","3","3","","0909","0","2","0","0","0","0","0","1","0","2","N","","","","","","","","","","","","03","  ","","",""
"0748","1","0","0","0","0","0","0","0","0","7","0","","36","07","2016","2016082436","2","39.8888","-76.1384","0733","08","0","0","0","0","0","0","0","0","2","0","0","0","07","1","0","00","1","39 53:19.781","5","00","76 08:18.222","0","0","0","0","36216","0","0","0","","0","0","0","1","68J01","0","","4","01","N","N","0","","0","0","0","0","0","N","0733","0","1","0","0","0","0","0","1","0","1","N","","","","","","","","","","","","03","  ","","",""
"1801","3","0","0","0","0","0","0","0","0","1","0","","36","08","2016","2016082462","2","39.9652","-76.0015","1749","08","0","0","0","0","0","2","0","0","3","0","0","0","17","1","2","00","1","39 57:54.863","2","00","76 00:05.524","8","0","0","0","36231","0","0","0","","0","0","0","6","68J01","0","","1","01","N","N","0","","0","0","0","0","0","N","1748","2","3","0","0","0","2","0","1","0","3","N","","","","","","","","","","","","03","  ","","",""
"1553","2","0","0","0","0","0","0","0","0","1","0","","36","08","2016","2016082471","1","40.2327","-76.3003","1523","08","0","1","0","0","0","0","0","0","2","0","0","0","15","1","1","00","1","40 13:57.857","1","00","76 18:01.086","8","0","0","0","36217","0","0","0","","0","0","0","3","68J01","0","","1","01","N","N","1","","0","0","0","0","0","N","1514","1","3","0","0","0","1","0","1","0","3","N","","","","","","","","","","","","03","  ","","",""
"2101","0","0","0","0","0","0","0","0","0","9","0","","36","08","2016","2016082475","2","39.792","-76.1149","2045","08","0","0","0","0","0","0","0","0","2","0","0","0","20","2","0","00","1","39 47:31.287","1","00","76 06:53.640","0","0","0","0","36222","0","0","0","","0","0","0","1","68J01","0","","1","01","N","N","0","","0","0","1","0","0","N","2043","0","1","0","0","0","0","0","1","0","1","N","","","","","","","","","","","","03","  ","","",""
"1355","1","0","0","0","0","0","0","0","0","1","0","","36","08","2016","2016082479","4","40.0009","-76.1591","1345","08","0","1","0","0","0","1","0","0","","0","0","0","13","1","0","02","0","40 00:03.085","","00","76 09:32.652","0","0","0","0","36233","0","0","0","","0","0","0","4","68J01","0","","1","01","N","N","0","","0","0","1","0","0","","1345","0","2","0","0","1","0","0","1","0","2","N","","","","","","","","","","","","03","  ","","",""
"1643","0","0","0","0","0","0","0","0","0","1","0","","36","08","2016","2016082483","4","40.0328","-75.9811","1640","08","0","0","0","0","0","0","0","0","","0","0","0","16","1","0","00","0","40 01:57.940","","00","75 58:51.860","0","0","0","0","36232","0","0","0","","0","0","0","3","68J01","0","","1","01","N","N","1","","0","0","0","0","0","","1640","0","2","0","0","0","0","0","1","1","2","N","","","","","","","","","","","","03","  ","","",""
"1032","1","0","0","0","0","0","0","0","0","7","0","","36","04","2016","2016082487","3","40.1888","-76.0157","1011","08","0","0","0","0","0","0","0","0","1","0","0","0","10","1","0","00","1","40 11:19.741","1","00","76 00:56.556","0","0","0","0","36202","0","0","0","","0","0","0","1","68J01","0","","4","01","N","N","0","","0","0","0","0","0","N","1006","0","1","0","0","0","0","0","1","0","1","N","","","","","","","","","","","","03","  ","","",""
"1516","1","0","0","0","0","0","0","0","0","5","1","","36","08","2016","2016082498","2","40.0397","-76.3645","1506","08","0","0","0","0","1","1","0","0","1","0","1","0","15","1","0","00","1","40 02:22.844","3","00","76 21:52.116","0","0","0","0","36223","0","0","0","","0","0","0","4","36223","0","","1","01","N","N","0","","0","0","1","3","2","N","1503","0","3","0","0","0","0","0","1","0","3","N","","","","","","","","","","","","03","  ","","",""
"0755","0","0","0","0","0","0","0","0","0","1","0","","36","08","2016","2016082512","2","40.1121","-75.9848","0743","08","0","0","0","0","0","1","0","0","","0","0","0","07","1","1","00","0","40 06:43.531","","00","75 59:05.159","3","0","0","1","36203","0","0","0","","0","0","0","2","68J01","0","","1","01","N","N","1","","1","0","0","0","0","","0743","1","2","0","0","0","0","0","1","0","2","N","","","","","","","","","","","","03","  ","","",""
"1755","0","0","0","0","0","0","0","0","0","0","0","","36","08","2016","2016082516","1","39.8865","-76.3438","1744","08","0","0","0","0","0","0","0","0","","0","0","0","17","1","1","00","0","39 53:11.560","","00","76 20:37.830","8","0","0","1","36224","0","0","0","","0","0","0","1","68J01","0","","1","01","N","N","0","","0","0","0","0","0","","1744","1","1","0","0","0","1","0","1","0","1","N","","","","","","","","","","","","03","  ","","",""
"0639","1","0","0","0","0","0","0","0","0","7","0","","36","08","2016","2016082518","2","40.058","-75.9981","0612","08","0","0","0","0","0","0","0","0","2","0","0","0","06","5","1","00","1","40 03:28.930","2","00","75 59:53.300","3","0","0","0","36232","0","0","0","","0","0","0","1","68J01","0","","4","01","N","N","0","","1","0","0","0","0","N","0612","1","1","0","0","0","0","0","1","0","1","N","","","","","","","","","","","","03","  ","","",""
"1227","1","0","0","0","0","0","0","0","0","4","0","","36","08","2016","2016082520","2","40.0116","-76.0464","1223","08","0","0","0","0","1","0","1","0","2","0","0","0","12","1","1","01","1","40 00:41.713","2","00","76 02:47.123","8","0","0","0","36232","0","0","0","","0","0","0","2","68J01","0","","1","01","N","N","1","","0","0","0","0","0","N","1221","1","2","0","0","0","1","0","1","0","2","N","","","","","","","","","","","","03","  ","","",""
"1528","0","0","0","0","0","0","0","0","0","5","0","","36","08","2016","2016082521","2","40.2381","-76.0434","1512","08","0","0","0","0","0","0","1","0","3","0","0","0","14","1","2","00","1","40 14:16.983","2","00","76 02:36.068","3","0","0","0","36202","0","0","0","","0","0","0","2","68J01","0","","1","01","N","N","0","","2","0","2","0","0","N","1457","2","2","0","0","0","0","0","1","0","2","N","","","","","","","","","","","","03","  ","","",""
"1911","2","0","0","0","0","0","0","0","0","4","0","","36","08","2016","2016082522","2","39.8389","-76.3072","1901","08","0","0","0","1","0","0","0","0","","0","0","0","18","1","2","01","0","39 50:19.997","","00","76 18:25.872","3","0","0","0","36224","0","0","0","","0","0","0","3","68J01","0","","1","01","N","N","0","","2","0","0","0","0","","1859","2","2","0","0","0","0","0","1","0","2","N","","","","","","","","","","","","03","  ","","",""
"1603","1","0","0","0","0","0","0","0","0","4","0","","36","08","2016","2016082538","6","40.2413","-76.1745","1557","08","0","0","0","0","0","0","0","0","","0","0","0","15","1","0","01","0","40 14:28.829","","00","76 10:28.030","0","0","0","0","36236","0","0","0","N","0","0","0","2","36408","0","","1","09","N","N","0","","0","0","1","3","3","","1556","0","2","0","0","0","0","0","1","0","2","N","","","","","","","","","","","","07","  ","","",""
"2150","2","0","0","0","0","0","0","0","0","1","0","","36","08","2016","2016082564","6","40.0397","-76.2837","2142","08","0","1","0","0","0","0","0","0","2","0","0","0","21","3","1","00","1","40 02:22.899","3","00","76 17:01.313","4","0","0","0","36220","0","0","0","N","0","0","0","3","36101","1","","1","01","N","N","0","","0","0","0","0","0","N","2137","1","2","0","0","0","0","0","3","0","2","N","","","","","","","","","","","","03","  ","","",""
"0127","2","0","0","0","0","0","0","0","0","1","0","","36","08","2016","2016082574","7","40.2137","-76.1264","0125","08","0","0","0","0","0","1","0","0","1","0","0","0","01","3","0","01","1","40 12:49.356","4","00","76 07:35.127","0","0","0","0","36210","0","0","0","N","0","0","0","3","36210","0","","1","01","N","N","0","","0","0","0","3","2","N","0123","0","2","0","0","0","0","0","1","0","2","N","","","","","","","","","","","","03","  ","","",""
"1719","1","0","0","1","0","0","0","0","0","1","0","","36","08","2016","2016082582","5","40.0368","-76.3076","1718","08","0","0","0","0","0","1","0","0","1","0","0","0","17","1","1","00","1","40 02:12.600","2","00","76 18:27.351","3","0","0","0","36301","1","0","0","N","0","0","0","2","36301","0","","1","01","N","N","0","","1","0","0","0","0","N","1715","1","2","0","0","0","0","0","3","0","1","N","","","","","","","","","","","","03","  ","","",""
"1616","1","0","0","0","0","0","0","0","0","4","0","","36","08","2016","2016082583","5","40.0364","-76.3054","1613","08","0","0","0","0","0","1","0","0","2","0","0","0","16","1","1","01","2","40 02:10.941","1","00","76 18:19.324","4","0","0","0","36301","0","0","0","N","0","0","0","2","36301","1","","1","01","N","N","0","","0","0","1","3","2","Y","1612","1","2","0","0","0","0","0","3","0","2","N","","","","","","","","","","","","03","  ","","",""
"0126","0","0","0","0","0","0","0","0","0","7","0","","36","08","2016","2016082588","3","40.0472","-76.2926","0122","08","0","0","0","0","0","0","0","0","","0","0","0","01","3","1","00","0","40 02:49.800","","00","76 17:33.500","8","0","0","0","36301","0","0","0","N","0","0","0","1","36301","0","","4","01","N","N","0","","0","0","1","0","0","","0108","1","1","0","0","0","1","0","3","0","1","N","","","","","","","","","","","","03","  ","","",""
"1819","0","0","0","0","0","0","0","0","0","7","0","","36","07","2016","2016082608","1","40.0455","-76.2485","1813","08","0","0","0","0","0","0","1","0","2","0","0","0","18","1","0","00","2","40 02:43.978","4","00","76 14:54.601","0","0","0","0","36215","0","0","0","N","0","0","0","2","36215","0","","5","01","N","N","1","","0","0","0","0","0","N","1805","0","1","0","0","0","0","0","1","0","1","N","","","","","","","","","","","","03","  ","","",""
"1057","1","0","0","0","0","0","0","0","0","1","0","","36","08","2016","2016082612","3","40.0296","-76.2294","1053","08","0","0","0","0","0","0","0","0","2","0","0","0","10","1","0","00","2","40 01:46.529","3","00","76 13:45.975","0","0","0","0","36215","0","0","0","N","0","0","0","3","36215","0","","1","01","N","N","1","","0","0","0","0","0","N","1050","0","2","0","0","0","0","0","1","0","2","N","","","","","","","","","","","","03","  ","","",""
"0754","1","0","0","0","0","0","0","0","0","1","0","","36","08","2016","2016082613","6","40.1333","-76.5633","0751","08","0","0","0","0","0","1","0","0","","0","0","0","07","1","0","00","0","40 07:59.799","","07","76 33:47.949","0","0","0","0","36225","0","0","0","Y","0","0","0","3","36505","0","","1","01","N","N","0","","0","0","2","0","0","","0751","0","3","0","0","0","0","0","2","0","3","N","","","","","","","","","","","","03","  ","","",""
"1216","1","0","0","0","0","0","0","0","0","4","0","","36","08","2016","2016082621","6","40.0304","-76.2326","1207","08","0","0","0","0","0","1","0","0","2","0","0","0","12","1","0","00","2","40 01:49.461","3","07","76 13:57.197","0","0","0","0","36215","0","0","0","N","0","0","0","4","36215","0","","1","01","N","N","0","","0","0","1","0","0","N","1205","0","2","0","0","1","0","0","1","0","2","N","","","","","","","","","","","","03","  ","","",""
"1153","1","0","0","0","0","0","0","0","0","4","0","","36","08","2016","2016082649","7","40.0305","-76.2957","1150","08","0","0","0","0","0","1","0","0","2","0","0","0","11","1","0","00","1","40 01:49.754","2","07","76 17:44.634","0","0","0","0","36301","0","0","0","N","0","0","0","4","36301","0","","1","01","N","N","1","","0","0","0","0","0","N","1145","0","2","0","0","0","0","0","3","0","2","N","","","","","","","","","","","","03","  ","","",""
"1455","2","0","0","0","0","0","0","0","0","1","0","","36","08","2016","2016082653","3","40.1463","-76.3804","1448","08","0","0","0","0","0","0","0","1","","0","0","0","14","1","1","00","0","40 08:46.839","","07","76 22:49.317","4","0","0","0","36227","0","0","0","","0","0","0","2","36506","1","","1","01","N","N","0","","0","0","0","0","0","","1448","1","2","0","0","0","0","0","1","0","2","N","","","","","","","","","","","","03","  ","","",""
"1437","1","0","0","0","0","0","0","0","0","7","0","","36","08","2016","2016082674","7","40.0339","-76.1973","1437","08","0","0","0","0","0","0","0","1","2","0","0","0","14","1","1","00","1","40 02:01.900","5","00","76 11:50.283","3","0","0","0","36215","0","0","0","N","0","0","0","1","36215","0","","4","01","N","N","0","","1","0","0","0","0","N","1434","1","1","0","0","0","0","0","1","0","1","N","","","","","","","","","","","","03","  ","","",""
"1958","0","0","0","0","0","0","0","0","0","1","1","","36","08","2016","2016082801","4","40.242","-76.1464","1958","08","0","0","0","0","0","0","1","0","","0","1","0","19","1","1","00","0","40 14:31.197","","00","76 08:46.942","3","0","0","0","36236","0","0","0","","0","0","0","2","68T06","0","","1","01","N","N","0","","1","0","1","0","0","","1935","1","2","0","0","0","0","0","1","0","2","N","","","","","","","","","","","","03","  ","","",""
"0250","1","0","0","0","0","0","0","0","0","7","0","","36","08","2016","2016082864","7","40.1003","-76.3054","0246","08","0","0","0","0","0","0","0","0","","0","0","0","02","3","1","01","0","40 06:01.110","","00","76 18:19.279","4","0","0","0","36101","0","0","0","N","0","0","0","1","36101","1","","5","01","N","N","0","","0","0","0","3","2","","0244","1","1","0","0","0","0","0","3","0","1","N","","","","","","","","","","","","03","  ","","",""
"0727","1","0","0","0","0","0","0","0","0","7","0","","36","08","2016","2016082888","4","40.2446","-76.0475","0727","08","0","0","0","0","0","1","0","0","2","0","0","0","07","1","1","00","1","40 14:40.419","1","00","76 02:51.118","4","0","0","0","36401","0","0","0","N","0","0","0","1","36408","1","","2","01","N","N","0","","0","0","0","0","0","N","0725","1","2","0","0","0","0","0","1","0","1","N","","","","","","","","","","","","03","  ","","",""
"1014","1","0","0","0","0","0","0","0","0","4","0","","36","08","2016","2016082895","6","40.1799","-76.1829","1011","08","0","0","0","0","0","0","0","1","1","0","0","0","10","1","0","01","1","40 10:47.722","2","00","76 10:58.605","0","0","0","0","36408","0","0","0","N","0","0","0","2","36408","0","","1","01","N","N","0","","0","0","1","3","3","N","1011","0","2","0","0","0","0","0","2","0","2","N","","","","","","","","","","","","03","  ","","",""
"0647","1","0","0","0","0","0","0","0","0","4","0","","36","08","2016","2016082905","2","40.0817","-76.1157","0641","08","0","0","0","0","0","0","0","0","","0","0","0","06","1","0","01","0","40 04:54.116","","00","76 06:56.550","0","0","0","0","36209","0","0","0","N","0","0","0","4","36415","0","","1","01","N","N","1","","0","0","0","3","3","","0638","0","2","0","0","0","0","0","1","0","2","N","","","","","","","","","","","","03","  ","","",""
"1005","0","0","0","0","0","0","0","0","0","4","0","","36","08","2016","2016082906","6","40.1183","-76.5118","0953","08","0","0","0","0","0","0","1","0","1","0","0","0","09","1","1","01","1","40 07:05.973","1","00","76 30:42.470","3","0","0","1","36225","0","0","0","N","0","0","0","2","36505","0","","1","01","N","N","0","","1","0","1","3","3","N","0948","1","2","0","0","0","0","0","2","0","2","N","","","","","","","","","","","","03","  ","","",""
"1631","0","0","0","1","0","0","0","0","0","4","0","","36","07","2016","2016082929","4","40.0364","-76.3003","1628","08","0","0","0","0","0","0","0","0","","0","0","0","16","1","1","01","0","40 02:10.993","","00","76 18:01.238","4","0","0","0","36301","1","0","0","N","0","0","0","2","36301","1","","1","01","N","N","1","","0","0","0","3","3","","1628","1","2","0","0","0","0","0","3","0","1","N","","","","","","","","","","","","03","  ","","",""
"1145","1","0","0","0","0","0","0","0","0","0","0","","36","08","2016","2016082939","1","40.1543","-76.1078","1133","08","0","0","0","0","0","0","0","0","2","0","0","0","11","1","0","00","1","40 09:15.400","5","00","76 06:27.900","0","0","0","0","36209","0","0","0","N","0","0","0","1","36415","0","","4","01","N","N","0","","0","0","0","0","0","Y","1133","0","1","0","0","0","0","0","1","0","1","N","","","","","","","","","","","","03","  ","","",""
"0340","1","0","0","0","0","0","0","0","0","1","0","","36","08","2016","2016082976","1","40.1012","-76.0939","0338","08","0","0","0","0","0","0","0","0","2","0","0","0","03","3","0","00","2","40 06:04.216","6","00","76 05:38.105","0","0","0","0","36415","0","0","0","N","0","0","0","1","36415","0","","1","01","N","N","2","","0","0","0","0","0","Y","0338","0","3","0","0","0","0","0","1","0","3","N","","","","","","","","","","","","03","  ","","",""
"1917","2","0","0","0","0","0","0","0","0","1","0","","36","08","2016","2016083015","6","40.0596","-76.2782","1913","08","0","0","0","0","1","0","0","0","","0","0","0","18","1","0","06","0","40 03:34.684","","02","76 16:41.573","0","0","0","0","36101","0","0","0","N","0","0","0","4","36101","0","","1","01","N","N","0","","0","0","0","3","4","","1837","0","2","0","0","0","0","0","3","0","2","N","","","","","","","","","","","","03","  ","","",""
"2127","2","0","0","0","0","0","0","0","0","5","0","","36","08","2016","2016083035","5","40.0438","-76.3124","2124","08","0","0","0","1","0","0","0","0","2","0","0","0","21","3","0","00","2","40 02:37.500","6","00","76 18:44.700","0","0","0","0","36301","0","0","0","N","0","0","0","1","36301","0","","6","01","N","N","0","","0","0","1","0","0","Y","2120","0","3","0","0","0","0","0","3","0","3","N","","","","","","","","","","","","03","  ","","",""
"0025","1","0","0","0","0","0","0","0","0","7","0","","36","08","2016","2016083045","2","40.0735","-76.4607","0022","08","0","0","0","0","0","0","0","0","2","0","0","0","00","2","1","02","1","40 04:24.734","5","00","76 27:38.504","4","0","0","0","36239","0","0","0","N","0","0","0","2","36239","1","","2","01","N","N","0","","0","0","0","0","0","N","0015","1","1","0","0","0","0","1","3","0","1","N","","","","","","","","","","","","03","  ","","",""
"0532","0","0","0","0","0","0","0","0","0","7","0","","36","08","2016","2016083054","4","40.0928","-76.0211","0529","08","0","0","0","0","0","0","0","0","2","0","0","0","05","5","1","00","1","40 05:34.094","1","00","76 01:15.827","4","0","0","0","36213","0","0","0","N","0","0","0","1","36213","1","","4","01","N","N","1","","0","0","0","0","0","Y","0528","1","2","0","0","1","0","0","1","0","1","N","","","","","","","","","","","","03","  ","","",""
"0006","0","0","0","0","0","0","0","0","0","1","0","","36","07","2016","2016083064","7","40.0345","-76.3156","0006","08","0","0","0","0","0","0","0","0","2","0","0","0","00","3","1","00","1","40 02:04.292","4","00","76 18:56.011","3","0","0","0","36301","0","0","0","N","0","0","0","6","36301","0","","1","01","N","N","0","","1","0","1","0","0","N","0006","1","2","0","0","1","0","0","3","1","2","N","","","","","","","","","","","","03","  ","","",""
"2346","0","0","0","0","0","0","0","0","0","1","1","","36","08","2016","2016083068","2","40.1483","-76.5621","2343","08","0","0","0","0","0","1","0","0","3","0","2","0","23","2","1","00","2","40 08:54.020","3","00","76 33:43.393","8","0","0","0","36225","0","0","0","Y","0","0","0","2","36505","0","","1","01","N","N","0","","0","0","0","0","0","Y","2343","1","2","0","0","1","1","0","2","0","2","N","","","","","","","","","","","","03","  ","","",""
"0845","1","0","0","0","0","0","0","0","0","7","0","","36","08","2016","2016083199","4","","","0829","08","0","0","0","0","0","1","0","0","3","0","0","0","08","1","0","00","2","","6","00","","0","0","0","0","36301","0","0","0","N","0","0","0","3","36301","0","","4","01","N","N","0","","0","0","0","0","0","N","0839","0","1","0","0","0","0","0","3","0","1","N","","","","","","","","","","","","03","  ","","",""
"0552","1","0","0","1","0","0","0","0","0","5","0","","36","08","2016","2016083206","5","40.143","-76.5958","0550","08","0","0","0","0","0","0","0","0","","0","0","0","05","5","1","02","0","40 08:34.759","","00","76 35:44.923","3","0","0","0","36407","1","0","0","N","0","0","0","2","36407","0","","2","01","N","N","0","","1","0","0","0","0","","0545","1","2","0","0","0","0","1","2","0","1","N","","","","","","","","","","","","03","  ","","",""
"2127","1","0","0","0","0","0","0","0","0","7","0","","36","08","2016","2016083216","7","40.0649","-76.4695","2121","08","0","1","0","0","0","0","0","0","2","0","0","0","21","3","1","00","2","40 03:53.618","3","00","76 28:10.290","8","0","0","0","36239","0","0","0","N","0","0","0","1","36239","0","","2","01","N","N","0","","0","0","0","0","0","Y","2121","1","1","0","0","0","1","0","3","0","1","N","","","","","","","","","","","","03","  ","","",""
"0418","1","0","0","0","0","0","0","0","0","7","0","","36","08","2016","2016083226","6","40.0969","-76.27","0413","08","0","0","0","1","0","0","0","0","1","0","0","0","04","3","1","00","1","40 05:48.675","2","00","76 16:12.087","8","0","0","0","36101","0","0","0","N","0","0","0","1","36101","0","","4","01","N","N","0","","0","0","0","0","0","N","0411","1","1","0","0","0","1","0","3","0","1","N","","","","","","","","","","","","03","  ","","",""
"0941","0","0","0","0","0","0","0","0","0","7","0","","36","08","2016","2016083231","2","40.1007","-76.6743","0932","08","0","0","1","0","0","0","0","0","2","0","0","0","09","1","1","00","2","40 06:02.500","5","00","76 40:27.300","8","0","0","0","36207","0","0","0","N","0","0","0","1","36504","0","","4","01","N","N","1","","0","0","0","0","0","Y","0929","1","1","0","0","0","1","0","1","0","1","N","","","","","","","","","","","","03","  ","","",""
"1619","0","0","0","0","0","0","0","0","0","4","0","","36","07","2016","2016083381","7","39.9829","-76.1855","1617","08","0","0","0","0","0","0","1","0","1","0","0","0","16","1","1","02","1","39 58:58.873","4","00","76 11:06.695","3","0","0","0","36417","0","0","0","","0","0","0","3","36417","0","","1","01","N","N","0","","1","0","2","3","3","Y","1617","1","2","0","0","0","0","0","1","0","2","N","","","","","","","","","","","","03","  ","","",""
"1835","1","0","0","0","0","0","0","0","0","4","0","","36","07","2016","2016083382","3","39.9828","-76.1783","1833","08","0","0","0","1","0","0","1","0","2","0","0","0","18","1","0","01","1","39 58:58.162","2","00","76 10:41.847","0","0","0","0","36417","0","0","0","","0","0","0","2","36417","0","","1","01","N","N","0","","0","0","1","3","2","N","1833","0","2","0","0","0","0","0","1","0","2","N","","","","","","","","","","","","03","  ","","",""
"1823","0","0","0","0","0","0","0","0","0","7","0","","36","08","2016","2016083475","2","40.0873","-76.2613","1819","08","1","0","0","0","0","0","0","0","1","0","0","0","18","1","0","00","1","40 05:14.100","1","00","76 15:40.700","0","0","0","0","36101","0","0","0","N","0","0","0","1","36101","0","","4","01","N","N","0","","0","0","1","0","0","N","1818","0","1","0","0","0","0","0","3","0","1","N","","","","","","","","","","","","03","  ","","",""
"1725","1","0","0","0","0","0","0","0","0","1","0","","36","08","2016","2016083505","5","40.0858","-76.2062","1719","08","0","0","0","1","0","0","0","0","","0","0","0","17","1","1","00","0","40 05:08.970","","00","76 12:22.243","4","0","0","0","36234","0","0","0","N","0","0","0","2","36215","1","","1","01","N","N","1","","0","0","0","0","0","","1719","1","2","0","0","0","0","0","1","0","2","N","","","","","","","","","","","","03","  ","","",""
"1940","2","0","0","0","0","0","0","0","0","4","0","","36","08","2016","2016083530","2","40.172","-76.1709","1935","08","0","0","0","0","1","0","0","0","","0","0","0","19","1","0","02","0","40 10:19.280","","00","76 10:15.345","0","0","0","0","36408","0","0","0","N","0","0","0","2","36408","0","","1","01","N","N","0","","0","0","0","0","0","","1933","0","2","0","0","0","0","0","2","0","2","N","","","","","","","","","","","","03","  ","","",""
"1549","1","0","0","0","0","0","0","0","0","4","0","","36","08","2016","2016083633","2","40.0327","-76.2431","1547","08","0","0","0","0","0","0","0","2","","0","0","0","15","1","0","02","0","40 01:57.652","","02","76 14:34.925","0","0","0","0","36215","0","0","0","N","0","0","0","2","36215","0","","1","01","N","N","0","","0","0","1","3","2","","1542","0","2","0","0","0","0","0","1","0","2","N","","","","","","","","","","","","03","  ","","",""
"1303","2","0","0","0","0","0","0","0","0","1","0","","36","07","2016","2016083645","7","40.0142","-76.1509","1258","08","0","0","0","0","0","2","0","0","2","0","0","0","12","1","1","00","1","40 00:51.161","4","00","76 09:03.288","8","0","0","0","36215","0","0","0","N","0","0","0","4","36215","0","","1","09","N","N","0","","0","0","1","0","0","N","1256","1","3","0","0","0","1","1","1","0","3","N","","","","","","","","","","","","07","  ","","",""
"2136","0","0","0","0","0","0","0","0","0","0","1","","36","08","2016","2016083687","2","40.1809","-76.3169","2130","08","0","0","0","0","0","0","0","0","3","0","1","0","21","2","0","03","2","40 10:51.115","6","00","76 19:00.860","0","0","0","0","36235","0","0","0","","0","0","0","1","36506","0","","4","01","N","N","0","","0","0","0","0","0","Y","2130","0","1","0","0","0","0","0","1","0","1","N","","","","","","","","","","","","03","  ","","",""
"1220","0","0","0","0","0","0","0","0","0","4","0","","36","08","2016","2016083708","2","40.1009","-76.0823","1214","08","0","0","0","0","0","1","0","0","2","0","0","0","12","1","1","01","1","40 06:03.334","7","00","76 04:56.150","4","0","0","0","36415","0","0","0","N","0","0","0","2","36415","1","","1","01","N","N","1","","0","0","1","3","3","Y","1214","1","2","0","0","0","0","0","1","0","2","N","","","","","","","","","","","","03","  ","","",""
"1333","1","0","0","0","0","0","0","0","0","1","1","15","36","08","2016","2016083711","3","40.0723","-76.2681","1321","08","0","0","0","0","0","1","0","0","","0","1","0","13","1","1","02","0","40 04:20.400","","00","76 16:05.210","3","0","0","0","36101","0","0","0","N","0","0","0","2","36101","0","","1","01","N","N","0","","1","0","0","3","7","","1321","1","2","0","0","0","0","0","3","0","2","Y","3","2","Y","","Y","N","Y","Y","","","","03","  ","","",""