"ARRIVAL_TM","AUTOMOBILE_COUNT","BELTED_DEATH_COUNT","BELTED_SUSP_SERIOUS_INJ_COUNT","BICYCLE_COUNT","BICYCLE_DEATH_COUNT","BICYCLE_SUSP_SERIOUS_INJ_COUNT","BUS_COUNT","CHLDPAS_DEATH_COUNT","CHLDPAS_SUSP_SERIOUS_INJ_COUNT","COLLISION_TYPE","COMM_VEH_COUNT","CONS_ZONE_SPD_LIM","COUNTY","CRASH_MONTH","CRASH_YEAR","CRN","DAY_OF_WEEK","DEC_LAT","DEC_LONG","DISPATCH_TM","DISTRICT","DRIVER_COUNT_16YR","DRIVER_COUNT_17YR","DRIVER_COUNT_18YR","DRIVER_COUNT_19YR","DRIVER_COUNT_20YR","DRIVER_COUNT_50_64YR","DRIVER_COUNT_65_74YR","DRIVER_COUNT_75PLUS","EST_HRS_CLOSED","FATAL_COUNT","HEAVY_TRUCK_COUNT","HORSE_BUGGY_COUNT","HOUR_OF_DAY","ILLUMINATION","INJURY_COUNT","INTERSECT_TYPE","LANE_CLOSED","LATITUDE","LN_CLOSE_DIR","LOCATION_TYPE","LONGITUDE","MAX_SEVERITY_LEVEL","MCYCLE_DEATH_COUNT","MCYCLE_SUSP_SERIOUS_INJ_COUNT","MOTORCYCLE_COUNT","MUNICIPALITY","NONMOTR_COUNT","NONMOTR_DEATH_COUNT","NONMOTR_SUSP_SERIOUS_INJ_COUNT","NTFY_HIWY_MAINT","PED_COUNT","PED_DEATH_COUNT","PED_SUSP_SERIOUS_INJ_COUNT","PERSON_COUNT","POLICE_AGCY","POSSIBLE_INJ_COUNT","RDWY_SURF_TYPE_CD","RELATION_TO_ROAD","ROAD_CONDITION","SCH_BUS_IND","SCH_ZONE_IND","SMALL_TRUCK_COUNT","SPEC_JURIS_CD","SUSP_MINOR_INJ_COUNT","SUSP_SERIOUS_INJ_COUNT","SUV_COUNT","TCD_FUNC_CD","TCD_TYPE","TFC_DETOUR_IND","TIME_OF_DAY","TOT_INJ_COUNT","TOTAL_UNITS","UNB_DEATH_COUNT","UNB_SUSP_SERIOUS_INJ_COUNT","UNBELTED_OCC_COUNT","UNK_INJ_DEG_COUNT","UNK_INJ_PER_COUNT","URBAN_RURAL","VAN_COUNT","VEHICLE_COUNT","WORK_ZONE_IND","WORK_ZONE_LOC","WORK_ZONE_TYPE","WORKERS_PRES","WZ_CLOSE_DETOUR","WZ_FLAGGER","WZ_LAW_OFFCR_IND","WZ_LN_CLOSURE","WZ_MOVING","WZ_OTHER","WZ_SHLDER_MDN","ROADWAY_CLEARED","WEATHER1","WEATHER2","WZ_WORKERS_INJ_KILLED","SECONDARY_CRASH","INTERSECTION_RELATED"
"1823","2","0","0","0","0","0","0","0","0","1","0","","36","08","2016","2016083714","2","40.1405","-76.5908","1818","08","0","0","0","0","0","2","0","0","","0","0","0","18","1","2","00","0","40 08:25.704","","07","76 35:26.899","4","0","0","0","36237","0","0","0","N","0","0","0","4","36505","2","","1","01","N","N","0","","0","0","1","0","0","","1815","2","3","0","0","0","0","0","1","0","3","N","","","","","","","","","","","","03","  ","","",""
"1145","1","0","0","0","0","0","0","0","0","4","0","","36","08","2016","2016083715","2","40.0951","-76.113","1134","08","0","0","0","0","1","0","1","0","1","0","0","0","11","1","0","00","1","40 05:42.362","5","07","76 06:46.660","0","0","0","0","36209","0","0","0","N","0","0","0","2","36415","0","","1","01","N","N","0","","0","0","1","3","3","N","1134","0","2","0","0","0","0","0","1","0","2","N","","","","","","","","","","","","03","  ","","",""
"1936","1","0","0","0","0","0","0","0","0","4","0","","36","08","2016","2016083833","3","39.9042","-76.242","1919","08","0","0","0","0","0","0","0","0","","0","0","0","19","4","1","00","0","39 54:15.194","","00","76 14:31.111","8","0","0","0","36229","0","0","0","","0","0","0","1","68J01","0","","4","01","N","N","0","","0","0","1","0","0","","1915","1","2","0","0","1","1","0","1","0","2","N","","","","","","","","","","","","03","  ","","",""
"0909","0","0","0","0","0","0","0","0","0","0","0","","36","08","2016","2016083844","6","40.0453","-76.0153","0856","08","0","0","0","0","0","1","0","0","","0","0","0","08","1","1","00","0","40 02:43.059","","00","76 00:55.092","3","0","0","1","36232","0","0","0","","0","0","0","1","68J01","0","","4","01","N","N","0","","1","0","0","0","0","","0856","1","1","0","0","0","0","0","1","0","1","N","","","","","","","","","","","","03","  ","","",""
"1719","0","0","0","0","0","0","0","0","0","7","0","","36","08","2016","2016083846","6","40.2432","-76.0436","1645","08","0","0","0","1","0","0","0","0","","0","0","0","16","1","1","00","0","40 14:35.590","","00","76 02:36.840","8","0","0","0","36202","0","0","0","","0","0","0","1","68J01","0","","4","09","N","N","0","","0","0","1","0","0","","1645","1","1","0","0","1","1","0","1","0","1","N","","","","","","","","","","","","07","  ","","",""
"1842","1","0","0","0","0","0","0","0","0","4","0","","36","08","2016","2016083878","2","40.1628","-76.1499","1842","08","0","0","0","0","0","1","0","0","","0","0","0","18","1","0","01","0","40 09:46.140","","00","76 08:59.472","0","0","0","0","36218","0","0","0","N","0","0","0","4","36408","0","","1","01","N","N","0","","0","0","1","3","2","","1841","0","2","0","0","0","0","0","1","0","2","N","","","","","","","","","","","","03","  ","","",""
"1809","2","0","0","0","0","0","0","0","0","1","0","","36","08","2016","2016083914","3","40.1683","-76.2025","1806","08","0","0","0","0","0","1","0","0","2","0","0","0","18","1","0","03","1","40 10:05.739","4","07","76 12:08.829","0","0","0","0","36218","0","0","0","N","0","0","0","4","36408","0","","1","01","N","N","0","","0","0","0","0","0","N","1803","0","2","0","0","0","0","0","1","0","2","N","","","","","","","","","","","","03","  ","","",""
"1555","1","0","0","0","0","0","0","0","0","2","0","","36","08","2016","2016083916","5","40.0591","-76.4629","1551","08","0","0","0","0","1","0","0","0","2","0","0","0","15","1","0","02","1","40 03:32.814","2","00","76 27:46.398","0","0","0","0","36239","0","0","0","N","0","0","0","2","36239","0","","1","09","N","N","1","","0","0","0","0","0","N","1550","0","2","0","0","0","0","0","3","0","2","N","","","","","","","","","","","","07","  ","","",""
"1658","1","0","0","0","0","0","0","0","0","5","0","","36","08","2016","2016083928","5","40.0591","-76.4629","1652","08","0","0","0","0","0","1","0","0","2","0","0","0","16","1","0","02","1","40 03:32.814","2","00","76 27:46.398","0","0","0","0","36239","0","0","0","N","0","0","0","2","36239","0","","1","09","N","N","0","","0","0","1","0","0","N","1646","0","2","0","0","0","0","0","3","0","2","N","","","","","","","","","","","","07","  ","","",""
"1944","1","0","0","0","0","0","0","0","0","4","0","","36","08","2016","2016083930","2","40.0671","-76.2717","1939","08","0","0","0","0","0","1","0","0","3","0","0","0","19","1","0","02","1","40 04:01.411","2","00","76 16:18.054","0","0","0","0","36101","0","0","0","N","0","0","0","2","36101","0","","1","01","N","N","0","","0","0","1","0","0","N","1938","0","2","0","0","0","0","0","3","0","2","N","","","","","","","","","","","","03","  ","","",""
"2003","1","0","0","0","0","0","0","0","0","4","0","","36","08","2016","2016083932","3","40.1145","-76.6467","1956","08","1","0","0","0","0","0","0","0","","0","0","0","19","1","0","01","0","40 06:52.300","","00","76 38:48.076","0","0","0","0","36237","0","0","0","N","0","0","0","3","36505","0","","1","01","N","N","1","","0","0","0","3","3","","1945","0","2","0","0","1","0","0","1","0","2","N","","","","","","","","","","","","03","  ","","",""
"1809","1","0","0","0","0","0","0","0","0","1","0","","36","08","2016","2016084018","5","40.0712","-76.3248","1733","08","0","0","0","0","0","1","0","0","","0","0","0","17","1","0","00","0","40 04:16.248","","01","76 19:29.440","0","0","0","0","36301","0","0","0","N","0","0","0","2","36301","0","","1","01","N","N","0","","0","0","1","0","0","","1733","0","2","0","0","0","0","0","3","0","2","N","","","","","","","","","","","","03","  ","","",""
"0900","1","0","0","0","0","0","0","0","0","1","0","","36","08","2016","2016084023","4","40.0943","-76.1129","0854","08","0","0","0","0","0","2","0","0","1","0","0","0","08","1","0","01","1","40 05:39.586","6","00","76 06:46.260","0","0","0","0","36209","0","0","0","N","0","0","0","4","36415","0","","1","01","N","N","1","","0","0","0","3","2","N","0854","0","3","0","0","0","0","0","1","1","3","N","","","","","","","","","","","","03","  ","","",""
"1359","1","0","0","0","0","0","0","0","0","8","0","","36","08","2016","2016084025","3","40.0382","-76.3036","1336","08","0","0","0","0","0","0","0","0","","0","0","0","17","1","1","01","0","40 02:17.489","","00","76 18:12.922","4","0","0","0","36301","1","0","0","N","1","0","0","2","36301","1","","1","01","N","N","0","","0","0","0","3","2","","1700","1","2","0","0","0","0","0","3","0","1","N","","","","","","","","","","","","03","  ","","",""
"1235","2","0","0","0","0","0","0","0","0","4","0","","36","08","2016","2016084074","1","40.1652","-76.5778","1229","08","0","0","0","0","0","0","0","1","2","0","0","0","12","1","0","02","1","40 09:54.796","6","00","76 34:40.162","0","0","0","0","36225","0","0","0","N","0","0","0","4","36505","0","","1","09","N","N","0","","0","0","0","0","0","N","1229","0","2","0","0","0","0","0","2","0","2","N","","","","","","","","","","","","03","  ","","",""
"1415","1","0","0","0","0","0","0","0","0","1","0","","36","08","2016","2016084099","4","40.0436","-76.5129","1410","08","0","0","0","0","0","0","1","0","","0","0","0","14","1","0","01","0","40 02:37.133","","00","76 30:46.550","0","0","0","0","36239","0","0","0","N","0","0","0","7","36239","0","","1","01","N","N","0","","0","0","2","0","0","","1406","0","3","0","0","0","0","0","3","0","3","N","","","","","","","","","","","","03","  ","","",""
"1456","0","0","0","0","0","0","0","0","0","4","0","","36","08","2016","2016084103","4","40.012","-76.2263","1446","08","0","0","0","0","0","0","1","0","","0","0","0","14","1","0","01","0","40 00:43.379","","00","76 13:34.666","0","0","0","0","36240","0","0","0","N","0","0","0","3","36240","0","","1","01","N","N","0","","0","0","2","3","3","","1446","0","2","0","0","0","0","0","1","0","2","N","","","","","","","","","","","","03","  ","","",""
"1559","0","0","0","0","0","0","0","0","0","1","0","","36","08","2016","2016084140","4","40.153","-76.607","1559","08","0","0","0","0","0","0","0","0","","0","0","0","15","1","0","01","0","40 09:10.909","","00","76 36:25.139","0","0","0","0","36407","0","0","0","N","0","0","0","2","36407","0","","1","01","N","N","2","","0","0","0","0","0","","1554","0","2","0","0","0","0","0","2","0","2","N","","","","","","","","","","","","03","  ","","",""
"0337","1","0","0","0","0","0","0","0","0","5","1","","36","07","2016","2016084180","2","40.2096","-76.0266","0307","08","0","0","0","0","0","0","0","0","","0","1","0","03","2","0","00","0","40 12:34.697","","00","76 01:37.581","0","0","0","0","36202","0","0","0","","0","0","0","2","68T06","0","","1","09","N","N","0","","0","0","0","0","0","","0300","0","2","0","0","0","0","0","1","0","2","N","","","","","","","","","","","","07","  ","","",""
"1630","0","0","0","0","0","0","0","0","0","7","0","","36","08","2016","2016084222","3","40.2269","-76.4237","1615","08","0","0","0","0","0","0","1","0","","0","0","0","16","1","0","00","0","40 13:38.428","","00","76 25:26.676","0","0","0","0","36227","0","0","0","","0","0","0","1","68T06","0","","3","01","N","N","0","","0","0","1","0","0","","1611","0","1","0","0","0","0","0","1","0","1","N","","","","","","","","","","","","03","  ","","",""
"1428","1","0","0","0","0","0","0","0","0","1","1","55","36","08","2016","2016084276","5","40.2245","-76.4216","1422","08","0","0","0","0","0","1","0","1","3","0","1","0","14","1","6","00","1","40 13:26.822","4","00","76 25:15.823","3","0","0","0","36227","0","0","0","","0","0","0","7","68T06","0","","1","01","N","N","0","","6","0","1","3","8","N","1420","6","3","0","0","0","0","0","1","0","3","Y","2","2","Y","N","N","N","Y","Y","N","N","","03","  ","","",""
"1444","0","0","0","0","0","0","0","0","0","7","0","","36","08","2016","2016084277","6","40.2285","-76.3601","1438","08","0","0","0","0","0","0","0","0","2","0","0","0","14","1","3","00","1","40 13:42.624","4","00","76 21:33.178","3","0","0","0","36227","0","0","0","","0","0","0","3","68T06","0","","3","01","N","N","1","","3","0","0","0","0","N","1436","3","1","0","0","0","0","0","1","0","1","N","","","","","","","","","","","","03","  ","","",""
"1828","2","0","0","0","0","0","0","0","0","1","0","","36","08","2016","2016084336","4","40.1743","-76.4017","1825","08","0","0","1","0","0","0","0","0","","0","0","0","18","1","2","00","0","40 10:27.376","","00","76 24:06.138","4","0","0","0","36230","0","0","0","N","0","0","0","2","36410","2","","1","01","N","N","0","","0","0","0","0","0","","1820","2","2","0","0","1","0","0","1","0","2","N","","","","","","","","","","","","03","  ","","",""
"1225","2","0","0","0","0","0","0","0","0","1","0","","36","08","2016","2016084340","5","40.1666","-76.1509","1223","08","0","0","0","0","0","1","0","0","2","0","0","0","12","1","0","07","2","40 09:59.725","2","02","76 09:03.153","0","0","0","0","36218","0","0","0","N","0","0","0","4","36408","0","","1","01","N","N","1","","0","0","1","0","0","Y","1219","0","4","0","0","0","0","0","1","0","4","N","","","","","","","","","","","","03","  ","","",""
"0104","1","1","1","0","0","0","0","0","0","7","0","","36","07","2016","2016084357","2","40.1538","-76.6667","0059","08","0","0","0","0","0","0","0","0","4","1","0","0","00","2","2","00","2","40 09:13.500","5","00","76 40:00.100","1","0","0","0","36237","0","0","0","N","0","0","0","3","36505","0","2","4","01","N","N","0","0","1","1","0","0","0","Y","0058","2","1","0","0","0","0","0","1","0","1","N","","","","","","","","","","","","03","  ","","",""
"1519","0","0","0","1","0","0","0","0","0","4","0","","36","08","2016","2016084359","4","40.039","-76.3598","1514","08","0","0","0","0","0","0","1","0","1","0","0","0","15","1","1","01","1","40 02:20.432","4","00","76 21:35.292","8","0","0","0","36214","1","0","0","N","0","0","0","2","36214","0","","1","01","N","N","0","","0","0","1","3","2","N","1510","1","2","0","0","0","1","0","3","0","1","N","","","","","","","","","","","","03","  ","","",""
"1508","1","0","0","0","0","0","0","0","0","4","0","","36","08","2016","2016084364","4","40.2331","-76.0783","1502","08","0","0","0","0","0","1","0","0","","0","0","0","15","1","0","01","0","40 13:59.165","","00","76 04:42.021","0","0","0","0","36210","0","0","0","N","0","0","0","2","36210","0","","1","01","N","N","1","","0","0","0","3","2","","1500","0","2","0","0","0","0","0","1","0","2","N","","","","","","","","","","","","03","  ","","",""
"1918","1","0","0","1","0","0","0","0","0","4","0","","36","08","2016","2016084373","2","40.0392","-76.361","1917","08","0","0","0","0","0","0","0","0","","0","0","0","19","1","1","02","0","40 02:21.025","","00","76 21:39.683","4","0","0","0","36214","1","0","0","","0","0","0","2","36223","1","","1","01","N","N","0","","0","0","0","0","0","","1912","1","2","0","0","0","0","0","3","0","1","N","","","","","","","","","","","","03","  ","","",""
"1810","1","0","0","0","0","0","0","0","0","1","0","","36","08","2016","2016084466","3","40.0709","-76.3176","1802","08","0","0","0","0","0","0","0","0","1","0","0","0","18","1","0","05","1","40 04:15.386","1","00","76 19:03.337","0","0","0","0","36101","0","0","0","N","0","0","0","3","36101","0","","1","01","N","N","0","","0","0","2","3","2","N","1802","0","3","0","0","0","0","0","3","0","3","N","","","","","","","","","","","","03","  ","","",""
"0805","2","0","0","0","0","0","0","0","0","4","0","","36","08","2016","2016084477","5","40.0241","-76.316","0803","08","0","0","0","0","0","0","0","0","2","0","0","0","08","1","1","01","1","40 01:26.875","4","00","76 18:57.628","4","0","0","0","36301","0","0","0","N","0","0","0","2","36301","1","","1","01","N","N","0","","0","0","0","3","1","N","0800","1","2","0","0","0","0","0","3","0","2","N","","","","","","","","","","","","03","  ","","",""
"1321","1","0","0","0","0","0","0","0","0","5","0","","36","08","2016","2016084499","4","40.1571","-76.3066","1318","08","0","0","0","0","0","0","1","0","1","0","0","0","13","1","0","00","1","40 09:25.629","3","00","76 18:23.893","0","0","0","0","36409","0","0","0","N","0","0","0","1","36409","0","","6","01","N","N","0","","0","0","3","0","0","N","1316","0","4","0","0","0","0","0","3","0","4","N","","","","","","","","","","","","03","  ","","",""
"1332","1","0","0","0","0","0","0","0","0","4","0","","36","08","2016","2016084500","3","40.0328","-76.5037","1326","08","0","0","0","0","0","0","0","1","","0","0","0","13","1","0","01","0","40 01:58.227","","00","76 30:13.179","0","0","0","0","36404","0","0","0","N","0","0","0","2","36404","0","","1","01","N","N","0","","0","0","1","3","3","","1326","0","2","0","0","0","0","0","3","0","2","N","","","","","","","","","","","","03","  ","","",""
"1632","2","0","0","0","0","0","0","0","0","4","0","","36","08","2016","2016084502","4","40.1025","-76.3054","1610","08","0","0","0","0","0","0","1","0","3","0","0","0","16","1","0","02","2","40 06:09.162","2","00","76 18:19.403","0","0","0","0","36101","0","0","0","N","0","0","0","3","36101","0","","1","01","N","N","0","","0","0","0","3","3","N","1606","0","2","0","0","0","0","0","3","0","2","N","","","","","","","","","","","","03","  ","","",""
"1740","1","0","0","0","0","0","0","0","0","7","0","","36","08","2016","2016084507","4","40.1109","-76.28","1737","08","0","1","0","0","0","0","0","0","4","0","0","0","17","1","1","00","2","40 06:39.102","6","00","76 16:47.985","3","0","0","0","36101","0","0","0","N","0","0","0","1","36101","0","","5","01","N","N","0","","1","0","0","0","0","Y","1737","1","1","0","0","0","0","0","3","0","1","N","","","","","","","","","","","","03","  ","","",""
"1045","0","0","0","0","0","0","0","0","0","1","1","","36","08","2016","2016084547","5","40.1041","-76.254","1039","08","0","0","0","0","0","1","0","0","","0","1","0","10","1","1","00","0","40 06:14.645","","03","76 15:14.555","4","0","0","0","36101","0","0","0","N","0","0","0","2","36101","1","","1","01","N","N","1","","0","0","0","0","0","","1029","1","2","0","0","0","0","0","3","0","2","N","","","","","","","","","","","","03","  ","","",""
"1801","2","0","0","0","0","0","0","0","0","4","0","","36","08","2016","2016084548","7","40.0377","-76.3085","1759","08","0","1","0","0","0","0","0","0","","0","0","0","17","1","0","01","0","40 02:15.572","","00","76 18:30.512","9","0","0","0","36301","0","0","0","N","0","0","0","4","36301","0","","1","01","N","N","0","","0","0","0","3","2","","1754","0","2","0","0","1","0","2","3","0","2","N","","","","","","","","","","","","03","  ","","",""
"1615","0","0","0","0","0","0","0","0","0","4","0","","36","08","2016","2016084652","5","40.0649","-76.463","1610","08","0","0","0","1","0","0","0","0","2","0","0","0","16","1","2","02","1","40 03:53.508","6","00","76 27:46.949","4","0","0","0","36239","0","0","0","N","0","0","0","3","36239","2","","1","01","N","N","0","","0","0","2","3","3","Y","1600","2","2","0","0","0","0","0","3","0","2","N","","","","","","","","","","","","03","  ","","",""
"1648","1","0","0","0","0","0","0","0","0","1","0","","36","08","2016","2016084666","5","40.0693","-76.3101","1641","08","0","0","0","0","1","0","0","0","3","0","0","0","16","1","1","00","1","40 04:09.444","3","00","76 18:36.344","4","0","0","0","36101","0","0","0","N","0","0","0","2","36101","1","","1","01","N","N","1","","0","0","0","0","0","N","1636","1","2","0","0","0","0","0","3","0","2","N","","","","","","","","","","","","03","  ","","",""
"1604","1","0","0","0","0","0","0","0","0","5","0","","36","08","2016","2016084672","5","39.9995","-76.2646","1556","08","0","0","0","0","0","0","0","0","","0","0","0","15","1","0","00","0","39 59:58.091","","00","76 15:52.557","0","0","0","0","36240","0","0","0","N","0","0","0","2","36240","0","","1","01","N","N","0","","0","0","1","0","0","","1556","0","2","0","0","0","0","0","1","0","2","N","","","","","","","","","","","","03","  ","","",""
"1237","2","0","0","0","0","0","0","0","0","1","0","","36","08","2016","2016084673","5","40.1333","-76.0259","1234","08","0","0","0","0","0","1","0","1","2","0","0","0","12","1","1","01","2","40 08:00.043","5","00","76 01:33.130","8","0","0","0","36213","0","0","0","N","0","0","0","2","36213","0","","1","01","N","N","0","","0","0","0","0","0","Y","1233","1","2","0","0","0","1","0","1","0","2","N","","","","","","","","","","","","03","  ","","",""
"0144","1","0","0","0","0","0","0","0","0","7","0","","36","08","2016","2016084793","5","40.0081","-76.4529","0136","08","0","0","0","0","0","0","0","0","1","0","0","0","01","2","1","00","1","40 00:29.100","5","00","76 27:10.400","4","0","0","0","36223","0","0","0","Y","0","0","0","1","36223","1","","4","09","N","N","0","","0","0","0","0","0","Y","0100","1","1","0","0","0","0","0","1","0","1","N","","","","","","","","","","","","07","  ","","",""
"2008","2","0","0","0","0","0","0","0","0","5","0","","36","08","2016","2016084810","5","40.0142","-76.3098","2003","08","0","0","0","0","0","0","0","0","1","0","0","0","19","3","0","00","1","40 00:51.200","4","00","76 18:35.100","0","0","0","0","36220","0","0","0","N","0","0","0","1","36101","0","","6","01","N","N","0","","0","0","0","0","0","Y","1959","0","2","0","0","0","0","0","3","0","2","N","","","","","","","","","","","","03","  ","","",""
"1925","1","0","0","0","0","0","0","0","0","7","0","90","36","08","2016","2016084812","5","40.1457","-76.2098","1919","08","0","0","0","0","0","1","0","0","1","0","0","0","19","1","1","00","2","40 08:44.590","7","00","76 12:35.344","4","0","0","0","36238","0","0","0","N","0","0","0","2","36238","1","","4","01","N","N","0","","0","0","0","0","0","N","1917","1","1","0","0","0","0","0","3","0","1","Y","3","1","Y","","Y","N","","Y","","","","03","  ","","",""
"2246","0","0","0","0","0","0","0","0","0","4","0","","36","08","2016","2016084817","4","40.1219","-76.4831","2241","08","0","0","0","0","0","1","0","0","2","0","0","0","22","3","1","02","2","40 07:18.759","6","00","76 28:59.205","2","0","1","1","36230","0","0","0","N","0","0","0","2","36410","0","","1","01","N","N","0","","0","1","1","3","2","Y","2238","1","2","0","0","0","0","0","1","0","2","N","","","","","","","","","","","","03","  ","","",""
"2218","1","0","0","0","0","0","0","0","0","7","0","","36","08","2016","2016084845","4","40.079","-76.295","2211","08","0","0","0","0","0","0","0","0","","0","0","0","22","3","1","02","0","40 04:44.344","","00","76 17:41.878","4","0","0","0","36101","0","0","0","N","0","0","0","1","36101","1","","2","01","N","N","0","","0","0","0","3","2","","2202","1","2","0","0","0","0","0","3","0","1","N","","","","","","","","","","","","03","  ","","",""
"1344","2","0","0","0","0","0","0","0","0","1","0","","36","08","2016","2016084936","3","40.2177","-76.1113","1340","08","0","0","0","0","0","0","1","1","","0","0","0","13","1","1","00","0","40 13:03.648","","00","76 06:40.799","3","0","0","0","36210","0","0","0","N","0","0","0","3","36210","0","","1","01","N","N","0","","1","0","0","0","0","","1340","1","2","0","0","0","0","0","1","0","2","N","","","","","","","","","","","","03","  ","","",""
"1645","2","0","0","0","0","0","0","0","0","1","0","","36","08","2016","2016084937","5","40.0721","-76.3281","1639","08","0","0","0","0","1","1","0","0","3","0","0","0","16","1","1","00","1","40 04:19.736","3","00","76 19:40.992","4","0","0","0","36101","0","0","0","N","0","0","0","10","36101","1","","1","01","N","N","1","","0","0","2","0","0","N","1637","1","6","0","0","0","0","0","3","1","6","N","","","","","","","","","","","","03","  ","","",""
"1239","1","0","0","0","0","0","0","0","0","4","0","","36","08","2016","2016084952","3","40.036","-76.2868","1225","08","0","0","0","0","0","1","0","0","3","0","0","0","12","1","2","01","1","40 02:09.502","6","00","76 17:12.436","4","0","0","0","36301","0","0","0","N","0","0","0","4","36301","2","","1","01","N","N","0","","0","0","1","3","3","N","1225","2","2","0","0","0","0","0","3","0","2","N","","","","","","","","","","","","03","  ","","",""
"1307","1","0","0","0","0","0","0","0","0","4","0","","36","08","2016","2016084953","3","40.0884","-76.2776","1253","08","0","0","0","0","0","1","0","0","","0","0","0","12","1","1","01","0","40 05:18.085","","00","76 16:39.273","4","0","0","0","36101","0","0","0","N","0","0","0","3","36101","1","","1","01","N","N","0","","0","0","0","3","3","","1250","1","2","0","0","0","0","0","3","1","2","N","","","","","","","","","","","","03","  ","","",""
"1327","1","0","0","0","0","0","0","0","0","4","0","","36","08","2016","2016084956","2","40.1145","-76.6467","1322","08","0","0","0","0","0","1","0","0","","0","0","0","13","1","1","01","0","40 06:52.300","","00","76 38:48.076","3","0","0","0","36237","0","0","0","N","0","0","0","5","36505","0","","1","09","N","N","0","","1","0","1","3","3","","1322","1","2","0","0","0","0","0","1","0","2","N","","","","","","","","","","","","03","  ","","",""
"1320","1","0","0","0","0","0","0","0","0","1","0","","36","08","2016","2016084990","6","40.0916","-76.3038","1317","08","0","1","0","0","1","0","0","0","","0","0","0","12","1","0","00","0","40 05:29.789","","00","76 18:13.766","0","0","0","0","36101","0","0","0","N","0","0","0","5","36101","0","","1","01","N","N","1","","0","0","1","0","0","","1259","0","3","0","0","0","0","0","3","0","3","N","","","","","","","","","","","","03","  ","","",""
"1409","1","0","0","0","0","0","0","0","0","1","0","","36","08","2016","2016084992","3","40.0531","-76.3241","1356","08","0","0","0","0","0","1","0","0","","0","0","0","13","1","0","00","0","40 03:11.252","","00","76 19:26.837","0","0","0","0","36101","0","0","0","N","0","0","0","2","36101","0","","1","01","N","N","0","","0","0","1","3","2","","1347","0","2","0","0","0","0","0","3","0","2","N","","","","","","","","","","","","03","  ","","",""
"1723","1","0","0","0","0","0","0","0","0","4","0","","36","08","2016","2016085024","4","40.04","-76.2286","1716","08","0","0","0","0","0","0","0","1","","0","0","0","17","1","0","00","0","40 02:23.955","","07","76 13:42.908","0","0","0","0","36215","0","0","0","N","0","0","0","2","36215","0","","1","01","N","N","0","","0","0","1","0","0","","1710","0","2","0","0","0","0","0","1","0","2","N","","","","","","","","","","","","03","  ","","",""
"1427","1","0","0","0","0","0","0","0","0","7","0","","36","08","2016","2016085069","3","40.0616","-76.1477","1427","08","0","0","0","0","0","0","0","0","","0","0","0","14","1","0","00","0","40 03:41.911","","00","76 08:51.610","0","0","0","0","36221","0","0","0","","0","0","0","1","68J01","0","","5","01","N","N","0","","0","0","0","0","0","","1427","0","1","0","0","0","0","0","1","0","1","N","","","","","","","","","","","","03","  ","","",""
"1857","0","0","0","0","0","0","0","0","0","4","0","","36","08","2016","2016085120","3","40.0416","-76.512","1848","08","0","0","1","0","0","0","0","0","3","0","0","0","18","1","1","00","2","40 02:29.678","6","00","76 30:43.161","3","0","0","0","36239","0","0","0","N","0","0","0","2","36239","0","","1","01","N","N","1","","1","0","1","0","0","Y","1818","1","2","0","0","0","0","0","3","0","2","N","","","","","","","","","","","","03","  ","","",""
"1935","0","0","0","0","0","0","0","0","0","0","0","","36","08","2016","2016085152","4","40.0557","-76.2517","1921","08","0","0","0","0","0","0","0","0","","0","0","0","19","4","1","00","0","40 03:20.357","","00","76 15:06.256","3","0","0","1","36215","0","0","0","N","0","0","0","1","36215","0","","1","01","N","N","0","","1","0","0","0","0","","1920","1","1","0","0","0","0","0","1","0","1","N","","","","","","","","","","","","03","  ","","",""
"1735","2","0","0","0","0","0","0","0","0","1","0","","36","08","2016","2016085162","2","40.0602","-76.535","1733","08","0","0","0","0","0","1","0","0","","0","0","0","17","1","1","00","0","40 03:36.686","","00","76 32:05.969","4","0","0","0","36211","0","0","0","","0","0","0","3","36504","1","","1","01","","","0","","0","0","1","0","0","","1730","1","3","0","0","0","0","0","1","0","3","N","","","","","","","","","","","","03","  ","","",""
"1921","1","0","0","0","0","0","0","0","0","4","0","","36","08","2016","2016085165","6","40.1636","-76.1525","1919","08","0","0","0","0","0","1","1","0","2","0","0","0","19","1","0","01","1","40 09:49.441","4","02","76 09:08.800","0","0","0","0","36218","0","0","0","N","0","0","0","3","36408","0","","1","01","N","N","0","","0","0","0","3","2","N","1919","0","2","0","0","0","0","0","1","1","2","N","","","","","","","","","","","","03","  ","","",""
"2325","2","0","0","0","0","0","0","0","0","1","0","","36","08","2016","2016085178","6","40.05","-76.4139","2323","08","0","0","0","0","0","0","0","0","2","0","0","0","23","2","1","00","2","40 02:59.870","5","00","76 24:49.917","3","0","0","0","36239","0","0","0","N","0","0","0","1","36239","0","","6","01","N","N","0","","1","0","0","0","0","Y","2323","1","2","0","0","0","0","0","3","0","2","N","","","","","","","","","","","","03","  ","","",""
"0351","1","0","0","0","0","0","0","0","0","7","0","","36","08","2016","2016085183","7","40.1103","-76.002","0346","08","0","0","0","0","0","0","0","0","2","0","0","0","03","2","0","00","1","40 06:36.969","6","00","76 00:07.196","0","0","0","0","36213","0","0","0","N","0","0","0","1","36213","0","","5","01","N","N","0","","0","0","0","0","0","N","0344","0","1","0","0","0","0","0","1","0","1","N","","","","","","","","","","","","03","  ","","",""