"ARRIVAL_TM","AUTOMOBILE_COUNT","BELTED_DEATH_COUNT","BELTED_SUSP_SERIOUS_INJ_COUNT","BICYCLE_COUNT","BICYCLE_DEATH_COUNT","BICYCLE_SUSP_SERIOUS_INJ_COUNT","BUS_COUNT","CHLDPAS_DEATH_COUNT","CHLDPAS_SUSP_SERIOUS_INJ_COUNT","COLLISION_TYPE","COMM_VEH_COUNT","CONS_ZONE_SPD_LIM","COUNTY","CRASH_MONTH","CRASH_YEAR","CRN","DAY_OF_WEEK","DEC_LAT","DEC_LONG","DISPATCH_TM","DISTRICT","DRIVER_COUNT_16YR","DRIVER_COUNT_17YR","DRIVER_COUNT_18YR","DRIVER_COUNT_19YR","DRIVER_COUNT_20YR","DRIVER_COUNT_50_64YR","DRIVER_COUNT_65_74YR","DRIVER_COUNT_75PLUS","EST_HRS_CLOSED","FATAL_COUNT","HEAVY_TRUCK_COUNT","HORSE_BUGGY_COUNT","HOUR_OF_DAY","ILLUMINATION","INJURY_COUNT","INTERSECT_TYPE","LANE_CLOSED","LATITUDE","LN_CLOSE_DIR","LOCATION_TYPE","LONGITUDE","MAX_SEVERITY_LEVEL","MCYCLE_DEATH_COUNT","MCYCLE_SUSP_SERIOUS_INJ_COUNT","MOTORCYCLE_COUNT","MUNICIPALITY","NONMOTR_COUNT","NONMOTR_DEATH_COUNT","NONMOTR_SUSP_SERIOUS_INJ_COUNT","NTFY_HIWY_MAINT","PED_COUNT","PED_DEATH_COUNT","PED_SUSP_SERIOUS_INJ_COUNT","PERSON_COUNT","POLICE_AGCY","POSSIBLE_INJ_COUNT","RDWY_SURF_TYPE_CD","RELATION_TO_ROAD","ROAD_CONDITION","SCH_BUS_IND","SCH_ZONE_IND","SMALL_TRUCK_COUNT","SPEC_JURIS_CD","SUSP_MINOR_INJ_COUNT","SUSP_SERIOUS_INJ_COUNT","SUV_COUNT","TCD_FUNC_CD","TCD_TYPE","TFC_DETOUR_IND","TIME_OF_DAY","TOT_INJ_COUNT","TOTAL_UNITS","UNB_DEATH_COUNT","UNB_SUSP_SERIOUS_INJ_COUNT","UNBELTED_OCC_COUNT","UNK_INJ_DEG_COUNT","UNK_INJ_PER_COUNT","URBAN_RURAL","VAN_COUNT","VEHICLE_COUNT","WORK_ZONE_IND","WORK_ZONE_LOC","WORK_ZONE_TYPE","WORKERS_PRES","WZ_CLOSE_DETOUR","WZ_FLAGGER","WZ_LAW_OFFCR_IND","WZ_LN_CLOSURE","WZ_MOVING","WZ_OTHER","WZ_SHLDER_MDN","ROADWAY_CLEARED","WEATHER1","WEATHER2","WZ_WORKERS_INJ_KILLED","SECONDARY_CRASH","INTERSECTION_RELATED"
"1521","2","0","1","0","0","0","0","0","0","2","0","","36","08","2016","2016085279","2","40.0975","-76.2685","1519","08","0","0","1","0","0","0","0","0","1","0","0","0","15","1","2","02","2","40 05:51.171","5","00","76 16:06.619","2","0","0","0","36101","0","0","0","N","0","0","0","2","36101","0","","1","01","N","N","0","","0","2","0","0","0","Y","1516","2","2","0","1","1","0","0","3","0","2","N","","","","","","","","","","","","03","  ","","",""
"1327","2","0","0","0","0","0","0","0","0","1","0","","36","08","2016","2016085282","5","40.1661","-76.2001","1322","08","0","0","0","0","0","1","1","1","1","0","0","0","13","1","1","00","2","40 09:58.041","1","00","76 12:00.420","4","0","0","0","36408","0","0","0","N","0","0","0","5","36408","1","","1","01","N","N","0","","0","0","1","0","0","Y","1319","1","3","0","0","0","0","0","2","0","3","N","","","","","","","","","","","","03","  ","","",""
"1700","0","0","0","0","0","0","0","0","0","2","0","","36","08","2016","2016085295","6","40.0366","-76.5061","1658","08","0","0","0","0","0","0","0","0","2","0","0","0","16","1","0","00","2","40 02:11.901","6","00","76 30:21.957","0","0","0","0","36404","0","0","0","N","0","0","0","1","36404","0","","6","01","N","N","0","","0","0","1","0","0","Y","1658","0","2","0","0","0","0","0","3","1","2","N","","","","","","","","","","","","03","  ","","",""
"1310","0","0","0","0","0","0","0","0","0","4","0","","36","08","2016","2016085321","6","40.0761","-76.2059","1304","08","0","0","0","0","0","1","1","0","2","0","0","0","13","1","2","01","1","40 04:34.113","3","00","76 12:21.249","3","0","0","0","36234","0","0","0","N","0","0","0","5","36215","0","","1","01","N","N","0","","2","0","2","3","3","N","1300","2","2","0","0","0","0","0","1","0","2","N","","","","","","","","","","","","03","  ","","",""
"1001","1","0","0","0","0","0","0","0","0","7","0","","36","08","2016","2016085326","7","40.0606","-76.3601","0958","08","0","0","0","0","0","1","0","0","3","0","0","0","09","1","0","00","2","40 03:38.142","3","00","76 21:36.500","0","0","0","0","36214","0","0","0","N","0","0","0","1","36214","0","","3","01","N","N","0","","0","0","0","0","0","N","0950","0","1","0","0","0","0","0","3","0","1","N","","","","","","","","","","","","03","  ","","",""
"1455","0","0","0","0","0","0","0","0","0","1","0","","36","08","2016","2016085342","6","40.1587","-76.0184","1445","08","0","0","0","0","0","1","0","0","","0","0","0","14","1","0","00","0","40 09:31.415","","00","76 01:06.386","0","0","0","0","36213","0","0","0","N","0","0","0","4","36213","0","","1","01","N","N","1","","0","0","1","0","0","","1438","0","2","0","0","0","0","0","1","0","2","N","","","","","","","","","","","","03","  ","","",""
"1458","2","0","0","0","0","0","0","0","0","4","0","","36","08","2016","2016085370","7","40.1876","-76.1258","1455","08","0","0","0","0","0","1","0","1","","0","0","0","14","1","2","00","0","40 11:15.224","","00","76 07:32.909","4","0","0","0","36210","0","0","0","N","0","0","0","4","36210","2","","1","01","N","N","0","","0","0","0","0","0","","1453","2","2","0","0","0","0","0","1","0","2","N","","","","","","","","","","","","03","  ","","",""
"1931","2","0","0","0","0","0","0","0","0","5","0","","36","07","2016","2016085464","2","40.1793","-76.1705","1928","08","0","0","0","0","0","0","0","0","1","0","0","0","19","1","0","00","2","40 10:45.500","6","00","76 10:13.900","0","0","0","0","36408","0","0","0","N","0","0","0","1","36408","0","","6","01","N","N","0","","0","0","2","0","0","Y","1925","0","4","0","0","0","0","0","2","0","4","N","","","","","","","","","","","","03","  ","","",""
"1408","0","0","0","0","0","0","0","0","0","4","0","","36","08","2016","2016085482","6","40.0631","-76.1569","1405","08","0","0","0","0","0","0","1","0","2","0","0","0","14","1","2","01","1","40 03:47.143","4","00","76 09:24.928","8","0","0","0","36234","0","0","0","N","0","0","0","2","36215","0","","1","01","N","N","1","","0","0","1","3","3","N","1405","2","2","0","0","0","2","0","1","0","2","N","","","","","","","","","","","","03","  ","","",""
"0634","3","0","0","0","0","0","0","0","0","4","0","","36","08","2016","2016085485","3","40.0392","-76.295","0634","08","0","0","1","0","0","0","0","0","","0","0","0","06","1","2","00","0","40 02:21.042","","00","76 17:41.826","3","0","0","0","36301","0","0","0","N","0","0","0","4","36301","0","","1","01","N","N","0","","2","0","0","0","0","","0634","2","3","0","0","0","0","0","3","0","3","N","","","","","","","","","","","","03","  ","","",""
"1617","1","0","0","0","0","0","0","0","0","4","0","","36","08","2016","2016085491","6","40.0417","-76.2464","1611","08","0","0","0","0","0","1","0","0","2","0","0","0","16","1","0","00","1","40 02:29.997","4","00","76 14:47.178","0","0","0","0","36215","0","0","0","N","0","0","0","2","36215","0","","1","01","N","N","0","","0","0","1","0","0","N","1607","0","2","0","0","0","0","0","1","0","2","N","","","","","","","","","","","","03","  ","","",""
"0821","1","0","0","0","0","0","0","0","0","1","0","","36","08","2016","2016085497","7","40.0279","-76.2236","0816","08","0","0","0","0","0","1","0","0","2","0","0","0","08","1","0","00","1","40 01:40.412","3","00","76 13:25.116","0","0","0","0","36215","0","0","0","N","0","0","0","2","36215","0","","1","01","N","N","0","","0","0","1","0","0","N","0810","0","2","0","0","0","0","0","1","0","2","N","","","","","","","","","","","","03","  ","","",""
"1455","1","0","0","0","0","0","0","0","0","1","0","","36","08","2016","2016085539","1","40.0717","-76.2872","1434","08","0","0","0","0","0","1","0","0","","0","0","0","14","1","0","00","0","40 04:18.253","","00","76 17:13.991","0","0","0","0","36101","0","0","0","","0","0","0","2","36101","0","","1","09","N","N","0","","0","0","1","0","0","","1434","0","2","0","0","0","0","0","3","0","2","N","","","","","","","","","","","","07","  ","","",""
"1750","1","0","0","0","0","0","0","0","0","4","0","","36","08","2016","2016085551","6","40.0925","-76.1534","1744","08","0","0","0","0","0","1","0","0","","0","0","0","17","1","1","00","0","40 05:33.002","","07","76 09:12.410","3","0","0","1","36234","0","0","0","N","0","0","0","3","36215","0","","1","01","N","N","0","","1","0","0","0","0","","1743","1","2","0","0","0","0","0","1","0","2","N","","","","","","","","","","","","03","  ","","",""
"1726","0","0","0","0","0","0","0","0","0","3","0","","36","08","2016","2016085564","6","40.0282","-76.2889","1712","08","0","0","0","0","0","0","0","0","","0","0","0","17","1","1","00","0","40 01:41.598","","00","76 17:20.042","3","0","0","0","36301","1","0","0","N","1","0","0","2","36301","0","","1","01","N","N","1","","1","0","1","0","0","","1712","1","3","0","0","0","0","0","3","0","2","N","","","","","","","","","","","","03","  ","","",""
"1318","1","0","0","0","0","0","0","0","0","7","0","","36","08","2016","2016085615","5","40.1554","-76.3942","1315","08","0","0","0","0","0","0","0","0","","0","0","0","13","1","1","00","0","40 09:19.400","","00","76 23:39.100","4","0","0","0","36410","0","0","0","N","0","0","0","1","36410","1","","4","01","N","N","0","","0","0","0","0","0","","1302","1","1","0","0","1","0","0","2","0","1","N","","","","","","","","","","","","03","  ","","",""
"1905","1","0","1","0","0","0","0","0","0","4","0","","36","08","2016","2016085622","7","40.131","-76.2171","1905","08","0","0","0","0","0","1","0","0","2","0","0","0","19","1","6","01","1","40 07:51.556","2","00","76 13:01.609","2","0","0","0","36238","0","0","0","N","0","0","0","6","36238","0","","1","01","N","N","0","","5","1","0","3","2","Y","1905","6","2","0","0","0","0","0","3","1","2","N","","","","","","","","","","","","03","  ","","",""
"1123","1","0","0","0","0","0","0","0","0","1","0","","36","08","2016","2016085623","2","40.1558","-76.1314","1112","08","0","0","0","0","0","0","0","1","1","0","0","0","11","1","0","00","1","40 09:20.879","4","00","76 07:52.951","0","0","0","0","36218","0","0","0","N","0","0","0","2","36408","0","","1","01","N","N","1","","0","0","0","0","0","N","1110","0","2","0","0","0","0","0","1","0","2","N","","","","","","","","","","","","03","  ","","",""
"0413","1","0","0","0","0","0","0","0","0","7","0","","36","08","2016","2016085665","1","40.1175","-76.2315","0405","08","0","0","0","0","0","0","1","0","2","0","0","0","04","2","0","00","2","40 07:03.060","2","00","76 13:53.480","0","0","0","0","36238","0","0","0","Y","0","0","0","1","36238","0","","2","01","N","N","0","","0","0","0","0","0","Y","0400","0","1","0","0","0","0","0","3","0","1","N","","","","","","","","","","","","03","  ","","",""
"1212","1","0","0","0","0","0","0","0","0","5","0","","36","08","2016","2016085678","3","40.0396","-76.2099","1207","08","0","0","0","0","0","2","0","0","","0","0","0","12","1","1","00","0","40 02:22.394","","00","76 12:35.615","4","0","0","0","36215","0","0","0","N","0","0","0","4","36215","1","","1","01","N","N","1","","0","0","1","0","0","","1207","1","3","0","0","0","0","0","1","0","3","N","","","","","","","","","","","","03","  ","","",""
"0553","0","0","0","0","0","0","0","0","0","0","0","","36","08","2016","2016085713","1","40.0508","-76.2558","0549","08","0","0","0","1","0","0","0","0","","0","0","0","05","3","1","00","0","40 03:02.709","","00","76 15:20.784","2","0","1","1","36215","0","0","0","N","0","0","0","1","36215","0","","2","01","N","N","0","","0","1","0","0","0","","0547","1","1","0","0","0","0","0","1","0","1","N","","","","","","","","","","","","03","  ","","",""
"1340","2","0","0","0","0","0","0","0","0","4","0","","36","08","2016","2016085720","6","40.0406","-76.2528","1335","08","0","0","0","0","0","0","1","0","2","0","0","0","13","1","2","01","1","40 02:26.266","3","00","76 15:10.198","3","0","0","0","36215","0","0","0","N","0","0","0","4","36215","1","","1","01","N","N","1","","1","0","0","3","2","N","1335","2","3","0","0","0","0","0","1","0","3","N","","","","","","","","","","","","03","  ","","",""
"1823","2","0","1","0","0","0","0","0","0","2","0","","36","08","2016","2016085728","6","40.0851","-76.2876","1821","08","0","0","0","0","0","0","0","1","3","0","0","0","18","1","2","00","2","40 05:06.535","5","00","76 17:15.453","2","0","0","0","36101","0","0","0","N","0","0","0","7","36101","1","","1","01","N","N","0","","0","1","1","0","0","N","1817","2","3","0","0","0","0","0","3","0","3","N","","","","","","","","","","","","03","  ","","",""
"2224","2","0","0","0","0","0","0","0","0","4","0","","36","08","2016","2016085729","6","40.0408","-76.2935","2224","08","0","0","0","1","0","0","0","0","","0","0","0","22","3","2","01","0","40 02:26.966","","00","76 17:36.600","4","0","0","0","36301","0","0","0","N","0","0","0","5","36301","2","","1","01","N","N","0","","0","0","0","3","3","","2224","2","2","0","0","2","0","0","3","0","2","N","","","","","","","","","","","","03","  ","","",""
"2309","2","0","0","0","0","0","0","0","0","5","0","","36","08","2016","2016085734","7","40.048","-76.3076","2217","08","0","0","0","0","0","0","0","0","","0","0","0","22","3","0","00","0","40 02:52.893","","00","76 18:27.330","0","0","0","0","36301","0","0","0","N","0","0","0","2","36301","0","","6","01","N","N","0","","0","0","1","0","0","","2217","0","3","0","0","2","0","0","3","0","3","N","","","","","","","","","","","","03","  ","","",""
"0423","2","0","0","0","0","0","0","0","0","5","0","","36","08","2016","2016085736","1","40.039","-76.3114","0421","08","0","0","0","0","0","0","0","0","3","0","0","0","04","3","0","00","2","40 02:20.267","4","00","76 18:40.895","0","0","0","0","36301","0","0","0","N","0","0","0","1","36301","0","","6","01","N","N","0","","0","0","1","0","0","Y","0418","0","3","0","0","0","0","0","3","0","3","N","","","","","","","","","","","","03","  ","","",""
"2011","2","0","0","0","0","0","0","0","0","4","0","","36","08","2016","2016085739","2","40.0298","-76.244","2007","08","0","0","0","0","1","0","0","0","2","0","0","0","20","1","3","02","2","40 01:47.413","5","00","76 14:38.431","2","0","0","0","36215","0","0","0","N","0","0","0","4","36215","0","","1","09","N","N","0","","2","1","0","3","2","Y","2006","3","2","0","1","3","0","0","1","0","2","N","","","","","","","","","","","","07","  ","","",""
"1930","1","0","0","0","0","0","0","0","0","6","1","","36","08","2016","2016085746","3","39.9904","-76.4676","1918","08","0","0","0","0","1","1","0","0","1","0","1","0","19","4","4","01","2","39 59:25.440","6","00","76 28:03.282","4","0","0","0","36223","0","0","0","","0","0","0","4","36223","4","","1","01","N","N","0","","0","0","0","0","0","N","1915","4","2","0","0","0","0","0","1","0","2","N","","","","","","","","","","","","03","  ","","",""
"1520","2","0","0","0","0","0","0","0","0","4","0","","36","08","2016","2016085747","1","40.1475","-76.4055","1508","08","0","0","0","0","0","1","0","0","1","0","0","0","15","1","0","03","2","40 08:51.140","6","00","76 24:19.764","0","0","0","0","36227","0","0","0","","0","0","0","3","36506","0","","1","09","N","N","0","","0","0","0","3","3","Y","1507","0","2","0","0","0","0","0","1","0","2","N","","","","","","","","","","","","07","  ","","",""
"1828","1","0","0","0","0","0","0","0","0","1","0","","36","08","2016","2016085806","5","40.0573","-76.2816","1828","08","0","0","0","0","0","0","0","0","","0","0","0","17","1","2","00","0","40 03:26.382","","00","76 16:53.911","3","0","0","0","36101","0","0","0","N","0","0","0","4","36101","0","","1","01","N","N","0","","2","0","0","0","0","","1739","2","2","0","0","0","0","0","3","1","2","N","","","","","","","","","","","","03","  ","","",""
"1707","0","0","0","0","0","0","0","0","0","4","0","","36","08","2016","2016085809","7","40.0404","-76.2974","1705","08","0","0","1","0","0","1","0","0","2","0","0","0","17","1","2","01","2","40 02:25.538","4","00","76 17:50.699","4","0","0","0","36301","0","0","0","N","0","0","0","3","36301","2","","1","01","N","N","1","","0","0","1","3","2","Y","1704","2","2","0","0","0","0","1","3","0","2","N","","","","","","","","","","","","03","  ","","",""
"1247","0","0","0","0","0","0","0","0","0","6","0","","36","08","2016","2016085821","5","40.1257","-76.3051","1243","08","0","0","0","0","0","0","0","0","2","0","0","0","12","1","0","00","1","40 07:32.627","1","00","76 18:18.472","0","0","0","0","36101","0","0","0","N","0","0","0","3","36101","0","","1","01","N","N","0","","0","0","2","0","0","N","1240","0","2","0","0","0","0","0","3","0","2","N","","","","","","","","","","","","03","  ","","",""
"1214","0","0","0","0","0","0","0","0","0","7","1","","36","07","2016","2016085831","4","40.0994","-76.5154","1208","08","0","0","0","0","0","0","0","0","3","0","1","0","12","1","0","00","1","40 05:58.000","6","00","76 30:55.500","0","0","0","0","36211","0","0","0","N","0","0","0","1","36504","0","","5","01","N","N","0","","0","0","0","0","0","N","1207","0","1","0","0","0","0","0","1","0","1","N","","","","","","","","","","","","03","  ","","",""
"0825","1","0","0","0","0","0","0","0","0","1","1","","36","08","2016","2016085852","2","40.04","-76.2297","0818","08","0","0","0","0","0","0","0","0","1","0","1","0","08","1","1","00","1","40 02:24.060","4","00","76 13:47.052","4","0","0","0","36215","0","0","0","N","0","0","0","2","36215","1","","1","01","N","N","0","","0","0","0","0","0","N","0816","1","2","0","0","0","0","0","1","0","2","N","","","","","","","","","","","","03","  ","","",""
"0704","1","0","0","0","0","0","0","0","0","8","0","","36","08","2016","2016085861","2","40.2139","-76.1261","0704","08","0","0","0","0","0","0","0","0","1","0","0","0","07","1","1","00","1","40 12:49.934","1","00","76 07:34.082","2","0","0","0","36210","1","0","1","N","1","0","1","2","36210","0","","1","01","N","N","0","","0","1","0","0","0","N","0703","1","2","0","0","0","0","0","1","0","1","N","","","","","","","","","","","","03","  ","","",""
"0132","2","0","0","0","0","0","0","0","0","4","0","","36","08","2016","2016085897","6","40.0845","-76.3317","0129","08","0","0","1","0","0","0","0","0","2","0","0","0","01","2","1","00","2","40 05:04.040","4","00","76 19:54.240","4","0","0","0","36101","0","0","0","N","0","0","0","1","36101","1","","6","01","N","N","0","","0","0","0","0","0","N","0124","1","2","0","0","0","0","0","3","0","2","N","","","","","","","","","","","","03","  ","","",""
"1333","1","0","0","0","0","0","0","0","0","7","0","","36","08","2016","2016085908","2","40.0451","-76.283","1330","08","0","0","0","0","0","0","0","0","3","0","0","0","13","1","1","00","2","40 02:42.230","6","00","76 16:58.679","3","0","0","0","36301","0","0","0","N","0","0","0","1","36301","0","","3","01","N","N","0","","1","0","0","0","0","Y","1328","1","1","0","0","0","0","0","3","0","1","N","","","","","","","","","","","","03","  ","","",""
"1339","1","0","0","0","0","0","0","0","0","1","0","90","36","08","2016","2016085920","2","40.0217","-76.2638","1334","08","0","0","0","0","0","1","0","0","2","0","0","0","13","1","0","00","2","40 01:18.131","2","00","76 15:49.592","0","0","0","0","36240","0","0","0","N","0","0","0","3","36240","0","","1","01","N","N","1","","0","0","1","0","0","Y","1330","0","3","0","0","0","0","0","1","0","3","Y","3","2","Y","","Y","N","Y","","","Y","","03","  ","","",""
"1727","1","0","0","0","0","0","0","0","0","4","0","","36","08","2016","2016085965","2","39.9858","-76.3154","1720","08","0","0","0","0","0","1","0","0","1","0","0","0","17","1","1","01","1","39 59:09.014","1","00","76 18:55.276","4","0","0","0","36228","0","0","0","N","0","0","0","2","36503","1","","1","01","N","N","1","","0","0","0","3","2","N","1719","1","2","0","0","0","0","0","1","0","2","N","","","","","","","","","","","","03","  ","","",""
"1559","1","0","0","0","0","0","0","0","0","4","0","","36","08","2016","2016086094","1","40.1919","-76.1764","1557","08","0","0","0","0","0","2","0","0","","0","0","0","15","1","1","02","0","40 11:30.991","","07","76 10:34.959","3","0","0","0","36408","0","0","0","N","0","0","0","3","36408","0","","1","01","N","N","0","","1","0","1","3","2","","1555","1","2","0","0","0","0","0","2","0","2","N","","","","","","","","","","","","03","  ","","",""
"1606","1","0","0","0","0","0","0","0","0","4","0","","36","08","2016","2016086095","2","40.1059","-76.0254","1604","08","0","0","0","0","0","0","0","0","1","0","0","0","16","1","0","01","1","40 06:21.120","1","00","76 01:31.461","0","0","0","0","36213","0","0","0","N","0","0","0","2","36213","0","","1","01","N","N","0","","0","0","1","0","0","Y","1600","0","2","0","0","0","0","0","1","0","2","N","","","","","","","","","","","","03","  ","","",""
"1313","2","0","0","0","0","0","0","0","0","1","0","","36","08","2016","2016086122","5","40.0569","-76.3595","1309","08","0","0","0","0","0","0","0","1","","0","0","0","13","1","0","00","0","40 03:24.693","","00","76 21:34.214","0","0","0","0","36214","0","0","0","N","0","0","0","5","36214","0","","1","01","N","N","0","","0","0","1","0","0","","1306","0","3","0","0","0","0","0","3","0","3","N","","","","","","","","","","","","03","  ","","",""
"0134","0","0","0","0","0","0","0","0","0","7","0","","36","07","2016","2016086149","1","40.0635","-76.3589","0134","08","0","0","0","0","0","0","0","1","","0","0","0","01","3","1","01","0","40 03:48.687","","00","76 21:32.099","3","0","0","1","36214","0","0","0","","0","0","0","1","36214","0","","2","01","N","N","0","","1","0","0","3","2","","0134","1","1","0","0","0","0","0","3","0","1","N","","","","","","","","","","","","03","  ","","",""
"1936","1","0","0","0","0","0","0","0","0","7","0","","36","08","2016","2016086150","1","40.0532","-76.3868","1926","08","0","0","0","0","0","0","0","0","","0","0","0","19","4","0","00","0","40 03:11.699","","00","76 23:12.385","0","0","0","0","36214","0","0","0","","0","0","0","1","36214","0","","4","09","N","N","0","","0","0","0","0","0","","1920","0","1","0","0","0","0","0","3","0","1","N","","","","","","","","","","","","07","  ","","",""
"1948","1","0","0","0","0","0","0","0","0","4","0","","36","08","2016","2016086233","6","40.0378","-76.2707","1942","08","0","0","1","0","0","0","0","0","1","0","0","0","19","1","0","03","1","40 02:16.133","3","07","76 16:14.670","0","0","0","0","36215","0","0","0","N","0","0","0","2","36215","0","","1","01","N","N","0","","0","0","1","3","2","N","1937","0","2","0","0","0","0","0","1","0","2","N","","","","","","","","","","","","03","  ","","",""
"1138","1","0","0","0","0","0","0","0","0","1","0","","36","08","2016","2016086280","2","40.178","-76.1962","1135","08","0","0","0","0","0","1","0","0","","0","0","0","11","1","0","00","0","40 10:40.657","","07","76 11:46.164","0","0","0","0","36408","0","0","0","N","0","0","0","5","36408","0","","1","01","N","N","0","","0","0","0","0","0","","1133","0","3","0","0","0","0","0","2","2","3","N","","","","","","","","","","","","03","  ","","",""
"1402","2","0","0","0","0","0","0","0","0","4","0","","36","08","2016","2016086286","2","40.074","-76.2041","1358","08","0","0","0","0","0","0","0","1","1","0","0","0","13","1","0","02","1","40 04:26.574","1","00","76 12:14.922","0","0","0","0","36234","0","0","0","N","0","0","0","2","36215","0","","1","01","N","N","0","","0","0","0","3","3","N","1355","0","2","0","0","0","0","0","1","0","2","N","","","","","","","","","","","","03","  ","","",""
"1820","2","0","0","0","0","0","0","0","0","4","0","","36","08","2016","2016086329","2","40.1186","-76.5381","1813","08","1","0","0","0","0","0","0","0","2","0","0","0","18","1","2","03","2","40 07:06.983","6","00","76 32:17.034","4","0","0","0","36211","0","0","0","N","0","0","0","3","36504","2","","1","01","N","N","0","","0","0","0","3","3","Y","1810","2","2","0","0","0","0","0","1","0","2","N","","","","","","","","","","","","03","  ","","",""
"1402","2","0","0","0","0","0","0","0","0","4","0","","36","08","2016","2016086473","1","40.0103","-76.3444","1358","08","0","0","0","0","0","1","0","1","1","0","0","0","13","1","0","02","1","40 00:37.017","1","07","76 20:39.820","0","0","0","0","36412","0","0","0","N","0","0","0","4","36412","0","","1","01","N","N","0","","0","0","0","3","2","N","1356","0","2","0","0","0","0","0","3","0","2","N","","","","","","","","","","","","03","  ","","",""
"1028","2","0","0","0","0","0","0","0","0","1","0","","36","08","2016","2016086479","1","40.0224","-76.3616","1023","08","0","0","1","0","0","0","0","1","2","0","0","0","10","1","1","01","2","40 01:20.679","4","00","76 21:41.606","8","0","0","0","36223","0","0","0","","0","0","0","2","36223","0","","1","01","N","N","0","","0","0","0","3","2","Y","1023","1","2","0","0","0","1","0","1","0","2","N","","","","","","","","","","","","03","  ","","",""
"1934","2","0","0","0","0","0","0","0","0","4","0","","36","08","2016","2016086534","5","40.0684","-76.3179","1928","08","0","0","0","0","0","0","0","0","","0","0","0","17","1","0","00","0","40 04:06.300","","07","76 19:04.600","0","0","0","0","36301","0","0","0","N","0","0","0","2","36301","0","","1","01","N","N","0","","0","0","0","0","0","","1757","0","2","0","0","0","0","0","3","0","2","N","","","","","","","","","","","","03","  ","","",""
"2015","1","0","0","0","0","0","0","0","0","7","0","","36","08","2016","2016086542","3","40.152","-76.2981","2015","08","0","0","0","0","0","0","0","1","","0","0","0","20","1","0","03","0","40 09:07.200","","00","76 17:53.336","0","0","0","0","36409","0","0","0","N","0","0","0","1","36409","0","","2","01","N","N","0","","0","0","0","0","0","","2002","0","1","0","0","0","0","0","3","0","1","N","","","","","","","","","","","","03","  ","","",""
"1600","1","0","0","0","0","0","0","0","0","1","0","","36","08","2016","2016086557","5","40.0269","-76.2183","1551","08","0","0","0","0","0","2","0","0","2","0","0","0","15","1","1","00","1","40 01:37.012","4","00","76 13:05.986","4","0","0","0","36215","0","0","0","N","0","0","0","4","36215","1","","1","01","N","N","1","","0","0","2","0","0","N","1551","1","4","0","0","0","0","0","1","0","4","N","","","","","","","","","","","","03","  ","","",""
"1631","0","0","0","0","0","0","0","0","0","0","0","","36","08","2016","2016086574","1","40.001","-76.4215","1623","08","0","0","0","0","0","1","0","0","1","0","0","0","16","1","2","01","1","40 00:03.498","4","00","76 25:17.439","3","0","0","1","36223","0","0","0","","0","0","0","2","36223","1","","1","01","N","N","0","","1","0","0","3","3","N","1621","2","2","0","0","0","0","0","1","0","1","N","","","","","","","","","","","","03","  ","","",""
"1151","1","0","0","0","0","0","0","0","0","4","0","","36","08","2016","2016086654","3","40.093","-76.1172","1142","08","0","0","0","0","0","0","1","0","","0","0","0","11","1","1","00","0","40 05:34.834","","07","76 07:01.877","8","0","0","0","36209","0","0","0","N","0","0","0","2","36415","0","","1","01","N","N","0","","0","0","1","0","0","","1140","1","2","0","0","0","1","0","1","0","2","N","","","","","","","","","","","","03","  ","","",""
"1210","1","0","0","0","0","0","0","0","0","4","0","","36","08","2016","2016086667","2","39.9871","-76.2818","1203","08","0","0","0","0","0","1","0","0","2","0","0","0","11","1","0","00","1","39 59:13.722","1","07","76 16:54.524","0","0","0","0","36240","0","0","0","N","0","0","0","3","36240","0","","1","01","N","N","1","","0","0","0","0","0","N","1150","0","2","0","0","0","0","0","1","0","2","N","","","","","","","","","","","","03","  ","","",""
"1746","3","0","0","0","0","0","0","0","0","1","0","","36","08","2016","2016086676","2","40.0681","-76.2987","1732","08","0","0","0","0","1","1","1","0","3","0","0","0","17","1","3","00","1","40 04:04.985","4","00","76 17:55.199","4","0","0","0","36101","0","0","0","N","0","0","0","6","36101","3","","1","01","N","N","0","","0","0","0","0","0","N","1729","3","4","0","0","0","0","0","3","1","4","N","","","","","","","","","","","","03","  ","","",""
"1348","2","0","0","0","0","0","0","0","0","4","0","","36","08","2016","2016086714","1","40.1636","-76.1525","1342","08","0","0","0","0","0","1","1","0","1","0","0","0","13","1","0","01","1","40 09:49.441","4","02","76 09:08.800","0","0","0","0","36218","0","0","0","N","0","0","0","2","36408","0","","1","09","N","N","0","","0","0","0","3","2","N","1340","0","2","0","0","0","0","0","1","0","2","N","","","","","","","","","","","","07","  ","","",""
"1356","0","0","0","0","0","0","0","0","0","7","0","","36","08","2016","2016086726","1","40.0688","-76.3021","1345","08","0","0","0","0","0","0","1","0","","0","0","0","13","1","0","00","0","40 04:07.704","","02","76 18:07.456","0","0","0","0","36101","0","0","0","Y","0","0","0","1","36101","0","","2","09","N","N","1","","0","0","0","0","0","","1342","0","1","0","0","0","0","0","3","0","1","N","","","","","","","","","","","","07","  ","","",""
"0815","0","0","0","0","0","0","0","0","0","1","0","","36","08","2016","2016086731","4","40.1605","-76.236","0812","08","0","0","0","0","0","0","0","1","2","0","0","1","08","1","2","00","2","40 09:37.890","6","00","76 14:09.639","4","0","0","0","36218","2","0","0","N","0","0","0","3","36408","1","","1","01","N","N","1","","0","0","0","0","0","Y","0810","2","2","0","0","0","1","0","1","0","1","N","","","","","","","","","","","","03","  ","","",""