"ARRIVAL_TM","AUTOMOBILE_COUNT","BELTED_DEATH_COUNT","BELTED_SUSP_SERIOUS_INJ_COUNT","BICYCLE_COUNT","BICYCLE_DEATH_COUNT","BICYCLE_SUSP_SERIOUS_INJ_COUNT","BUS_COUNT","CHLDPAS_DEATH_COUNT","CHLDPAS_SUSP_SERIOUS_INJ_COUNT","COLLISION_TYPE","COMM_VEH_COUNT","CONS_ZONE_SPD_LIM","COUNTY","CRASH_MONTH","CRASH_YEAR","CRN","DAY_OF_WEEK","DEC_LAT","DEC_LONG","DISPATCH_TM","DISTRICT","DRIVER_COUNT_16YR","DRIVER_COUNT_17YR","DRIVER_COUNT_18YR","DRIVER_COUNT_19YR","DRIVER_COUNT_20YR","DRIVER_COUNT_50_64YR","DRIVER_COUNT_65_74YR","DRIVER_COUNT_75PLUS","EST_HRS_CLOSED","FATAL_COUNT","HEAVY_TRUCK_COUNT","HORSE_BUGGY_COUNT","HOUR_OF_DAY","ILLUMINATION","INJURY_COUNT","INTERSECT_TYPE","LANE_CLOSED","LATITUDE","LN_CLOSE_DIR","LOCATION_TYPE","LONGITUDE","MAX_SEVERITY_LEVEL","MCYCLE_DEATH_COUNT","MCYCLE_SUSP_SERIOUS_INJ_COUNT","MOTORCYCLE_COUNT","MUNICIPALITY","NONMOTR_COUNT","NONMOTR_DEATH_COUNT","NONMOTR_SUSP_SERIOUS_INJ_COUNT","NTFY_HIWY_MAINT","PED_COUNT","PED_DEATH_COUNT","PED_SUSP_SERIOUS_INJ_COUNT","PERSON_COUNT","POLICE_AGCY","POSSIBLE_INJ_COUNT","RDWY_SURF_TYPE_CD","RELATION_TO_ROAD","ROAD_CONDITION","SCH_BUS_IND","SCH_ZONE_IND","SMALL_TRUCK_COUNT","SPEC_JURIS_CD","SUSP_MINOR_INJ_COUNT","SUSP_SERIOUS_INJ_COUNT","SUV_COUNT","TCD_FUNC_CD","TCD_TYPE","TFC_DETOUR_IND","TIME_OF_DAY","TOT_INJ_COUNT","TOTAL_UNITS","UNB_DEATH_COUNT","UNB_SUSP_SERIOUS_INJ_COUNT","UNBELTED_OCC_COUNT","UNK_INJ_DEG_COUNT","UNK_INJ_PER_COUNT","URBAN_RURAL","VAN_COUNT","VEHICLE_COUNT","WORK_ZONE_IND","WORK_ZONE_LOC","WORK_ZONE_TYPE","WORKERS_PRES","WZ_CLOSE_DETOUR","WZ_FLAGGER","WZ_LAW_OFFCR_IND","WZ_LN_CLOSURE","WZ_MOVING","WZ_OTHER","WZ_SHLDER_MDN","ROADWAY_CLEARED","WEATHER1","WEATHER2","WZ_WORKERS_INJ_KILLED","SECONDARY_CRASH","INTERSECTION_RELATED"
"1713","0","0","0","0","0","0","0","0","0","1","0","","36","08","2016","2016086772","2","40.0136","-76.3766","1657","08","0","0","0","0","0","0","0","0","1","0","0","0","16","1","1","00","1","40 00:48.900","5","00","76 22:35.600","4","0","0","0","36223","0","0","0","","0","0","0","4","36223","1","","1","01","N","N","0","","0","0","2","0","0","N","1657","1","2","0","0","0","0","0","1","0","2","N","","","","","","","","","","","","03","  ","","",""
"1100","1","0","0","0","0","0","0","0","0","7","0","","36","08","2016","2016086773","3","39.9736","-76.4293","1107","08","0","0","0","0","0","0","0","1","1","0","0","0","11","1","0","00","1","39 58:24.890","5","00","76 25:45.540","9","0","0","0","36223","0","0","0","","0","0","0","1","36223","0","","4","01","N","N","0","","0","0","0","0","0","N","1100","0","1","0","0","0","0","1","1","0","1","N","","","","","","","","","","","","03","  ","","",""
"1806","1","0","0","0","0","0","0","0","0","7","0","","36","08","2016","2016086894","1","40.1675","-76.2174","1801","08","0","0","0","0","0","0","0","0","2","0","0","0","18","1","0","00","2","40 10:03.000","6","00","76 13:02.500","0","0","0","0","36218","0","0","0","N","0","0","0","5","36408","0","","4","01","N","N","0","","0","0","1","0","0","Y","1800","0","2","0","0","0","0","0","1","0","2","N","","","","","","","","","","","","03","  ","","",""
"1949","0","0","0","0","0","0","0","0","0","8","0","","36","08","2016","2016086906","3","40.0429","-76.3046","1949","08","0","0","0","0","0","0","0","0","1","0","0","0","19","1","1","01","1","40 02:34.370","2","00","76 18:16.409","3","0","0","0","36301","1","0","0","N","1","0","0","2","36301","0","","1","01","N","N","0","","1","0","0","3","2","N","1949","1","2","0","0","0","0","1","3","1","1","N","","","","","","","","","","","","03","  ","","",""
"1704","1","0","0","0","0","0","0","0","0","7","0","","36","08","2016","2016086908","1","40.2879","-76.2009","1635","08","0","1","0","0","0","0","0","0","2","0","0","0","16","1","0","00","1","40 17:16.309","4","00","76 12:03.132","0","0","0","0","36236","0","0","0","Y","0","0","0","1","36408","0","","2","01","N","N","0","","0","0","0","0","0","N","1621","0","1","0","0","0","0","0","1","0","1","N","","","","","","","","","","","","03","  ","","",""
"1154","0","0","0","0","0","0","0","0","0","4","0","","36","08","2016","2016086913","3","40.1065","-76.412","1150","08","0","1","0","0","0","1","0","0","4","0","0","0","11","1","1","00","2","40 06:23.222","5","00","76 24:43.079","2","0","1","1","36214","0","0","0","N","0","0","0","2","36214","0","","1","01","N","N","0","","0","1","0","0","0","Y","1145","1","2","0","0","0","0","0","3","1","2","N","","","","","","","","","","","","03","  ","","",""
"2252","1","0","0","0","0","0","0","0","0","7","0","","36","08","2016","2016086914","4","40.1401","-76.0191","2252","08","0","1","0","0","0","0","0","0","1","0","0","0","22","2","0","00","1","40 08:24.471","3","00","76 01:08.680","0","0","0","0","36213","0","0","0","N","0","0","0","1","36213","0","","5","01","N","N","0","","0","0","0","0","0","N","2245","0","1","0","0","0","0","0","1","0","1","N","","","","","","","","","","","","03","  ","","",""
"1931","1","0","0","0","0","0","0","0","0","6","0","","36","08","2016","2016086922","4","40.0614","-76.5081","1927","08","0","0","0","0","0","1","0","0","2","0","0","0","19","1","2","02","2","40 03:41.091","6","00","76 30:29.052","4","0","0","0","36239","0","0","0","N","0","0","0","2","36239","2","","1","01","N","N","0","","0","0","0","0","0","Y","1927","2","2","0","0","0","0","0","3","1","2","N","","","","","","","","","","","","03","  ","","",""
"1253","0","0","0","0","0","0","0","0","0","4","0","","36","08","2016","2016086930","3","39.9866","-76.2762","1247","08","0","0","0","0","0","0","0","0","2","0","0","0","12","1","1","00","1","39 59:11.900","2","07","76 16:34.400","8","0","0","1","36240","0","0","0","N","0","0","0","3","36240","0","","1","01","N","N","1","","0","0","0","0","0","N","1245","1","2","0","0","0","1","0","1","0","2","N","","","","","","","","","","","","03","  ","","",""
"1359","0","0","0","0","0","0","0","0","0","7","0","","36","08","2016","2016086955","6","40.0545","-76.3965","1350","08","0","0","0","0","0","0","0","0","3","0","0","0","13","1","1","00","2","40 03:16.090","6","00","76 23:47.430","2","0","1","1","36214","0","0","0","","0","0","0","1","36214","0","","2","01","N","N","0","","0","1","0","0","0","Y","1348","1","1","0","0","0","0","0","3","0","1","N","","","","","","","","","","","","03","  ","","",""
"2306","1","0","0","0","0","0","0","0","0","0","0","","36","08","2016","2016086956","4","40.1023","-76.3943","2301","08","0","0","0","0","0","0","0","0","","0","0","0","22","2","1","00","0","40 06:08.260","","00","76 23:39.500","4","0","0","0","36214","0","0","0","","0","0","0","1","36214","1","","4","01","N","N","0","","0","0","0","0","0","","2250","1","1","0","0","0","0","0","3","0","1","N","","","","","","","","","","","","03","  ","","",""
"1607","2","0","0","0","0","0","0","0","0","4","0","","36","08","2016","2016087027","1","40.1832","-76.1918","1603","08","0","0","0","0","0","0","1","0","","0","0","0","16","1","3","01","0","40 10:59.613","","00","76 11:30.542","3","0","0","0","36408","0","0","0","N","0","0","0","4","36408","0","","1","01","N","N","0","","3","0","0","3","2","","1600","3","2","0","0","1","0","0","2","0","2","N","","","","","","","","","","","","03","  ","","",""
"1712","2","0","0","0","0","0","0","0","0","4","0","","36","08","2016","2016087033","3","40.0675","-76.3169","1659","08","0","0","0","1","0","1","0","0","2","0","0","0","16","1","0","02","1","40 04:03.000","4","00","76 19:00.800","0","0","0","0","36301","0","0","0","N","0","0","0","2","36301","0","","1","09","N","N","0","","0","0","0","3","3","N","1638","0","2","0","0","0","0","0","3","0","2","N","","","","","","","","","","","","07","  ","","",""
"2253","2","0","0","0","0","0","0","0","0","1","0","","36","08","2016","2016087035","4","40.1448","-76.2981","2251","08","0","0","0","0","0","1","0","0","1","0","0","0","22","3","1","00","2","40 08:41.414","6","00","76 17:53.143","3","0","0","0","36409","0","0","0","N","0","0","0","1","36409","0","","6","01","N","N","0","","1","0","0","0","0","Y","2250","1","2","0","0","0","0","0","3","0","2","N","","","","","","","","","","","","03","  ","","",""
"1702","1","0","0","0","0","0","0","0","0","1","0","","36","07","2016","2016087043","7","40.0387","-76.1834","1655","08","0","0","0","1","0","1","0","0","1","0","0","0","16","1","0","00","1","40 02:19.360","4","00","76 11:00.415","0","0","0","0","36215","0","0","0","N","0","0","0","4","36215","0","","1","09","N","N","0","","0","0","1","0","0","N","1650","0","2","0","0","0","0","0","1","0","2","N","","","","","","","","","","","","07","  ","","",""
"1321","1","0","0","0","0","0","0","0","0","4","0","","36","08","2016","2016087078","1","40.207","-76.2199","1312","08","0","0","0","1","0","0","0","0","2","0","0","0","13","1","0","01","1","40 12:25.201","6","00","76 13:11.691","0","0","0","0","36204","0","0","0","","0","0","0","2","36506","0","","1","09","N","N","1","","0","0","0","3","2","N","1312","0","2","0","0","0","0","0","1","0","2","N","","","","","","","","","","","","07","  ","","",""
"0652","0","0","0","0","0","0","0","0","0","1","0","","36","08","2016","2016087079","4","40.1732","-76.3772","0644","08","0","0","0","0","1","0","0","0","","0","0","0","06","1","1","01","0","40 10:23.502","","00","76 22:37.897","8","0","0","0","36227","0","0","0","","0","0","0","2","36506","0","","1","01","N","N","1","","0","0","1","3","2","","0642","1","2","0","0","0","1","0","1","0","2","N","","","","","","","","","","","","03","  ","","",""
"1319","0","0","0","0","0","0","0","0","0","1","0","","36","08","2016","2016087096","5","40.0721","-76.2684","1306","08","0","0","0","0","1","0","1","0","1","0","0","0","13","1","0","00","1","40 04:19.663","2","00","76 16:06.065","0","0","0","0","36101","0","0","0","N","0","0","0","3","36101","0","","1","01","N","N","0","","0","0","2","0","0","N","1300","0","2","0","0","0","0","0","3","0","2","N","","","","","","","","","","","","03","  ","","",""
"1718","1","0","0","0","0","0","0","0","0","7","0","","36","08","2016","2016087229","1","40.1136","-76.2425","1712","08","0","0","0","0","0","0","0","0","1","0","0","0","17","1","2","00","1","40 06:48.946","2","00","76 14:33.168","4","0","0","0","36101","0","0","0","N","0","0","0","4","36101","2","","4","01","N","N","0","","0","0","0","0","0","N","1710","2","1","0","0","0","0","0","3","0","1","N","","","","","","","","","","","","03","  ","","",""
"1656","1","0","0","0","0","0","0","0","0","1","0","","36","08","2016","2016087234","5","40.0703","-76.3169","1643","08","0","0","0","0","0","0","1","0","","0","0","0","16","1","0","00","0","40 04:12.930","","00","76 19:00.946","9","0","0","0","36101","0","0","0","N","0","0","0","3","36101","0","","1","01","N","N","0","","0","0","1","0","0","","1636","0","3","0","0","0","0","1","3","1","3","N","","","","","","","","","","","","03","  ","","",""
"1757","1","0","0","0","0","0","0","0","0","1","0","","36","08","2016","2016087247","5","40.0797","-76.3273","1751","08","0","0","0","0","0","0","1","0","","0","0","0","17","1","0","00","0","40 04:47.049","","00","76 19:38.396","0","0","0","0","36101","0","0","0","N","0","0","0","2","36101","0","","1","01","N","N","0","","0","0","1","0","0","","1717","0","2","0","0","0","0","0","3","0","2","N","","","","","","","","","","","","03","  ","","",""
"1535","1","0","0","0","0","0","0","0","0","7","0","","36","08","2016","2016087295","7","40.2352","-76.2944","1520","08","0","0","0","0","0","0","0","0","","0","0","0","15","1","1","00","0","40 14:06.724","","00","76 17:40.989","3","0","0","0","36217","0","0","0","","0","0","0","2","68T06","0","","3","09","N","N","0","","1","0","0","0","0","","1515","1","1","0","0","0","0","0","1","0","1","N","","","","","","","","","","","","07","  ","","",""
"1951","1","0","0","0","0","0","0","0","0","7","0","","36","08","2016","2016087300","1","40.2281","-76.464","1939","08","0","0","0","0","0","0","0","0","1","0","0","0","19","1","0","00","1","40 13:41.391","3","00","76 27:49.734","0","0","0","0","36230","0","0","0","","0","0","0","3","68T06","0","","4","09","N","N","0","","0","0","0","0","0","N","1938","0","1","0","0","0","0","0","1","0","1","N","","","","","","","","","","","","07","  ","","",""
"1805","1","0","0","0","0","0","0","0","0","9","0","","36","08","2016","2016087338","7","40.2236","-76.4201","1743","08","0","0","1","0","0","0","0","0","","0","0","0","17","1","0","00","0","40 13:25.440","","00","76 25:13.317","0","0","0","0","36227","0","0","0","","0","0","0","2","68T06","0","","3","01","N","N","0","","0","0","0","0","0","","1742","0","1","0","0","0","0","0","1","0","1","N","","","","","","","","","","","","03","  ","","",""
"2314","1","0","0","0","0","0","0","0","0","7","0","","36","08","2016","2016087404","5","40.1054","-76.4256","2306","08","1","0","0","0","0","0","0","0","","0","0","0","22","2","0","00","0","40 06:19.619","","00","76 25:32.153","0","0","0","0","36214","0","0","0","N","0","0","0","1","36214","0","","5","01","N","N","0","","0","0","0","0","0","","2245","0","1","0","0","0","0","0","3","0","1","N","","","","","","","","","","","","03","  ","","",""
"1943","1","0","0","0","0","0","0","0","0","8","0","","36","08","2016","2016087410","3","40.0345","-76.3156","1937","08","0","0","0","0","0","0","0","0","","0","0","0","15","1","1","01","0","40 02:04.256","","00","76 18:56.055","4","0","0","0","36301","1","0","0","N","1","0","0","2","36301","1","","1","01","N","N","0","","0","0","0","3","2","","1545","1","2","0","0","0","0","0","3","0","1","N","","","","","","","","","","","","03","  ","","",""
"2252","1","0","0","0","0","0","0","0","0","4","0","","36","08","2016","2016087411","6","40.035","-76.2941","2245","08","0","1","0","0","0","0","0","0","","0","0","0","22","3","0","01","0","40 02:05.870","","00","76 17:38.871","9","0","0","0","36301","0","0","0","N","0","0","0","2","36301","0","","1","01","N","N","1","","0","0","0","3","3","","2245","0","2","0","0","0","0","1","3","0","2","N","","","","","","","","","","","","03","  ","","",""
"1420","2","0","0","0","0","0","0","0","0","6","0","","36","08","2016","2016087438","4","40.1758","-76.3088","1416","08","0","0","0","0","1","0","0","1","","0","0","0","14","1","4","01","0","40 10:32.768","","00","76 18:31.673","8","0","0","0","36235","0","0","0","","0","0","0","5","36506","0","","1","01","N","N","0","","0","0","0","3","2","","1416","4","2","0","0","0","4","0","1","0","2","N","","","","","","","","","","","","03","  ","","",""
"1708","0","0","0","0","0","0","0","0","0","7","0","","36","08","2016","2016087439","5","40.2666","-76.2387","1648","08","0","0","0","0","0","0","1","0","2","0","0","0","16","1","1","00","2","40 15:59.900","5","00","76 14:19.159","8","0","0","0","36204","0","0","0","","0","0","0","1","36506","0","","4","01","N","N","1","","0","0","0","0","0","Y","1648","1","1","0","0","0","1","0","1","0","1","N","","","","","","","","","","","","03","  ","","",""
"1148","0","0","0","0","0","0","0","0","0","4","0","","36","08","2016","2016087482","3","40.0606","-76.3063","1142","08","0","0","0","1","0","0","1","0","","0","0","0","11","1","1","01","0","40 03:38.254","","00","76 18:22.514","4","0","0","0","36101","0","0","0","N","0","0","0","3","36101","1","","1","01","N","N","0","","0","0","3","3","2","","1137","1","3","0","0","0","0","0","3","0","3","N","","","","","","","","","","","","03","  ","","",""
"2122","1","0","0","0","0","0","0","0","0","7","0","25","36","08","2016","2016087489","2","40.0841","-76.2707","2114","08","0","0","0","0","0","0","0","0","2","0","0","0","21","2","0","00","2","40 05:02.651","3","03","76 16:14.436","0","0","0","0","36101","0","0","0","N","0","0","0","1","36101","0","","1","01","N","N","0","","0","0","0","0","0","Y","2110","0","1","0","0","0","0","0","3","0","1","Y","2","3","N","","","N","Y","","","Y","","03","  ","","",""
"0602","1","0","0","0","0","0","0","0","0","5","0","","36","08","2016","2016087503","6","40.2061","-76.149","0556","08","0","0","0","0","0","1","1","0","","0","0","0","05","1","0","01","0","40 12:22.032","","00","76 08:56.392","0","0","0","0","36210","0","0","0","N","0","0","0","2","36210","0","","1","09","N","N","0","","0","0","1","3","2","","0554","0","2","0","0","0","0","0","1","0","2","N","","","","","","","","","","","","05","  ","","",""
"0708","2","0","0","0","0","0","0","0","0","4","0","","36","08","2016","2016087524","3","40.006","-76.2961","0700","08","0","0","0","1","0","1","0","0","2","0","0","0","06","1","1","02","1","40 00:21.738","1","00","76 17:46.105","4","0","0","0","36240","0","0","0","N","0","0","0","4","36240","1","","1","01","N","N","1","","0","0","0","3","3","N","0650","1","3","0","0","0","0","0","1","0","3","N","","","","","","","","","","","","03","  ","","",""
"0738","2","0","0","0","0","0","0","0","0","1","0","","36","08","2016","2016087528","6","40.164","-76.6062","0733","08","0","0","0","0","0","1","0","0","","0","0","0","07","1","1","00","0","40 09:50.300","","07","76 36:22.300","4","0","0","0","36407","0","0","0","N","0","0","0","3","36407","1","","1","09","N","N","0","","0","0","0","0","0","","0733","1","2","0","0","0","0","0","2","0","2","N","","","","","","","","","","","","03","  ","","",""
"1325","1","0","0","0","0","0","0","0","0","1","0","","36","08","2016","2016087554","3","40.0778","-76.2957","1325","08","0","0","0","0","0","0","1","0","2","0","0","0","13","1","2","03","1","40 04:40.090","2","00","76 17:44.514","4","0","0","0","36101","0","0","0","N","0","0","0","3","36101","2","","1","01","N","N","0","","0","0","1","3","3","N","1324","2","2","0","0","0","0","0","3","0","2","N","","","","","","","","","","","","03","  ","","",""
"1446","1","0","0","0","0","0","0","0","0","4","0","","36","08","2016","2016087594","6","40.1074","-76.1675","1432","08","0","0","0","0","0","0","0","1","2","0","0","0","14","1","0","01","1","40 06:26.737","7","00","76 10:02.928","0","0","0","0","36238","0","0","0","N","0","0","0","4","36238","0","","1","01","N","N","0","","0","0","1","3","3","N","1431","0","2","0","0","0","0","0","3","0","2","N","","","","","","","","","","","","03","  ","","",""
"1520","1","0","0","0","0","0","0","0","0","1","0","","36","08","2016","2016087597","6","40.0436","-76.4229","1515","08","0","0","0","0","0","1","0","0","","0","0","0","15","1","1","02","0","40 02:36.845","","00","76 25:22.598","4","0","0","0","36239","0","0","0","N","0","0","0","3","36239","1","","1","01","N","N","0","","0","0","1","3","2","","1510","1","2","0","0","0","0","1","3","0","2","N","","","","","","","","","","","","03","  ","","",""
"1851","1","0","0","0","0","0","0","0","0","1","0","","36","08","2016","2016087600","2","40.0681","-76.2938","1841","08","0","0","0","0","0","0","0","0","","0","0","0","18","1","0","00","0","40 04:05.135","","00","76 17:37.785","0","0","0","0","36101","0","0","0","N","0","0","0","2","36101","0","","1","01","N","N","1","","0","0","0","0","0","","1840","0","2","0","0","0","0","0","3","0","2","N","","","","","","","","","","","","03","  ","","",""
"1508","1","0","0","0","0","0","0","0","0","0","0","","36","08","2016","2016087635","6","40.126","-76.478","1458","08","0","0","0","0","0","0","0","0","1","0","0","0","14","1","0","00","2","40 07:33.700","6","00","76 28:40.700","0","0","0","0","36230","0","0","0","N","0","0","0","1","36410","0","","1","01","N","N","0","","0","0","0","0","0","Y","1458","0","1","0","0","1","0","0","1","0","1","N","","","","","","","","","","","","03","  ","","",""
"1650","1","0","0","0","0","0","0","0","0","4","0","","36","08","2016","2016087723","6","40.1027","-76.4328","1645","08","0","0","0","0","0","0","0","2","1","0","0","0","16","1","0","01","1","40 06:09.637","5","00","76 25:57.928","0","0","0","0","36239","0","0","0","N","0","0","0","2","36239","0","","1","01","N","N","0","","0","0","0","3","3","Y","1640","0","2","0","0","0","0","0","3","1","2","N","","","","","","","","","","","","03","  ","","",""
"1831","1","0","0","0","0","0","0","0","0","1","0","","36","07","2016","2016087763","7","39.8873","-76.1886","1823","08","0","0","1","0","0","0","0","0","2","0","0","1","18","1","1","00","2","39 53:14.365","6","00","76 11:18.844","8","0","0","0","36212","1","0","0","","0","0","0","2","68J01","0","","1","09","N","N","0","","0","0","0","0","0","Y","1818","1","2","0","0","0","1","0","1","0","1","N","","","","","","","","","","","","07","  ","","",""
"1524","0","0","0","0","0","0","0","0","0","1","0","","36","07","2016","2016087768","1","39.8604","-76.2675","1509","08","0","0","0","0","0","1","0","0","2","0","0","0","15","1","1","00","2","39 51:37.516","4","00","76 16:02.955","3","0","0","1","36224","0","0","0","","0","0","0","5","68J01","0","","1","01","N","N","0","","1","0","1","0","0","N","1504","1","2","0","0","0","0","0","1","0","2","N","","","","","","","","","","","","03","  ","","",""
"0728","0","0","0","0","0","0","0","0","0","7","1","","36","07","2016","2016087769","3","39.9967","-76.0497","0717","08","0","0","0","0","0","0","0","0","6","0","1","0","07","1","0","00","2","39 59:48.183","6","00","76 02:58.834","0","0","0","0","36232","0","0","0","","0","0","0","1","68J01","0","","4","01","N","N","0","","0","0","0","0","0","Y","0715","0","1","0","0","0","0","0","1","0","1","N","","","","","","","","","","","","98","  ","","",""
"1805","2","0","1","0","0","0","0","0","0","2","0","","36","07","2016","2016087773","6","40.2177","-76.0588","1746","08","0","0","0","0","0","1","1","0","2","0","0","0","17","1","1","00","2","40 13:03.645","5","00","76 03:31.733","2","0","0","0","36202","0","0","0","","0","0","0","2","68J01","0","","1","01","N","N","0","","0","1","0","0","0","Y","1746","1","2","0","0","0","0","0","1","0","2","N","","","","","","","","","","","","03","  ","","",""
"0621","1","0","0","0","0","0","0","0","0","7","0","","36","08","2016","2016087779","6","40.0089","-76.1241","0615","08","0","0","0","0","0","0","0","0","","0","0","0","06","5","1","00","0","40 00:31.862","","00","76 07:26.849","3","0","0","0","36226","0","0","0","","0","0","0","1","68J01","0","","4","01","N","N","0","","1","0","0","0","0","","0615","1","1","0","0","0","0","0","1","0","1","N","","","","","","","","","","","","03","  ","","",""
"1742","2","0","0","0","0","0","0","0","0","4","0","","36","08","2016","2016087785","1","39.9849","-76.051","1728","08","0","0","0","0","0","0","0","0","2","0","0","0","17","1","0","02","1","39 59:05.791","6","00","76 03:03.502","0","0","0","0","36232","0","0","0","","0","0","0","2","68J01","0","","1","01","N","N","0","","0","0","0","3","3","N","1728","0","2","0","0","0","0","0","1","0","2","N","","","","","","","","","","","","03","  ","","",""
"0253","1","0","0","0","0","0","0","0","0","7","0","","36","08","2016","2016087790","6","40.2153","-76.2737","0221","08","0","0","0","0","0","0","0","0","3","0","0","0","02","2","1","00","1","40 12:55.130","4","00","76 16:25.207","3","0","0","0","36217","0","0","0","","0","0","0","1","68J01","0","","4","01","N","N","0","","1","0","0","0","0","N","0218","1","1","0","0","0","0","0","1","0","1","N","","","","","","","","","","","","03","  ","","",""
"0632","1","0","0","0","0","0","0","0","0","4","1","","36","08","2016","2016087798","7","39.9919","-76.0195","0621","08","0","0","0","0","1","0","1","0","2","0","1","0","06","1","1","00","1","39 59:30.972","4","00","76 01:10.070","3","0","0","0","36232","0","0","0","","0","0","0","4","68J01","0","","1","01","N","N","1","","1","0","1","0","0","N","0604","1","4","0","0","0","0","0","1","0","4","N","","","","","","","","","","","","03","  ","","",""
"2351","1","0","0","0","0","0","0","0","0","7","0","","36","08","2016","2016087809","1","40.1333","-75.9647","2324","08","0","0","0","0","0","0","0","0","2","0","0","0","23","3","0","02","1","40 07:59.728","4","00","75 57:52.783","0","0","0","0","36203","0","0","0","","0","0","0","1","68J01","0","","4","01","N","N","0","","0","0","0","3","3","N","2314","0","1","0","0","0","0","0","1","0","1","N","","","","","","","","","","","","03","  ","","",""
"1426","1","0","0","0","0","0","0","0","0","4","0","","36","08","2016","2016087813","2","39.8773","-76.2733","1406","08","0","0","0","0","0","1","0","1","","0","0","0","14","1","1","03","0","39 52:38.411","","00","76 16:24.049","3","0","0","1","36224","0","0","0","","0","0","0","2","68J01","0","","1","01","N","N","0","","1","0","0","0","0","","1406","1","2","0","0","0","0","0","1","0","2","N","","","","","","","","","","","","03","  ","","",""
"1501","1","0","0","0","0","0","0","0","0","7","0","","36","08","2016","2016087814","2","39.8595","-76.2691","1436","08","0","0","0","0","0","1","0","0","2","0","0","0","14","1","1","00","1","39 51:34.116","6","00","76 16:08.866","3","0","0","0","36224","0","0","0","","0","0","0","2","68J01","0","","4","01","N","N","0","","1","0","0","0","0","Y","1436","1","2","0","0","0","0","0","1","1","2","N","","","","","","","","","","","","03","  ","","",""
"1729","1","0","0","0","0","0","0","0","0","4","0","","36","08","2016","2016087823","5","40.038","-76.1064","1720","08","0","0","0","0","0","1","0","0","1","0","0","0","17","1","0","01","1","40 02:16.921","7","00","76 06:22.946","0","0","0","0","36221","0","0","0","","0","0","0","5","68J01","0","","1","01","N","N","2","","0","0","0","3","3","N","1703","0","3","0","0","0","0","0","1","0","3","N","","","","","","","","","","","","03","  ","","",""
"1050","1","0","0","0","0","0","0","0","0","7","0","","36","08","2016","2016087829","7","39.9947","-76.038","1044","08","0","0","0","0","0","0","0","1","2","0","0","0","10","1","3","00","1","39 59:40.742","4","00","76 02:16.765","8","0","0","0","36232","0","0","0","","0","0","0","3","68J01","0","","4","01","N","N","0","","0","0","0","0","0","N","1025","3","1","0","0","1","3","0","1","0","1","N","","","","","","","","","","","","03","  ","","",""
"1250","2","0","0","0","0","0","0","0","0","1","0","","36","08","2016","2016087839","2","39.8893","-76.2373","1245","08","0","0","0","0","0","1","0","0","","0","0","0","12","1","1","00","0","39 53:21.302","","00","76 14:14.173","3","0","0","0","36229","0","0","0","","0","0","0","3","68J01","0","","1","01","N","N","0","","1","0","0","3","2","","1245","1","2","0","0","0","0","0","1","0","2","N","","","","","","","","","","","","03","  ","","",""
"1720","0","0","0","0","0","0","0","0","0","4","0","","36","08","2016","2016087841","2","39.9501","-76.1202","1708","08","0","0","0","0","0","1","0","1","","0","0","0","17","1","0","01","0","39 57:00.187","","00","76 07:12.579","0","0","0","0","36216","0","0","0","","0","0","0","2","68J01","0","","1","01","N","N","1","","0","0","1","3","3","","1706","0","2","0","0","0","0","0","1","0","2","N","","","","","","","","","","","","03","  ","","",""
"1122","1","0","0","0","0","0","0","0","0","1","0","","36","08","2016","2016087844","3","39.9018","-76.1817","1111","08","0","0","0","0","0","1","0","0","2","0","0","0","11","1","0","00","1","39 54:06.392","1","00","76 10:54.131","0","0","0","0","36229","0","0","0","","0","0","0","5","68J01","0","","1","01","N","N","0","","0","0","1","0","0","N","1107","0","2","0","0","0","0","0","1","0","2","N","","","","","","","","","","","","03","  ","","",""
"0629","0","0","0","0","0","0","0","0","0","1","0","","36","08","2016","2016087871","3","39.9843","-76.2904","0629","08","0","0","0","0","0","0","0","1","","0","0","0","06","1","0","00","0","39 59:03.599","","00","76 17:25.399","0","0","0","0","36228","0","0","0","N","0","0","0","4","36503","0","","1","01","N","N","2","","0","0","1","0","0","","0629","0","3","0","0","0","0","0","1","0","3","N","","","","","","","","","","","","03","  ","","",""
"1751","1","0","0","0","0","0","0","0","0","1","1","","36","08","2016","2016087880","6","40.2","-76.421","1743","08","0","0","0","0","0","1","0","1","","0","1","0","17","1","1","01","0","40 11:59.848","","00","76 25:15.755","4","0","0","0","36230","0","0","0","N","0","0","0","4","36410","1","","1","01","N","N","0","","0","0","0","3","3","","1743","1","2","0","0","2","0","0","1","0","2","N","","","","","","","","","","","","03","  ","","",""
"0900","0","0","0","0","0","0","0","0","0","0","0","","36","08","2016","2016087893","5","40.0867","-76.1962","0900","08","1","0","0","0","0","0","0","0","1","0","0","0","08","1","1","00","1","40 05:12.124","3","00","76 11:46.226","3","0","0","1","36234","0","0","0","N","0","0","0","2","36215","0","","1","01","N","N","0","","1","0","1","0","0","N","0859","1","2","0","0","0","0","0","1","0","2","N","","","","","","","","","","","","03","  ","","",""
"1530","0","0","0","1","0","0","0","0","0","4","0","","36","08","2016","2016087901","4","40.0312","-76.2373","1527","08","0","0","0","0","0","1","0","0","","0","0","0","15","1","1","00","0","40 01:52.419","","07","76 14:14.107","4","0","0","0","36215","1","0","0","N","0","0","0","2","36215","1","","1","01","N","N","1","","0","0","0","0","0","","1525","1","2","0","0","0","0","0","1","0","1","N","","","","","","","","","","","","03","  ","","",""