"ARRIVAL_TM","AUTOMOBILE_COUNT","BELTED_DEATH_COUNT","BELTED_SUSP_SERIOUS_INJ_COUNT","BICYCLE_COUNT","BICYCLE_DEATH_COUNT","BICYCLE_SUSP_SERIOUS_INJ_COUNT","BUS_COUNT","CHLDPAS_DEATH_COUNT","CHLDPAS_SUSP_SERIOUS_INJ_COUNT","COLLISION_TYPE","COMM_VEH_COUNT","CONS_ZONE_SPD_LIM","COUNTY","CRASH_MONTH","CRASH_YEAR","CRN","DAY_OF_WEEK","DEC_LAT","DEC_LONG","DISPATCH_TM","DISTRICT","DRIVER_COUNT_16YR","DRIVER_COUNT_17YR","DRIVER_COUNT_18YR","DRIVER_COUNT_19YR","DRIVER_COUNT_20YR","DRIVER_COUNT_50_64YR","DRIVER_COUNT_65_74YR","DRIVER_COUNT_75PLUS","EST_HRS_CLOSED","FATAL_COUNT","HEAVY_TRUCK_COUNT","HORSE_BUGGY_COUNT","HOUR_OF_DAY","ILLUMINATION","INJURY_COUNT","INTERSECT_TYPE","LANE_CLOSED","LATITUDE","LN_CLOSE_DIR","LOCATION_TYPE","LONGITUDE","MAX_SEVERITY_LEVEL","MCYCLE_DEATH_COUNT","MCYCLE_SUSP_SERIOUS_INJ_COUNT","MOTORCYCLE_COUNT","MUNICIPALITY","NONMOTR_COUNT","NONMOTR_DEATH_COUNT","NONMOTR_SUSP_SERIOUS_INJ_COUNT","NTFY_HIWY_MAINT","PED_COUNT","PED_DEATH_COUNT","PED_SUSP_SERIOUS_INJ_COUNT","PERSON_COUNT","POLICE_AGCY","POSSIBLE_INJ_COUNT","RDWY_SURF_TYPE_CD","RELATION_TO_ROAD","ROAD_CONDITION","SCH_BUS_IND","SCH_ZONE_IND","SMALL_TRUCK_COUNT","SPEC_JURIS_CD","SUSP_MINOR_INJ_COUNT","SUSP_SERIOUS_INJ_COUNT","SUV_COUNT","TCD_FUNC_CD","TCD_TYPE","TFC_DETOUR_IND","TIME_OF_DAY","TOT_INJ_COUNT","TOTAL_UNITS","UNB_DEATH_COUNT","UNB_SUSP_SERIOUS_INJ_COUNT","UNBELTED_OCC_COUNT","UNK_INJ_DEG_COUNT","UNK_INJ_PER_COUNT","URBAN_RURAL","VAN_COUNT","VEHICLE_COUNT","WORK_ZONE_IND","WORK_ZONE_LOC","WORK_ZONE_TYPE","WORKERS_PRES","WZ_CLOSE_DETOUR","WZ_FLAGGER","WZ_LAW_OFFCR_IND","WZ_LN_CLOSURE","WZ_MOVING","WZ_OTHER","WZ_SHLDER_MDN","ROADWAY_CLEARED","WEATHER1","WEATHER2","WZ_WORKERS_INJ_KILLED","SECONDARY_CRASH","INTERSECTION_RELATED"
"2318","1","0","0","0","0","0","0","0","0","4","0","","36","08","2016","2016087918","6","40.0201","-76.1809","2315","08","0","0","0","1","0","0","0","0","2","0","0","0","23","3","4","00","1","40 01:12.371","6","07","76 10:51.119","4","0","0","0","36215","0","0","0","N","0","0","0","4","36215","3","","1","01","N","N","0","","0","0","1","0","0","N","2314","4","2","0","0","0","1","0","1","0","2","N","","","","","","","","","","","","03","  ","","",""
"2025","2","0","0","0","0","0","0","0","0","4","0","","36","08","2016","2016087925","6","40.0432","-76.3182","2020","08","0","0","0","1","0","1","0","0","1","0","0","0","20","3","2","01","2","40 02:35.469","6","00","76 19:05.620","3","0","0","0","36301","0","0","0","N","0","0","0","6","36301","0","","1","01","N","N","0","","2","0","1","3","3","Y","2020","2","3","0","0","0","0","0","3","0","3","N","","","","","","","","","","","","03","  ","","",""
"1738","1","0","0","0","0","0","0","0","0","4","0","","36","08","2016","2016087973","6","40.0756","-76.3233","1733","08","0","0","0","0","0","0","0","0","2","0","0","0","17","1","0","02","1","40 04:32.248","1","00","76 19:23.805","0","0","0","0","36101","0","0","0","N","0","0","0","2","36101","0","","1","01","N","N","0","","0","0","1","3","3","N","1730","0","2","0","0","0","0","0","3","0","2","N","","","","","","","","","","","","03","  ","","",""
"1121","2","0","0","0","0","0","0","0","0","1","0","","36","08","2016","2016087976","6","40.0349","-76.295","1115","08","0","0","0","0","0","0","0","0","","0","0","0","11","1","0","00","0","40 02:05.500","","00","76 17:41.900","0","0","0","0","36301","0","0","0","N","0","0","0","1","36301","0","","6","01","N","N","0","","0","0","0","0","0","","1110","0","2","0","0","0","0","0","3","0","2","N","","","","","","","","","","","","03","  ","","",""
"1522","1","0","0","0","0","0","0","0","0","4","0","","36","08","2016","2016087997","3","40.0349","-76.3051","1520","08","0","0","1","0","0","1","0","0","2","0","0","0","15","1","1","01","1","40 02:05.480","1","00","76 18:18.334","3","0","0","0","36301","0","0","0","N","0","0","0","2","36301","0","","1","01","N","N","0","","1","0","1","3","3","N","1520","1","2","0","0","0","0","0","3","0","2","N","","","","","","","","","","","","03","  ","","",""
"1502","1","0","0","0","0","0","0","0","0","1","0","","36","08","2016","2016088001","5","40.0398","-76.3039","1456","08","0","0","0","0","0","0","0","0","2","0","0","0","14","1","0","01","1","40 02:23.059","4","00","76 18:14.070","0","0","0","0","36301","0","0","0","N","0","0","0","2","36301","0","","1","01","N","N","0","","0","0","1","0","0","N","1456","0","2","0","0","0","0","0","3","0","2","N","","","","","","","","","","","","03","  ","","",""
"1422","1","0","0","0","0","0","0","0","0","5","0","","36","08","2016","2016088042","7","40.0305","-76.3239","1421","08","0","0","0","0","0","0","0","1","2","0","0","0","14","1","1","00","2","40 01:49.651","7","00","76 19:25.935","8","0","0","0","36220","0","0","0","N","0","0","0","1","36101","0","","1","01","N","N","1","","0","0","0","0","0","Y","1419","1","2","0","0","1","1","0","3","0","2","N","","","","","","","","","","","","03","  ","","",""
"2116","1","0","0","0","0","0","0","0","0","1","0","","36","08","2016","2016088138","7","40.1505","-76.0281","2112","08","0","1","0","0","0","0","0","0","","0","0","0","21","2","0","01","0","40 09:01.638","","00","76 01:41.060","0","0","0","0","36213","0","0","0","N","0","0","0","9","36213","0","","1","01","N","N","0","","0","0","0","0","0","","2100","0","2","0","0","7","0","0","1","1","2","N","","","","","","","","","","","","03","  ","","",""
"0904","0","0","0","0","0","0","0","0","0","7","0","","36","08","2016","2016088173","7","40.1269","-76.3617","0856","08","0","0","0","0","0","1","0","0","2","0","0","0","08","1","0","00","2","40 07:36.800","6","00","76 21:42.100","0","0","0","0","36101","0","0","0","N","0","0","0","1","36101","0","","4","01","N","N","0","","0","0","1","0","0","N","0851","0","1","0","0","0","0","0","3","0","1","N","","","","","","","","","","","","03","  ","","",""
"1631","2","0","0","0","0","0","0","0","0","1","0","","36","08","2016","2016088174","7","40.0174","-76.1673","1620","08","0","0","0","0","0","0","0","0","","0","0","0","16","1","0","00","0","40 01:02.690","","00","76 10:02.309","0","0","0","0","36215","0","0","0","N","0","0","0","6","36215","0","","1","01","N","N","0","","0","0","0","0","0","","1617","0","2","0","0","0","0","0","1","0","2","N","","","","","","","","","","","","03","  ","","",""
"1608","0","0","0","0","0","0","0","0","0","4","0","","36","08","2016","2016088175","5","40.1803","-76.195","1604","08","0","1","0","0","0","0","0","0","","0","0","0","16","1","0","01","0","40 10:49.119","","00","76 11:42.137","0","0","0","0","36408","0","0","0","N","0","0","0","2","36408","0","","1","01","N","N","1","","0","0","0","3","2","","1604","0","2","0","0","0","0","0","2","1","2","N","","","","","","","","","","","","03","  ","","",""
"1546","1","0","0","1","0","0","0","0","0","4","0","","36","08","2016","2016088176","7","40.1693","-76.2063","1544","08","0","0","0","0","0","1","0","0","2","0","0","0","15","1","1","02","2","40 10:09.656","6","00","76 12:22.798","3","0","0","0","36218","1","0","0","N","0","0","0","2","36408","0","","1","01","N","N","0","","1","0","0","3","3","Y","1543","1","2","0","0","0","0","0","1","0","1","N","","","","","","","","","","","","03","  ","","",""
"0706","1","0","0","0","0","0","0","0","0","4","0","","36","08","2016","2016088181","3","40.0306","-76.2343","0658","08","0","0","0","0","0","1","0","0","","0","0","0","06","1","0","05","0","40 01:50.123","","00","76 14:03.641","0","0","0","0","36215","0","0","0","N","0","0","0","2","36215","0","","1","01","N","N","0","","0","0","1","3","2","","0658","0","2","0","0","0","0","0","1","0","2","N","","","","","","","","","","","","03","  ","","",""
"1633","1","0","0","0","0","0","0","0","0","0","0","","36","08","2016","2016088188","3","40.1876","-76.1901","1629","08","0","0","0","0","0","0","0","0","2","0","0","0","16","1","0","01","1","40 11:15.381","4","00","76 11:24.343","0","0","0","0","36408","0","0","0","N","0","0","0","3","36408","0","","1","01","N","N","0","","0","0","0","0","0","Y","1629","0","1","0","0","0","0","0","2","0","1","N","","","","","","","","","","","","03","  ","","",""
"1618","1","0","0","0","0","0","0","0","0","1","0","","36","08","2016","2016088194","7","40.1655","-76.1596","1612","08","0","1","0","0","0","0","0","0","2","0","0","0","16","1","2","02","1","40 09:55.667","4","00","76 09:34.569","4","0","0","0","36218","0","0","0","N","0","0","0","5","36408","2","","1","01","N","N","0","","0","0","2","3","2","N","1610","2","3","0","0","1","0","0","1","0","3","N","","","","","","","","","","","","03","  ","","",""
"1716","1","0","0","0","0","0","0","0","0","4","0","","36","08","2016","2016088195","7","40.1636","-76.1525","1714","08","0","0","0","0","1","0","0","0","2","0","0","0","17","1","0","01","1","40 09:49.441","3","02","76 09:08.800","0","0","0","0","36218","0","0","0","N","0","0","0","5","36408","0","","1","01","N","N","0","","0","0","0","3","2","N","1710","0","2","0","0","0","0","0","1","1","2","N","","","","","","","","","","","","03","  ","","",""
"1801","2","0","0","0","0","0","0","0","0","1","0","","36","08","2016","2016088377","1","40.0393","-76.5056","1752","08","0","0","0","0","1","0","0","0","2","0","0","0","17","1","1","00","2","40 02:21.632","3","00","76 30:20.186","8","0","0","0","36404","0","0","0","N","0","0","0","8","36404","0","","1","01","N","N","0","","0","0","2","0","0","Y","1752","1","4","0","0","0","1","0","3","0","4","N","","","","","","","","","","","","03","  ","","",""
"2259","1","0","0","0","0","0","0","0","0","7","0","","36","08","2016","2016088380","6","40.1848","-76.1891","2257","08","0","0","0","0","0","0","0","0","","0","0","0","22","2","1","06","0","40 11:07.422","","00","76 11:13.837","3","0","0","0","36408","0","0","0","N","0","0","0","1","36408","0","","5","01","N","N","0","","1","0","0","0","0","","2256","1","1","0","0","0","0","0","2","0","1","N","","","","","","","","","","","","03","  ","","",""
"1820","0","0","0","0","0","0","0","0","0","7","0","","36","08","2016","2016088392","2","40.1347","-76.2285","1814","08","1","0","0","0","0","0","0","0","3","0","0","0","18","1","0","00","2","40 08:04.800","5","00","76 13:42.700","0","0","0","0","36238","0","0","0","N","0","0","0","1","36238","0","","4","01","N","N","0","","0","0","0","0","0","Y","1812","0","1","0","0","0","0","0","3","1","1","N","","","","","","","","","","","","03","  ","","",""
"0217","0","0","0","0","0","0","0","0","0","5","0","","36","08","2016","2016088396","3","40.0304","-76.3174","0208","08","0","0","0","0","0","0","0","0","","0","0","0","02","6","0","00","0","40 01:49.600","","00","76 19:02.500","9","0","0","0","36301","0","0","0","N","0","0","0","3","36301","0","","6","01","N","N","0","","0","0","2","0","0","","0208","0","2","0","0","0","0","3","3","0","2","N","","","","","","","","","","","","03","  ","","",""
"0000","2","0","0","0","0","0","0","0","0","4","0","","36","08","2016","2016088423","1","40.0229","-76.2647","0000","08","0","0","0","0","0","1","0","0","2","0","0","0","00","3","0","01","2","40 01:22.402","2","00","76 15:52.862","0","0","0","0","36240","0","0","0","N","0","0","0","2","36240","0","","1","01","N","N","0","","0","0","0","3","2","Y","0000","0","2","0","0","0","0","0","1","0","2","N","","","","","","","","","","","","03","  ","","",""
"1850","1","0","0","1","0","0","0","0","0","4","0","","36","08","2016","2016088429","6","40.1091","-76.4933","1848","08","0","0","0","0","0","0","0","0","","0","0","0","18","1","1","02","0","40 06:32.592","","07","76 29:35.741","3","0","0","0","36413","1","0","0","N","0","0","0","2","36413","0","","1","01","N","N","0","","1","0","0","0","0","","1846","1","2","0","0","0","0","0","2","0","1","N","","","","","","","","","","","","03","  ","","",""
"0917","1","0","0","0","0","0","0","0","0","7","0","","36","08","2016","2016088465","6","40.0206","-76.3578","0912","08","0","0","0","0","0","0","1","0","2","0","0","0","09","1","1","00","2","40 01:14.218","5","00","76 21:27.976","4","0","0","0","36223","0","0","0","","0","0","0","1","36223","1","","2","01","N","N","0","","0","0","0","0","0","N","0910","1","1","0","0","0","0","0","1","0","1","N","","","","","","","","","","","","03","  ","","",""
"1804","0","0","0","1","0","0","0","0","0","4","0","","36","08","2016","2016088468","4","40.0377","-76.3154","1758","08","0","0","0","0","0","0","0","0","","0","0","0","17","1","1","02","0","40 02:15.788","","00","76 18:55.612","4","0","0","0","36301","1","0","0","N","0","0","0","2","36301","1","","1","01","N","N","0","","0","0","1","3","3","","1758","1","2","0","0","0","0","0","3","0","1","N","","","","","","","","","","","","03","  ","","",""
"0844","1","0","0","0","0","0","0","0","0","4","0","","36","08","2016","2016088474","5","40.0299","-76.2948","0839","08","0","0","0","0","0","1","0","0","","0","0","0","08","1","0","01","0","40 01:47.729","","00","76 17:41.305","0","0","0","0","36301","0","0","0","N","0","0","0","2","36301","0","","1","01","N","N","1","","0","0","0","3","2","","0836","0","2","0","0","0","0","0","3","0","2","N","","","","","","","","","","","","03","  ","","",""
"0003","1","0","0","0","0","0","0","0","0","4","0","","36","08","2016","2016088477","7","40.0053","-76.3049","2353","08","0","0","0","0","0","0","0","0","","0","0","0","23","3","1","00","0","40 00:19.193","","07","76 18:17.804","3","0","0","0","36220","0","0","0","N","0","0","0","2","36101","0","","1","01","N","N","0","","1","0","1","0","0","","2351","1","2","0","0","1","0","0","3","0","2","N","","","","","","","","","","","","03","  ","","",""
"0207","2","0","0","0","0","0","0","0","0","1","0","","36","08","2016","2016088507","1","40.1463","-76.1865","0201","08","0","0","0","0","0","0","0","0","1","0","0","0","02","2","2","00","2","40 08:46.734","1","00","76 11:11.557","3","0","0","0","36238","0","0","0","N","0","0","0","2","36402","0","","1","01","N","N","0","","1","0","0","0","0","N","0201","2","2","0","0","0","1","0","3","0","2","N","","","","","","","","","","","","03","  ","","",""
"1621","0","0","0","0","0","0","0","0","0","4","0","","36","08","2016","2016088525","5","40.0774","-76.3339","1613","08","0","0","0","0","0","0","0","0","2","0","0","0","16","1","0","00","1","40 04:38.500","3","07","76 20:02.000","0","0","0","0","36101","0","0","0","N","0","0","0","2","36101","0","","1","01","N","N","0","","0","0","2","3","3","N","1611","0","2","0","0","0","0","0","3","0","2","N","","","","","","","","","","","","03","  ","","",""
"1336","1","0","0","0","0","0","0","0","0","4","0","","36","08","2016","2016088526","7","40.1827","-76.4639","1335","08","0","0","0","0","0","1","0","0","1","0","0","0","13","1","1","01","1","40 10:57.666","1","00","76 27:50.180","2","0","1","1","36230","0","0","0","N","0","0","0","3","36410","0","","1","01","N","N","0","","0","1","0","3","3","N","1332","1","2","0","0","0","0","0","1","0","2","N","","","","","","","","","","","","03","  ","","",""
"1726","0","0","0","0","0","0","0","0","0","8","0","","36","08","2016","2016088543","5","40.0597","-76.2866","1716","08","0","0","0","0","0","0","0","0","","0","0","0","17","1","1","00","0","40 03:34.900","","00","76 17:11.800","3","0","0","0","36101","1","0","0","N","1","0","0","2","36101","0","","1","01","N","N","0","","1","0","1","0","0","","1715","1","2","0","0","0","0","0","3","0","1","N","","","","","","","","","","","","03","  ","","",""
"2056","1","0","0","0","0","0","0","0","0","1","0","","36","08","2016","2016088639","3","40.1266","-76.3051","2048","08","0","0","1","0","0","1","0","0","1","0","0","0","20","3","0","01","1","40 07:35.600","2","00","76 18:18.296","0","0","0","0","36235","0","0","0","","0","0","0","4","36506","0","","1","01","N","N","0","","0","0","1","3","2","N","2048","0","3","0","0","0","0","0","1","1","3","N","","","","","","","","","","","","03","  ","","",""
"1820","1","0","0","0","0","0","0","0","0","5","0","","36","08","2016","2016088692","1","40.0343","-76.5053","1819","08","0","0","0","0","0","0","0","0","1","0","0","0","18","1","0","00","1","40 02:03.500","2","00","76 30:19.100","0","0","0","0","36404","0","0","0","N","0","0","0","1","36404","0","","6","01","N","N","0","","0","0","1","0","0","N","1819","0","2","0","0","0","0","0","3","0","2","N","","","","","","","","","","","","03","  ","","",""
"0919","1","0","0","0","0","0","0","0","0","4","0","","36","08","2016","2016088752","6","40.0803","-76.2482","0915","08","0","0","0","0","0","0","0","1","2","0","0","0","09","1","1","00","2","40 04:49.199","3","00","76 14:53.378","3","0","0","1","36215","0","0","0","N","0","0","0","2","36215","0","","2","01","N","N","0","","1","0","0","0","0","N","0912","1","2","0","0","1","0","0","1","0","2","N","","","","","","","","","","","","03","  ","","",""
"1741","1","0","0","0","0","0","0","0","0","1","0","","36","08","2016","2016088770","4","40.0689","-76.306","1736","08","0","0","1","0","0","1","0","0","","0","0","0","17","1","0","00","0","40 04:08.037","","00","76 18:21.468","0","0","0","0","36101","0","0","0","N","0","0","0","3","36101","0","","1","01","N","N","1","","0","0","0","0","0","","1717","0","2","0","0","0","0","0","3","0","2","N","","","","","","","","","","","","03","  ","","",""
"1715","1","0","0","0","0","0","0","0","0","1","0","","36","08","2016","2016088779","4","40.0874","-76.1887","1657","08","0","0","0","0","0","0","0","0","","0","0","0","16","1","0","00","0","40 05:14.683","","00","76 11:19.299","0","0","0","0","36234","0","0","0","N","0","0","0","3","36215","0","","1","01","N","N","0","","0","0","1","0","0","","1654","0","2","0","0","0","0","0","1","0","2","N","","","","","","","","","","","","03","  ","","",""
"1555","1","0","0","0","0","0","0","0","0","3","1","","36","08","2016","2016088781","3","40.0848","-76.2349","1543","08","0","0","0","0","0","0","0","0","","0","1","0","15","1","0","00","0","40 05:05.200","","00","76 14:05.800","0","0","0","0","36234","0","0","0","N","0","0","0","3","36215","0","","1","01","N","N","0","","0","0","0","0","0","","1541","0","2","0","0","0","0","0","1","0","2","N","","","","","","","","","","","","03","  ","","",""
"0808","1","0","0","0","0","0","0","0","0","4","0","","36","08","2016","2016088782","2","40.0316","-76.3045","0805","08","0","0","0","0","0","0","0","0","","0","0","0","08","1","0","02","0","40 01:53.761","","00","76 18:16.251","0","0","0","0","36301","0","0","0","N","0","0","0","4","36301","0","","1","01","N","N","0","","0","0","1","3","3","","0800","0","2","0","0","2","0","0","3","0","2","N","","","","","","","","","","","","03","  ","","",""
"0640","0","0","0","1","0","1","0","0","0","5","1","","36","08","2016","2016088842","5","40.1135","-76.2591","0625","08","0","0","0","0","0","0","0","0","1","0","1","0","06","5","1","00","1","40 06:48.760","3","00","76 15:32.936","2","0","0","0","36101","1","0","1","N","0","0","0","2","36101","0","","2","01","N","N","0","","0","1","0","0","0","N","0625","1","2","0","0","0","0","0","3","0","1","N","","","","","","","","","","","","03","  ","","",""
"1125","4","0","0","0","0","0","0","0","0","1","0","","36","08","2016","2016088877","2","40.1877","-76.1835","1122","08","0","0","0","0","0","1","0","0","","0","0","0","11","1","2","00","0","40 11:15.776","","00","76 11:00.764","4","0","0","0","36408","0","0","0","N","0","0","0","4","36408","2","","1","01","N","N","0","","0","0","0","0","0","","1120","2","4","0","0","0","0","0","2","0","4","N","","","","","","","","","","","","03","  ","","",""
"2135","1","0","0","0","0","0","0","0","0","0","0","","36","08","2016","2016088891","3","40.0336","-76.2482","2133","08","0","0","0","0","0","0","0","0","","0","0","0","21","3","0","00","0","40 02:00.882","","00","76 14:53.342","0","0","0","0","36215","0","0","0","N","0","0","0","2","36215","0","","1","01","N","N","0","","0","0","0","0","0","","2130","0","1","0","0","0","0","0","1","0","1","N","","","","","","","","","","","","03","  ","","",""
"1016","1","0","0","0","0","0","0","0","0","4","0","","36","08","2016","2016088892","2","40.0669","-76.353","1013","08","0","0","0","0","0","1","0","0","","0","0","0","10","1","1","00","0","40 04:00.965","","07","76 21:10.933","3","0","0","0","36214","0","0","0","N","0","0","0","3","36214","0","","1","01","N","N","0","","1","0","1","3","2","","1013","1","2","0","0","0","0","0","3","0","2","N","","","","","","","","","","","","03","  ","","",""
"0816","0","0","0","0","0","0","0","0","0","1","2","","36","08","2016","2016088910","3","40.0758","-76.3365","0802","08","0","0","0","0","0","1","0","0","","0","2","0","08","1","0","00","0","40 04:32.791","","00","76 20:11.544","0","0","0","0","36101","0","0","0","N","0","0","0","3","36101","0","","1","01","N","N","0","","0","0","1","0","0","","0800","0","3","0","0","0","0","0","3","0","3","N","","","","","","","","","","","","03","  ","","",""
"1240","1","0","0","0","0","0","0","0","0","1","1","","36","08","2016","2016088995","4","40.0748","-76.3366","1233","08","0","0","0","0","0","0","0","0","","0","1","0","12","1","0","06","0","40 04:27.673","","02","76 20:10.949","0","0","0","0","36101","0","0","0","N","0","0","0","2","36101","0","","1","01","N","N","0","","0","0","0","3","4","","1229","0","2","0","0","0","0","0","3","0","2","N","","","","","","","","","","","","03","  ","","",""
"1909","1","0","0","0","0","0","0","0","0","5","1","","36","08","2016","2016089009","2","40.1152","-76.2395","1900","08","0","0","0","0","0","1","0","0","","0","1","0","18","1","1","00","0","40 06:54.732","","00","76 14:22.176","3","0","0","0","36101","0","0","0","N","0","0","0","4","36101","0","","1","01","N","N","0","","1","0","0","0","0","","1844","1","2","0","0","0","0","0","3","0","2","N","","","","","","","","","","","","03","  ","","",""
"1804","2","0","0","0","0","0","0","0","0","4","0","","36","08","2016","2016089013","2","40.1555","-76.2971","1802","08","0","0","0","0","0","1","0","1","","0","0","0","18","1","0","01","0","40 09:19.848","","00","76 17:49.631","0","0","0","0","36409","0","0","0","N","0","0","0","2","36409","0","","1","01","N","N","0","","0","0","0","3","2","","1800","0","2","0","0","0","0","0","3","0","2","N","","","","","","","","","","","","03","  ","","",""
"1331","1","0","0","0","0","0","0","0","0","4","0","","36","08","2016","2016089022","5","40.0695","-76.3076","1329","08","0","0","0","0","0","1","0","1","1","0","0","0","13","1","1","01","1","40 04:10.226","1","00","76 18:28.241","4","0","0","1","36101","0","0","0","N","0","0","0","3","36101","1","","1","01","N","N","0","","0","0","0","3","2","N","1328","1","2","0","0","0","0","0","3","0","2","N","","","","","","","","","","","","03","  ","","",""
"0124","1","0","0","0","0","0","0","0","0","7","0","","36","05","2016","2016089056","7","39.976","-76.0719","0113","08","0","0","0","0","0","0","0","0","1","0","0","0","01","2","0","00","1","39 58:33.530","2","00","76 04:18.840","0","0","0","0","36226","0","0","0","","0","0","0","1","68J01","0","","4","09","N","N","0","","0","0","0","0","0","N","0112","0","1","0","0","0","0","0","1","0","1","N","","","","","","","","","","","","07","  ","","",""
"0057","1","0","0","0","0","0","0","0","0","7","0","","36","06","2016","2016089094","7","40.2321","-76.0586","0035","08","0","0","0","0","0","0","0","0","2","0","0","0","00","6","0","00","1","40 13:55.483","1","00","76 03:30.920","0","0","0","0","36202","0","0","0","","0","0","0","1","68J01","0","","5","01","N","N","0","","0","0","0","0","0","N","0029","0","1","0","0","0","0","0","1","0","1","N","","","","","","","","","","","","03","  ","","",""
"2140","1","0","0","0","0","0","0","0","0","1","0","","36","06","2016","2016089097","5","39.8971","-76.178","2127","08","0","0","0","0","0","1","0","0","2","0","0","1","21","3","3","00","2","39 53:49.418","5","00","76 10:40.767","2","0","0","0","36229","3","0","2","","0","0","0","4","68J01","0","","1","01","N","N","0","","0","2","0","0","0","Y","2120","3","2","0","0","0","1","0","1","0","1","N","","","","","","","","","","","","03","  ","","",""
"1840","2","0","0","0","0","0","0","0","0","1","0","","36","08","2016","2016089192","3","40.0699","-76.4596","1832","08","0","0","0","0","0","1","0","0","2","0","0","0","18","1","0","02","1","40 04:11.522","1","00","76 27:34.426","0","0","0","0","36239","0","0","0","N","0","0","0","3","36239","0","","1","01","N","N","0","","0","0","1","0","0","N","1832","0","3","0","0","0","0","0","3","0","3","N","","","","","","","","","","","","03","  ","","",""
"1215","0","0","0","0","0","0","0","0","0","0","0","","36","08","2016","2016089196","1","40.1225","-76.0398","1210","08","0","0","0","0","0","0","0","0","","0","0","0","12","1","1","00","0","40 07:20.900","","00","76 02:23.300","3","0","0","1","36213","0","0","0","N","0","0","0","1","36213","0","","1","09","N","N","0","","1","0","0","0","0","","1200","1","1","0","0","0","0","0","1","0","1","N","","","","","","","","","","","","07","  ","","",""
"2024","2","0","0","0","0","0","0","0","0","2","0","","36","08","2016","2016089218","3","40.1521","-76.2074","2022","08","0","0","0","0","0","0","0","0","2","0","0","0","20","3","2","00","2","40 09:07.488","5","00","76 12:26.679","3","0","0","0","36402","0","0","0","N","0","0","0","3","36402","0","","1","01","N","N","0","","1","0","0","0","0","Y","2020","2","2","0","0","0","1","0","2","0","2","N","","","","","","","","","","","","03","  ","","",""
"2028","2","0","0","0","0","0","0","0","0","4","0","","36","08","2016","2016089236","3","40.0433","-76.2919","2025","08","0","1","0","0","0","0","0","0","1","0","0","0","20","3","0","01","1","40 02:35.808","1","00","76 17:31.016","0","0","0","0","36301","0","0","0","N","0","0","0","2","36301","0","","1","01","N","N","0","","0","0","0","3","3","N","2023","0","2","0","0","0","0","0","3","0","2","N","","","","","","","","","","","","03","  ","","",""
"1543","0","0","0","0","0","0","0","0","0","1","0","","36","08","2016","2016089241","6","40.0573","-76.272","1541","08","0","0","0","0","0","0","0","0","1","0","0","0","15","1","1","00","1","40 03:26.111","4","00","76 16:19.021","8","0","0","0","36215","0","0","0","N","0","0","0","4","36215","0","","1","01","N","N","1","","0","0","2","0","0","N","1523","1","3","0","0","0","1","0","1","0","3","N","","","","","","","","","","","","03","  ","","",""
"1649","0","0","0","0","0","0","0","0","0","7","0","","36","08","2016","2016089244","1","40.0503","-76.3948","1639","08","0","0","0","0","0","0","0","0","","0","0","0","16","1","0","01","0","40 03:01.162","","00","76 23:41.207","0","0","0","0","36214","0","0","0","N","0","0","0","1","36214","0","","3","01","N","N","1","","0","0","0","3","2","","1638","0","1","0","0","0","0","0","3","0","1","N","","","","","","","","","","","","03","  ","","",""
"0803","1","0","0","0","0","0","0","0","0","1","0","","36","08","2016","2016089297","6","40.2692","-76.0882","0754","08","0","0","0","0","0","0","0","0","","0","0","0","07","1","0","01","0","40 16:09.033","","00","76 05:17.361","0","0","0","0","36210","0","0","0","N","0","0","0","2","36210","0","","1","09","N","N","1","","0","0","0","3","3","","0752","0","2","0","0","0","0","0","1","0","2","N","","","","","","","","","","","","03","  ","","",""
"0708","2","0","0","0","0","0","0","0","0","1","0","","36","08","2016","2016089334","4","40.0748","-76.3366","0657","08","0","0","0","0","0","0","0","0","2","0","0","0","06","1","0","06","1","40 04:27.673","3","02","76 20:10.949","0","0","0","0","36101","0","0","0","N","0","0","0","2","36101","0","","1","01","N","N","0","","0","0","0","3","4","Y","0654","0","2","0","0","0","0","0","3","0","2","N","","","","","","","","","","","","03","  ","","",""
"1439","1","0","0","0","0","0","0","0","0","1","1","","36","08","2016","2016089347","6","40.0679","-76.2977","1436","08","0","0","0","0","1","0","0","0","","0","1","0","14","1","1","00","0","40 04:04.427","","00","76 17:51.836","4","0","0","0","36101","0","0","0","N","0","0","0","2","36101","1","","1","01","N","N","0","","0","0","0","0","0","","1434","1","2","0","0","0","0","0","3","0","2","N","","","","","","","","","","","","03","  ","","",""
"1442","1","0","0","0","0","0","0","0","0","4","0","","36","08","2016","2016089354","1","40.0358","-76.3142","1440","08","0","0","0","0","0","0","0","0","2","0","0","0","14","1","2","01","2","40 02:08.744","3","00","76 18:51.092","3","0","0","0","36301","0","0","0","N","0","0","0","7","36301","0","","1","01","N","N","0","","2","0","1","3","3","N","1438","2","2","0","0","2","0","0","3","0","2","N","","","","","","","","","","","","03","  ","","",""
"1738","1","0","0","0","0","0","0","0","0","1","0","","36","08","2016","2016089359","7","40.1612","-76.1521","1730","08","1","0","0","0","0","1","0","0","2","0","0","0","17","1","1","06","1","40 09:34.580","2","02","76 09:09.569","4","0","0","0","36238","0","0","0","N","0","0","0","4","36238","1","","1","01","N","N","0","","0","0","1","3","4","N","1728","1","2","0","0","0","0","0","3","0","2","N","","","","","","","","","","","","03","  ","","",""