"ARRIVAL_TM","AUTOMOBILE_COUNT","BELTED_DEATH_COUNT","BELTED_SUSP_SERIOUS_INJ_COUNT","BICYCLE_COUNT","BICYCLE_DEATH_COUNT","BICYCLE_SUSP_SERIOUS_INJ_COUNT","BUS_COUNT","CHLDPAS_DEATH_COUNT","CHLDPAS_SUSP_SERIOUS_INJ_COUNT","COLLISION_TYPE","COMM_VEH_COUNT","CONS_ZONE_SPD_LIM","COUNTY","CRASH_MONTH","CRASH_YEAR","CRN","DAY_OF_WEEK","DEC_LAT","DEC_LONG","DISPATCH_TM","DISTRICT","DRIVER_COUNT_16YR","DRIVER_COUNT_17YR","DRIVER_COUNT_18YR","DRIVER_COUNT_19YR","DRIVER_COUNT_20YR","DRIVER_COUNT_50_64YR","DRIVER_COUNT_65_74YR","DRIVER_COUNT_75PLUS","EST_HRS_CLOSED","FATAL_COUNT","HEAVY_TRUCK_COUNT","HORSE_BUGGY_COUNT","HOUR_OF_DAY","ILLUMINATION","INJURY_COUNT","INTERSECT_TYPE","LANE_CLOSED","LATITUDE","LN_CLOSE_DIR","LOCATION_TYPE","LONGITUDE","MAX_SEVERITY_LEVEL","MCYCLE_DEATH_COUNT","MCYCLE_SUSP_SERIOUS_INJ_COUNT","MOTORCYCLE_COUNT","MUNICIPALITY","NONMOTR_COUNT","NONMOTR_DEATH_COUNT","NONMOTR_SUSP_SERIOUS_INJ_COUNT","NTFY_HIWY_MAINT","PED_COUNT","PED_DEATH_COUNT","PED_SUSP_SERIOUS_INJ_COUNT","PERSON_COUNT","POLICE_AGCY","POSSIBLE_INJ_COUNT","RDWY_SURF_TYPE_CD","RELATION_TO_ROAD","ROAD_CONDITION","SCH_BUS_IND","SCH_ZONE_IND","SMALL_TRUCK_COUNT","SPEC_JURIS_CD","SUSP_MINOR_INJ_COUNT","SUSP_SERIOUS_INJ_COUNT","SUV_COUNT","TCD_FUNC_CD","TCD_TYPE","TFC_DETOUR_IND","TIME_OF_DAY","TOT_INJ_COUNT","TOTAL_UNITS","UNB_DEATH_COUNT","UNB_SUSP_SERIOUS_INJ_COUNT","UNBELTED_OCC_COUNT","UNK_INJ_DEG_COUNT","UNK_INJ_PER_COUNT","URBAN_RURAL","VAN_COUNT","VEHICLE_COUNT","WORK_ZONE_IND","WORK_ZONE_LOC","WORK_ZONE_TYPE","WORKERS_PRES","WZ_CLOSE_DETOUR","WZ_FLAGGER","WZ_LAW_OFFCR_IND","WZ_LN_CLOSURE","WZ_MOVING","WZ_OTHER","WZ_SHLDER_MDN","ROADWAY_CLEARED","WEATHER1","WEATHER2","WZ_WORKERS_INJ_KILLED","SECONDARY_CRASH","INTERSECTION_RELATED"
"1054","1","0","0","0","0","0","0","0","0","4","0","","36","08","2016","2016089411","4","40.229","-76.0846","1054","08","0","0","1","0","0","1","0","0","2","0","0","0","10","1","1","01","1","40 13:44.336","1","00","76 05:04.484","3","0","0","0","36210","0","0","0","N","0","0","0","2","36210","0","","1","01","N","N","1","","1","0","0","3","3","N","1054","1","2","0","0","0","0","0","1","0","2","N","","","","","","","","","","","","03","  ","","",""
"1048","3","0","0","0","0","0","0","0","0","1","0","","36","08","2016","2016089413","4","40.1977","-76.1678","1046","08","0","0","0","0","0","0","1","1","","0","0","0","10","1","0","00","0","40 11:51.700","","00","76 10:04.204","0","0","0","0","36218","0","0","0","N","0","0","0","3","36408","0","","1","01","N","N","0","","0","0","0","0","0","","1046","0","3","0","0","0","0","0","1","0","3","N","","","","","","","","","","","","03","  ","","",""
"1126","1","0","0","0","0","0","0","0","0","4","0","","36","08","2016","2016089415","1","40.0599","-76.2777","1119","08","0","0","0","0","1","1","0","0","","0","0","0","11","1","0","01","0","40 03:35.856","","02","76 16:40.025","0","0","0","0","36101","0","0","0","N","0","0","0","2","36101","0","","1","01","N","N","0","","0","0","0","3","2","","1116","0","2","0","0","0","0","0","3","1","2","N","","","","","","","","","","","","03","  ","","",""
"1346","1","0","0","0","0","0","0","0","0","1","1","","36","08","2016","2016089440","4","40.1286","-76.2166","1340","08","0","0","0","0","0","0","0","0","","0","1","0","13","1","2","00","0","40 07:42.796","","00","76 12:59.903","4","0","0","0","36238","0","0","0","N","0","0","0","3","36238","2","","1","01","N","N","0","","0","0","0","0","0","","1339","2","2","0","0","0","0","0","3","0","2","N","","","","","","","","","","","","03","  ","","",""
"1909","2","0","0","0","0","0","0","0","0","4","0","","36","08","2016","2016089458","7","40.1018","-76.6727","1902","08","0","1","0","0","0","0","0","0","3","0","0","0","18","1","1","01","2","40 06:06.624","5","00","76 40:21.755","4","0","0","0","36207","0","0","0","N","0","0","0","5","36504","1","","1","01","N","N","0","","0","0","0","3","3","Y","1859","1","2","0","0","0","0","1","1","0","2","N","","","","","","","","","","","","03","  ","","",""
"1128","2","0","0","0","0","0","0","0","0","4","0","","36","08","2016","2016089488","7","39.9607","-76.1712","1117","08","0","0","0","0","0","1","1","0","2","0","0","0","11","1","4","02","2","39 57:38.389","5","00","76 10:16.146","3","0","0","0","36233","0","0","0","","0","0","0","4","68J01","0","","1","01","N","N","0","","4","0","0","0","0","Y","1115","4","2","0","0","0","0","0","1","0","2","N","","","","","","","","","","","","03","  ","","",""
"2130","1","0","0","0","0","0","0","0","0","7","0","","36","08","2016","2016089631","4","40.1261","-76.0872","2125","08","0","1","0","0","0","0","0","0","","0","0","0","21","2","0","00","0","40 07:33.900","","00","76 05:14.000","0","0","0","0","36209","0","0","0","N","0","0","0","1","36415","0","","4","09","N","N","0","","0","0","0","0","0","","2125","0","1","0","0","0","0","0","1","0","1","N","","","","","","","","","","","","03","  ","","",""
"2347","2","0","0","0","0","0","0","0","0","2","0","","36","08","2016","2016089642","7","40.0348","-76.3053","2345","08","0","0","0","0","1","0","0","0","1","0","0","0","23","3","1","00","2","40 02:05.200","6","00","76 18:19.000","3","0","0","0","36301","0","0","0","N","0","0","0","4","36301","0","","1","01","N","N","0","","1","0","0","0","0","Y","2344","1","2","0","0","0","0","0","3","0","2","N","","","","","","","","","","","","03","  ","","",""
"1740","1","0","0","0","0","0","0","0","0","7","0","","36","08","2016","2016089687","4","40.0466","-76.4864","1731","08","0","0","0","0","0","0","0","0","2","0","0","0","17","1","0","00","1","40 02:47.900","3","00","76 29:10.900","0","0","0","0","36239","0","0","0","N","0","0","0","1","36239","0","","4","01","N","N","0","","0","0","0","0","0","N","1731","0","1","0","0","0","0","0","3","0","1","N","","","","","","","","","","","","03","  ","","",""
"1538","1","0","0","0","0","0","0","0","0","7","0","","36","08","2016","2016089708","1","40.2364","-76.2794","1512","08","0","0","1","0","0","0","0","0","","0","0","0","15","1","0","00","0","40 14:10.559","","00","76 16:49.099","0","0","0","0","36204","0","0","0","","0","0","0","1","68T06","0","","3","09","N","N","0","","0","0","0","0","0","","1511","0","1","0","0","0","0","0","1","0","1","N","","","","","","","","","","","","07","  ","","",""
"0658","2","0","0","0","0","0","0","0","0","4","0","","36","08","2016","2016089742","6","40.1128","-76.3965","0658","08","0","0","0","0","0","1","0","0","1","0","0","0","06","1","2","01","1","40 06:45.982","5","00","76 23:47.576","4","0","0","0","36214","0","0","0","","0","0","0","4","36214","2","","1","09","N","N","0","","0","0","1","3","3","N","0655","2","3","0","0","0","0","0","3","0","3","N","","","","","","","","","","","","03","  ","","",""
"0732","2","0","0","0","0","0","0","0","0","4","0","","36","08","2016","2016089743","6","40.1128","-76.3965","0732","08","0","0","0","0","0","1","1","0","1","0","0","0","07","1","0","01","1","40 06:45.982","1","00","76 23:47.576","0","0","0","0","36214","0","0","0","","0","0","0","3","36214","0","","1","01","N","N","0","","0","0","1","0","0","N","0732","0","3","0","0","0","0","0","3","0","3","N","","","","","","","","","","","","03","  ","","",""
"1650","0","0","0","0","0","0","0","0","0","3","0","","36","08","2016","2016089778","4","40.0987","-76.358","1639","08","0","0","0","0","0","0","0","0","2","0","0","0","16","1","1","00","1","40 05:55.279","4","00","76 21:28.836","4","0","0","0","36406","0","0","0","N","0","0","0","3","36101","1","","1","01","N","N","1","","0","0","0","0","0","N","1634","1","2","0","0","0","0","0","3","1","2","N","","","","","","","","","","","","03","  ","","",""
"1613","1","0","0","0","0","0","0","0","0","1","0","","36","08","2016","2016089808","7","40.0969","-76.3051","1603","08","0","0","0","0","0","1","1","1","","0","0","0","15","1","1","00","0","40 05:48.979","","00","76 18:18.225","4","0","0","0","36101","0","0","0","N","0","0","0","5","36101","1","","1","01","N","N","0","","0","0","2","0","0","","1557","1","3","0","0","0","0","0","3","0","3","N","","","","","","","","","","","","03","  ","","",""
"0840","0","0","0","0","0","0","0","0","0","1","0","","36","08","2016","2016089812","4","40.1803","-76.195","0835","08","0","0","0","0","0","0","0","0","1","0","0","0","08","1","0","01","1","40 10:49.119","3","00","76 11:42.137","0","0","0","0","36218","0","0","0","N","0","0","0","5","36408","0","","1","01","N","N","0","","0","0","2","3","2","Y","0833","0","2","0","0","0","0","0","1","0","2","N","","","","","","","","","","","","03","  ","","",""
"1258","1","0","1","0","0","0","0","0","0","7","0","","36","08","2016","2016089829","4","40.1493","-76.1778","1253","08","0","0","0","0","0","0","1","0","2","0","0","0","12","1","2","00","2","40 08:57.383","1","00","76 10:40.246","2","0","0","0","36238","0","0","0","Y","0","0","0","2","36238","0","","3","01","N","N","0","","1","1","0","0","0","Y","1250","2","1","0","0","0","0","0","3","0","1","N","","","","","","","","","","","","03","  ","","",""
"1718","2","0","0","0","0","0","0","0","0","4","0","","36","08","2016","2016089834","1","40.0579","-76.2808","1712","08","0","0","0","0","0","0","0","0","2","0","0","0","17","1","4","01","1","40 03:28.292","6","00","76 16:50.947","4","0","0","0","36101","0","0","0","N","0","0","0","4","36101","4","","1","01","N","N","0","","0","0","0","3","2","N","1709","4","2","0","0","3","0","0","3","0","2","N","","","","","","","","","","","","03","  ","","",""
"0855","3","0","0","0","0","0","0","0","0","1","0","","36","09","2016","2016089869","5","40.0696","-76.2876","0843","08","0","0","0","0","1","2","0","0","","0","0","0","08","1","1","00","0","40 04:10.577","","00","76 17:15.346","4","0","0","0","36101","0","0","0","N","0","0","0","3","36101","1","","1","09","N","N","0","","0","0","0","0","0","","0840","1","3","0","0","0","0","0","3","0","3","N","","","","","","","","","","","","07","  ","","",""
"2110","2","0","0","0","0","0","0","0","0","4","0","","36","08","2016","2016089887","4","40.0052","-76.2954","2104","08","0","0","0","0","0","0","1","0","2","0","0","0","20","3","0","00","1","40 00:18.793","2","07","76 17:43.295","0","0","0","0","36240","0","0","0","N","0","0","0","2","36240","0","","2","01","N","N","0","","0","0","0","0","0","N","2055","0","2","0","0","0","0","0","1","0","2","N","","","","","","","","","","","","03","  ","","",""
"1412","1","0","0","0","0","0","0","0","0","1","0","","36","09","2016","2016089972","5","40.1012","-76.0936","1411","08","0","0","0","0","0","0","1","0","","0","0","0","14","1","0","00","0","40 06:04.372","","00","76 05:37.031","0","0","0","0","36415","0","0","0","N","0","0","0","1","36415","0","","6","01","N","N","0","","0","0","1","0","0","","1411","0","2","0","0","0","0","0","1","0","2","N","","","","","","","","","","","","03","  ","","",""
"1300","1","0","0","0","0","0","0","0","0","1","1","","36","08","2016","2016089983","6","40.2402","-76.0411","1255","08","0","0","0","0","0","1","0","0","1","0","1","0","12","1","1","00","1","40 14:24.737","1","00","76 02:28.100","8","0","0","0","36202","0","0","0","","0","0","0","2","68J01","0","","1","01","N","N","0","","0","0","0","0","0","N","1255","1","2","0","0","0","1","0","1","0","2","N","","","","","","","","","","","","03","  ","","",""
"1344","0","0","0","0","0","0","0","0","0","7","0","","36","07","2016","2016089995","1","40.231","-76.2916","1322","08","0","0","0","0","0","0","0","0","3","0","0","0","13","1","1","00","2","40 13:51.712","2","00","76 17:29.692","2","0","1","1","36217","0","0","0","","0","0","0","1","68J01","0","","4","01","N","N","0","","0","1","0","0","0","N","1320","1","1","0","0","0","0","0","1","0","1","N","","","","","","","","","","","","03","  ","","",""
"1129","3","0","0","0","0","0","0","0","0","1","0","","36","08","2016","2016090005","4","39.8565","-76.0774","1052","08","0","0","0","0","0","3","0","0","3","0","0","0","10","1","3","01","1","39 51:23.571","5","00","76 04:38.721","8","0","0","0","36205","0","0","0","","0","0","0","7","68J01","0","","1","01","N","N","1","","0","0","1","0","0","Y","1052","3","5","0","0","0","3","1","1","0","5","N","","","","","","","","","","","","03","  ","","",""
"1339","0","0","0","0","0","0","0","0","0","4","0","","36","08","2016","2016090007","5","39.8242","-76.204","1336","08","0","0","0","0","0","1","0","1","2","0","0","0","13","1","1","01","1","39 49:27.098","1","00","76 12:14.265","3","0","0","0","36212","0","0","0","","0","0","0","8","68J01","0","","1","01","N","N","1","","1","0","1","3","3","Y","1330","1","2","0","0","5","0","0","1","0","2","N","","","","","","","","","","","","03","  ","","",""
"1926","1","0","0","0","0","0","0","0","0","4","0","","36","08","2016","2016090012","3","40.0786","-76.3795","1906","08","0","0","0","0","0","1","0","0","3","0","0","0","19","1","1","02","1","40 04:42.939","4","00","76 22:46.124","3","0","0","0","36214","0","0","0","","0","0","0","2","68J01","0","","1","01","N","N","0","","1","0","1","0","0","N","1901","1","2","0","0","0","0","0","3","0","2","N","","","","","","","","","","","","03","  ","","",""
"1732","1","0","0","0","0","0","0","0","0","4","0","","36","08","2016","2016090015","4","39.9917","-76.0181","1705","08","0","0","0","0","0","2","0","0","2","0","0","0","17","1","2","00","1","39 59:30.213","4","07","76 01:05.260","3","0","0","0","36232","0","0","0","","0","0","0","4","68J01","0","","1","01","N","N","1","","2","0","0","0","0","Y","1705","2","2","0","0","0","0","0","1","0","2","N","","","","","","","","","","","","03","  ","","",""
"2032","0","0","0","0","0","0","0","0","0","4","0","","36","08","2016","2016090018","6","39.8007","-76.1855","2025","08","0","0","0","0","1","0","0","1","2","0","0","0","20","2","2","01","1","39 48:02.494","2","00","76 11:07.772","3","0","0","0","36219","0","0","0","","0","0","0","2","68J01","0","","1","01","N","N","2","","2","0","0","3","3","N","2019","2","2","0","0","0","0","0","1","0","2","N","","","","","","","","","","","","03","  ","","",""
"1240","1","0","0","0","0","0","0","0","0","1","0","","36","08","2016","2016090036","4","39.9825","-76.1734","1237","08","0","0","0","0","0","0","1","0","2","0","0","0","12","1","1","00","1","39 58:57.130","3","00","76 10:24.214","2","0","0","0","36417","1","0","1","","1","0","1","2","36417","0","","6","01","N","N","0","","0","1","1","0","0","N","1235","1","3","0","0","0","0","0","1","0","2","N","","","","","","","","","","","","03","  ","","",""
"1621","0","0","0","0","0","0","0","0","0","4","0","","36","08","2016","2016090038","2","40.0112","-76.1358","1610","08","0","0","0","0","0","2","0","0","","0","0","0","16","1","1","02","0","40 00:40.355","","00","76 08:08.950","3","0","0","0","36226","0","0","0","","0","0","0","5","68J01","0","","1","01","N","N","1","","1","0","1","3","3","","1606","1","2","0","0","0","0","0","1","0","2","N","","","","","","","","","","","","03","  ","","",""
"0124","1","0","0","0","0","0","0","0","0","7","0","","36","09","2016","2016090076","6","40.0827","-76.3872","0121","08","0","0","0","0","0","0","0","0","","0","0","0","01","2","0","02","0","40 04:57.665","","00","76 23:13.991","0","0","0","0","36214","0","0","0","N","0","0","0","1","36214","0","","4","01","N","N","0","","0","0","0","3","3","","0120","0","1","0","0","0","0","0","3","0","1","N","","","","","","","","","","","","03","  ","","",""
"1959","1","0","0","0","0","0","0","0","0","4","0","","36","09","2016","2016090078","5","40.0399","-76.2848","1952","08","0","0","0","0","0","1","1","0","2","0","0","0","19","3","1","00","1","40 02:23.593","4","00","76 17:05.444","2","0","0","0","36220","0","0","0","N","0","0","0","2","36101","0","","1","01","N","N","0","","0","1","1","0","0","Y","1949","1","2","0","1","1","0","0","3","0","2","N","","","","","","","","","","","","03","  ","","",""
"0758","0","0","0","0","0","0","0","0","0","4","1","","36","09","2016","2016090089","5","40.0696","-76.3019","0758","08","0","0","0","0","0","0","0","0","","0","1","0","07","1","0","00","0","40 04:10.607","","07","76 18:06.708","0","0","0","0","36101","0","0","0","N","0","0","0","2","36101","0","","1","09","N","N","0","","0","0","1","0","0","","0755","0","2","0","0","0","0","0","3","0","2","N","","","","","","","","","","","","07","  ","","",""
"0316","3","0","0","0","0","0","0","0","0","7","1","","36","08","2016","2016090124","2","40.2328","-76.3245","0253","08","0","0","0","0","0","1","0","0","4","0","1","0","02","2","2","00","1","40 13:58.158","6","99","76 19:27.387","3","0","0","0","36217","0","0","0","","0","0","0","6","68T06","0","","5","01","N","N","0","","2","0","0","0","0","N","0250","2","4","0","0","0","0","0","1","0","4","N","","","","","","","","","","","","03","  ","","",""
"2355","1","0","0","0","0","0","0","0","0","7","0","","36","08","2016","2016090140","7","40.2294","-76.4282","2336","08","0","0","0","0","0","0","0","0","","0","0","0","23","2","0","00","0","40 13:45.494","","00","76 25:39.734","0","0","0","0","36230","0","0","0","","0","0","0","1","68T06","0","","4","01","N","N","0","","0","0","0","0","0","","2334","0","1","0","0","0","0","0","1","0","1","N","","","","","","","","","","","","03","  ","","",""
"1532","0","0","0","0","0","0","0","0","0","4","0","","36","08","2016","2016090166","3","40.0601","-76.2846","1529","08","0","0","0","0","0","1","1","0","","0","0","0","15","1","1","01","0","40 03:36.194","","00","76 17:04.516","8","0","0","0","36101","0","0","0","N","0","0","0","2","36101","0","","1","01","N","N","1","","0","0","0","3","3","","1527","1","2","0","0","0","1","0","3","1","2","N","","","","","","","","","","","","03","  ","","",""
"0738","0","0","0","0","0","0","0","0","0","7","0","","36","08","2016","2016090170","2","40.1154","-76.4605","0730","08","1","0","0","0","0","0","0","0","2","0","0","0","99","1","0","00","2","40 06:55.400","1","00","76 27:37.700","0","0","0","0","36230","0","0","0","N","0","0","0","1","36410","0","","4","01","N","N","0","","0","0","1","0","0","Y","9999","0","1","0","0","0","0","0","1","0","1","N","","","","","","","","","","","","03","  ","","",""
"0728","1","0","0","0","0","0","0","0","0","4","0","","36","09","2016","2016090187","6","40.0435","-76.298","0722","08","0","0","0","0","0","0","0","0","2","0","0","0","07","1","1","01","2","40 02:36.501","4","00","76 17:52.632","8","0","0","0","36301","0","0","0","N","0","0","0","2","36301","0","","1","01","N","N","0","","0","0","1","3","2","Y","0722","1","2","0","0","0","1","1","3","0","2","N","","","","","","","","","","","","03","  ","","",""
"1726","2","0","0","0","0","0","0","0","0","4","0","","36","08","2016","2016090198","3","40.0428","-76.2899","1654","08","0","0","0","0","0","0","0","0","1","0","0","0","16","1","3","01","1","40 02:34.123","2","00","76 17:23.625","3","0","0","0","36301","0","0","0","N","0","0","0","4","36301","0","","1","01","N","N","0","","3","0","0","3","3","N","1654","3","2","0","0","0","0","0","3","0","2","N","","","","","","","","","","","","03","  ","","",""
"0128","1","0","0","0","0","0","0","0","0","4","0","","36","08","2016","2016090330","7","40.0438","-76.0635","0116","08","0","0","0","1","0","0","0","0","3","0","0","0","01","2","1","00","2","40 02:37.850","7","00","76 03:48.746","4","0","0","0","36221","0","0","0","","0","0","0","2","68J01","1","","1","01","N","N","0","","0","0","1","0","0","Y","0116","1","2","0","0","0","0","0","1","0","2","N","","","","","","","","","","","","03","  ","","",""
"1906","2","0","0","0","0","0","0","0","0","4","0","","36","09","2016","2016090351","6","40.0592","-76.3599","1903","08","0","0","0","1","0","0","1","0","2","0","0","0","19","1","2","01","1","40 03:33.271","5","00","76 21:35.558","3","0","0","0","36214","0","0","0","N","0","0","0","3","36214","0","","1","01","N","N","0","","2","0","0","3","2","N","1900","2","2","0","0","0","0","0","3","0","2","N","","","","","","","","","","","","03","  ","","",""
"2042","0","0","0","0","0","0","0","0","0","4","0","","36","08","2016","2016090368","5","40.256","-76.0887","2037","08","0","0","0","0","0","0","0","0","1","0","0","0","20","3","2","02","1","40 15:21.654","4","00","76 05:19.358","3","0","0","0","36210","0","0","0","N","0","0","0","3","36210","1","","1","01","N","N","1","","1","0","1","3","3","N","2036","2","2","0","0","0","0","0","1","0","2","N","","","","","","","","","","","","03","  ","","",""
"1516","2","0","0","0","0","0","0","0","0","1","0","","36","08","2016","2016090370","1","40.0136","-76.3294","1513","08","0","0","0","0","0","0","0","0","2","0","0","0","15","1","0","00","1","40 00:48.798","3","00","76 19:45.867","0","0","0","0","36220","0","0","0","N","0","0","0","5","36101","0","","1","09","N","N","0","","0","0","0","0","0","N","1511","0","2","0","0","0","0","0","3","0","2","N","","","","","","","","","","","","07","  ","","",""
"1358","1","0","0","0","0","0","0","0","0","4","0","","36","09","2016","2016090371","6","40.1467","-76.0691","1339","08","0","0","0","0","0","1","0","0","2","0","0","0","13","1","1","00","2","40 08:48.200","1","00","76 04:08.800","8","0","0","0","36213","0","0","0","N","0","0","0","1","36213","0","","2","01","N","N","0","","0","0","0","0","0","N","1339","1","2","0","0","0","1","0","1","1","2","N","","","","","","","","","","","","03","  ","","",""
"1912","1","0","0","0","0","0","0","0","0","7","0","","36","09","2016","2016090374","6","40.2331","-76.1391","1909","08","0","0","1","0","0","0","0","0","","0","0","0","19","1","0","10","0","40 13:59.100","","00","76 08:20.600","0","0","0","0","36405","0","0","0","N","0","0","0","3","36210","0","","4","01","N","N","0","","0","0","0","0","0","","1907","0","1","0","0","0","0","0","1","0","1","N","","","","","","","","","","","","03","  ","","",""
"0242","2","0","0","0","0","0","0","0","0","5","0","","36","09","2016","2016090384","7","40.0423","-76.295","0235","08","0","0","0","0","0","0","0","0","1","0","0","0","02","3","0","00","1","40 02:32.200","3","00","76 17:42.100","9","0","0","0","36301","0","0","0","N","0","0","0","1","36301","0","","6","01","N","N","0","","0","0","1","0","0","N","0235","0","3","0","0","0","0","1","3","0","3","N","","","","","","","","","","","","03","  ","","",""
"2324","2","0","0","0","0","0","0","0","0","4","0","","36","09","2016","2016090392","6","40.0647","-76.3422","2316","08","0","0","0","0","0","0","0","0","2","0","0","0","23","3","1","00","1","40 03:53.011","4","07","76 20:31.784","4","0","0","0","36101","0","0","0","N","0","0","0","2","36101","1","","1","01","N","N","0","","0","0","0","3","2","N","2315","1","2","0","0","0","0","0","3","0","2","N","","","","","","","","","","","","03","  ","","",""
"1508","1","0","0","0","0","0","0","0","0","7","0","90","36","09","2016","2016090399","5","40.1622","-76.3989","1506","08","0","0","0","0","0","0","0","1","","0","0","0","15","1","0","01","0","40 09:43.880","","00","76 23:55.924","0","0","0","0","36410","0","0","0","","0","0","0","2","36410","0","","5","01","N","N","0","","0","0","0","3","3","","1502","0","1","0","0","0","0","0","2","0","1","Y","4","2","Y","Y","N","N","N","N","N","N","","03","  ","","",""
"1504","1","0","0","0","0","0","0","0","0","1","0","","36","09","2016","2016090425","6","40.0563","-76.3109","1456","08","0","0","0","0","1","0","0","0","2","0","0","0","14","1","2","00","2","40 03:22.848","1","00","76 18:39.184","4","0","0","0","36101","0","0","0","N","0","0","0","7","36101","2","","1","01","N","N","0","","0","0","1","0","0","N","1453","2","2","0","0","0","0","0","3","0","2","N","","","","","","","","","","","","03","  ","","",""
"1645","0","0","0","0","0","0","0","0","0","4","0","","36","08","2016","2016090432","3","40.1238","-76.3711","1644","08","0","0","0","0","0","0","0","1","1","0","0","0","16","1","1","00","1","40 07:25.766","5","00","76 22:15.902","2","0","1","1","36101","0","0","0","N","0","0","0","3","36101","0","","1","01","N","N","0","","0","1","0","0","0","Y","1640","1","2","0","0","0","0","0","3","1","2","N","","","","","","","","","","","","03","  ","","",""
"1450","0","0","0","0","0","0","0","0","0","0","0","","36","08","2016","2016090433","6","40.0523","-76.3072","1438","08","0","0","0","0","0","0","1","0","2","0","0","0","14","1","1","00","1","40 03:08.166","4","00","76 18:26.082","3","0","0","1","36301","0","0","0","N","0","0","0","1","36301","0","","1","01","N","N","0","","1","0","0","0","0","N","1438","1","1","0","0","0","0","0","3","0","1","N","","","","","","","","","","","","03","  ","","",""
"1705","0","0","0","0","0","0","0","0","0","7","0","","36","09","2016","2016090441","6","40.1123","-76.2088","1700","08","0","0","0","0","0","0","0","0","","0","0","0","16","1","1","00","0","40 06:44.218","","00","76 12:31.596","3","0","0","0","36238","0","0","0","N","0","0","0","1","36238","0","","5","01","N","N","1","","1","0","0","0","0","","1655","1","1","0","0","0","0","0","3","0","1","N","","","","","","","","","","","","03","  ","","",""
"1652","1","0","0","0","0","0","0","0","0","1","0","","36","08","2016","2016090476","3","40.0857","-76.2868","1651","08","0","0","0","0","0","0","1","0","2","0","0","0","16","1","1","00","1","40 05:08.484","2","00","76 17:12.592","8","0","0","0","36101","0","0","0","N","0","0","0","2","36101","0","","1","01","N","N","0","","0","0","1","0","0","N","1646","1","2","0","0","0","1","0","3","0","2","N","","","","","","","","","","","","03","  ","","",""
"1700","1","0","0","0","0","0","0","0","0","7","0","","36","09","2016","2016090480","6","40.0239","-76.2854","1656","08","0","0","0","0","0","0","0","0","1","0","0","0","16","1","0","00","1","40 01:26.173","4","00","76 17:07.419","0","0","0","0","36220","0","0","0","N","0","0","0","1","36101","0","","4","01","N","N","0","","0","0","0","0","0","N","1656","0","1","0","0","0","0","0","3","0","1","N","","","","","","","","","","","","03","  ","","",""
"1234","0","0","0","0","0","0","0","0","0","4","0","","36","08","2016","2016090483","2","40.1867","-76.1537","1231","08","0","0","0","0","0","1","1","0","","0","0","0","12","1","1","02","0","40 11:12.296","","00","76 09:13.212","3","0","0","1","36218","0","0","0","N","0","0","0","2","36408","0","","1","01","N","N","0","","1","0","1","0","0","","1228","1","2","0","0","0","0","0","1","0","2","N","","","","","","","","","","","","03","  ","","",""
"1537","0","0","0","0","0","0","0","0","0","1","0","","36","09","2016","2016090484","6","40.0686","-76.3081","1527","08","0","0","0","0","0","0","0","0","","0","0","0","14","1","1","00","0","40 04:06.829","","00","76 18:29.281","4","0","0","0","36101","0","0","0","N","0","0","0","3","36101","1","","1","01","N","N","1","","0","0","1","0","0","","1450","1","3","0","0","0","0","0","3","1","3","N","","","","","","","","","","","","03","  ","","",""
"1104","1","0","0","0","0","0","0","0","0","4","0","","36","09","2016","2016090493","7","40.0817","-76.1157","1058","08","0","0","0","0","0","1","0","0","1","0","0","0","10","1","0","01","1","40 04:54.116","7","00","76 06:56.550","0","0","0","0","36221","0","0","0","N","0","0","0","4","36415","0","","1","01","N","N","0","","0","0","1","3","3","N","1055","0","2","0","0","0","0","0","1","0","2","N","","","","","","","","","","","","03","  ","","",""
"1603","2","0","0","0","0","0","0","0","0","1","0","","36","09","2016","2016090505","6","40.0916","-76.2634","1552","08","0","0","0","0","0","0","0","0","","0","0","0","15","1","1","00","0","40 05:29.596","","00","76 15:48.115","8","0","0","0","36101","0","0","0","N","0","0","0","8","36101","0","","1","01","N","N","1","","0","0","0","0","0","","1550","1","4","0","0","0","1","0","3","1","4","N","","","","","","","","","","","","03","  ","","",""
"1414","0","0","0","0","0","0","0","0","0","7","0","","36","06","2016","2016090523","4","40.1093","-76.5125","1412","08","0","0","0","0","0","1","0","0","2","0","0","0","14","1","1","00","1","40 06:33.446","6","00","76 30:45.027","3","0","0","0","36413","0","0","0","","0","0","0","1","36413","0","","2","01","N","N","0","","1","0","1","0","0","N","1409","1","1","0","0","1","0","0","2","0","1","N","","","","","","","","","","","","03","  ","","",""
"0104","1","0","0","0","0","0","0","0","0","4","0","","36","07","2016","2016090524","2","40.1105","-76.5069","0103","08","0","0","0","0","0","0","0","0","2","0","0","0","01","3","0","01","1","40 06:37.841","1","00","76 30:24.342","0","0","0","0","36413","0","0","0","","0","0","0","2","36413","0","","1","01","N","N","1","","0","0","0","3","2","Y","0102","0","2","0","0","0","0","0","2","0","2","N","","","","","","","","","","","","03","  ","","",""
"1717","2","0","0","0","0","0","0","0","0","4","0","","36","09","2016","2016090525","6","40.1105","-76.5069","1712","08","0","0","0","0","0","1","0","0","","0","0","0","17","1","0","01","0","40 06:37.977","","00","76 30:24.991","0","0","0","0","36413","0","0","0","","0","0","0","2","36413","0","","1","01","N","N","0","","0","0","0","3","3","","1707","0","2","0","0","0","0","0","2","0","2","N","","","","","","","","","","","","03","  ","","",""