"ARRIVAL_TM","AUTOMOBILE_COUNT","BELTED_DEATH_COUNT","BELTED_SUSP_SERIOUS_INJ_COUNT","BICYCLE_COUNT","BICYCLE_DEATH_COUNT","BICYCLE_SUSP_SERIOUS_INJ_COUNT","BUS_COUNT","CHLDPAS_DEATH_COUNT","CHLDPAS_SUSP_SERIOUS_INJ_COUNT","COLLISION_TYPE","COMM_VEH_COUNT","CONS_ZONE_SPD_LIM","COUNTY","CRASH_MONTH","CRASH_YEAR","CRN","DAY_OF_WEEK","DEC_LAT","DEC_LONG","DISPATCH_TM","DISTRICT","DRIVER_COUNT_16YR","DRIVER_COUNT_17YR","DRIVER_COUNT_18YR","DRIVER_COUNT_19YR","DRIVER_COUNT_20YR","DRIVER_COUNT_50_64YR","DRIVER_COUNT_65_74YR","DRIVER_COUNT_75PLUS","EST_HRS_CLOSED","FATAL_COUNT","HEAVY_TRUCK_COUNT","HORSE_BUGGY_COUNT","HOUR_OF_DAY","ILLUMINATION","INJURY_COUNT","INTERSECT_TYPE","LANE_CLOSED","LATITUDE","LN_CLOSE_DIR","LOCATION_TYPE","LONGITUDE","MAX_SEVERITY_LEVEL","MCYCLE_DEATH_COUNT","MCYCLE_SUSP_SERIOUS_INJ_COUNT","MOTORCYCLE_COUNT","MUNICIPALITY","NONMOTR_COUNT","NONMOTR_DEATH_COUNT","NONMOTR_SUSP_SERIOUS_INJ_COUNT","NTFY_HIWY_MAINT","PED_COUNT","PED_DEATH_COUNT","PED_SUSP_SERIOUS_INJ_COUNT","PERSON_COUNT","POLICE_AGCY","POSSIBLE_INJ_COUNT","RDWY_SURF_TYPE_CD","RELATION_TO_ROAD","ROAD_CONDITION","SCH_BUS_IND","SCH_ZONE_IND","SMALL_TRUCK_COUNT","SPEC_JURIS_CD","SUSP_MINOR_INJ_COUNT","SUSP_SERIOUS_INJ_COUNT","SUV_COUNT","TCD_FUNC_CD","TCD_TYPE","TFC_DETOUR_IND","TIME_OF_DAY","TOT_INJ_COUNT","TOTAL_UNITS","UNB_DEATH_COUNT","UNB_SUSP_SERIOUS_INJ_COUNT","UNBELTED_OCC_COUNT","UNK_INJ_DEG_COUNT","UNK_INJ_PER_COUNT","URBAN_RURAL","VAN_COUNT","VEHICLE_COUNT","WORK_ZONE_IND","WORK_ZONE_LOC","WORK_ZONE_TYPE","WORKERS_PRES","WZ_CLOSE_DETOUR","WZ_FLAGGER","WZ_LAW_OFFCR_IND","WZ_LN_CLOSURE","WZ_MOVING","WZ_OTHER","WZ_SHLDER_MDN","ROADWAY_CLEARED","WEATHER1","WEATHER2","WZ_WORKERS_INJ_KILLED","SECONDARY_CRASH","INTERSECTION_RELATED"
"1918","0","0","0","0","0","0","0","0","0","1","1","","36","09","2016","2016090564","7","40.1375","-76.5832","1912","08","0","0","0","0","0","0","0","0","","0","1","0","09","1","0","01","0","40 08:14.961","","00","76 34:59.448","0","0","0","0","36225","0","0","0","N","0","0","0","2","36505","0","","1","01","N","N","0","","0","0","1","3","2","","0909","0","2","0","0","0","0","0","2","0","2","N","","","","","","","","","","","","03","  ","","",""
"2136","1","0","0","0","0","0","0","0","0","4","0","","36","08","2016","2016090597","2","40.0327","-76.2431","2135","08","0","0","0","0","1","0","0","0","","0","0","0","21","3","0","07","0","40 01:57.8","","02","76 14:34.9","0","0","0","0","36215","0","0","0","N","0","0","0","1","36215","0","","1","01","N","N","0","","0","0","1","3","2","","2130","0","2","0","0","0","0","0","1","0","2","N","","","","","","","","","","","","03","  ","","",""
"1144","1","0","0","0","0","0","0","0","0","4","0","","36","09","2016","2016090601","7","40.1177","-76.5347","1137","08","0","0","0","0","1","0","0","0","","0","0","0","11","1","0","00","0","40 07:03.604","","07","76 32:04.997","0","0","0","0","36225","0","0","0","N","0","0","0","2","36505","0","","1","01","N","N","0","","0","0","1","0","0","","1135","0","2","0","0","0","0","0","2","0","2","N","","","","","","","","","","","","03","  ","","",""
"1617","1","0","0","0","0","0","0","0","0","7","0","","36","09","2016","2016090604","7","40.0373","-76.4083","1605","08","0","0","0","0","0","0","0","1","","0","0","0","16","1","1","00","0","40 02:14.305","","00","76 24:29.836","4","0","0","0","36214","0","0","0","N","0","0","0","1","36214","1","","5","01","N","N","0","","0","0","0","0","0","","1600","1","1","0","0","0","0","0","3","0","1","N","","","","","","","","","","","","03","  ","","",""
"1200","1","0","0","0","0","0","0","0","0","4","0","","36","09","2016","2016090605","7","40.049","-76.3735","1156","08","0","0","0","0","0","0","0","1","1","0","0","0","11","1","1","01","1","40 02:56.511","3","00","76 22:24.628","3","0","0","0","36214","0","0","0","N","0","0","0","2","36214","0","","1","01","N","N","0","","1","0","0","0","0","Y","1156","1","2","0","0","0","0","0","3","1","2","N","","","","","","","","","","","","03","  ","","",""
"1707","2","0","0","0","0","0","0","0","0","1","0","","36","09","2016","2016090612","6","40.0705","-76.3203","1653","08","0","0","1","0","0","0","0","0","","0","0","0","16","1","0","00","0","40 04:13.896","","00","76 19:13.088","9","0","0","0","36101","0","0","0","N","0","0","0","3","36101","0","","1","01","N","N","0","","0","0","1","0","0","","1638","0","3","0","0","0","0","1","3","0","3","N","","","","","","","","","","","","03","  ","","",""
"0827","0","0","0","0","0","0","0","0","0","4","1","","36","09","2016","2016090659","5","40.0099","-76.2988","0823","08","0","0","0","0","0","1","0","0","3","0","1","0","08","1","1","02","2","40 00:35.678","5","00","76 17:55.741","3","0","0","0","36240","0","0","0","Y","0","0","0","2","36240","0","","1","09","N","N","1","","1","0","0","3","3","Y","0821","1","2","0","0","0","0","0","1","0","2","N","","","","","","","","","","","","07","  ","","",""
"2145","0","0","0","0","0","0","0","0","0","7","0","","36","09","2016","2016090684","6","40.0948","-76.0793","2138","08","0","0","0","0","0","1","0","0","1","0","0","0","21","2","0","00","1","40 05:41.306","5","00","76 04:45.432","0","0","0","0","36209","0","0","0","N","0","0","0","1","36415","0","","4","01","N","N","1","","0","0","0","0","0","N","2138","0","1","0","0","1","0","0","1","0","1","N","","","","","","","","","","","","03","  ","","",""
"2108","1","0","0","0","0","0","0","0","0","7","0","","36","09","2016","2016090728","6","40.0327","-76.2431","2105","08","0","0","0","0","0","0","0","0","","0","0","0","20","3","2","02","0","40 01:57.652","","02","76 14:34.925","4","0","0","0","36215","0","0","0","N","0","0","0","2","36215","2","","1","01","N","N","0","","0","0","0","9","2","","2055","2","1","0","0","0","0","0","1","0","1","N","","","","","","","","","","","","03","  ","","",""
"0827","2","0","0","0","0","0","0","0","0","1","0","","36","08","2016","2016090731","7","40.0235","-76.1984","0821","08","0","0","0","0","1","0","0","0","1","0","0","0","08","1","0","00","1","40 01:24.768","3","00","76 11:54.237","0","0","0","0","36215","0","0","0","N","0","0","0","6","36215","0","","1","01","N","N","0","","0","0","0","0","0","N","0817","0","2","0","0","0","0","0","1","0","2","N","","","","","","","","","","","","03","  ","","",""
"1941","1","0","0","0","0","0","0","0","0","7","0","","36","08","2016","2016090733","2","40.0681","-76.2993","1932","08","0","0","0","0","0","0","0","1","3","0","0","0","19","4","1","03","2","40 04:05.083","4","00","76 17:57.480","4","0","0","0","36101","0","0","0","Y","0","0","0","3","36101","1","","7","01","N","N","0","","0","0","1","0","0","Y","1931","1","2","0","0","0","0","0","3","0","2","N","","","","","","","","","","","","03","  ","","",""
"0320","1","0","0","0","0","0","0","0","0","7","0","","36","08","2016","2016090737","3","40.1273","-76.3359","0307","08","0","0","0","0","0","0","0","0","","0","0","0","03","2","0","00","0","40 07:38.239","","00","76 20:09.228","0","0","0","0","36101","0","0","0","N","0","0","0","1","36101","0","","4","01","N","N","0","","0","0","0","0","0","","0300","0","1","0","0","0","0","0","3","0","1","N","","","","","","","","","","","","03","  ","","",""
"1409","1","0","0","0","0","0","0","0","0","7","0","","36","08","2016","2016090744","5","40.0158","-76.1593","1357","08","0","0","0","0","0","0","1","0","1","0","0","0","13","1","1","00","1","40 00:57.020","3","00","76 09:33.603","3","0","0","0","36215","0","0","0","N","0","0","0","1","36215","0","","4","01","N","N","0","","1","0","0","0","0","N","1353","1","1","0","0","0","0","0","1","0","1","N","","","","","","","","","","","","03","  ","","",""
"1705","1","0","0","0","0","0","0","0","0","7","0","","36","09","2016","2016090746","5","40.2268","-76.091","1659","08","0","0","0","0","0","0","1","0","","0","0","0","16","1","0","00","0","40 13:36.301","","07","76 05:27.612","0","0","0","0","36210","0","0","0","N","0","0","0","1","36210","0","","2","01","N","N","0","","0","0","0","0","0","","1659","0","1","0","0","0","0","0","1","0","1","N","","","","","","","","","","","","03","  ","","",""
"0535","0","0","0","0","0","0","0","0","0","0","0","","36","09","2016","2016090749","2","40.082","-76.3563","0530","08","0","0","0","0","0","1","0","0","1","0","0","0","05","2","0","00","2","40 04:55.198","4","00","76 21:22.804","0","0","0","0","36214","0","0","0","N","0","0","0","1","36214","0","","1","01","N","N","0","","0","0","1","0","0","Y","0525","0","1","0","0","0","0","0","3","0","1","N","","","","","","","","","","","","03","  ","","",""
"0656","2","0","0","0","0","0","0","0","0","5","0","","36","09","2016","2016090756","5","40.0388","-76.2975","0653","08","0","0","0","0","0","1","0","0","","0","0","0","06","1","1","00","0","40 02:19.853","","00","76 17:51.179","8","0","0","0","36301","0","0","0","N","0","0","0","2","36301","0","","1","01","N","N","0","","0","0","0","0","0","","0649","1","2","0","0","0","1","0","3","0","2","N","","","","","","","","","","","","03","  ","","",""
"0222","1","0","0","0","0","0","0","0","0","9","0","","36","09","2016","2016090757","6","40.0671","-76.208","0217","08","0","0","0","0","0","0","0","0","2","0","0","0","02","2","0","00","1","40 04:01.560","2","00","76 12:28.846","0","0","0","0","36234","0","0","0","N","0","0","0","1","36215","0","","1","01","N","N","0","","0","0","0","0","0","N","0217","0","1","0","0","0","0","0","1","0","1","N","","","","","","","","","","","","03","  ","","",""
"1123","2","0","0","0","0","0","0","0","0","4","0","","36","08","2016","2016090759","3","39.99","-76.285","1120","08","0","0","0","0","0","1","0","0","","0","0","0","11","1","0","00","0","39 59:24.154","","07","76 17:06.055","0","0","0","0","36240","0","0","0","N","0","0","0","6","36240","0","","1","01","N","N","0","","0","0","0","0","0","","1117","0","2","0","0","0","0","0","1","0","2","N","","","","","","","","","","","","03","  ","","",""
"1741","0","0","0","0","0","0","0","0","0","1","0","","36","08","2016","2016090774","4","40.1723","-76.1966","1737","08","0","0","0","0","0","0","0","0","","0","0","0","17","1","0","02","0","40 10:20.222","","00","76 11:47.607","0","0","0","0","36408","0","0","0","N","0","0","0","3","36408","0","","1","01","N","N","0","","0","0","2","0","0","","1736","0","2","0","0","0","0","0","2","0","2","N","","","","","","","","","","","","03","  ","","",""
"1739","1","0","0","0","0","0","0","0","0","4","0","","36","08","2016","2016090775","6","40.038","-76.5095","1739","08","0","0","0","0","0","0","1","0","2","0","0","0","17","1","1","01","1","40 2:20.200","2","00","76 30:37.900","4","0","0","0","36404","0","0","0","N","0","0","0","5","36404","1","","1","01","N","N","0","","0","0","0","3","2","N","1739","1","2","0","0","0","0","0","3","1","2","N","","","","","","","","","","","","03","  ","","",""
"1006","1","0","0","0","0","0","0","0","0","7","0","","36","09","2016","2016090780","2","40.0686","-76.2885","1006","08","0","0","0","1","0","0","0","0","","0","0","0","10","1","0","00","0","40 04:06.827","","02","76 17:18.571","0","0","0","0","36101","0","0","0","Y","0","0","0","2","36101","0","","4","01","N","N","0","","0","0","0","0","0","","1006","0","1","0","0","0","0","0","3","0","1","N","","","","","","","","","","","","03","  ","","",""
"1919","1","0","0","0","0","0","0","0","0","7","0","","36","08","2016","2016090781","4","40.0556","-76.2688","1913","08","0","0","0","0","0","0","0","0","2","0","0","0","19","1","0","06","2","40 03:20.146","4","02","76 16:07.752","0","0","0","0","36301","0","0","0","N","0","0","0","1","36215","0","","3","09","N","N","0","","0","0","0","0","0","N","1909","0","1","0","0","0","0","0","3","0","1","N","","","","","","","","","","","","07","  ","","",""
"2005","1","0","0","0","0","0","0","0","0","8","0","","36","09","2016","2016090792","5","40.0299","-76.2558","2000","08","0","0","1","0","0","0","0","0","2","0","0","0","19","2","1","00","1","40 01:47.500","3","00","76 15:20.900","3","0","0","0","36215","1","0","0","N","1","0","0","2","36215","0","","1","01","N","N","0","","1","0","0","0","0","N","1958","1","2","0","0","0","0","0","1","0","1","N","","","","","","","","","","","","03","  ","","",""
"1839","0","0","0","0","0","0","0","0","0","4","0","","36","09","2016","2016090801","5","40.0232","-76.224","1808","08","0","0","0","0","0","0","0","0","2","0","0","0","18","1","0","02","2","40 01:23.458","5","00","76 13:26.464","0","0","0","0","36215","0","0","0","N","0","0","0","5","36215","0","","1","01","N","N","1","","0","0","1","0","0","Y","1806","0","2","0","0","0","0","0","1","0","2","N","","","","","","","","","","","","03","  ","","",""
"1648","1","0","0","0","0","0","0","0","0","4","0","","36","09","2016","2016090810","1","40.0306","-76.2343","1645","08","0","0","0","0","0","0","1","0","2","0","0","0","16","1","1","05","2","40 01:50.123","7","00","76 14:03.641","8","0","0","0","36215","0","0","0","N","0","0","0","5","36215","0","","1","01","N","N","1","","0","0","0","3","2","N","1644","1","2","0","0","0","1","0","1","0","2","N","","","","","","","","","","","","03","  ","","",""
"1343","2","0","0","0","0","0","0","0","0","5","0","","36","09","2016","2016090812","2","40.0723","-76.3669","1336","08","0","0","0","0","0","0","0","1","2","0","0","0","13","1","1","02","1","40 04:20.351","4","00","76 22:00.982","8","0","0","0","36214","0","0","0","Y","0","0","0","4","36214","0","","1","01","N","N","0","","0","0","0","3","8","Y","1330","1","2","0","0","0","1","0","3","0","2","N","","","","","","","","","","","","03","  ","","",""
"0832","1","0","0","0","0","0","0","0","0","5","0","","36","09","2016","2016090816","2","40.0453","-76.4242","0829","08","0","0","1","0","0","0","0","0","2","0","0","0","08","1","1","00","1","40 02:43.196","3","00","76 25:26.994","4","0","0","0","36239","0","0","0","Y","0","0","0","3","36239","1","","1","01","Y","Y","1","","0","0","0","0","0","N","0828","1","2","0","0","0","0","0","3","0","2","N","","","","","","","","","","","","03","  ","","",""
"1613","2","0","0","0","0","0","0","0","0","1","0","","36","09","2016","2016090835","2","40.0644","-76.3414","1608","08","0","0","0","0","0","1","0","0","","0","0","0","16","1","0","00","0","40 03:51.703","","00","76 20:29.071","0","0","0","0","36101","0","0","0","N","0","0","0","4","36101","0","","1","01","N","N","0","","0","0","0","0","0","","1600","0","2","0","0","0","0","0","3","0","2","N","","","","","","","","","","","","03","  ","","",""
"1109","1","0","0","1","0","1","0","0","0","8","0","","36","09","2016","2016090839","2","40.1058","-76.2488","1109","08","0","0","0","0","0","0","0","1","2","0","0","0","11","1","1","02","2","40 06:21.020","7","00","76 14:55.676","2","0","0","0","36101","1","0","1","N","0","0","0","2","36101","0","","1","01","N","N","0","","0","1","0","0","0","Y","1100","1","2","0","0","0","0","0","3","0","1","N","","","","","","","","","","","","03","  ","","",""
"2013","1","0","0","0","0","0","0","0","0","7","0","","36","09","2016","2016090840","7","40.1586","-76.6125","2013","08","0","0","0","0","0","0","0","0","","0","0","0","20","3","0","00","0","40 09:30.900","","00","76 36:45.000","0","0","0","0","36407","0","0","0","N","0","0","0","1","36407","0","","2","01","N","N","0","","0","0","0","0","0","","2013","0","1","0","0","0","0","0","2","0","1","N","","","","","","","","","","","","03","  ","","",""
"1640","1","0","0","0","0","0","0","0","0","7","0","","36","09","2016","2016090849","2","39.9993","-76.2738","1634","08","0","0","0","0","0","0","0","0","1","0","0","0","16","1","0","00","1","39 59:57.400","1","00","76 16:25.600","0","0","0","0","36240","0","0","0","N","0","0","0","4","36240","0","","4","01","N","N","0","","0","0","0","0","0","N","1634","0","1","0","0","0","0","0","1","0","1","N","","","","","","","","","","","","03","  ","","",""
"1639","2","0","0","0","0","0","0","0","0","4","0","","36","09","2016","2016090866","5","40.1632","-76.1511","1631","08","0","0","0","0","0","0","0","0","","0","0","0","16","1","0","02","0","40 09:47.458","","02","76 09:03.786","0","0","0","0","36218","0","0","0","N","0","0","0","2","36408","0","","1","01","N","N","0","","0","0","0","0","0","","1628","0","2","0","0","0","0","0","1","0","2","N","","","","","","","","","","","","03","  ","","",""
"1656","1","0","0","0","0","0","0","0","0","7","0","","36","07","2016","2016090868","1","40.1575","-76.1541","1652","08","0","0","0","0","0","0","0","0","","0","0","0","16","1","0","00","0","40 09:26.984","","03","76 09:14.690","0","0","0","0","36238","0","0","0","N","0","0","0","1","36238","0","","2","01","N","N","0","","0","0","0","0","0","","1652","0","1","0","0","0","0","0","3","0","1","N","","","","","","","","","","","","03","  ","","",""
"0216","2","0","0","0","0","0","0","0","0","4","0","","36","08","2016","2016090875","7","40.1298","-76.2166","0213","08","0","0","0","0","0","0","0","0","","0","0","0","02","3","0","01","0","40 07:47.738","","02","76 12:59.285","0","0","0","0","36238","0","0","0","N","0","0","0","7","36238","0","","1","01","N","N","0","","0","0","0","3","2","","0213","0","2","0","0","3","0","0","3","0","2","N","","","","","","","","","","","","03","  ","","",""
"1838","2","0","0","0","0","0","0","0","0","4","0","","36","09","2016","2016090887","2","40.0378","-76.2707","1828","08","0","0","0","0","0","0","0","0","2","0","0","0","18","1","2","01","1","40 02:16.133","6","00","76 16:14.670","8","0","0","0","36215","0","0","0","N","0","0","0","3","36215","0","","1","01","N","N","0","","0","0","0","3","2","Y","1827","2","2","0","0","0","2","0","1","0","2","N","","","","","","","","","","","","03","  ","","",""
"0258","1","0","0","0","0","0","0","0","0","4","0","","36","08","2016","2016090898","1","40.0351","-76.303","0255","08","0","0","0","0","0","1","0","0","","0","0","0","02","3","1","05","0","40 02:06.382","","00","76 18:10.770","4","0","0","0","36301","0","0","0","N","0","0","0","2","36301","1","","1","01","N","N","0","","0","0","0","3","2","","0253","1","2","0","0","0","0","1","3","0","2","N","","","","","","","","","","","","03","  ","","",""
"1658","1","0","0","0","0","0","0","0","0","1","0","","36","09","2016","2016090905","5","40.0587","-76.3059","1656","08","0","0","0","0","0","0","0","0","2","0","0","0","16","1","1","00","2","40 03:31.313","1","00","76 18:21.231","4","0","0","0","36101","0","0","0","N","0","0","0","3","36101","1","","1","01","N","N","1","","0","0","0","0","0","Y","1653","1","2","0","0","0","0","0","3","0","2","N","","","","","","","","","","","","03","  ","","",""
"1511","2","0","0","0","0","0","0","0","0","4","0","","36","09","2016","2016090935","2","40.0515","-76.2973","1511","08","0","0","0","0","0","1","0","0","2","0","0","0","15","1","2","01","1","40 03:05.562","1","00","76 17:50.200","3","0","0","0","36301","0","0","0","N","0","0","0","2","36301","1","","1","01","N","N","0","","1","0","0","3","3","N","1511","2","2","0","0","0","0","0","3","0","2","N","","","","","","","","","","","","03","  ","","",""
"0805","1","0","0","0","0","0","0","0","0","6","0","","36","09","2016","2016090943","5","40.1215","-76.6058","0747","08","0","0","0","0","0","2","0","0","1","0","0","0","07","1","1","02","1","40 07:17.461","7","00","76 36:20.800","8","0","0","0","36237","0","0","0","N","0","0","0","2","36505","0","","1","09","N","N","0","","0","0","1","0","0","N","0745","1","2","0","0","0","1","0","1","0","2","N","","","","","","","","","","","","07","  ","","",""
"0810","2","0","0","0","0","0","0","0","0","4","0","","36","09","2016","2016090984","3","40.1183","-76.0479","0802","08","0","0","0","0","0","0","0","0","","0","0","0","08","1","0","01","0","40 07:05.968","","00","76 02:52.589","0","0","0","0","36213","0","0","0","N","0","0","0","2","36213","0","","1","01","N","N","0","","0","0","0","3","2","","0800","0","2","0","0","0","0","0","1","0","2","N","","","","","","","","","","","","03","  ","","",""
"1513","0","0","0","0","0","0","0","0","0","0","1","","36","08","2016","2016090990","7","40.2092","-76.0248","1505","08","0","0","0","0","0","0","0","0","","0","1","0","15","1","0","00","0","40 12:33.041","","00","76 01:28.842","0","0","0","0","36202","0","0","0","","0","0","0","1","68T06","0","","4","01","N","N","0","","0","0","0","0","0","","1503","0","1","0","0","0","0","0","1","0","1","N","","","","","","","","","","","","03","  ","","",""
"1141","1","0","0","0","0","0","0","0","0","4","0","","36","08","2016","2016090994","4","40.0037","-76.1047","1141","08","0","1","0","0","0","1","0","0","1","0","0","0","11","1","2","00","1","40 00:13.468","2","00","76 06:16.916","3","0","0","0","36226","0","0","0","","0","0","0","3","68J01","0","","1","01","N","N","0","","2","0","1","0","0","Y","1141","2","2","0","0","0","0","0","1","0","2","N","","","","","","","","","","","","03","  ","","",""
"2345","0","0","0","0","0","0","0","0","0","7","0","","36","09","2016","2016091040","5","40.1386","-76.2107","2345","08","0","0","0","0","0","0","0","0","2","0","0","0","23","2","0","00","1","40 08:19.079","1","00","76 12:38.456","0","0","0","0","36238","0","0","0","N","0","0","0","1","36238","0","","4","01","N","N","0","","0","0","1","0","0","N","2340","0","1","0","0","0","0","0","3","0","1","N","","","","","","","","","","","","03","  ","","",""
"1327","0","0","0","0","0","0","0","0","0","1","0","","36","08","2016","2016091182","7","39.9914","-76.0166","1309","08","0","1","0","0","0","0","0","0","","0","0","0","13","1","1","02","0","39 59:29.214","","00","76 00:59.722","3","0","0","0","36232","0","0","0","","0","0","0","5","68J01","0","","1","01","N","N","0","","1","0","2","3","2","","1305","1","2","0","0","0","0","0","1","0","2","N","","","","","","","","","","","","03","  ","","",""
"1334","0","0","0","0","0","0","0","0","0","7","0","","36","08","2016","2016091188","1","40.0115","-76.0464","1333","08","0","0","0","0","1","0","0","0","1","0","0","0","13","1","0","00","1","40 00:41.562","3","00","76 02:46.869","0","0","0","0","36232","0","0","0","","0","0","0","1","68J01","0","","4","09","N","N","1","","0","0","0","0","0","N","1332","0","1","0","0","0","0","0","1","0","1","N","","","","","","","","","","","","07","  ","","",""
"1440","0","0","0","0","0","0","0","0","0","6","0","","36","08","2016","2016091193","2","39.9226","-76.2702","1421","08","0","0","0","1","1","0","0","0","1","0","0","0","14","1","0","00","1","39 55:21.500","6","00","76 16:12.820","0","0","0","0","36229","0","0","0","","0","0","0","3","68J01","0","","1","01","N","N","0","","0","0","1","0","0","N","1406","0","2","0","0","0","0","0","1","1","2","N","","","","","","","","","","","","03","  ","","",""
"1831","1","0","0","0","0","0","0","0","0","1","0","","36","09","2016","2016091258","5","40.226","-76.3022","1757","08","0","1","0","0","0","0","0","0","","0","0","0","17","1","1","00","0","40 13:33.742","","00","76 18:08.011","3","0","0","0","36217","0","0","0","","0","0","0","2","68J01","0","","1","01","N","N","0","","1","0","1","3","2","","1750","1","2","0","0","0","0","0","1","0","2","N","","","","","","","","","","","","03","  ","","",""
"1517","0","0","0","0","0","0","0","0","0","4","0","","36","09","2016","2016091265","6","39.9593","-76.0996","1457","08","0","0","0","0","1","0","0","0","2","0","0","0","14","1","1","01","1","39 57:33.444","2","00","76 05:58.443","4","0","0","0","36226","0","0","0","","0","0","0","3","68J01","1","","1","01","N","N","1","","0","0","1","3","3","N","1448","1","2","0","0","0","0","0","1","0","2","N","","","","","","","","","","","","03","  ","","",""
"0623","1","0","0","0","0","0","0","0","0","7","0","","36","09","2016","2016091299","2","39.9869","-76.216","0615","08","0","0","0","0","1","0","0","0","","0","0","0","06","5","0","00","0","39 59:12.819","","00","76 12:57.507","0","0","0","0","36233","0","0","0","","0","0","0","1","68J01","0","","5","01","N","N","0","","0","0","0","0","0","","0609","0","1","0","0","0","0","0","1","0","1","N","","","","","","","","","","","","03","  ","","",""
"2028","1","0","0","0","0","0","0","0","0","1","0","","36","09","2016","2016091337","3","40.1027","-76.0967","2025","08","0","0","0","0","0","0","0","1","","0","0","0","20","3","0","00","0","40 06:09.893","","00","76 05:48.288","0","0","0","0","36415","0","0","0","N","0","0","0","1","36415","0","","1","01","N","N","0","","0","0","1","0","0","","2025","0","2","0","0","0","0","0","1","0","2","N","","","","","","","","","","","","03","  ","","",""
"1427","1","0","0","0","0","0","0","0","0","5","1","","36","09","2016","2016091339","6","40.068","-76.3159","1420","08","0","0","0","0","0","0","0","0","2","0","1","0","14","1","0","00","1","40 04:04.857","1","07","76 18:57.193","0","0","0","0","36101","0","0","0","N","0","0","0","2","36101","0","","1","01","N","N","0","","0","0","0","2","2","N","1415","0","2","0","0","0","0","0","3","0","2","N","","","","","","","","","","","","03","  ","","",""
"2045","1","0","0","0","0","0","0","0","0","8","0","","36","09","2016","2016091357","3","40.0325","-76.3047","2043","08","0","0","0","0","0","0","1","0","1","0","0","0","20","3","1","01","1","40 01:56.973","1","00","76 18:16.787","3","0","0","0","36301","1","0","0","N","1","0","0","3","36301","0","","1","01","N","N","0","","1","0","0","0","0","N","2042","1","2","0","0","0","0","0","3","0","1","N","","","","","","","","","","","","03","  ","","",""
"1550","2","0","0","0","0","0","0","0","0","1","0","","36","09","2016","2016091364","3","40.1685","-76.6058","1545","08","0","0","0","0","0","0","0","0","1","0","0","0","15","1","0","02","1","40 10:06.754","1","00","76 36:20.955","0","0","0","0","36225","0","0","0","N","0","0","0","3","36505","0","","1","01","N","N","0","","0","0","1","3","2","N","1544","0","3","0","0","0","0","0","2","0","3","N","","","","","","","","","","","","03","  ","","",""
"1047","1","0","0","0","0","0","0","0","0","7","0","","36","09","2016","2016091367","5","40.0256","-76.3335","1045","08","0","0","0","0","0","0","0","0","1","0","0","0","10","1","1","00","1","40 01:32.100","4","00","76 20:00.500","3","0","0","0","36220","0","0","0","N","0","0","0","1","36101","0","","4","01","N","N","0","","1","0","0","0","0","Y","1044","1","1","0","0","1","0","0","3","0","1","N","","","","","","","","","","","","03","  ","","",""
"1947","2","0","0","0","0","0","0","0","0","4","0","","36","09","2016","2016091372","5","40.0369","-76.322","1947","08","0","0","0","1","1","0","0","0","3","0","0","0","19","3","0","01","1","40 02:12.818","4","00","76 19:19.192","0","0","0","0","36301","0","0","0","N","0","0","0","2","36301","0","","1","01","N","N","0","","0","0","0","3","3","Y","1937","0","2","0","0","0","0","0","3","0","2","N","","","","","","","","","","","","03","  ","","",""
"2251","1","0","0","0","0","0","0","0","0","9","0","","36","08","2016","2016091410","2","40.2454","-76.1782","2234","08","0","0","0","0","0","1","0","0","","0","0","0","22","2","0","00","0","40 14:43.536","","00","76 10:38.641","0","0","0","0","36236","0","0","0","","0","0","0","1","68T06","0","","1","01","N","N","0","","0","0","0","0","0","","2234","0","1","0","0","0","0","0","1","0","1","N","","","","","","","","","","","","03","  ","","",""
"0415","1","0","0","0","0","0","0","0","0","9","0","55","36","08","2016","2016091434","5","40.2243","-76.4071","0415","08","0","0","0","0","0","0","0","0","","0","0","0","04","2","0","00","0","40 13:27.203","","00","76 24:26.992","0","0","0","0","36227","0","0","0","","0","0","0","1","68T06","0","","1","01","N","N","0","","0","0","0","2","8","","0410","0","1","0","0","0","0","0","1","0","1","Y","3","2","N","N","N","N","Y","N","N","N","","03","  ","","",""
"2205","1","0","0","0","0","0","0","0","0","0","0","","36","09","2016","2016091438","5","39.9835","-76.461","2149","08","0","0","0","0","0","0","0","0","3","0","0","0","21","2","1","00","2","39 59:00.680","6","00","76 27:39.420","8","0","0","1","36223","0","0","0","","0","0","0","1","36223","0","","1","01","N","N","0","","0","0","0","0","0","Y","2149","1","2","0","0","0","1","0","1","0","2","N","","","","","","","","","","","","03","  ","","",""
"2203","2","0","0","0","0","0","0","0","0","4","0","","36","09","2016","2016091439","5","39.9835","-76.461","2149","08","0","0","0","0","0","1","0","0","3","0","0","0","21","2","2","00","2","39 59:00.620","6","00","76 27:39.520","8","0","0","0","36223","2","0","0","","2","0","0","3","36223","0","","1","01","N","N","0","","0","0","0","0","0","Y","2149","2","4","0","0","0","2","0","1","0","2","N","","","","","","","","","","","","03","  ","","",""
"1105","0","0","0","0","0","0","0","0","0","7","0","","36","08","2016","2016091459","7","40.2016","-76.0135","1049","08","0","0","0","0","0","0","0","0","2","0","0","0","10","1","4","00","2","40 12:05.099","3","00","76 00:47.832","8","0","0","0","36202","0","0","0","","0","0","0","4","68T06","0","","4","01","N","N","0","","0","0","1","0","0","Y","1049","4","1","0","0","0","4","0","1","0","1","N","","","","","","","","","","","","03","  ","","",""