"ARRIVAL_TM","AUTOMOBILE_COUNT","BELTED_DEATH_COUNT","BELTED_SUSP_SERIOUS_INJ_COUNT","BICYCLE_COUNT","BICYCLE_DEATH_COUNT","BICYCLE_SUSP_SERIOUS_INJ_COUNT","BUS_COUNT","CHLDPAS_DEATH_COUNT","CHLDPAS_SUSP_SERIOUS_INJ_COUNT","COLLISION_TYPE","COMM_VEH_COUNT","CONS_ZONE_SPD_LIM","COUNTY","CRASH_MONTH","CRASH_YEAR","CRN","DAY_OF_WEEK","DEC_LAT","DEC_LONG","DISPATCH_TM","DISTRICT","DRIVER_COUNT_16YR","DRIVER_COUNT_17YR","DRIVER_COUNT_18YR","DRIVER_COUNT_19YR","DRIVER_COUNT_20YR","DRIVER_COUNT_50_64YR","DRIVER_COUNT_65_74YR","DRIVER_COUNT_75PLUS","EST_HRS_CLOSED","FATAL_COUNT","HEAVY_TRUCK_COUNT","HORSE_BUGGY_COUNT","HOUR_OF_DAY","ILLUMINATION","INJURY_COUNT","INTERSECT_TYPE","LANE_CLOSED","LATITUDE","LN_CLOSE_DIR","LOCATION_TYPE","LONGITUDE","MAX_SEVERITY_LEVEL","MCYCLE_DEATH_COUNT","MCYCLE_SUSP_SERIOUS_INJ_COUNT","MOTORCYCLE_COUNT","MUNICIPALITY","NONMOTR_COUNT","NONMOTR_DEATH_COUNT","NONMOTR_SUSP_SERIOUS_INJ_COUNT","NTFY_HIWY_MAINT","PED_COUNT","PED_DEATH_COUNT","PED_SUSP_SERIOUS_INJ_COUNT","PERSON_COUNT","POLICE_AGCY","POSSIBLE_INJ_COUNT","RDWY_SURF_TYPE_CD","RELATION_TO_ROAD","ROAD_CONDITION","SCH_BUS_IND","SCH_ZONE_IND","SMALL_TRUCK_COUNT","SPEC_JURIS_CD","SUSP_MINOR_INJ_COUNT","SUSP_SERIOUS_INJ_COUNT","SUV_COUNT","TCD_FUNC_CD","TCD_TYPE","TFC_DETOUR_IND","TIME_OF_DAY","TOT_INJ_COUNT","TOTAL_UNITS","UNB_DEATH_COUNT","UNB_SUSP_SERIOUS_INJ_COUNT","UNBELTED_OCC_COUNT","UNK_INJ_DEG_COUNT","UNK_INJ_PER_COUNT","URBAN_RURAL","VAN_COUNT","VEHICLE_COUNT","WORK_ZONE_IND","WORK_ZONE_LOC","WORK_ZONE_TYPE","WORKERS_PRES","WZ_CLOSE_DETOUR","WZ_FLAGGER","WZ_LAW_OFFCR_IND","WZ_LN_CLOSURE","WZ_MOVING","WZ_OTHER","WZ_SHLDER_MDN","ROADWAY_CLEARED","WEATHER1","WEATHER2","WZ_WORKERS_INJ_KILLED","SECONDARY_CRASH","INTERSECTION_RELATED"
"0402","2","0","0","0","0","0","0","0","0","5","0","","36","09","2016","2016093214","1","39.9969","-76.2968","0355","08","0","0","0","0","1","0","0","0","","0","0","0","03","3","0","00","0","39 59:48.900","","00","76 17:48.500","0","0","0","0","36240","0","0","0","N","0","0","0","2","36240","0","","6","01","N","N","0","","0","0","0","0","0","","0353","0","2","0","0","0","0","0","1","0","2","N","","","","","","","","","","","","03","  ","","",""
"1202","1","0","0","0","0","0","0","0","0","7","0","","36","08","2016","2016093269","2","40.0858","-76.3069","1157","08","0","0","1","0","0","1","0","0","3","0","0","0","11","1","1","02","1","40 05:09.057","2","00","76 18:24.906","4","0","0","0","36101","0","0","0","N","0","0","0","2","36101","1","","4","01","N","N","1","","0","0","0","0","0","Y","1152","1","2","0","0","1","0","0","3","0","2","N","","","","","","","","","","","","03","  ","","",""
"0845","1","0","0","0","0","0","0","0","0","1","1","","36","09","2016","2016093297","2","40.061","-76.3574","0835","08","0","0","0","0","0","0","0","0","","0","1","0","08","1","1","07","0","40 03:39.569","","02","76 21:26.653","4","0","0","0","36214","0","0","0","N","0","0","0","2","36214","1","","1","01","N","N","0","","0","0","0","0","0","","0833","1","2","0","0","0","0","0","3","0","2","N","","","","","","","","","","","","03","  ","","",""
"1521","1","0","0","0","0","0","0","0","0","4","0","","36","09","2016","2016093324","5","40.0792","-76.3465","1521","08","0","0","0","0","1","0","0","0","","0","0","0","15","1","1","02","0","40 04:44.998","","02","76 20:47.326","3","0","0","0","36101","0","0","0","N","0","0","0","2","36101","0","","1","01","N","N","0","","1","0","1","3","3","","1518","1","2","0","0","0","0","0","3","0","2","N","","","","","","","","","","","","03","  ","","",""
"1250","3","0","0","0","0","0","0","0","0","4","0","","36","09","2016","2016093375","6","40.0666","-76.3073","1245","08","0","0","0","0","1","1","0","0","1","0","0","0","12","1","1","00","2","40 03:59.781","1","07","76 18:26.121","3","0","0","0","36101","0","0","0","Y","0","0","0","3","36101","0","","1","01","N","N","0","","1","0","0","0","0","N","1242","1","3","0","0","0","0","0","3","0","3","N","","","","","","","","","","","","03","  ","","",""
"1704","1","0","0","0","0","0","0","0","0","0","0","","36","08","2016","2016093398","3","40.1071","-76.5606","1639","08","0","0","0","1","0","0","0","0","2","0","0","0","15","8","0","00","2","40 06:25.600","5","00","76 33:38.000","0","0","0","0","36211","0","0","0","N","0","0","0","4","36504","0","","1","09","N","N","0","","0","0","0","0","0","Y","1550","0","1","0","0","0","0","0","1","0","1","N","","","","","","","","","","","","07","  ","","",""
"2031","2","0","0","0","0","0","0","0","0","4","0","","36","09","2016","2016093517","2","40.0679","-76.3034","2030","08","0","0","0","0","0","1","0","0","2","0","0","0","20","4","2","01","1","40 04:04.462","1","00","76 18:12.202","8","0","0","0","36101","0","0","0","N","0","0","0","4","36101","0","","1","01","N","N","0","","0","0","0","3","2","N","2029","2","2","0","0","0","2","0","3","0","2","N","","","","","","","","","","","","03","  ","","",""
"2042","2","0","0","0","0","0","0","0","0","5","0","","36","09","2016","2016093528","1","40.04","-76.2873","2038","08","0","0","0","0","0","2","0","0","1","0","0","0","20","3","0","01","1","40 02:24.011","1","00","76 17:14.418","0","0","0","0","36301","0","0","0","N","0","0","0","9","36301","0","","1","01","N","N","0","","0","0","0","3","2","N","2026","0","2","0","0","0","0","0","3","0","2","N","","","","","","","","","","","","03","  ","","",""
"2141","2","0","0","0","0","0","0","0","0","1","0","","36","09","2016","2016093531","2","40.0679","-76.3034","2139","08","0","0","0","0","0","1","0","0","2","0","0","0","21","3","2","00","1","40 04:04.409","1","00","76 18:12.325","8","0","0","0","36101","0","0","0","N","0","0","0","6","36101","0","","1","01","N","N","0","","0","0","0","3","2","N","2137","2","2","0","0","0","2","0","3","0","2","N","","","","","","","","","","","","03","  ","","",""
"1421","2","0","0","0","0","0","0","0","0","2","0","","36","09","2016","2016093541","4","40.0796","-76.2521","1421","08","0","0","0","0","0","2","0","0","2","0","0","0","14","1","1","05","1","40 04:46.730","4","00","76 15:07.384","4","0","0","0","36215","0","0","0","N","0","0","0","2","36215","1","","1","01","N","N","0","","0","0","0","3","3","Y","1418","1","2","0","0","0","0","0","1","0","2","N","","","","","","","","","","","","03","  ","","",""
"0845","0","0","0","0","0","0","0","0","0","1","0","","36","08","2016","2016093544","4","40.1499","-76.4115","0845","08","0","0","0","0","0","1","0","0","1","0","0","0","08","1","1","02","1","40 08:59.638","4","00","76 24:41.226","8","0","0","0","36230","0","0","0","N","0","0","0","3","36410","0","","1","01","N","N","0","","0","0","1","0","0","N","0845","1","3","0","0","0","1","1","1","2","3","N","","","","","","","","","","","","03","  ","","",""
"2236","2","0","0","0","0","0","0","0","0","4","0","","36","09","2016","2016093641","1","40.0418","-76.2835","2234","08","0","0","0","0","0","0","0","0","","0","0","0","22","3","0","01","0","40 02:30.645","","00","76 17:00.500","9","0","0","0","36220","0","0","0","N","0","0","0","3","36101","0","","1","01","N","N","0","","0","0","0","3","3","","2230","0","2","0","0","0","0","1","3","0","2","N","","","","","","","","","","","","03","  ","","",""
"0753","1","0","0","0","0","0","0","0","0","5","0","","36","09","2016","2016093646","5","40.0386","-76.2999","0753","08","0","0","0","0","0","0","0","0","","0","0","0","07","1","1","00","0","40 02:18.911","","00","76 17:59.582","4","0","0","0","36301","0","0","0","N","0","0","0","2","36301","1","","1","01","N","N","0","","0","0","1","0","0","","0753","1","2","0","0","0","0","0","3","0","2","N","","","","","","","","","","","","03","  ","","",""
"1509","2","0","0","0","0","0","0","0","0","4","0","","36","09","2016","2016093652","1","40.0444","-76.2902","1447","08","0","0","0","0","0","0","0","0","2","0","0","0","14","1","2","01","1","40 02:39.753","3","00","76 17:24.593","4","0","0","0","36301","0","0","0","N","0","0","0","3","36301","2","","1","01","N","N","0","","0","0","0","3","3","N","1447","2","2","0","0","0","0","0","3","0","2","N","","","","","","","","","","","","03","  ","","",""
"1456","0","0","1","0","0","0","0","0","0","4","0","","36","09","2016","2016093657","2","40.1093","-76.5001","1454","08","0","0","0","0","0","0","1","0","1","0","0","0","14","1","2","03","1","40 06:33.616","4","00","76 30:00.523","2","0","0","0","36413","0","0","0","N","0","0","0","3","36413","0","","1","01","N","N","0","","1","1","2","3","3","Y","1454","2","2","0","0","0","0","0","2","0","2","N","","","","","","","","","","","","03","  ","","",""
"0709","1","0","0","0","0","0","0","0","0","4","0","","36","09","2016","2016093677","2","40.0391","-76.4333","0709","08","0","0","0","0","0","1","0","0","1","0","0","0","07","1","1","01","1","40 02:20.909","4","00","76 25:59.787","8","0","0","0","36414","0","0","0","N","0","0","0","4","36239","0","","1","01","N","N","1","","0","0","1","0","0","N","0707","1","3","0","0","0","1","0","3","0","3","N","","","","","","","","","","","","98","  ","","",""
"0946","2","0","0","0","0","0","0","0","0","4","0","","36","09","2016","2016093690","3","40.0379","-76.2745","0939","08","0","0","0","0","0","0","0","0","2","0","0","0","09","1","2","02","1","40 02:16.839","4","00","76 16:28.341","4","0","0","0","36220","0","0","0","N","0","0","0","3","36101","2","","1","01","N","N","0","","0","0","0","3","2","N","0937","2","2","0","0","0","0","0","3","0","2","N","","","","","","","","","","","","03","  ","","",""
"1114","0","0","0","0","0","0","0","0","0","4","0","","36","09","2016","2016093697","3","40.0723","-76.2681","1108","08","0","0","0","0","0","0","0","2","1","0","0","0","11","1","0","02","1","40 04:20.400","2","00","76 16:05.210","0","0","0","0","36101","0","0","0","N","0","0","0","3","36101","0","","1","01","N","N","1","","0","0","1","3","2","N","1106","0","2","0","0","0","0","0","3","0","2","N","","","","","","","","","","","","03","  ","","",""
"1317","0","0","0","0","0","0","0","0","0","1","0","","36","09","2016","2016093707","7","40.2059","-76.2167","1301","08","0","0","0","0","0","0","0","0","","0","0","0","13","1","1","00","0","40 12:21.150","","00","76 13:00.183","4","0","0","0","36204","0","0","0","","0","0","0","3","36506","1","","1","01","N","N","0","","0","0","1","0","0","","1301","1","2","0","0","0","0","0","1","1","2","N","","","","","","","","","","","","03","  ","","",""
"1713","0","0","0","1","0","0","0","0","0","4","0","","36","09","2016","2016093724","5","40.1312","-76.5638","1711","08","0","0","0","0","0","0","0","0","2","0","0","0","17","1","1","01","1","40 07:52.428","1","00","76 33:49.564","3","0","0","0","36225","1","0","0","N","0","0","0","3","36505","0","","1","01","N","N","0","","1","0","1","3","2","N","1705","1","2","0","0","0","0","0","2","0","1","N","","","","","","","","","","","","03","  ","","",""
"0950","1","0","0","0","0","0","0","0","0","7","0","","36","09","2016","2016093781","4","40.0689","-76.6231","0944","08","0","0","0","0","0","0","0","0","2","0","0","0","09","1","1","00","2","40 04:07.955","5","00","76 37:23.220","3","0","0","0","36211","0","0","0","N","0","0","0","1","36504","0","","4","01","N","N","0","","1","0","0","0","0","Y","0934","1","1","0","0","0","0","0","1","0","1","N","","","","","","","","","","","","03","  ","","",""
"2359","1","0","0","0","0","0","0","0","0","7","0","","36","09","2016","2016093786","7","40.2002","-76.1349","2354","08","0","0","0","0","0","0","0","0","3","0","0","0","23","2","1","00","2","40 12:00.832","5","00","76 08:05.597","2","0","0","0","36210","0","0","0","N","0","0","0","1","36210","0","","4","01","N","N","0","","0","1","0","0","0","Y","2354","1","1","0","1","1","0","0","1","0","1","N","","","","","","","","","","","","03","  ","","",""
"1800","2","0","0","0","0","0","0","0","0","1","0","","36","09","2016","2016093837","2","40.1314","-76.148","1745","08","0","0","0","0","0","0","0","0","","0","0","0","17","1","0","00","0","40 07:53.191","","00","76 08:52.685","0","0","0","0","36238","0","0","0","N","0","0","0","2","36238","0","","1","01","N","N","0","","0","0","0","3","3","","1740","0","2","0","0","0","0","0","3","0","2","N","","","","","","","","","","","","03","  ","","",""
"1845","1","0","0","0","0","0","0","0","0","1","0","","36","09","2016","2016093924","2","40.1503","-76.1693","1833","08","0","0","0","0","0","1","0","0","2","0","0","0","18","1","1","00","1","40 09:01.195","2","00","76 10:09.595","3","0","0","1","36238","0","0","0","N","0","0","0","2","36238","0","","1","01","N","N","0","","1","0","0","0","0","N","1830","1","2","0","0","0","0","0","3","0","2","N","","","","","","","","","","","","03","  ","","",""
"0805","1","0","0","0","0","0","0","0","0","1","0","","36","09","2016","2016093925","5","40.09","-76.2644","0759","08","0","0","0","0","0","1","0","0","1","0","0","0","07","1","0","00","1","40 05:24.007","2","00","76 15:51.921","0","0","0","0","36101","0","0","0","N","0","0","0","2","36101","0","","1","01","N","N","0","","0","0","1","0","0","N","0757","0","2","0","0","0","0","0","3","0","2","N","","","","","","","","","","","","03","  ","","",""
"1552","0","0","0","0","0","0","0","0","0","4","0","","36","09","2016","2016093951","5","40.0459","-76.2459","1544","08","0","0","0","0","0","1","0","0","2","0","0","0","15","1","3","02","1","40 02:45.222","2","00","76 14:45.358","3","0","0","0","36215","0","0","0","N","0","0","0","4","36215","1","","1","01","N","N","0","","2","0","2","3","3","N","1541","3","2","0","0","1","0","0","1","0","2","N","","","","","","","","","","","","03","  ","","",""
"1731","1","0","0","0","0","0","0","0","0","4","0","","36","09","2016","2016093991","6","40.0157","-76.3496","1730","08","0","1","0","0","0","1","0","0","2","0","0","0","17","1","0","01","1","40 00:56.470","3","00","76 20:58.524","0","0","0","0","36412","0","0","0","N","0","0","0","2","36412","0","","1","01","N","N","0","","0","0","1","3","2","N","1730","0","2","0","0","0","0","0","3","0","2","N","","","","","","","","","","","","03","  ","","",""
"0800","1","0","0","0","0","0","0","0","0","4","0","","36","09","2016","2016094057","5","39.9865","-76.2812","0756","08","0","0","0","0","0","1","0","0","","0","0","0","07","1","0","01","0","39 59:11.342","","00","76 16:52.253","0","0","0","0","36240","0","0","0","N","0","0","0","2","36240","0","","1","01","N","N","0","","0","0","0","3","2","","0755","0","2","0","0","0","0","0","1","1","2","N","","","","","","","","","","","","03","  ","","",""
"1441","1","0","0","0","0","0","0","0","0","1","0","","36","09","2016","2016094060","6","40.162","-76.3932","1439","08","1","0","0","0","0","0","0","0","2","0","0","0","14","1","1","00","2","40 09:43.036","1","00","76 23:35.384","8","0","0","0","36410","0","0","0","","0","0","0","5","36410","0","","1","01","N","N","1","","0","0","1","0","0","N","1436","1","3","0","0","0","1","0","2","0","3","N","","","","","","","","","","","","03","  ","","",""
"0920","0","0","0","1","0","0","0","0","0","4","0","","36","09","2016","2016094061","4","39.9908","-76.3529","0853","08","0","0","0","0","0","0","0","0","","0","0","0","08","1","1","02","0","39 59:26.926","","00","76 21:10.533","4","0","0","0","36223","1","0","0","","0","0","0","2","36223","1","","1","01","N","N","0","","0","0","1","0","0","","0850","1","2","0","0","0","0","0","1","0","1","N","","","","","","","","","","","","03","  ","","",""
"1613","1","0","0","0","0","0","0","0","0","4","0","","36","09","2016","2016094072","6","40.0792","-76.3465","1604","08","0","0","0","0","0","0","0","0","","0","0","0","16","1","0","02","0","40 04:45.200","","02","76 20:47.500","0","0","0","0","36101","0","0","0","N","0","0","0","2","36101","0","","1","01","N","N","1","","0","0","0","0","0","","1600","0","2","0","0","0","0","0","3","0","2","N","","","","","","","","","","","","03","  ","","",""
"0744","1","0","0","0","0","0","0","0","0","7","0","","36","09","2016","2016094080","7","40.1356","-76.5631","0743","08","0","0","1","0","0","0","0","0","2","0","0","0","07","1","0","00","1","40 08:08.076","2","00","76 33:47.234","0","0","0","0","36225","0","0","0","N","0","0","0","1","36505","0","","4","01","N","N","0","","0","0","0","0","0","N","0743","0","1","0","0","0","0","0","2","0","1","N","","","","","","","","","","","","03","  ","","",""
"1447","0","0","0","1","0","0","0","0","0","5","0","","36","09","2016","2016094082","2","40.0426","-76.3182","1447","08","0","0","0","0","0","1","0","0","1","0","0","0","14","1","1","00","2","40 02:33.277","1","00","76 19:05.685","3","0","0","0","36301","1","0","0","N","0","0","0","2","36301","0","","1","01","N","Y","0","","1","0","0","0","0","Y","1447","1","2","0","0","0","0","0","3","1","1","N","","","","","","","","","","","","03","  ","","",""
"0908","1","0","0","0","0","0","0","0","0","1","0","","36","09","2016","2016094083","4","40.0575","-76.3983","0901","08","0","0","0","0","0","0","0","0","","0","0","0","08","1","1","00","0","40 03:26.830","","00","76 23:53.946","8","0","0","0","36214","0","0","0","N","0","0","0","2","36214","0","","1","01","N","N","0","","0","0","1","3","2","","0859","1","2","0","0","0","1","0","3","0","2","N","","","","","","","","","","","","03","  ","","",""
"1257","1","0","0","0","0","0","0","0","0","7","0","","36","09","2016","2016094084","7","","","1254","08","0","0","0","0","0","0","0","0","2","0","0","0","12","1","0","00","1","","4","00","","0","0","0","0","36225","0","0","0","Y","0","0","0","1","36505","0","","3","01","N","N","0","","0","0","0","0","0","N","1254","0","1","0","0","0","0","0","2","0","1","N","","","","","","","","","","","","03","  ","","",""
"0835","1","0","0","0","0","0","0","0","0","8","0","","36","09","2016","2016094094","4","40.2235","-76.1433","0832","08","0","0","1","0","0","0","0","0","2","0","0","0","08","1","1","00","1","40 13:24.600","3","00","76 08:35.800","3","0","0","0","36210","1","0","0","N","1","0","0","2","36210","0","","1","01","N","N","0","","1","0","0","0","0","N","0829","1","2","0","0","0","0","0","1","0","1","N","","","","","","","","","","","","03","  ","","",""
"0834","2","0","0","0","0","0","0","0","0","4","0","","36","09","2016","2016094133","4","40.0501","-76.2961","0830","08","0","0","0","0","0","0","0","0","1","0","0","0","08","1","0","01","2","40 03:00.327","2","00","76 17:45.949","0","0","0","0","36301","0","0","0","N","0","0","0","3","36301","0","","1","01","N","N","0","","0","0","0","3","3","N","0829","0","2","0","0","0","0","0","3","0","2","N","","","","","","","","","","","","03","  ","","",""
"1131","0","0","0","0","0","0","0","0","0","7","1","","36","09","2016","2016094145","4","40.0536","-76.2996","1123","08","0","0","0","0","0","1","0","0","4","0","1","0","11","1","0","00","2","40 03:13.000","5","01","76 17:58.700","0","0","0","0","36301","0","0","0","N","0","0","0","1","36301","0","","4","01","N","N","0","","0","0","0","0","0","Y","1123","0","1","0","0","0","0","0","3","0","1","N","","","","","","","","","","","","03","  ","","",""
"0727","0","0","0","0","0","0","0","0","0","1","0","","36","09","2016","2016094155","4","40.229","-76.0846","0724","08","1","0","0","0","0","0","0","0","","0","0","0","07","1","0","01","0","40 13:44.336","","00","76 05:04.484","0","0","0","0","36210","0","0","0","N","0","0","0","2","36210","0","","1","01","N","N","0","","0","0","1","0","0","","0722","0","2","0","0","0","0","0","1","1","2","N","","","","","","","","","","","","03","  ","","",""
"1108","0","0","0","0","0","0","0","0","0","7","0","","36","09","2016","2016094175","4","40.0506","-76.2573","1107","08","0","0","0","0","0","1","0","0","","0","0","0","11","1","1","00","0","40 03:02.184","","00","76 15:26.440","4","0","0","1","36215","0","0","0","N","0","0","0","2","36215","1","","3","01","N","N","0","","0","0","0","0","0","","1105","1","1","0","0","0","0","0","1","0","1","N","","","","","","","","","","","","03","  ","","",""
"0733","1","0","0","0","0","0","0","0","0","4","0","","36","09","2016","2016094241","5","40.001","-76.4215","0724","08","0","0","0","0","0","1","0","1","1","0","0","0","07","1","1","01","1","40 00:03.498","6","00","76 25:17.439","3","0","0","0","36223","0","0","0","","0","0","0","2","36223","0","","1","01","N","N","1","","1","0","0","3","3","Y","0724","1","2","0","0","0","0","0","1","0","2","N","","","","","","","","","","","","03","  ","","",""
"1803","2","0","0","0","0","0","0","0","0","4","0","","36","09","2016","2016094375","5","40.0441","-76.2836","1800","08","0","0","0","0","0","0","0","1","","0","0","0","17","1","0","01","0","40 02:38.900","","00","76 17:01.014","0","0","0","0","36301","0","0","0","N","0","0","0","2","36101","0","","1","01","N","N","0","","0","0","0","3","3","","1754","0","2","0","0","0","0","0","3","0","2","N","","","","","","","","","","","","03","  ","","",""
"1940","1","0","0","1","0","0","0","0","0","4","0","","36","08","2016","2016094382","7","40.0386","-76.3149","1935","08","0","0","0","0","0","0","0","0","1","0","0","0","19","1","1","01","1","40 02:18.921","4","00","76 18:53.676","4","0","0","0","36301","1","0","0","N","0","0","0","2","36301","1","","1","01","N","N","0","","0","0","0","0","0","N","1933","1","2","0","0","0","0","0","3","0","1","N","","","","","","","","","","","","03","  ","","",""
"1324","2","0","0","0","0","0","0","0","0","4","0","","36","08","2016","2016094460","1","40.0332","-76.3913","1316","08","0","0","0","0","0","0","1","0","","0","0","0","13","1","0","00","0","40 01:59.340","","07","76 23:28.790","0","0","0","0","36223","0","0","0","","0","0","0","2","36223","0","","1","01","N","N","0","","0","0","0","0","0","","1315","0","2","0","0","0","0","0","1","0","2","N","","","","","","","","","","","","03","  ","","",""
"1821","1","0","0","0","0","0","0","0","0","0","0","","36","09","2016","2016094461","3","40.0194","-76.3885","1818","08","0","0","0","0","0","0","0","0","2","0","0","0","18","1","2","00","1","40 01:09.700","4","00","76 23:18.680","4","0","0","0","36223","0","0","0","","0","0","0","2","36223","2","","1","01","N","N","0","","0","0","0","0","0","Y","1817","2","1","0","0","0","0","0","1","0","1","N","","","","","","","","","","","","03","  ","","",""
"0524","0","0","0","0","0","0","0","0","0","4","0","","36","09","2016","2016094462","4","40.0392","-76.361","0512","08","0","0","0","0","0","1","0","0","1","0","2","0","05","3","1","10","1","40 02:21.027","4","00","76 21:39.696","4","0","0","0","36223","0","0","0","","0","0","0","2","36223","1","","1","01","N","N","0","","0","0","0","0","0","Y","0510","1","2","0","0","0","0","0","1","0","2","N","","","","","","","","","","","","03","  ","","",""
"0807","2","0","0","0","0","0","0","0","0","7","0","","36","09","2016","2016094463","4","40.0368","-76.4078","0800","08","0","0","0","0","0","0","1","0","1","0","0","0","07","1","1","00","1","40 02:12.388","5","07","76 24:28.211","3","0","0","0","36223","0","0","0","","0","0","0","1","36223","0","","4","98","N","N","1","","1","0","1","0","0","Y","0757","1","5","0","0","0","0","0","1","1","5","N","","","","","","","","","","","","03","  ","","",""
"1108","1","0","0","0","0","0","0","0","0","4","0","","36","09","2016","2016094472","4","40.1965","-76.1696","1107","08","0","0","0","0","0","1","0","0","","0","0","0","11","1","2","00","0","40 11:47.321","","00","76 10:10.731","3","0","0","0","36218","0","0","0","N","0","0","0","4","36408","1","","1","01","N","N","0","","1","0","1","0","0","","1105","2","2","0","0","0","0","0","1","0","2","N","","","","","","","","","","","","03","  ","","",""
"1323","1","0","0","0","0","0","0","0","0","7","0","","36","09","2016","2016094475","1","40.1594","-76.6294","1314","08","0","0","0","0","0","1","0","0","2","0","0","0","13","1","1","00","1","40 09:33.667","3","00","76 37:45.915","3","0","0","0","36237","0","0","0","Y","0","0","0","1","36505","0","","4","01","N","N","0","","1","0","0","0","0","N","1312","1","1","0","0","0","0","0","1","0","1","N","","","","","","","","","","","","03","  ","","",""
"0903","1","0","0","0","0","0","0","0","0","1","0","","36","09","2016","2016094509","5","40.1845","-76.601","0853","08","0","0","0","1","0","1","0","0","","0","0","0","08","1","0","01","0","40 11:04.371","","00","76 36:03.692","0","0","0","0","36225","0","0","0","N","0","0","0","2","36505","0","","1","01","N","N","1","","0","0","0","0","0","","0853","0","2","0","0","0","0","0","2","0","2","N","","","","","","","","","","","","03","  ","","",""
"0735","2","0","0","0","0","0","0","0","0","5","0","","36","09","2016","2016094521","5","40.032","-76.3114","0735","08","0","0","1","0","0","0","0","0","1","0","0","0","07","5","1","00","1","40 01:55.189","2","00","76 18:40.893","4","0","0","0","36301","0","0","0","N","0","0","0","1","36301","1","","6","01","N","N","0","","0","0","1","0","0","N","0735","1","4","0","0","0","0","0","3","1","4","N","","","","","","","","","","","","03","  ","","",""
"1707","1","0","1","0","0","0","0","0","0","4","0","","36","09","2016","2016094596","4","40.2057","-76.1752","1702","08","0","0","0","0","0","1","0","1","","0","0","0","16","1","1","01","0","40 12:20.434","","00","76 10:30.803","2","0","0","0","36218","0","0","0","Y","0","0","0","2","36408","0","","1","01","N","N","1","","0","1","0","0","0","","1659","1","2","0","0","0","0","0","1","0","2","N","","","","","","","","","","","","03","  ","","",""
"1636","0","0","0","0","0","0","0","0","0","4","0","","36","08","2016","2016094629","3","39.9122","-76.1872","1627","08","0","0","0","0","0","0","0","0","","0","0","0","16","1","1","00","0","39 54:43.832","","00","76 11:13.887","4","0","0","0","36229","0","0","0","","0","0","0","4","68J01","1","","1","01","N","N","1","","0","0","1","0","0","","1620","1","2","0","0","0","0","0","1","0","2","N","","","","","","","","","","","","03","  ","","",""
"1154","0","0","0","0","0","0","0","0","0","4","0","","36","09","2016","2016094646","7","39.8714","-76.2283","1144","08","0","0","0","0","0","1","0","0","","0","0","0","11","1","1","00","0","39 52:17.016","","00","76 13:41.828","3","0","0","0","36212","0","0","0","","0","0","0","2","68J01","0","","1","01","N","N","1","","1","0","1","0","0","","1144","1","2","0","0","0","0","0","1","0","2","N","","","","","","","","","","","","03","  ","","",""
"1552","1","0","0","0","0","0","0","0","0","4","0","","36","08","2016","2016094689","7","39.8414","-76.0932","1524","08","0","0","0","0","0","0","1","0","1","0","0","0","15","1","0","01","1","39 50:28.973","1","00","76 05:35.577","0","0","0","0","36205","0","0","0","","0","0","0","3","68J01","0","","1","01","N","N","1","","0","0","0","3","3","N","1524","0","2","0","0","0","0","0","1","0","2","N","","","","","","","","","","","","03","  ","","",""
"2212","2","0","0","0","0","0","0","0","0","1","0","","36","09","2016","2016094698","3","39.9849","-76.0597","2201","08","0","0","0","0","0","0","0","0","2","0","0","0","22","2","1","00","2","39 59:05.471","6","00","76 03:34.972","4","0","0","0","36226","0","0","0","","0","0","0","2","68J01","1","","1","01","N","N","0","","0","0","0","0","0","Y","2200","1","2","0","0","1","0","0","1","0","2","N","","","","","","","","","","","","03","  ","","",""
"1042","0","0","0","0","0","0","0","0","0","7","0","","36","09","2016","2016094705","7","39.89","-76.1415","1027","08","0","0","0","0","0","0","0","0","","0","0","0","10","1","0","00","0","39 53:24.071","","00","76 08:29.296","0","0","0","0","36216","0","0","0","","0","0","0","1","68J01","0","","2","01","N","N","0","","0","0","1","0","0","","1027","0","1","0","0","0","0","0","1","0","1","N","","","","","","","","","","","","03","  ","","",""
"1711","1","0","0","0","0","0","0","0","0","4","0","","36","09","2016","2016094722","5","40.1555","-76.6047","1708","08","0","0","0","0","0","0","1","0","","0","0","0","17","1","0","02","0","40 09:19.900","","00","76 36:16.800","0","0","0","0","36407","0","0","0","N","0","0","0","2","36407","0","","1","01","N","N","0","","0","0","0","0","0","","1707","0","2","0","0","0","0","0","2","1","2","N","","","","","","","","","","","","03","  ","","",""
"2055","1","0","0","0","0","0","0","0","0","2","0","","36","09","2016","2016094733","2","40.1722","-76.5987","2052","08","0","0","0","0","0","1","0","0","4","0","0","0","20","3","5","00","2","40 10:19.949","5","07","76 35:55.326","8","0","0","0","36225","0","0","0","N","0","0","0","5","36505","0","","1","01","N","N","1","","0","0","0","0","0","Y","2052","5","2","0","0","0","5","0","2","0","2","N","","","","","","","","","","","","03","  ","","",""
"0717","1","0","0","0","0","0","0","0","0","1","0","","36","09","2016","2016094741","4","40.1293","-76.5234","0713","08","0","0","0","0","0","0","0","0","","0","0","0","07","1","1","00","0","40 07:45.484","","00","76 31:24.406","4","0","0","0","36225","0","0","0","N","0","0","0","2","36505","1","","1","01","N","N","0","","0","0","1","0","0","","0710","1","2","0","0","0","0","0","2","0","2","N","","","","","","","","","","","","03","  ","","",""