"ARRIVAL_TM","AUTOMOBILE_COUNT","BELTED_DEATH_COUNT","BELTED_SUSP_SERIOUS_INJ_COUNT","BICYCLE_COUNT","BICYCLE_DEATH_COUNT","BICYCLE_SUSP_SERIOUS_INJ_COUNT","BUS_COUNT","CHLDPAS_DEATH_COUNT","CHLDPAS_SUSP_SERIOUS_INJ_COUNT","COLLISION_TYPE","COMM_VEH_COUNT","CONS_ZONE_SPD_LIM","COUNTY","CRASH_MONTH","CRASH_YEAR","CRN","DAY_OF_WEEK","DEC_LAT","DEC_LONG","DISPATCH_TM","DISTRICT","DRIVER_COUNT_16YR","DRIVER_COUNT_17YR","DRIVER_COUNT_18YR","DRIVER_COUNT_19YR","DRIVER_COUNT_20YR","DRIVER_COUNT_50_64YR","DRIVER_COUNT_65_74YR","DRIVER_COUNT_75PLUS","EST_HRS_CLOSED","FATAL_COUNT","HEAVY_TRUCK_COUNT","HORSE_BUGGY_COUNT","HOUR_OF_DAY","ILLUMINATION","INJURY_COUNT","INTERSECT_TYPE","LANE_CLOSED","LATITUDE","LN_CLOSE_DIR","LOCATION_TYPE","LONGITUDE","MAX_SEVERITY_LEVEL","MCYCLE_DEATH_COUNT","MCYCLE_SUSP_SERIOUS_INJ_COUNT","MOTORCYCLE_COUNT","MUNICIPALITY","NONMOTR_COUNT","NONMOTR_DEATH_COUNT","NONMOTR_SUSP_SERIOUS_INJ_COUNT","NTFY_HIWY_MAINT","PED_COUNT","PED_DEATH_COUNT","PED_SUSP_SERIOUS_INJ_COUNT","PERSON_COUNT","POLICE_AGCY","POSSIBLE_INJ_COUNT","RDWY_SURF_TYPE_CD","RELATION_TO_ROAD","ROAD_CONDITION","SCH_BUS_IND","SCH_ZONE_IND","SMALL_TRUCK_COUNT","SPEC_JURIS_CD","SUSP_MINOR_INJ_COUNT","SUSP_SERIOUS_INJ_COUNT","SUV_COUNT","TCD_FUNC_CD","TCD_TYPE","TFC_DETOUR_IND","TIME_OF_DAY","TOT_INJ_COUNT","TOTAL_UNITS","UNB_DEATH_COUNT","UNB_SUSP_SERIOUS_INJ_COUNT","UNBELTED_OCC_COUNT","UNK_INJ_DEG_COUNT","UNK_INJ_PER_COUNT","URBAN_RURAL","VAN_COUNT","VEHICLE_COUNT","WORK_ZONE_IND","WORK_ZONE_LOC","WORK_ZONE_TYPE","WORKERS_PRES","WZ_CLOSE_DETOUR","WZ_FLAGGER","WZ_LAW_OFFCR_IND","WZ_LN_CLOSURE","WZ_MOVING","WZ_OTHER","WZ_SHLDER_MDN","ROADWAY_CLEARED","WEATHER1","WEATHER2","WZ_WORKERS_INJ_KILLED","SECONDARY_CRASH","INTERSECTION_RELATED"
"0002","4","0","0","0","0","0","0","0","0","5","0","","36","09","2016","2016094762","6","40.0354","-76.3073","0001","08","0","0","0","0","0","0","0","0","2","0","0","0","23","3","0","00","1","40 02:07.501","2","00","76 18:26.361","0","0","0","0","36301","0","0","0","N","0","0","0","1","36301","0","","1","01","N","N","0","","0","0","0","0","0","Y","2359","0","4","0","0","0","0","0","3","0","4","N","","","","","","","","","","","","03","  ","","",""
"0532","1","0","0","0","0","0","0","0","0","1","0","","36","09","2016","2016094769","2","40.1914","-76.1705","0530","08","0","0","0","0","0","0","0","0","2","0","0","0","05","2","0","02","1","40 11:28.915","1","00","76 10:13.828","0","0","0","0","36218","0","0","0","N","0","0","0","2","36408","0","","1","01","N","N","1","","0","0","0","0","0","N","0527","0","2","0","0","0","0","0","1","0","2","N","","","","","","","","","","","","03","  ","","",""
"2346","1","0","0","0","0","0","0","0","0","7","0","","36","09","2016","2016094770","4","39.9901","-76.2505","2340","08","0","0","0","1","0","0","0","0","3","0","0","0","23","2","0","00","2","39 59:24.420","6","00","76 15:01.688","0","0","0","0","36240","0","0","0","N","0","0","0","1","36240","0","","5","01","N","N","0","","0","0","0","0","0","Y","2340","0","1","0","0","0","0","0","1","0","1","N","","","","","","","","","","","","03","  ","","",""
"0138","2","0","0","0","0","0","0","0","0","1","0","","36","09","2016","2016094791","6","40.0451","-76.2983","0130","08","0","0","0","0","0","0","0","0","2","0","0","0","01","3","0","00","1","40 02:42.405","2","00","76 17:53.732","9","0","0","0","36301","0","0","0","N","0","0","0","3","36301","0","","4","01","N","N","0","","0","0","0","0","0","N","0130","0","2","0","0","0","0","3","3","0","2","N","","","","","","","","","","","","03","  ","","",""
"0719","1","0","0","0","0","0","0","0","0","1","0","","36","09","2016","2016094856","6","40.0224","-76.3763","0713","08","0","1","0","0","0","0","1","0","2","0","0","0","07","1","0","00","2","40 01:20.500","3","00","76 22:34.620","0","0","0","0","36223","0","0","0","","0","0","0","2","36223","0","","1","01","N","N","0","","0","0","1","0","0","N","0713","0","2","0","0","0","0","0","1","0","2","N","","","","","","","","","","","","03","  ","","",""
"0923","0","0","0","0","0","0","0","0","0","7","0","","36","09","2016","2016094857","1","40.0319","-76.4033","0913","08","0","0","0","0","0","1","0","0","","0","0","0","09","1","0","00","0","40 01:54.835","","00","76 24:11.733","0","0","0","0","36223","0","0","0","","0","0","0","1","36223","0","","4","01","N","N","1","","0","0","0","0","0","","0910","0","1","0","0","0","0","0","1","0","1","N","","","","","","","","","","","","03","  ","","",""
"1656","2","0","0","0","0","0","0","0","0","4","0","","36","09","2016","2016094859","4","40.033","-76.506","1641","08","0","0","1","0","0","0","0","0","1","0","0","0","16","1","0","01","1","40 01:58.979","3","00","76 30:21.554","0","0","0","0","36404","0","0","0","N","0","0","0","2","36404","0","","1","01","N","N","0","","0","0","0","3","3","N","1641","0","2","0","0","0","0","0","3","0","2","N","","","","","","","","","","","","03","  ","","",""
"0658","2","0","0","0","0","0","0","0","0","4","0","","36","09","2016","2016094862","3","40.0685","-76.3074","0657","08","0","0","0","0","0","0","0","0","2","0","0","0","06","1","1","01","1","40 04:06.527","1","00","76 18:26.750","4","0","0","0","36101","0","0","0","N","0","0","0","3","36101","1","","1","01","N","N","0","","0","0","0","3","2","N","0654","1","2","0","0","0","0","0","3","0","2","N","","","","","","","","","","","","03","  ","","",""
"1919","2","0","0","0","0","0","0","0","0","4","0","","36","09","2016","2016094870","6","40.1646","-76.1726","1917","08","0","0","0","0","0","0","0","0","9","0","0","0","19","1","0","01","1","40 09:52.610","3","00","76 10:21.522","0","0","0","0","36218","0","0","0","N","0","0","0","4","36408","0","","1","01","N","N","0","","0","0","0","3","3","N","1914","0","2","0","0","0","0","0","1","0","2","N","","","","","","","","","","","","03","  ","","",""
"1737","2","0","0","0","0","0","0","0","0","1","0","","36","08","2016","2016094873","3","40.037","-76.3007","1734","08","0","0","0","0","0","0","0","0","2","0","0","0","17","1","1","00","2","40 02:13.353","3","00","76 18:02.662","8","0","0","0","36301","0","0","0","N","0","0","0","2","36301","0","","1","01","N","Y","0","","0","0","0","0","0","Y","1734","1","2","0","0","0","1","0","3","0","2","N","","","","","","","","","","","","03","  ","","",""
"0758","2","0","0","0","0","0","0","0","0","4","0","","36","09","2016","2016094911","6","40.044","-76.294","0749","08","1","0","0","0","0","0","0","0","","0","0","0","07","1","1","01","0","40 02:38.288","","00","76 17:38.561","3","0","0","0","36301","0","0","0","N","0","0","0","3","36301","0","","1","01","N","N","0","","1","0","0","3","3","","0746","1","2","0","0","0","0","0","3","0","2","N","","","","","","","","","","","","03","  ","","",""
"2245","0","0","0","0","0","0","0","0","0","1","0","","36","09","2016","2016094912","7","40.111","-76.489","2244","08","0","0","0","0","0","0","0","0","9","0","0","0","22","2","0","00","1","40 06:39.700","2","00","76 29:20.400","0","0","0","0","36413","0","0","0","N","0","0","0","1","36413","0","","6","01","N","N","0","","0","0","1","0","0","N","2244","0","2","0","0","0","0","0","2","1","2","N","","","","","","","","","","","","03","  ","","",""
"1543","2","0","0","0","0","0","0","0","0","4","0","","36","09","2016","2016094954","3","40.1929","-76.1858","1537","08","0","0","0","0","0","0","0","0","","0","0","0","15","1","0","02","0","40 11:34.450","","07","76 11:08.746","0","0","0","0","36218","0","0","0","N","0","0","0","3","36408","0","","1","01","N","N","0","","0","0","0","3","3","","1535","0","2","0","0","0","0","0","1","0","2","N","","","","","","","","","","","","03","  ","","",""
"1614","0","0","0","0","0","0","0","0","0","4","0","","36","09","2016","2016094959","6","40.0819","-76.351","1608","08","0","0","0","0","0","1","0","0","2","0","0","0","16","1","1","01","2","40 04:54.975","4","02","76 21:03.454","8","0","0","0","36214","0","0","0","N","0","0","0","5","36214","0","","1","01","N","N","1","","0","0","1","3","2","Y","1606","1","2","0","0","0","1","0","3","0","2","N","","","","","","","","","","","","03","  ","","",""
"1813","2","0","0","0","0","0","0","0","0","4","0","","36","08","2016","2016095017","3","40.2264","-76.1804","1808","08","0","0","1","0","0","1","0","0","2","0","0","0","18","1","1","01","2","40 13:34.893","5","00","76 10:49.273","4","0","0","0","36236","0","0","0","N","0","0","0","2","36408","1","","1","01","N","N","0","","0","0","0","3","3","N","1805","1","2","0","0","0","0","0","1","0","2","N","","","","","","","","","","","","03","  ","","",""
"0331","0","0","0","0","0","0","0","0","0","7","0","","36","09","2016","2016095092","3","40.1443","-76.644","0327","08","0","0","1","0","0","0","0","0","1","0","0","0","03","2","1","00","1","40 08:39.512","4","00","76 38:38.420","4","0","0","0","36237","0","0","0","N","0","0","0","1","36505","1","","4","01","N","N","0","","0","0","0","0","0","N","0320","1","1","0","0","0","0","0","1","1","1","N","","","","","","","","","","","","03","  ","","",""
"1505","2","0","0","0","0","0","0","0","0","1","0","","36","09","2016","2016095093","6","39.9652","-76.2381","1505","08","0","0","0","0","0","0","0","0","1","0","0","0","15","1","0","02","2","39 57:54.827","2","00","76 14:16.999","0","0","0","0","36240","0","0","0","N","0","0","0","3","36240","0","","1","01","N","N","0","","0","0","0","3","3","N","1503","0","2","0","0","0","0","0","1","0","2","N","","","","","","","","","","","","03","  ","","",""
"1755","1","0","0","0","0","0","0","0","0","4","0","","36","09","2016","2016095190","4","40.0247","-76.3053","1753","08","0","0","0","0","0","0","0","1","1","0","0","0","17","1","1","00","1","40 01:29.094","2","07","76 18:18.924","2","0","1","1","36301","0","0","0","N","0","0","0","2","36301","0","","1","01","N","N","0","","0","1","0","0","0","N","1753","1","2","0","0","0","0","0","3","0","2","N","","","","","","","","","","","","03","  ","","",""
"0555","0","0","0","0","0","0","0","0","0","7","0","","36","09","2016","2016095215","4","40.0126","-76.2864","0550","08","0","0","0","0","0","0","0","0","","0","0","0","00","2","0","02","0","40 00:45.453","","00","76 17:10.957","9","0","0","0","36240","0","0","0","N","0","0","0","1","36240","0","","4","01","N","N","0","","0","0","1","0","0","","0030","0","1","0","0","0","0","1","1","0","1","N","","","","","","","","","","","","03","  ","","",""
"1135","2","0","0","0","0","0","0","0","0","4","0","","36","09","2016","2016095219","6","40.1694","-76.1978","1127","08","0","0","0","0","0","0","0","1","","0","0","0","11","1","2","01","0","40 10:09.748","","00","76 11:51.952","8","0","0","0","36408","0","0","0","N","0","0","0","2","36408","0","","1","01","N","N","0","","0","0","0","3","2","","1124","2","2","0","0","0","2","0","2","0","2","N","","","","","","","","","","","","03","  ","","",""
"0713","1","0","0","0","0","0","0","0","0","1","1","","36","09","2016","2016095244","2","39.9901","-76.3185","0712","08","0","0","0","0","0","1","0","0","2","0","1","0","07","1","1","00","2","39 59:24.316","4","00","76 19:06.457","3","0","0","0","36228","0","0","0","N","0","0","0","2","36503","0","","1","01","N","N","0","","1","0","0","0","0","N","0709","1","2","0","0","0","0","0","1","0","2","N","","","","","","","","","","","","03","  ","","",""
"1840","0","0","0","0","0","0","0","0","0","4","0","","36","09","2016","2016095320","7","40.1849","-76.4084","1830","08","0","1","0","0","0","0","1","0","1","0","0","0","18","1","3","00","2","40 11:05.492","5","07","76 24:30.402","8","0","0","0","36230","0","0","0","N","0","0","0","3","36410","0","","1","01","N","N","1","","0","0","0","0","0","Y","1830","3","2","0","0","0","3","0","1","1","2","N","","","","","","","","","","","","03","  ","","",""
"1910","1","0","0","0","0","0","0","0","0","4","0","","36","09","2016","2016095331","2","40.0382","-76.3235","1903","08","0","0","0","0","0","0","0","0","1","0","0","0","19","1","1","01","1","40 02:17.653","1","00","76 19:24.603","3","0","0","0","36301","0","0","0","N","0","0","0","2","36301","0","","1","01","N","N","0","","1","0","1","3","2","N","1903","1","2","0","0","0","0","0","3","0","2","N","","","","","","","","","","","","03","  ","","",""
"2150","2","0","0","0","0","0","0","0","0","1","0","","36","09","2016","2016095358","6","40.0614","-76.4073","2143","08","0","0","0","1","0","2","0","0","2","0","0","0","21","3","0","00","2","40 03:41.089","6","00","76 24:26.220","0","0","0","1","36214","0","0","0","N","0","0","0","6","36214","0","","1","01","N","N","0","","0","0","0","3","8","Y","2143","0","3","0","0","0","0","0","3","0","3","N","","","","","","","","","","","","03","  ","","",""
"1751","1","0","0","0","0","0","0","0","0","1","0","","36","09","2016","2016095382","6","40.0709","-76.323","1734","08","0","0","0","0","0","0","0","0","","0","0","0","16","1","0","00","0","40 04:15.199","","00","76 19:22.716","0","0","0","0","36101","0","0","0","N","0","0","0","3","36101","0","","1","01","N","N","0","","0","0","1","0","0","","1629","0","2","0","0","0","0","0","3","0","2","N","","","","","","","","","","","","03","  ","","",""
"0657","2","0","0","0","0","0","0","0","0","1","0","","36","09","2016","2016095395","5","40.1565","-76.133","0653","08","0","0","0","0","0","0","0","0","","0","0","0","06","5","0","02","0","40 09:23.405","","00","76 07:58.755","0","0","0","0","36209","0","0","0","N","0","0","0","2","36415","0","","1","01","N","N","0","","0","0","0","0","0","","0645","0","2","0","0","0","0","0","1","0","2","N","","","","","","","","","","","","03","  ","","",""
"1427","2","0","0","0","0","0","0","0","0","4","0","","36","09","2016","2016095398","3","39.9811","-76.3177","1425","08","0","0","0","0","0","0","0","0","1","0","0","0","14","1","1","01","1","39 58:51.844","1","00","76 19:03.584","3","0","0","0","36228","0","0","0","N","0","0","0","6","36503","0","","1","01","N","N","1","","1","0","0","3","2","N","1424","1","3","0","0","1","0","0","1","0","3","N","","","","","","","","","","","","03","  ","","",""
"0710","0","0","0","0","0","0","0","0","0","7","0","","36","09","2016","2016095401","6","40.1061","-76.2932","0650","08","0","0","0","0","1","0","0","0","1","0","0","0","06","1","0","00","1","40 06:21.895","3","00","76 17:35.605","0","0","0","0","36101","0","0","0","N","0","0","0","2","36101","0","","4","01","N","N","0","","0","0","0","0","0","N","0648","0","1","0","0","1","0","0","3","1","1","N","","","","","","","","","","","","03","  ","","",""
"1430","0","0","0","0","0","0","0","0","0","1","0","","36","09","2016","2016095411","6","40.0695","-76.3076","1430","08","0","0","0","0","0","1","0","0","","0","0","0","14","1","0","01","0","40 04:10.082","","00","76 18:27.453","0","0","0","0","36101","0","0","0","N","0","0","0","3","36101","0","","1","01","N","N","0","","0","0","3","3","2","","1402","0","3","0","0","0","0","0","3","0","3","N","","","","","","","","","","","","03","  ","","",""
"1604","2","0","0","0","0","0","0","0","0","1","0","","36","09","2016","2016095422","6","40.0697","-76.2876","1553","08","0","0","0","0","1","0","0","0","3","0","0","0","15","1","0","00","1","40 04:11.065","2","00","76 17:15.263","0","0","0","0","36101","0","0","0","N","0","0","0","5","36101","0","","1","01","N","N","1","","0","0","0","0","0","N","1547","0","3","0","0","0","0","0","3","0","3","N","","","","","","","","","","","","03","  ","","",""
"1827","0","0","0","0","0","0","0","0","0","6","0","","36","09","2016","2016095455","2","40.0322","-76.3246","1816","08","0","0","0","0","0","1","0","0","2","0","0","0","18","1","0","01","2","40 01:56.067","1","00","76 19:28.466","0","0","0","0","36220","0","0","0","N","0","0","0","2","36101","0","","1","01","N","N","1","","0","0","1","0","0","Y","1813","0","2","0","0","0","0","0","3","0","2","N","","","","","","","","","","","","03","  ","","",""
"0129","2","0","0","0","0","0","0","0","0","5","0","","36","09","2016","2016095457","7","40.1011","-76.0947","0126","08","0","0","1","0","0","0","0","0","","0","0","0","01","3","0","00","0","40 06:03.851","","00","76 05:40.789","0","0","0","0","36415","0","0","0","N","0","0","0","1","36415","0","","6","01","N","N","0","","0","0","0","0","0","","0125","0","2","0","0","1","0","0","1","0","2","N","","","","","","","","","","","","03","  ","","",""
"0336","1","0","0","0","0","0","0","0","0","7","0","","36","08","2016","2016095472","1","40.1678","-76.5874","0330","08","0","0","0","0","0","0","0","0","","0","0","0","03","2","0","00","0","40 10:04.228","","00","76 35:14.681","0","0","0","0","36225","0","0","0","Y","0","0","0","1","36505","0","","3","01","N","N","0","","0","0","0","0","0","","0325","0","1","0","0","0","0","0","2","0","1","N","","","","","","","","","","","","03","  ","","",""
"2059","1","0","0","0","0","0","0","0","0","4","0","","36","09","2016","2016095538","2","40.0378","-76.2707","2055","08","0","0","0","0","0","0","0","0","2","0","0","0","20","3","1","03","1","40 02:16.133","3","07","76 16:14.670","8","0","0","0","36215","0","0","0","N","0","0","0","9","36215","0","","1","01","N","N","0","","0","0","1","3","2","Y","2054","1","2","0","0","0","1","0","1","0","2","N","","","","","","","","","","","","03","  ","","",""
"2211","1","0","0","0","0","0","0","0","0","7","0","","36","09","2016","2016095539","7","40.0659","-76.2549","2211","08","0","0","0","0","0","0","0","0","","0","0","0","22","2","0","02","0","40 03:57.211","","00","76 15:17.719","0","0","0","0","36215","0","0","0","N","0","0","0","3","36215","0","","4","01","N","N","0","","0","0","0","3","3","","2208","0","1","0","0","0","0","0","1","0","1","N","","","","","","","","","","","","03","  ","","",""
"1530","1","0","0","0","0","0","0","0","0","1","0","","36","09","2016","2016095544","4","40.0782","-76.3089","1508","08","0","0","0","0","0","0","0","0","","0","0","0","14","1","0","00","0","40 04:41.497","","00","76 18:31.875","0","0","0","0","36101","0","0","0","N","0","0","0","2","36101","0","","1","01","N","N","0","","0","0","1","0","0","","1455","0","2","0","0","0","0","0","3","0","2","N","","","","","","","","","","","","03","  ","","",""
"0604","0","0","0","0","0","0","0","0","0","7","0","","36","09","2016","2016095556","7","40.0708","-76.3254","0559","08","0","0","0","0","0","0","0","0","","0","0","0","05","2","0","00","0","40 04:15.038","","00","76 19:31.459","0","0","0","0","36101","0","0","0","N","0","0","0","1","36101","0","","3","01","N","N","1","","0","0","0","0","0","","0545","0","1","0","0","0","0","0","3","0","1","N","","","","","","","","","","","","03","  ","","",""
"0831","1","0","0","0","0","0","0","0","0","1","0","","36","09","2016","2016095571","2","40.0395","-76.2823","0824","08","0","0","0","0","0","0","0","0","","0","0","0","08","1","0","00","0","40 02:22.088","","00","76 16:56.416","0","0","0","0","36220","0","0","0","N","0","0","0","2","36101","0","","1","01","N","N","0","","0","0","1","0","0","","0819","0","2","0","0","0","0","0","3","0","2","N","","","","","","","","","","","","03","  ","","",""
"1724","1","0","0","0","0","0","0","0","0","1","1","","36","09","2016","2016095577","5","40.1318","-76.5656","1721","08","0","0","0","0","0","1","0","0","","0","1","0","17","1","0","00","0","40 07:54.498","","07","76 33:56.001","0","0","0","0","36225","0","0","0","N","0","0","0","3","36505","0","","1","01","N","N","0","","0","0","0","0","0","","1721","0","2","0","0","0","0","0","2","0","2","N","","","","","","","","","","","","03","  ","","",""
"1610","0","0","0","0","0","0","0","0","0","1","1","","36","09","2016","2016095589","3","40.0742","-76.3084","1608","08","0","0","0","0","0","2","0","0","3","0","1","0","16","1","0","00","2","40 04:27.094","2","00","76 18:30.411","0","0","0","0","36101","0","0","0","N","0","0","0","3","36101","0","","1","01","N","N","2","","0","0","0","0","0","N","1605","0","3","0","0","0","0","0","3","0","3","N","","","","","","","","","","","","03","  ","","",""
"0634","1","0","0","0","0","0","0","0","0","7","0","","36","09","2016","2016095639","2","40.0549","-76.2788","0623","08","0","0","0","0","0","0","0","0","2","0","0","0","06","5","0","00","1","40 03:17.700","1","00","76 16:43.800","0","0","0","0","36101","0","0","0","N","0","0","0","1","36101","0","","4","09","N","N","0","","0","0","0","0","0","Y","0619","0","1","0","0","0","0","0","3","0","1","N","","","","","","","","","","","","07","  ","","",""
"1353","0","0","0","0","0","0","0","0","0","7","0","","36","09","2016","2016095780","2","40.2382","-76.1625","1346","08","0","0","0","0","0","0","0","0","","0","0","0","13","1","0","00","0","40 14:17.628","","00","76 09:45.100","0","0","0","0","36236","0","0","0","N","0","0","0","1","36408","0","","5","09","N","N","1","","0","0","0","0","0","","1346","0","1","0","0","0","0","0","1","0","1","N","","","","","","","","","","","","07","  ","","",""
"1645","0","0","0","0","0","0","0","0","0","1","0","","36","09","2016","2016095955","5","40.0748","-76.0464","1635","08","0","0","0","0","0","1","0","0","2","0","0","0","16","1","1","00","1","40 04:29.341","4","00","76 02:47.148","3","0","0","1","36213","0","0","0","N","0","0","0","2","36213","0","","1","01","N","N","1","","1","0","0","0","0","N","1635","1","2","0","0","0","0","0","1","0","2","N","","","","","","","","","","","","03","  ","","",""
"2031","1","0","0","0","0","0","0","0","0","2","0","","36","09","2016","2016095964","2","40.1775","-76.1828","2030","08","0","0","0","0","0","1","0","0","2","0","0","0","20","3","1","00","2","40 10:38.845","6","00","76 10:58.083","8","0","0","0","36408","0","0","0","N","0","0","0","1","36408","0","","6","01","N","N","0","","0","0","1","0","0","N","2028","1","2","0","0","0","1","0","2","0","2","N","","","","","","","","","","","","03","  ","","",""
"1753","1","0","0","0","0","0","0","0","0","7","0","","36","09","2016","2016095981","7","40.0881","-76.3271","1748","08","0","0","0","0","0","1","0","0","2","0","0","0","17","1","0","00","1","40 05:17.221","4","00","76 19:37.506","0","0","0","0","36101","0","0","0","N","0","0","0","1","36101","0","","5","01","N","N","0","","0","0","0","0","0","N","1744","0","1","0","0","0","0","0","3","0","1","N","","","","","","","","","","","","03","  ","","",""
"2343","2","0","0","0","0","0","0","0","0","1","0","","36","09","2016","2016095991","2","40.1035","-76.2551","2334","08","0","0","0","0","0","0","0","0","","0","0","0","23","2","0","00","0","40 06:12.752","","00","76 15:18.353","9","0","0","0","36101","0","0","0","Y","0","0","0","3","36101","0","","1","01","N","N","0","","0","0","0","0","0","","2321","0","2","0","0","0","0","1","3","0","2","N","","","","","","","","","","","","03","  ","","",""
"0909","1","0","0","0","0","0","0","0","0","5","0","","36","09","2016","2016095998","1","40.0776","-76.3269","0900","08","0","0","0","0","0","0","1","0","","0","0","0","08","1","0","00","0","40 04:39.278","","00","76 19:36.884","0","0","0","0","36101","0","0","0","N","0","0","0","2","36101","0","","1","01","N","N","0","","0","0","1","0","0","","0856","0","2","0","0","0","0","0","3","0","2","N","","","","","","","","","","","","03","  ","","",""
"1127","1","0","0","0","0","0","0","0","0","7","0","","36","09","2016","2016096008","2","39.9412","-76.386","1112","08","0","0","0","0","0","0","0","0","","0","0","0","11","1","1","00","0","39 56:28.196","","00","76 23:09.759","8","0","0","0","36206","0","0","0","N","0","0","0","1","36503","0","","4","01","N","N","0","","0","0","0","0","0","","1111","1","1","0","0","0","1","0","1","0","1","N","","","","","","","","","","","","03","  ","","",""
"1505","0","0","0","0","0","0","0","0","0","1","0","","36","09","2016","2016096009","5","40.0025","-76.357","1503","08","0","0","0","0","0","0","2","0","1","0","0","0","15","1","0","00","1","40 00:09.100","4","00","76 21:25.300","0","0","0","0","36412","0","0","0","N","0","0","0","2","36412","0","","1","01","N","N","1","","0","0","1","0","0","N","1501","0","2","0","0","0","0","0","3","0","2","N","","","","","","","","","","","","03","  ","","",""
"0640","0","0","0","1","0","0","0","0","0","4","0","","36","08","2016","2016096035","4","40.1378","-75.9031","0618","08","0","0","0","0","0","0","0","0","","0","0","0","06","5","1","02","0","40 08:16.143","","00","75 54:11.320","8","0","0","0","36203","1","0","0","","0","0","0","2","68J01","0","","1","01","N","N","1","","0","0","0","0","0","","0618","1","2","0","0","0","1","0","1","0","1","N","","","","","","","","","","","","03","  ","","",""
"2011","0","0","0","0","0","0","0","0","0","0","0","","36","08","2016","2016096041","6","40.0653","-75.9466","1952","08","0","0","0","0","0","0","0","0","1","0","0","0","19","2","1","00","1","40 03:55.040","1","00","75 56:47.920","8","0","0","1","36232","0","0","0","","0","0","0","1","68J01","0","","1","01","N","N","0","","0","0","0","0","0","N","1952","1","1","0","0","0","1","0","1","0","1","N","","","","","","","","","","","","03","  ","","",""
"1251","1","0","0","0","0","0","0","0","0","4","0","","36","08","2016","2016096043","2","39.8877","-76.1624","1241","08","0","0","0","0","0","1","0","0","3","0","0","0","12","1","2","00","1","39 53:15.821","5","07","76 09:44.509","3","0","0","0","36212","0","0","0","","0","0","0","2","68J01","0","","1","01","N","N","1","","2","0","0","0","0","N","1229","2","2","0","0","0","0","0","1","0","2","N","","","","","","","","","","","","03","  ","","",""
"1816","1","0","0","0","0","0","0","0","0","7","0","","36","09","2016","2016096055","1","40.2315","-76.3191","1813","08","0","0","0","0","0","0","0","0","3","0","0","0","18","1","0","00","1","40 13:53.325","6","00","76 19:08.893","0","0","0","0","36217","0","0","0","","0","0","0","1","68J01","0","","4","01","N","N","0","","0","0","0","0","0","N","1809","0","1","0","0","0","0","0","1","0","1","N","","","","","","","","","","","","03","  ","","",""
"0912","1","0","0","0","0","0","0","0","0","4","0","","36","09","2016","2016096131","5","40.0316","-76.3045","0902","08","0","0","0","0","0","1","0","0","1","0","0","0","09","1","1","01","2","40 01:53.761","6","00","76 18:16.251","3","0","0","0","36301","0","0","0","N","0","0","0","2","36301","0","","1","01","N","N","0","","1","0","1","3","3","Y","0901","1","2","0","0","0","0","0","3","0","2","N","","","","","","","","","","","","03","  ","","",""
"1505","1","0","0","0","0","0","0","0","0","4","0","","36","09","2016","2016096170","5","40.044","-76.3242","1501","08","0","0","0","0","0","1","0","0","3","0","0","0","14","1","2","01","2","40 02:38.414","6","00","76 19:27.148","2","0","0","0","36301","0","0","0","N","0","0","0","2","36301","1","","1","01","N","N","0","","0","1","1","3","2","Y","1455","2","2","0","1","1","0","0","3","0","2","N","","","","","","","","","","","","03","  ","","",""
"1537","1","0","0","0","0","0","0","0","0","7","0","","36","09","2016","2016096201","5","40.1585","-76.6167","1531","08","0","0","0","0","0","0","0","1","2","0","0","0","15","1","1","00","2","40 09:30.678","6","00","76 37:00.109","2","0","0","0","36237","0","0","0","N","0","0","0","1","36505","0","","4","01","N","N","0","","0","1","0","0","0","Y","1530","1","1","0","1","1","0","0","1","0","1","N","","","","","","","","","","","","03","  ","","",""
"1008","0","0","0","0","0","0","0","0","0","4","0","","36","09","2016","2016096216","3","39.8908","-76.1629","0958","08","0","0","0","0","0","1","0","0","","0","0","0","09","1","2","02","0","39 53:26.940","","00","76 09:46.393","8","0","0","0","36416","0","0","0","N","0","0","0","2","36416","0","","1","01","N","N","1","","0","0","1","3","3","","0955","2","2","0","0","0","2","0","1","0","2","N","","","","","","","","","","","","03","  ","","",""
"1316","1","0","0","0","0","0","0","0","0","7","0","25","36","09","2016","2016096227","3","40.0575","-76.5285","1315","08","0","0","0","0","0","0","1","0","1","0","0","0","13","1","1","00","1","40 03:26.945","1","00","76 31:42.654","4","0","0","0","36211","0","0","0","N","0","0","0","1","36239","1","","4","01","N","N","0","","0","0","0","3","8","N","1310","1","1","0","0","0","0","0","1","0","1","Y","3","1","Y","","","N","","","","Y","","03","  ","","",""
"1300","1","0","0","0","0","0","0","0","0","4","0","","36","09","2016","2016096233","3","40.1013","-76.0933","1253","08","0","0","0","0","0","0","0","0","1","0","0","0","12","1","0","00","2","40 06:04.529","6","07","76 05:35.944","0","0","0","0","36415","0","0","0","N","0","0","0","2","36415","0","","1","01","N","N","0","","0","0","1","0","0","Y","1253","0","2","0","0","0","0","0","1","0","2","N","","","","","","","","","","","","03","  ","","",""
"1633","1","0","0","0","0","0","0","0","0","5","0","","36","09","2016","2016096238","2","40.033","-76.3196","1624","08","0","0","0","0","0","0","0","0","2","0","0","0","16","1","0","00","1","40 01:58.814","4","00","76 19:10.736","9","0","0","0","36301","0","0","0","N","0","0","0","1","36301","0","","1","01","N","N","0","","0","0","2","0","0","N","1624","0","3","0","0","0","0","1","3","0","3","N","","","","","","","","","","","","03","  ","","",""