"ARRIVAL_TM","AUTOMOBILE_COUNT","BELTED_DEATH_COUNT","BELTED_SUSP_SERIOUS_INJ_COUNT","BICYCLE_COUNT","BICYCLE_DEATH_COUNT","BICYCLE_SUSP_SERIOUS_INJ_COUNT","BUS_COUNT","CHLDPAS_DEATH_COUNT","CHLDPAS_SUSP_SERIOUS_INJ_COUNT","COLLISION_TYPE","COMM_VEH_COUNT","CONS_ZONE_SPD_LIM","COUNTY","CRASH_MONTH","CRASH_YEAR","CRN","DAY_OF_WEEK","DEC_LAT","DEC_LONG","DISPATCH_TM","DISTRICT","DRIVER_COUNT_16YR","DRIVER_COUNT_17YR","DRIVER_COUNT_18YR","DRIVER_COUNT_19YR","DRIVER_COUNT_20YR","DRIVER_COUNT_50_64YR","DRIVER_COUNT_65_74YR","DRIVER_COUNT_75PLUS","EST_HRS_CLOSED","FATAL_COUNT","HEAVY_TRUCK_COUNT","HORSE_BUGGY_COUNT","HOUR_OF_DAY","ILLUMINATION","INJURY_COUNT","INTERSECT_TYPE","LANE_CLOSED","LATITUDE","LN_CLOSE_DIR","LOCATION_TYPE","LONGITUDE","MAX_SEVERITY_LEVEL","MCYCLE_DEATH_COUNT","MCYCLE_SUSP_SERIOUS_INJ_COUNT","MOTORCYCLE_COUNT","MUNICIPALITY","NONMOTR_COUNT","NONMOTR_DEATH_COUNT","NONMOTR_SUSP_SERIOUS_INJ_COUNT","NTFY_HIWY_MAINT","PED_COUNT","PED_DEATH_COUNT","PED_SUSP_SERIOUS_INJ_COUNT","PERSON_COUNT","POLICE_AGCY","POSSIBLE_INJ_COUNT","RDWY_SURF_TYPE_CD","RELATION_TO_ROAD","ROAD_CONDITION","SCH_BUS_IND","SCH_ZONE_IND","SMALL_TRUCK_COUNT","SPEC_JURIS_CD","SUSP_MINOR_INJ_COUNT","SUSP_SERIOUS_INJ_COUNT","SUV_COUNT","TCD_FUNC_CD","TCD_TYPE","TFC_DETOUR_IND","TIME_OF_DAY","TOT_INJ_COUNT","TOTAL_UNITS","UNB_DEATH_COUNT","UNB_SUSP_SERIOUS_INJ_COUNT","UNBELTED_OCC_COUNT","UNK_INJ_DEG_COUNT","UNK_INJ_PER_COUNT","URBAN_RURAL","VAN_COUNT","VEHICLE_COUNT","WORK_ZONE_IND","WORK_ZONE_LOC","WORK_ZONE_TYPE","WORKERS_PRES","WZ_CLOSE_DETOUR","WZ_FLAGGER","WZ_LAW_OFFCR_IND","WZ_LN_CLOSURE","WZ_MOVING","WZ_OTHER","WZ_SHLDER_MDN","ROADWAY_CLEARED","WEATHER1","WEATHER2","WZ_WORKERS_INJ_KILLED","SECONDARY_CRASH","INTERSECTION_RELATED"
"1448","0","0","0","0","0","0","0","0","0","1","0","","36","09","2016","2016096240","3","40.2244","-76.1117","1444","08","0","0","0","0","0","0","0","0","1","0","0","0","14","1","0","00","1","40 13:27.958","2","00","76 06:42.145","0","0","0","0","36210","0","0","0","N","0","0","0","2","36210","0","","1","01","N","N","1","","0","0","1","0","0","N","1442","0","2","0","0","0","0","0","1","0","2","N","","","","","","","","","","","","03","  ","","",""
"1558","1","0","0","0","0","0","0","0","0","4","0","","36","09","2016","2016096250","3","40.0478","-76.3009","1553","08","0","0","0","0","0","0","1","0","","0","0","0","15","1","1","02","0","40 02:52.155","","00","76 18:03.250","4","0","0","0","36301","0","0","0","N","0","0","0","4","36301","1","","1","01","N","N","1","","0","0","0","3","3","","1549","1","2","0","0","0","0","0","3","0","2","N","","","","","","","","","","","","03","  ","","",""
"1652","2","0","0","0","0","0","0","0","0","5","0","","36","09","2016","2016096251","1","40.0428","-76.3087","1647","08","0","0","1","0","0","0","0","0","","0","0","0","16","1","0","00","0","40 02:34.149","","00","76 18:31.246","0","0","0","0","36301","0","0","0","N","0","0","0","1","36301","0","","6","01","N","N","0","","0","0","0","0","0","","1632","0","2","0","0","0","0","0","3","0","2","N","","","","","","","","","","","","03","  ","","",""
"1742","1","0","0","0","0","0","0","0","0","1","0","","36","09","2016","2016096306","3","40.1173","-76.0512","1724","08","0","0","0","1","0","0","0","0","","0","0","0","17","1","0","00","0","40 07:02.124","","07","76 03:04.454","0","0","0","0","36213","0","0","0","N","0","0","0","3","36213","0","","1","01","N","N","1","","0","0","0","0","0","","1721","0","2","0","0","0","0","0","1","0","2","N","","","","","","","","","","","","03","  ","","",""
"0641","1","0","0","0","0","0","0","0","0","1","0","","36","09","2016","2016096309","2","40.0602","-76.3599","0625","08","0","0","0","0","0","0","0","0","1","0","0","0","06","3","1","01","2","40 03:36.892","2","00","76 21:35.464","4","0","0","0","36214","0","0","0","","0","0","0","2","36214","1","","1","09","N","N","0","","0","0","1","3","2","N","0622","1","2","0","0","0","0","0","3","0","2","N","","","","","","","","","","","","07","  ","","",""
"1818","0","0","0","0","0","0","0","0","0","1","0","","36","09","2016","2016096419","3","40.184","-76.1905","1812","08","0","0","0","0","0","0","0","0","","0","0","0","18","1","1","00","0","40 11:02.491","","00","76 11:25.930","3","0","0","0","36408","0","0","0","N","0","0","0","2","36408","0","","1","01","N","N","0","","1","0","2","0","0","","1811","1","2","0","0","0","0","0","2","0","2","N","","","","","","","","","","","","03","  ","","",""
"1612","1","0","0","0","0","0","0","0","0","1","0","","36","09","2016","2016096423","3","40.0145","-76.351","1609","08","0","1","0","0","0","0","0","0","2","0","0","0","16","1","0","00","2","40 00:52.212","3","00","76 21:03.532","0","0","0","0","36412","0","0","0","N","0","0","0","3","36412","0","","1","01","N","N","0","","0","0","1","0","0","Y","1607","0","2","0","0","0","0","0","3","0","2","N","","","","","","","","","","","","03","  ","","",""
"0120","1","0","0","0","0","0","0","0","0","7","0","","36","09","2016","2016096429","1","40.0226","-76.3136","0116","08","0","0","0","0","0","0","0","0","1","0","0","0","01","2","1","00","2","40 01:21.400","6","00","76 18:48.800","2","0","0","0","36301","0","0","0","N","0","0","0","1","36301","0","","2","01","N","N","0","","0","1","0","0","0","N","0115","1","1","0","1","1","0","0","3","0","1","N","","","","","","","","","","","","03","  ","","",""
"1916","2","0","0","0","0","0","0","0","0","4","0","","36","09","2016","2016096432","3","40.0384","-76.3013","1912","08","0","0","0","0","1","0","0","0","1","0","0","0","19","4","0","01","1","40 02:18.358","1","00","76 18:04.767","0","0","0","0","36301","0","0","0","N","0","0","0","2","36301","0","","1","01","N","N","0","","0","0","0","3","2","Y","1912","0","2","0","0","0","0","0","3","0","2","N","","","","","","","","","","","","03","  ","","",""
"1942","2","0","0","0","0","0","0","0","0","4","0","","36","09","2016","2016096436","3","39.9747","-76.2795","1931","08","0","0","0","0","0","1","0","0","3","0","0","0","19","6","2","01","2","39 58:29.089","2","00","76 16:46.344","2","0","0","0","36228","0","0","0","Y","0","0","0","3","36503","1","","1","01","N","N","0","","0","1","0","0","0","Y","1930","2","2","0","0","0","0","0","1","0","2","N","","","","","","","","","","","","03","  ","","",""
"0625","1","0","0","0","0","0","0","0","0","1","0","","36","09","2016","2016096439","3","40.15","-76.3068","0623","08","0","0","0","0","0","3","0","0","1","0","0","0","06","5","1","00","1","40 09:00.133","1","00","76 18:24.617","8","0","0","1","36409","0","0","0","N","0","0","0","3","36409","0","","1","01","N","N","0","","0","0","1","0","0","N","0618","1","3","0","0","0","1","0","3","0","3","N","","","","","","","","","","","","03","  ","","",""
"0800","3","0","0","0","0","0","0","0","0","1","0","","36","09","2016","2016096441","4","40.11","-76.2456","0743","08","0","0","0","0","1","0","0","0","","0","0","0","07","1","3","00","0","40 06:36.106","","00","76 14:44.123","4","0","0","0","36101","0","0","0","N","0","0","0","4","36101","3","","1","01","N","N","0","","0","0","0","0","0","","0743","3","3","0","0","0","0","0","3","0","3","N","","","","","","","","","","","","03","  ","","",""
"2152","1","0","0","0","0","0","0","0","0","8","0","","36","09","2016","2016096443","3","40.0386","-76.4367","2148","08","0","0","0","0","0","0","0","0","","0","0","0","21","3","1","00","0","40 02:19.054","","00","76 26:12.071","3","0","0","0","36414","1","0","0","N","1","0","0","4","36239","0","","1","01","N","N","0","","1","0","0","0","0","","2147","1","2","0","0","0","0","0","3","0","1","N","","","","","","","","","","","","03","  ","","",""
"1721","3","0","0","0","0","0","0","0","0","4","0","","36","09","2016","2016096457","5","40.1559","-76.3435","1716","08","0","0","1","0","0","0","0","1","","0","0","0","17","1","2","01","0","40 09:21.374","","00","76 20:36.774","8","0","0","0","36227","0","0","0","","0","0","0","4","36506","0","","1","01","N","N","0","","0","0","0","3","3","","1716","2","3","0","0","0","2","0","1","0","3","N","","","","","","","","","","","","03","  ","","",""
"0822","1","0","0","0","0","0","0","0","0","1","0","","36","09","2016","2016096515","6","40.0389","-76.3119","0815","08","0","0","1","0","0","0","0","0","","0","0","0","08","1","0","00","0","40 02:20.062","","00","76 18:42.707","0","0","0","0","36301","0","0","0","N","0","0","0","1","36301","0","","4","01","N","N","0","","0","0","1","0","0","","0815","0","2","0","0","0","0","0","3","0","2","N","","","","","","","","","","","","03","  ","","",""
"0635","1","0","0","0","0","0","0","0","0","5","1","","36","09","2016","2016096516","4","40.0982","-76.4089","0630","08","0","0","0","0","0","2","0","0","","0","1","0","06","2","1","00","0","40 05:53.580","","00","76 24:32.136","4","0","0","0","36214","0","0","0","N","0","0","0","2","36214","1","","1","01","N","N","0","","0","0","0","0","0","","0625","1","2","0","0","0","0","0","3","0","2","N","","","","","","","","","","","","03","  ","","",""
"0740","0","0","0","0","0","0","1","0","0","1","1","","36","09","2016","2016096561","6","40.0551","-76.2144","0736","08","0","0","0","0","0","0","0","0","","0","0","0","07","1","0","02","0","40 03:18.452","","00","76 12:51.814","0","0","0","0","36215","0","0","0","N","0","0","0","3","36215","0","","1","01","Y","N","0","","0","0","1","0","0","","0736","0","2","0","0","0","0","0","1","0","2","N","","","","","","","","","","","","03","  ","","",""
"0950","1","0","0","0","0","0","0","0","0","4","0","","36","09","2016","2016096562","7","40.1451","-76.4994","0943","08","0","0","0","0","0","0","0","0","2","0","0","0","09","1","3","03","2","40 08:42.497","7","00","76 29:57.836","8","0","0","0","36225","0","0","0","Y","0","0","0","4","36505","0","","1","01","N","","0","","0","0","1","3","3","Y","0938","3","2","0","0","0","3","0","2","0","2","N","","","","","","","","","","","","03","  ","","",""
"1340","1","0","0","0","0","0","0","0","0","1","0","","36","09","2016","2016096600","7","40.1555","-76.5714","1336","08","0","0","0","0","0","0","0","0","","0","0","0","13","1","0","00","0","40 09:19.624","","00","76 34:16.874","0","0","0","0","36225","0","0","0","N","0","0","0","3","36505","0","","1","01","N","N","0","","0","0","1","0","0","","1331","0","2","0","0","0","0","0","2","0","2","N","","","","","","","","","","","","03","  ","","",""
"1626","1","0","0","0","0","0","0","0","0","1","0","","36","09","2016","2016096603","3","40.0615","-76.5586","1620","08","0","0","0","0","0","1","0","0","2","0","0","0","16","1","1","01","2","40 03:41.533","7","00","76 33:30.806","4","0","0","0","36211","0","0","0","N","0","0","0","4","36504","1","","1","01","N","N","1","","0","0","1","3","3","Y","1620","1","4","0","0","0","0","0","1","1","4","N","","","","","","","","","","","","03","  ","","",""
"1532","2","0","0","0","0","0","0","0","0","4","0","","36","09","2016","2016096604","4","40.2172","-76.1175","1525","08","0","0","0","0","0","1","0","1","","0","0","0","15","1","1","02","0","40 13:01.969","","00","76 07:03.095","4","0","0","0","36210","0","0","0","N","0","0","0","2","36210","1","","1","01","N","N","0","","0","0","0","3","3","","1523","1","2","0","0","0","0","0","1","0","2","N","","","","","","","","","","","","03","  ","","",""
"0325","1","0","0","0","0","0","0","0","0","7","0","","36","09","2016","2016096657","2","40.1183","-76.2289","0319","08","0","0","0","1","0","0","0","0","","0","0","0","03","2","0","00","0","40 07:05.874","","00","76 13:43.967","0","0","0","0","36238","0","0","0","N","0","0","0","1","36238","0","","4","01","N","N","0","","0","0","0","0","0","","0315","0","1","0","0","0","0","0","3","0","1","N","","","","","","","","","","","","03","  ","","",""
"1622","1","0","0","0","0","0","0","0","0","4","0","","36","09","2016","2016096710","4","40.0412","-76.3902","1614","08","0","0","0","0","0","0","0","1","1","0","0","0","16","1","2","01","2","40 02:28.220","3","00","76 23:24.681","4","0","0","0","36223","0","0","0","","0","0","0","2","36223","1","","1","01","N","N","0","","0","0","1","9","2","N","1614","2","2","0","0","1","1","0","1","0","2","N","","","","","","","","","","","","03","  ","","",""
"1715","0","0","0","0","0","0","0","0","0","4","0","","36","09","2016","2016096711","5","39.9894","-76.467","1705","08","0","0","0","1","0","0","0","0","2","0","0","0","17","1","0","00","2","39 59:21.982","5","07","76 28:01.113","0","0","0","0","36223","0","0","0","","0","0","0","2","36223","0","","1","01","N","N","2","","0","0","0","0","0","Y","1700","0","2","0","0","0","0","0","1","0","2","N","","","","","","","","","","","","03","  ","","",""
"0215","1","0","0","0","0","0","0","0","0","7","0","","36","09","2016","2016096809","6","40.1764","-76.5995","0207","08","0","0","1","0","0","0","0","0","","0","0","0","02","6","0","00","0","40 10:35.020","","02","76 35:58.279","0","0","0","0","36225","0","0","0","N","0","0","0","1","36505","0","","4","01","N","N","0","","0","0","0","0","0","","0205","0","1","0","0","0","0","0","2","0","1","N","","","","","","","","","","","","03","  ","","",""
"1950","0","0","0","0","0","0","0","0","0","7","0","","36","09","2016","2016096811","6","40.0363","-76.4554","1950","08","0","0","0","0","0","0","0","0","","0","0","0","19","3","1","10","0","40 02:10.903","","07","76 27:18.690","3","0","0","0","36239","0","0","0","N","0","0","0","2","36239","0","","4","01","N","N","0","","1","0","0","0","0","","1950","1","1","0","0","0","0","0","3","1","1","N","","","","","","","","","","","","03","  ","","",""
"0819","0","0","0","0","0","0","0","0","0","1","0","","36","09","2016","2016096816","5","40.0402","-76.2366","0816","08","0","0","0","0","0","0","1","0","","0","0","0","08","1","0","00","0","40 02:24.574","","00","76 14:11.698","0","0","0","0","36215","0","0","0","N","0","0","0","2","36215","0","","1","01","N","N","1","","0","0","1","0","0","","0816","0","2","0","0","0","0","0","1","0","2","N","","","","","","","","","","","","03","  ","","",""
"1913","1","0","0","0","0","0","0","0","0","7","0","","36","09","2016","2016096817","4","40.0794","-76.113","1909","08","0","0","0","0","0","1","0","0","","0","0","0","19","4","1","00","0","40 04:45.788","","00","76 06:46.898","8","0","0","0","36209","0","0","0","N","0","0","0","1","36415","0","","5","01","N","N","0","","0","0","0","0","0","","1908","1","1","0","0","0","1","0","1","0","1","N","","","","","","","","","","","","03","  ","","",""
"0927","1","0","0","0","0","0","0","0","0","4","0","","36","09","2016","2016096849","3","40.0728","-76.24","0920","08","0","0","0","0","0","1","0","0","","0","0","0","09","1","0","02","0","40 04:22.008","","00","76 14:24.028","0","0","0","0","36215","0","0","0","N","0","0","0","3","36215","0","","1","01","N","N","0","","0","0","1","3","3","","0919","0","2","0","0","0","0","0","1","0","2","N","","","","","","","","","","","","03","  ","","",""
"1954","0","0","0","0","0","0","0","0","0","7","0","","36","09","2016","2016096860","4","40.125","-76.3248","1928","08","0","0","0","0","0","1","0","0","","0","0","0","18","1","0","00","0","40 07:29.985","","00","76 19:29.308","0","0","0","0","36101","0","0","0","N","0","0","0","1","36101","0","","5","01","N","N","0","","0","0","1","0","0","","1856","0","1","0","0","0","0","0","3","0","1","N","","","","","","","","","","","","03","  ","","",""
"1709","1","0","0","0","0","0","0","0","0","7","0","","36","09","2016","2016096862","6","40.1427","-76.1976","1659","08","0","0","0","0","0","0","0","0","","0","0","0","16","1","0","00","0","40 08:33.804","","00","76 11:51.206","0","0","0","0","36238","0","0","0","N","0","0","0","1","36238","0","","1","01","N","N","0","","0","0","0","0","0","","1656","0","1","0","0","0","0","0","3","0","1","N","","","","","","","","","","","","03","  ","","",""
"0722","1","0","0","0","0","0","0","0","0","4","0","","36","09","2016","2016096918","2","40.031","-76.3208","0722","08","0","0","0","0","0","0","0","0","","0","0","0","07","1","3","01","0","40 01:51.511","","00","76 19:14.982","3","0","0","0","36301","0","0","0","N","0","0","0","4","36301","0","","1","01","N","N","1","","3","0","0","2","2","","0722","3","2","0","0","0","0","0","3","0","2","N","","","","","","","","","","","","03","  ","","",""
"0800","2","0","0","0","0","0","0","0","0","4","0","","36","09","2016","2016096934","5","39.9862","-76.2821","0755","08","0","0","0","0","0","2","0","0","1","0","0","0","07","1","0","00","1","39 59:10.378","3","07","76 16:55.454","0","0","0","0","36240","0","0","0","N","0","0","0","4","36240","0","","1","01","N","N","0","","0","0","1","0","0","N","0748","0","3","0","0","0","0","0","1","0","3","N","","","","","","","","","","","","03","  ","","",""
"1547","2","0","0","0","0","0","0","0","0","1","0","","36","09","2016","2016096941","4","39.9871","-76.2786","1541","08","0","0","0","0","0","0","1","0","","0","0","0","15","1","0","00","0","39 59:13.595","","00","76 16:42.830","0","0","0","0","36240","0","0","0","N","0","0","0","4","36240","0","","1","01","N","N","1","","0","0","0","0","0","","1541","0","3","0","0","0","0","0","1","0","3","N","","","","","","","","","","","","03","  ","","",""
"1610","1","0","0","0","0","0","0","0","0","7","0","","36","09","2016","2016096971","4","40.0967","-76.3095","1551","08","0","0","0","0","0","0","0","0","3","0","0","0","15","1","1","00","1","40 05:48.148","2","00","76 18:34.117","3","0","0","0","36101","0","0","0","N","0","0","0","1","36101","0","","5","01","N","N","0","","1","0","0","0","0","N","1550","1","1","0","0","0","0","0","3","0","1","N","","","","","","","","","","","","03","  ","","",""
"1221","1","0","0","0","0","0","0","0","0","4","0","","36","09","2016","2016097011","6","40.0403","-76.245","1217","08","0","0","0","0","0","0","1","0","2","0","0","0","12","1","2","02","1","40 02:25.231","4","02","76 14:41.992","3","0","0","0","36215","0","0","0","N","0","0","0","2","36215","0","","1","01","N","N","1","","1","0","0","0","0","N","1216","2","2","0","0","0","1","0","1","0","2","N","","","","","","","","","","","","03","  ","","",""
"0908","0","0","0","0","0","0","0","0","0","7","0","","36","09","2016","2016097037","3","40.0858","-76.2069","0908","08","0","0","0","0","0","0","0","0","","0","0","0","09","1","0","00","0","40 05:08.746","","00","76 12:24.911","0","0","0","0","36234","0","0","0","N","0","0","0","1","36215","0","","5","01","N","N","0","","0","0","1","0","0","","0905","0","1","0","0","0","0","0","1","0","1","N","","","","","","","","","","","","03","  ","","",""
"1639","1","0","0","0","0","0","0","0","0","4","0","","36","09","2016","2016097222","5","40.1297","-76.3048","1630","08","0","0","0","0","0","1","0","0","","0","0","0","16","1","0","02","0","40 07:47.006","","07","76 18:17.258","0","0","0","0","36235","0","0","0","","0","0","0","2","36506","0","","1","01","N","N","0","","0","0","1","0","0","","1630","0","2","0","0","0","0","0","1","0","2","N","","","","","","","","","","","","03","  ","","",""
"1630","2","0","0","0","0","0","0","0","0","4","0","","36","09","2016","2016097266","5","40.0739","-76.3499","1629","08","0","0","0","0","0","0","0","0","2","0","0","0","16","1","2","01","1","40 04:25.939","5","00","76 20:59.786","4","0","0","0","36214","0","0","0","N","0","0","0","3","36214","2","","1","01","N","N","0","","0","0","0","3","3","Y","1629","2","2","0","0","0","0","0","3","0","2","N","","","","","","","","","","","","03","  ","","",""
"2333","0","0","0","0","0","0","0","0","0","7","0","","36","09","2016","2016097272","6","40.0018","-76.4753","2323","08","0","0","0","0","0","0","0","0","","0","0","0","23","6","1","00","0","40 00:06.370","","00","76 28:30.917","8","0","0","0","36223","0","0","0","","0","0","0","1","36223","0","","4","01","N","N","0","","0","0","1","0","0","","2300","1","1","0","0","0","1","0","1","0","1","N","","","","","","","","","","","","03","  ","","",""
"1023","1","0","0","0","0","0","0","0","0","1","1","","36","09","2016","2016097314","3","40.2098","-76.0342","1005","08","0","0","0","0","0","0","1","0","1","0","1","0","10","1","0","00","1","40 12:35.448","4","00","76 02:03.650","0","0","0","0","36202","0","0","0","","0","0","0","2","68T06","0","","1","01","N","N","0","","0","0","0","0","0","Y","1005","0","2","0","0","0","0","0","1","0","2","N","","","","","","","","","","","","03","  ","","",""
"1156","1","0","0","0","0","0","0","0","0","5","1","","36","09","2016","2016097323","5","40.2439","-76.1575","1155","08","0","0","0","0","0","1","0","0","","0","1","0","11","1","0","00","0","40 14:37.714","","00","76 09:24.317","0","0","0","0","36236","0","0","0","","0","0","0","2","68T06","0","","1","01","N","N","0","","0","0","0","0","0","","1155","0","2","0","0","0","0","0","1","0","2","N","","","","","","","","","","","","03","  ","","",""
"1750","0","0","0","0","0","0","0","0","0","0","0","","36","09","2016","2016097365","5","40.1254","-76.2251","1748","08","0","0","0","0","0","0","0","0","","0","0","0","17","1","1","03","0","40 07:31.437","","00","76 13:30.203","3","0","0","1","36238","0","0","0","N","0","0","0","1","36238","0","","1","01","N","N","0","","1","0","0","3","3","","1745","1","2","0","0","0","0","0","3","0","1","N","","","","","","","","","","","","03","  ","","",""
"0025","0","0","0","0","0","0","0","0","0","1","1","","36","09","2016","2016097382","7","40.206","-76.1163","0021","08","0","0","0","0","0","0","0","0","1","0","1","0","00","2","1","00","1","40 12:21.762","2","00","76 06:58.506","4","0","0","0","36210","1","0","0","N","0","0","0","2","36210","1","","2","01","N","N","0","","0","0","0","0","0","N","0018","1","2","0","0","0","0","0","1","1","2","N","","","","","","","","","","","","03","  ","","",""
"2319","0","0","0","0","0","0","0","0","0","4","0","","36","09","2016","2016097390","7","40.0415","-76.3252","2314","08","0","0","0","0","0","0","0","0","2","0","0","0","23","3","1","01","2","40 02:29.263","7","00","76 19:30.576","4","0","0","0","36301","0","0","0","N","0","0","0","2","36301","1","","1","01","N","N","0","","0","0","2","3","2","Y","2314","1","2","0","0","0","0","0","3","0","2","N","","","","","","","","","","","","03","  ","","",""
"0014","0","0","0","0","0","0","0","0","0","7","0","","36","09","2016","2016097403","7","40.2739","-76.1297","0010","08","0","0","1","0","0","0","0","0","","0","0","0","00","2","0","00","0","40 16:26.001","","00","76 07:46.928","0","0","0","0","36236","0","0","0","N","0","0","0","1","36408","0","","4","01","N","N","1","","0","0","0","0","0","","0001","0","1","0","0","0","0","0","1","0","1","N","","","","","","","","","","","","03","  ","","",""
"2326","2","0","0","0","0","0","0","0","0","5","0","","36","09","2016","2016097406","4","40.0891","-76.1813","2324","08","0","0","0","0","0","0","0","0","2","0","0","0","23","3","0","00","2","40 05:20.918","5","00","76 10:52.666","0","0","0","0","36301","0","0","0","N","0","0","0","1","36301","0","","1","01","N","N","0","","0","0","0","0","0","Y","2324","0","2","0","0","0","0","0","3","0","2","N","","","","","","","","","","","","03","  ","","",""
"0506","1","0","0","0","0","0","0","0","0","7","0","","36","09","2016","2016097412","7","39.9991","-76.2647","0500","08","0","0","0","0","0","0","0","0","","0","0","0","05","2","0","03","0","39 59:56.924","","00","76 15:52.767","0","0","0","0","36240","0","0","0","N","0","0","0","1","36240","0","","4","01","N","N","0","","0","0","0","0","0","","0500","0","1","0","0","0","0","0","1","0","1","N","","","","","","","","","","","","03","  ","","",""
"1514","1","0","0","0","0","0","0","0","0","4","0","","36","09","2016","2016097467","5","40.2331","-76.0783","1452","08","0","0","0","0","0","1","1","0","","0","0","0","14","1","0","01","0","40 13:59.165","","00","76 04:42.021","0","0","0","0","36210","0","0","0","N","0","0","0","2","36210","0","","1","01","N","N","0","","0","0","1","3","2","","1450","0","2","0","0","0","0","0","1","0","2","N","","","","","","","","","","","","03","  ","","",""
"1704","1","0","0","0","0","0","0","0","0","4","0","","36","08","2016","2016097470","3","39.983","-76.1852","1703","08","0","0","1","0","0","1","0","0","2","0","0","0","17","1","3","03","2","39 58:58.873","5","07","76 11:06.695","3","0","0","0","36417","0","0","0","","0","0","0","3","36417","2","","1","01","N","N","0","","1","0","1","3","4","Y","1703","3","2","0","0","0","0","0","1","0","2","N","","","","","","","","","","","","03","  ","","",""
"0839","1","0","0","0","0","0","0","0","0","1","0","","36","09","2016","2016097471","4","39.9796","-76.1995","0835","08","0","0","0","0","0","0","1","0","1","0","0","0","08","1","1","02","1","39 58:46.733","3","00","76 11:58.278","4","0","0","0","36417","1","0","0","","0","0","0","2","36417","1","","5","01","N","N","1","","0","0","0","0","0","N","0830","1","2","0","0","0","0","0","1","0","2","N","","","","","","","","","","","","03","  ","","",""
"0510","1","0","0","0","0","0","0","0","0","7","0","","36","09","2016","2016097472","1","39.9828","-76.1757","0500","08","0","0","0","0","0","0","0","0","","0","0","0","04","3","1","00","0","39 58:57.909","","00","76 10:32.411","4","0","0","0","36417","0","0","0","","0","0","0","1","36417","1","","4","01","N","N","0","","0","0","0","0","0","","0455","1","1","0","0","0","0","0","1","0","1","N","","","","","","","","","","","","03","  ","","",""
"1526","1","0","0","0","0","0","0","0","0","5","1","","36","09","2016","2016097481","3","40.0698","-76.3282","1515","08","0","0","0","0","0","1","0","0","2","0","1","0","15","1","1","06","1","40 04:09.241","4","08","76 19:44.746","4","0","0","0","36101","0","0","0","N","0","0","0","2","36101","1","","1","01","N","N","0","","0","0","0","3","4","N","1512","1","2","0","0","0","0","0","3","0","2","N","","","","","","","","","","","","03","  ","","",""
"1520","0","0","0","0","0","0","0","0","0","7","0","","36","09","2016","2016097516","2","40.0359","-76.3103","1515","08","0","0","0","0","0","0","0","0","2","0","0","0","15","1","3","05","2","40 02:09.135","1","00","76 18:37.177","2","0","0","0","36301","0","0","0","N","0","0","0","4","36301","2","","4","01","N","N","0","","0","1","0","0","0","Y","1514","3","1","0","1","1","0","0","3","1","1","N","","","","","","","","","","","","03","  ","","",""
"1557","1","0","0","0","0","0","0","0","0","1","0","","36","09","2016","2016097534","3","40.0679","-76.2902","1550","08","0","0","0","0","0","0","0","0","","0","0","0","15","1","0","00","0","40 04:04.261","","00","76 17:24.611","0","0","0","1","36101","0","0","0","N","0","0","0","5","36101","0","","1","01","N","N","0","","0","0","0","0","0","","1547","0","2","0","0","0","0","0","3","0","2","N","","","","","","","","","","","","03","  ","","",""
"0830","2","0","0","0","0","0","0","0","0","1","0","","36","09","2016","2016097539","3","40.0523","-76.2613","0813","08","0","0","0","1","0","1","0","0","","0","0","0","07","1","0","00","0","40 03:08.167","","00","76 15:40.726","0","0","0","0","36301","0","0","0","N","0","0","0","2","36301","0","","1","01","N","N","0","","0","0","0","0","0","","0758","0","2","0","0","0","0","0","3","0","2","N","","","","","","","","","","","","03","  ","","",""
"1445","1","0","0","0","0","0","0","0","0","4","0","","36","09","2016","2016097542","1","40.0422","-76.3113","1435","08","0","0","0","0","0","1","0","0","2","0","0","0","14","1","2","01","2","40 02:32.038","4","00","76 18:40.770","8","0","0","0","36301","0","0","0","N","0","0","0","3","36301","0","","1","01","N","N","0","","0","0","1","3","2","Y","1433","2","2","0","0","0","2","0","3","0","2","N","","","","","","","","","","","","03","  ","","",""
"0917","1","0","0","0","0","0","0","0","0","1","0","","36","09","2016","2016097545","6","40.1873","-76.1845","0913","08","0","0","0","0","0","0","0","0","1","0","0","0","09","1","0","01","1","40 11:14.197","1","00","76 11:04.071","0","0","0","0","36408","0","0","0","N","0","0","0","3","36408","0","","1","01","N","N","0","","0","0","2","3","2","Y","0911","0","3","0","0","0","0","0","2","0","3","N","","","","","","","","","","","","03","  ","","",""
"1814","1","0","0","0","0","0","0","0","0","1","0","","36","09","2016","2016097547","3","40.0488","-76.3258","1809","08","0","0","0","0","0","0","0","0","","0","0","0","18","1","0","00","0","40 02:55.556","","00","76 19:32.968","0","0","0","0","36301","0","0","0","N","0","0","0","2","36301","0","","1","01","N","N","0","","0","0","1","0","0","","1804","0","2","0","0","0","0","0","3","0","2","N","","","","","","","","","","","","03","  ","","",""
"1403","1","0","0","0","0","0","0","0","0","1","0","","36","09","2016","2016097555","6","40.0502","-76.3947","1402","08","0","0","0","0","0","2","0","0","","0","0","0","13","1","3","00","0","40 03:00.745","","00","76 23:40.883","3","0","0","0","36214","0","0","0","N","0","0","0","4","36214","0","","1","01","N","N","0","","3","0","1","0","0","","1358","3","2","0","0","0","0","0","3","0","2","N","","","","","","","","","","","","03","  ","","",""