"ARRIVAL_TM","AUTOMOBILE_COUNT","BELTED_DEATH_COUNT","BELTED_SUSP_SERIOUS_INJ_COUNT","BICYCLE_COUNT","BICYCLE_DEATH_COUNT","BICYCLE_SUSP_SERIOUS_INJ_COUNT","BUS_COUNT","CHLDPAS_DEATH_COUNT","CHLDPAS_SUSP_SERIOUS_INJ_COUNT","COLLISION_TYPE","COMM_VEH_COUNT","CONS_ZONE_SPD_LIM","COUNTY","CRASH_MONTH","CRASH_YEAR","CRN","DAY_OF_WEEK","DEC_LAT","DEC_LONG","DISPATCH_TM","DISTRICT","DRIVER_COUNT_16YR","DRIVER_COUNT_17YR","DRIVER_COUNT_18YR","DRIVER_COUNT_19YR","DRIVER_COUNT_20YR","DRIVER_COUNT_50_64YR","DRIVER_COUNT_65_74YR","DRIVER_COUNT_75PLUS","EST_HRS_CLOSED","FATAL_COUNT","HEAVY_TRUCK_COUNT","HORSE_BUGGY_COUNT","HOUR_OF_DAY","ILLUMINATION","INJURY_COUNT","INTERSECT_TYPE","LANE_CLOSED","LATITUDE","LN_CLOSE_DIR","LOCATION_TYPE","LONGITUDE","MAX_SEVERITY_LEVEL","MCYCLE_DEATH_COUNT","MCYCLE_SUSP_SERIOUS_INJ_COUNT","MOTORCYCLE_COUNT","MUNICIPALITY","NONMOTR_COUNT","NONMOTR_DEATH_COUNT","NONMOTR_SUSP_SERIOUS_INJ_COUNT","NTFY_HIWY_MAINT","PED_COUNT","PED_DEATH_COUNT","PED_SUSP_SERIOUS_INJ_COUNT","PERSON_COUNT","POLICE_AGCY","POSSIBLE_INJ_COUNT","RDWY_SURF_TYPE_CD","RELATION_TO_ROAD","ROAD_CONDITION","SCH_BUS_IND","SCH_ZONE_IND","SMALL_TRUCK_COUNT","SPEC_JURIS_CD","SUSP_MINOR_INJ_COUNT","SUSP_SERIOUS_INJ_COUNT","SUV_COUNT","TCD_FUNC_CD","TCD_TYPE","TFC_DETOUR_IND","TIME_OF_DAY","TOT_INJ_COUNT","TOTAL_UNITS","UNB_DEATH_COUNT","UNB_SUSP_SERIOUS_INJ_COUNT","UNBELTED_OCC_COUNT","UNK_INJ_DEG_COUNT","UNK_INJ_PER_COUNT","URBAN_RURAL","VAN_COUNT","VEHICLE_COUNT","WORK_ZONE_IND","WORK_ZONE_LOC","WORK_ZONE_TYPE","WORKERS_PRES","WZ_CLOSE_DETOUR","WZ_FLAGGER","WZ_LAW_OFFCR_IND","WZ_LN_CLOSURE","WZ_MOVING","WZ_OTHER","WZ_SHLDER_MDN","ROADWAY_CLEARED","WEATHER1","WEATHER2","WZ_WORKERS_INJ_KILLED","SECONDARY_CRASH","INTERSECTION_RELATED"
"1634","0","0","0","0","0","0","0","0","0","1","0","","36","09","2016","2016097565","6","40.1224","-76.2135","1628","08","0","0","0","0","0","0","0","0","","0","0","0","16","1","0","00","0","40 07:20.720","","07","76 12:48.703","0","0","0","0","36238","0","0","0","N","0","0","0","4","36238","0","","1","01","N","N","1","","0","0","1","0","0","","1626","0","2","0","0","0","0","0","3","0","2","N","","","","","","","","","","","","03","  ","","",""
"1336","2","0","0","0","0","0","0","0","0","4","0","","36","09","2016","2016097567","1","40.1622","-76.6376","1327","08","0","0","0","0","0","1","0","0","","0","0","0","13","1","1","02","0","40 09:43.749","","00","76 38:15.260","8","0","0","0","36237","0","0","0","N","0","0","0","3","36505","0","","1","01","N","N","0","","0","0","0","3","2","","1325","1","2","0","0","0","1","0","1","0","2","N","","","","","","","","","","","","03","  ","","",""
"0624","1","0","0","0","0","0","0","0","0","7","0","","36","09","2016","2016097701","6","40.2375","-76.4364","0609","08","0","0","0","0","0","0","0","0","","0","0","0","06","2","0","02","0","40 14:14.943","","00","76 26:10.884","0","0","0","0","36230","0","0","0","N","0","0","0","1","36410","0","","4","01","N","N","0","","0","0","0","0","0","","0609","0","1","0","0","0","0","0","1","0","1","N","","","","","","","","","","","","03","  ","","",""
"1549","0","0","0","0","0","0","0","0","0","1","0","","36","07","2016","2016097779","5","39.8852","-76.2343","1546","08","0","0","0","0","0","0","0","0","1","0","0","0","15","1","0","00","1","39 53:06.885","2","07","76 14:03.620","0","0","0","0","36229","1","0","0","","0","0","0","3","68J01","0","","1","01","N","N","1","","0","0","2","0","0","N","1546","0","3","0","0","0","0","0","1","0","3","N","","","","","","","","","","","","03","  ","","",""
"1052","0","0","0","0","0","0","0","0","0","0","0","","36","08","2016","2016097783","2","40.0037","-76.0069","1033","08","0","0","0","0","0","1","0","0","","0","0","0","10","1","1","03","0","40 00:13.421","","00","76 00:24.700","4","0","0","1","36232","0","0","0","","0","0","0","1","68J01","1","","1","01","N","N","0","","0","0","0","3","2","","1033","1","1","0","0","0","0","0","1","0","1","N","","","","","","","","","","","","03","  ","","",""
"1410","0","0","0","0","0","0","0","0","0","8","0","","36","08","2016","2016097785","5","39.8242","-76.204","1410","08","0","0","0","0","0","0","0","0","2","0","0","0","14","1","1","01","1","39 49:27.105","5","00","76 12:14.274","2","0","0","0","36212","1","0","1","","1","0","1","2","68J01","0","","1","01","N","N","0","","0","1","1","3","3","N","1410","1","2","0","0","0","0","0","1","0","1","N","","","","","","","","","","","","03","  ","","",""
"1447","1","0","0","0","0","0","0","0","0","6","0","","36","08","2016","2016097787","4","39.8301","-76.1879","1428","08","0","0","0","0","0","0","0","0","1","0","0","0","14","1","0","00","1","39 49:48.300","6","00","76 11:16.527","0","0","0","0","36212","0","0","0","","0","0","0","2","68J01","0","","1","01","N","N","0","","0","0","1","0","0","N","1426","0","2","0","0","0","0","0","1","0","2","N","","","","","","","","","","","","03","  ","","",""
"0545","0","0","0","0","0","0","0","0","0","1","0","","36","08","2016","2016097790","3","39.7465","-76.1394","0524","08","0","0","0","0","0","1","0","0","3","0","0","0","05","2","4","00","2","39 44:47.479","5","00","76 08:21.674","2","0","0","0","36219","0","0","0","","0","0","0","4","68J01","0","","1","01","N","N","1","","2","1","0","0","0","Y","0523","4","2","0","0","0","1","0","1","0","2","N","","","","","","","","","","","","03","  ","","",""
"0632","1","0","0","0","0","0","0","0","0","1","1","","36","09","2016","2016097796","5","40.0052","-76.1066","0630","08","0","0","0","0","0","0","1","0","2","0","1","0","06","5","0","00","2","40 00:18.607","4","00","76 06:23.897","0","0","0","0","36226","0","0","0","","0","0","0","3","68J01","0","","1","01","N","N","1","","0","0","0","0","0","N","0629","0","3","0","0","0","0","0","1","0","3","N","","","","","","","","","","","","03","  ","","",""
"1756","2","0","0","0","0","0","0","0","0","4","0","","36","09","2016","2016097799","7","39.9135","-76.0453","1753","08","0","0","0","0","0","0","0","0","2","0","0","0","17","1","0","01","1","39 54:48.553","1","00","76 02:42.913","0","0","0","0","36201","0","0","0","","0","0","0","2","68J01","0","","1","01","N","N","0","","0","0","0","3","3","N","1750","0","2","0","0","0","0","0","1","0","2","N","","","","","","","","","","","","03","  ","","",""
"1517","1","0","0","0","0","0","0","0","0","4","0","","36","09","2016","2016097803","2","39.9593","-76.0996","1457","08","0","0","0","0","0","0","1","0","","0","0","0","14","1","0","01","0","39 57:33.444","","00","76 05:58.443","0","0","0","0","36226","0","0","0","","0","0","0","4","68J01","0","","1","01","N","N","1","","0","0","0","3","3","","1447","0","2","0","0","0","0","0","1","0","2","N","","","","","","","","","","","","03","  ","","",""
"0629","0","0","0","0","0","0","0","0","0","9","0","","36","09","2016","2016097806","5","39.7712","-76.0711","0601","08","0","0","0","0","0","0","1","0","1","0","0","0","05","2","1","00","1","39 46:16.391","2","00","76 04:16.079","3","0","0","1","36222","0","0","0","","0","0","0","1","68J01","0","","1","01","N","N","0","","1","0","0","0","0","N","0547","1","1","0","0","0","0","0","1","0","1","N","","","","","","","","","","","","03","  ","","",""
"0635","0","0","0","0","0","0","0","0","0","7","0","","36","09","2016","2016097809","2","39.8998","-76.0254","0618","08","0","0","0","0","0","0","0","0","1","0","0","0","06","2","0","00","1","39 53:59.448","2","00","76 01:31.329","0","0","0","0","36201","0","0","0","","0","0","0","1","68J01","0","","2","08","N","N","0","","0","0","0","0","0","Y","0618","0","1","0","0","0","0","0","1","1","1","N","","","","","","","","","","","","07","  ","","",""
"1406","0","0","0","0","0","0","0","0","0","7","0","","36","09","2016","2016097823","3","40.1396","-76.5503","1356","08","0","0","0","0","0","1","0","0","","0","0","0","13","1","0","00","0","40 08:22.626","","00","76 33:01.067","0","0","0","0","36225","0","0","0","N","0","0","0","1","36505","0","","4","01","N","N","0","","0","0","1","0","0","","1350","0","1","0","0","0","0","0","2","0","1","N","","","","","","","","","","","","03","  ","","",""
"1145","0","0","0","0","0","0","0","0","1","7","0","","36","08","2016","2016097841","4","40.1071","-76.5247","1143","08","0","0","0","0","0","1","0","0","3","0","0","0","11","1","2","00","2","40 06:25.489","5","00","76 31:28.828","2","0","0","0","36413","0","0","0","","0","0","0","2","36413","0","","4","01","N","N","0","","0","2","0","0","0","Y","1141","2","1","0","2","2","0","0","2","1","1","N","","","","","","","","","","","","03","  ","","",""
"1301","2","0","0","0","0","0","0","0","0","1","0","","36","08","2016","2016097849","5","39.9975","-76.054","1252","08","0","0","0","1","0","1","0","0","2","0","0","0","12","1","2","00","1","39 59:51.097","3","00","76 03:14.318","3","0","0","0","36232","0","0","0","","0","0","0","3","68J01","0","","1","01","N","N","0","","2","0","0","0","0","N","1251","2","2","0","0","0","0","0","1","0","2","N","","","","","","","","","","","","03","  ","","",""
"0805","1","0","0","0","0","0","0","0","0","7","0","","36","08","2016","2016097857","1","40.0617","-76.1467","0741","08","0","0","0","0","0","0","0","0","2","0","0","0","07","1","0","02","1","40 03:42.064","4","00","76 08:48.263","0","0","0","0","36221","0","0","0","","0","0","0","2","68J01","0","","4","01","N","N","0","","0","0","0","3","3","N","0741","0","1","0","0","0","0","0","1","0","1","N","","","","","","","","","","","","03","  ","","",""
"1118","2","0","0","0","0","0","0","0","0","4","0","","36","08","2016","2016097859","2","39.7613","-76.1764","1106","08","0","0","0","0","0","0","2","0","2","0","0","0","11","1","4","01","1","39 45:40.598","5","00","76 10:35.029","3","0","0","0","36219","0","0","0","","0","0","0","4","68J01","0","","1","01","N","N","0","","4","0","0","0","0","N","1105","4","2","0","0","0","0","0","1","0","2","N","","","","","","","","","","","","03","  ","","",""
"1726","0","0","0","0","0","0","0","0","0","6","0","","36","09","2016","2016097866","4","40.1968","-76.0175","1653","08","0","0","0","0","0","0","1","0","","0","0","0","16","1","0","01","0","40 11:48.437","","00","76 01:02.883","0","0","0","0","36202","0","0","0","","0","0","0","2","68J01","0","","1","01","N","N","1","","0","0","1","3","3","","1653","0","2","0","0","0","0","0","1","0","2","N","","","","","","","","","","","","03","  ","","",""
"1632","0","0","0","0","0","0","0","0","0","7","0","","36","09","2016","2016097874","6","39.8156","-76.1439","1612","08","0","0","0","0","0","0","0","0","2","0","0","0","16","1","0","00","1","39 48:56.040","3","00","76 08:38.030","0","0","0","0","36222","0","0","0","","0","0","0","1","68J01","0","","4","01","N","N","0","","0","0","1","0","0","N","1611","0","1","0","0","1","0","0","1","0","1","N","","","","","","","","","","","","03","  ","","",""
"0516","1","0","0","0","0","0","0","0","0","7","0","","36","09","2016","2016097880","2","39.8812","-76.2089","0453","08","0","0","0","0","0","0","0","0","1","0","0","0","04","2","1","00","1","39 52:52.377","3","00","76 12:32.080","3","0","0","0","36212","0","0","0","","0","0","0","1","68J01","0","","2","09","N","N","0","","1","0","0","0","0","N","0450","1","1","0","0","0","0","0","1","0","1","N","","","","","","","","","","","","07","  ","","",""
"1438","0","0","0","0","0","0","0","0","0","1","0","","36","09","2016","2016097883","2","40.0387","-76.1577","1431","08","0","0","0","0","0","1","0","0","","0","0","0","14","1","1","01","0","40 02:19.247","","00","76 09:27.771","3","0","0","0","36221","0","0","0","","0","0","0","4","68J01","0","","1","09","N","N","1","","1","0","0","0","0","","1411","1","2","0","0","0","0","0","1","1","2","N","","","","","","","","","","","","07","  ","","",""
"1541","1","0","0","0","0","0","0","0","0","4","0","","36","09","2016","2016097884","2","39.9079","-76.1215","1527","08","0","0","0","1","0","0","1","0","2","0","0","0","15","1","2","02","1","39 54:28.552","6","00","76 07:17.494","3","0","0","0","36216","0","0","0","","0","0","0","2","68J01","0","","1","09","N","N","0","","2","0","1","3","3","N","1524","2","2","0","0","0","0","0","1","0","2","N","","","","","","","","","","","","03","  ","","",""
"0612","1","0","0","0","0","0","0","0","0","1","0","","36","09","2016","2016097886","3","39.899","-76.2409","0600","08","0","0","0","0","0","1","0","0","2","0","0","0","05","2","1","00","1","39 53:56.279","1","00","76 14:27.372","3","0","0","0","36229","0","0","0","","0","0","0","3","68J01","0","","1","01","N","N","0","","1","0","2","0","0","N","0559","1","3","0","0","1","0","0","1","0","3","N","","","","","","","","","","","","05","  ","","",""
"0910","0","0","0","0","0","0","0","0","0","1","0","","36","09","2016","2016097887","3","39.8082","-76.1863","0908","08","0","0","0","0","0","0","2","0","","0","0","0","09","1","0","01","0","39 48:29.361","","00","76 11:10.819","0","0","0","0","36212","0","0","0","","0","0","0","2","68J01","0","","1","01","N","N","1","","0","0","1","0","0","","0906","0","2","0","0","0","0","0","1","0","2","N","","","","","","","","","","","","03","  ","","",""
"1958","1","0","0","0","0","0","0","0","0","4","0","","36","09","2016","2016097899","3","40.214","-76.1268","1954","08","0","0","0","0","0","1","0","0","1","1","0","0","19","2","0","00","1","40 12:50.259","6","07","76 07:36.349","1","1","0","1","36210","0","0","0","N","0","0","0","5","36210","0","2","1","01","N","N","0","0","0","0","0","0","0","N","1953","0","2","0","0","0","0","0","1","0","2","N","","","","","","","","","","","","03","  ","","",""
"1740","2","0","0","0","0","0","0","0","0","4","0","","36","09","2016","2016097900","6","40.0575","-76.3983","1734","08","0","0","0","0","0","1","0","0","","0","0","0","17","1","1","01","0","40 03:26.963","","00","76 23:53.840","8","0","0","0","36214","0","0","0","N","0","0","0","4","36214","0","","1","01","N","N","0","","0","0","0","3","2","","1725","1","2","0","0","0","1","0","3","0","2","N","","","","","","","","","","","","03","  ","","",""
"1715","1","0","0","0","0","0","0","0","0","1","0","","36","09","2016","2016097902","6","40.0525","-76.3951","1700","08","0","0","0","0","0","1","1","0","","0","0","0","16","1","0","06","0","40 03:06.187","","02","76 23:51.019","0","0","0","0","36214","0","0","0","N","0","0","0","2","36214","0","","1","01","N","N","0","","0","0","1","3","4","","1655","0","2","0","0","0","0","0","3","0","2","N","","","","","","","","","","","","03","  ","","",""
"2258","0","0","0","0","0","0","0","0","0","8","0","","36","09","2016","2016097937","6","39.9865","-76.2812","2257","08","0","1","0","0","0","0","0","0","3","1","0","0","22","3","0","00","2","40 04:09.562","1","00","76 18:07.678","1","0","0","0","36101","1","1","0","N","1","1","0","2","36101","0","2","1","01","N","N","0","0","0","0","1","0","0","Y","2254","0","2","0","0","0","0","0","3","0","1","N","","","","","","","","","","","","03","  ","","",""
"1716","2","0","0","0","0","0","0","0","0","4","0","","36","09","2016","2016098002","3","40.1755","-76.1779","1711","08","0","0","0","1","0","0","0","1","","0","0","0","17","1","1","01","0","40 10:31.641","","00","76 10:40.267","4","0","0","0","36408","0","0","0","N","0","0","0","4","36408","1","","1","01","N","N","0","","0","0","0","3","3","","1708","1","2","0","0","0","0","0","2","0","2","N","","","","","","","","","","","","03","  ","","",""
"1534","0","0","0","0","0","0","0","0","0","7","0","","36","09","2016","2016098009","5","40.082","-76.3277","1529","08","0","0","0","0","0","0","0","0","2","0","0","0","15","1","0","00","1","40 04:55.294","1","00","76 19:39.891","0","0","0","0","36101","0","0","0","N","0","0","0","2","36101","0","","4","01","N","N","1","","0","0","0","0","0","N","1527","0","1","0","0","0","0","0","3","0","1","N","","","","","","","","","","","","03","  ","","",""
"1800","0","0","0","1","0","0","0","0","0","4","0","","36","09","2016","2016098017","3","40.0334","-76.3135","1755","08","0","0","0","0","0","0","0","0","1","0","0","0","17","1","1","01","2","40 02:00.114","2","00","76 18:48.456","3","0","0","0","36301","1","0","0","N","0","0","0","2","36301","0","","1","01","N","N","0","","1","0","1","3","3","Y","1755","1","2","0","0","0","0","0","3","0","1","N","","","","","","","","","","","","03","  ","","",""
"1515","2","0","0","0","0","0","0","0","0","4","0","","36","09","2016","2016098050","6","40.1677","-76.2956","1514","08","0","0","0","0","0","0","0","1","1","0","0","0","15","1","0","01","1","40 10:03.849","5","00","76 17:44.217","0","0","0","0","36235","0","0","0","","0","0","0","2","36506","0","","1","01","N","N","0","","0","0","0","3","2","N","1514","0","2","0","0","0","0","0","1","0","2","N","","","","","","","","","","","","03","  ","","",""
"0832","1","0","0","0","0","0","0","0","0","1","0","","36","09","2016","2016098063","6","40.1411","-76.5921","0825","08","0","0","0","0","0","1","0","0","1","0","0","0","08","1","1","00","1","40 08:28.017","6","00","76 35:31.395","8","0","0","0","36237","0","0","0","N","0","0","0","3","36505","0","","1","01","N","N","0","","0","0","1","0","0","N","0820","1","2","0","0","0","1","0","1","0","2","N","","","","","","","","","","","","03","  ","","",""
"0743","2","0","0","0","0","0","0","0","0","4","0","","36","09","2016","2016098068","6","40.1282","-76.6115","0735","08","0","0","0","1","0","1","0","0","","0","0","0","07","1","0","01","0","40 07:41.664","","00","76 36:41.536","0","0","0","0","36237","0","0","0","N","0","0","0","2","36505","0","","1","01","N","N","0","","0","0","0","3","3","","0730","0","2","0","0","0","0","0","1","0","2","N","","","","","","","","","","","","03","  ","","",""
"1424","2","0","0","0","0","0","0","0","0","1","0","","36","09","2016","2016098081","7","40.154","-76.6076","1423","08","0","0","0","0","0","0","0","2","2","0","0","0","14","1","1","00","2","40 09:14.320","2","07","76 36:27.369","8","0","0","0","36407","0","0","0","N","0","0","0","5","36407","0","","1","01","N","N","0","","0","0","1","0","0","N","1422","1","3","0","0","0","1","0","2","0","3","N","","","","","","","","","","","","03","  ","","",""
"1543","0","0","0","2","0","1","0","0","0","1","0","","36","09","2016","2016098143","4","39.9723","-76.3219","1542","08","0","0","0","0","0","0","1","0","2","0","0","0","15","1","2","00","2","39 58:20.396","5","00","76 19:19.007","2","0","0","0","36228","2","0","1","N","0","0","0","3","36503","1","","1","01","N","N","0","","0","1","1","0","0","Y","1541","2","3","0","0","0","0","0","1","0","1","N","","","","","","","","","","","","03","  ","","",""
"1040","0","0","0","0","0","0","0","0","0","0","0","","36","09","2016","2016098175","3","40.0525","-76.394","1035","08","0","0","1","0","0","0","0","0","","0","0","0","10","1","0","00","0","40 03:08.942","","02","76 23:38.418","0","0","0","1","36214","0","0","0","","0","0","0","1","36214","0","","1","01","N","N","0","","0","0","0","0","0","","1034","0","1","0","0","0","0","0","3","0","1","N","","","","","","","","","","","","03","  ","","",""
"0835","1","0","0","0","0","0","0","0","0","4","0","","36","09","2016","2016098220","7","40.154","-76.5996","0832","08","0","0","0","0","0","1","0","0","2","0","0","0","08","1","0","01","2","40 09:14.228","7","00","76 35:58.671","0","0","0","0","36407","0","0","0","N","0","0","0","2","36407","0","","1","01","N","N","0","","0","0","1","3","3","N","0832","0","2","0","0","0","0","0","2","0","2","N","","","","","","","","","","","","03","  ","","",""
"1227","1","0","0","0","0","0","0","0","0","1","0","","36","09","2016","2016098229","7","40.0592","-76.3343","1217","08","0","0","0","0","0","1","0","0","2","0","0","0","12","1","2","00","1","40 03:33.089","4","00","76 20:03.317","4","0","0","0","36101","0","0","0","N","0","0","0","4","36101","2","","1","01","N","N","0","","0","0","1","0","0","Y","1214","2","2","0","0","0","0","0","3","0","2","N","","","","","","","","","","","","03","  ","","",""
"0627","1","0","0","0","0","0","0","0","0","4","0","","36","09","2016","2016098244","1","40.0614","-76.306","0627","08","0","0","0","0","0","1","0","1","","0","0","0","06","5","0","00","0","40 03:41.090","","07","76 18:21.590","0","0","0","0","36101","0","0","0","N","0","0","0","2","36101","0","","1","01","N","N","1","","0","0","0","3","3","","0610","0","2","0","0","0","0","0","3","0","2","N","","","","","","","","","","","","03","  ","","",""
"1639","0","0","0","0","0","0","0","0","0","1","0","","36","09","2016","2016098248","6","40.0628","-76.3419","1635","08","0","0","0","0","0","1","0","0","2","0","0","0","16","1","0","00","1","40 03:45.961","4","00","76 20:30.717","0","0","0","0","36101","0","0","0","N","0","0","0","2","36101","0","","1","01","N","N","0","","0","0","2","0","0","N","1633","0","2","0","0","0","0","0","3","0","2","N","","","","","","","","","","","","03","  ","","",""
"1638","1","0","0","0","0","0","0","0","0","1","0","","36","09","2016","2016098249","3","40.1703","-76.1694","1636","08","0","0","0","0","0","0","0","0","2","0","0","0","16","1","0","00","1","40 10:12.958","3","00","76 10:09.822","0","0","0","0","36408","0","0","0","N","0","0","0","1","36408","0","","4","01","N","N","0","","0","0","1","0","0","N","1634","0","3","0","0","0","0","0","2","1","3","N","","","","","","","","","","","","03","  ","","",""
"1311","1","0","0","0","0","0","0","0","0","7","0","","36","09","2016","2016098251","2","40.1074","-76.2486","1307","08","0","0","0","0","0","1","0","0","1","0","0","0","13","1","2","00","1","40 06:26.615","1","00","76 14:54.941","3","0","0","0","36101","0","0","0","N","0","0","0","2","36101","0","","4","09","N","N","0","","2","0","0","0","0","N","1307","2","1","0","0","0","0","0","3","0","1","N","","","","","","","","","","","","07","  ","","",""
"1602","1","0","0","0","0","0","0","0","0","4","0","","36","09","2016","2016098256","7","40.1761","-76.2249","1557","08","0","1","0","0","0","2","0","0","2","0","0","0","15","1","1","01","2","40 10:34.041","5","00","76 13:29.758","8","0","0","0","36218","0","0","0","N","0","0","0","6","36408","0","","1","01","N","N","0","","0","0","1","3","3","Y","1555","1","3","0","0","0","1","0","1","1","3","N","","","","","","","","","","","","03","  ","","",""
"1058","0","0","0","0","0","0","0","0","0","7","0","","36","09","2016","2016098272","7","40.0807","-76.3087","1058","08","0","0","0","0","0","0","0","0","","0","0","0","10","1","1","00","0","40 04:50.593","","00","76 18:31.198","4","0","0","0","36101","0","0","0","N","0","0","0","1","36101","1","","4","01","N","N","0","","0","0","0","0","0","","1046","1","1","0","0","0","0","0","3","1","1","N","","","","","","","","","","","","03","  ","","",""
"1218","1","0","0","0","0","0","0","0","0","4","0","","36","09","2016","2016098293","1","40.1642","-76.1543","1214","08","0","0","0","0","0","1","0","0","2","0","0","0","12","1","1","02","1","40 09:51.097","3","00","76 09:15.344","2","0","1","1","36218","0","0","0","N","0","0","0","2","36408","0","","1","01","N","N","0","","0","1","0","3","2","N","1210","1","2","0","0","0","0","0","1","0","2","N","","","","","","","","","","","","03","  ","","",""
"1207","2","0","0","0","0","0","0","0","0","4","0","","36","09","2016","2016098297","7","40.1716","-76.1729","1201","08","0","1","0","0","0","0","0","0","","0","0","0","11","1","0","02","0","40 10:17.886","","00","76 10:22.335","0","0","0","0","36408","0","0","0","N","0","0","0","2","36408","0","","1","01","N","N","0","","0","0","0","0","0","","1158","0","2","0","0","0","0","0","2","0","2","N","","","","","","","","","","","","03","  ","","",""
"1205","1","0","0","0","0","0","0","0","0","1","0","","36","09","2016","2016098346","4","40.0801","-76.3392","1205","08","0","0","0","0","0","0","0","0","","0","0","0","11","1","0","02","0","40 04:48.518","","00","76 20:21.088","0","0","0","0","36101","0","0","0","","0","0","0","3","68L02","0","","1","01","N","N","0","","0","0","2","0","0","","1155","0","3","0","0","0","0","0","3","0","3","N","","","","","","","","","","","","03","  ","","",""
"1309","3","0","0","0","0","0","0","0","0","1","0","","36","09","2016","2016098364","6","40.1014","-76.4264","1306","08","0","0","0","0","0","1","0","0","2","0","0","0","13","1","0","00","1","40 06:04.943","3","00","76 25:35.011","9","0","0","0","36214","0","0","0","","0","0","0","1","36214","0","","4","01","N","N","0","","0","0","0","0","0","N","1305","0","3","0","0","0","0","1","3","0","3","N","","","","","","","","","","","","03","  ","","",""
"1428","2","0","0","0","0","0","0","0","0","4","0","","36","09","2016","2016098398","5","40.012","-76.2263","1423","08","0","0","0","0","0","0","0","1","2","0","0","0","14","1","1","01","2","40 00:43.379","7","00","76 13:34.666","3","0","0","0","36240","0","0","0","N","0","0","0","2","36240","0","","1","01","N","N","0","","1","0","0","3","3","Y","1422","1","2","0","0","1","0","0","1","0","2","N","","","","","","","","","","","","03","  ","","",""
"0203","2","0","0","0","0","0","0","0","0","4","0","","36","09","2016","2016098399","7","40.0284","-76.4985","0203","08","0","0","0","0","0","0","0","0","","0","0","0","02","3","0","00","0","40 01:42.170","","00","76 29:54.500","9","0","0","0","36404","1","0","0","Y","0","0","0","3","36404","0","","1","01","N","N","0","","0","0","0","0","0","","0203","0","2","0","0","0","0","1","3","0","2","N","","","","","","","","","","","","03","  ","","",""
"1751","1","0","0","0","0","0","0","0","0","4","0","","36","09","2016","2016098432","6","40.0598","-76.5415","1748","08","0","0","0","0","0","2","0","0","2","0","0","0","17","1","0","01","1","40 03:35.110","3","00","76 32:29.292","0","0","0","0","36411","0","0","0","N","0","0","0","2","36504","0","","1","01","N","N","0","","0","0","1","3","3","Y","1740","0","2","0","0","0","0","0","1","0","2","N","","","","","","","","","","","","03","  ","","",""
"0652","1","0","0","0","0","0","0","0","0","7","0","","36","09","2016","2016098498","2","40.0527","-76.3772","0642","08","0","0","0","0","0","1","0","0","2","0","0","0","06","1","0","00","1","40 03:09.686","4","00","76 22:37.801","0","0","0","0","36214","0","0","0","Y","0","0","0","1","36214","0","","2","01","N","N","0","","0","0","0","0","0","N","0636","0","1","0","0","0","0","0","3","0","1","N","","","","","","","","","","","","03","  ","","",""
"0740","3","0","0","0","0","0","0","0","0","1","0","","36","09","2016","2016098519","2","40.0708","-76.2874","0735","08","0","0","0","0","0","1","1","0","3","0","0","0","07","1","0","00","1","40 04:14.972","2","00","76 17:14.576","0","0","0","0","36101","0","0","0","N","0","0","0","3","36101","0","","1","01","N","N","0","","0","0","0","0","0","N","0728","0","3","0","0","0","0","0","3","0","3","N","","","","","","","","","","","","03","  ","","",""
"0758","1","0","0","0","0","0","0","0","0","5","1","","36","09","2016","2016098524","2","40.097","-76.4015","0752","08","0","0","0","0","0","1","0","0","2","0","1","0","07","1","0","00","2","40 05:49.303","3","00","76 24:05.450","0","0","0","0","36214","0","0","0","N","0","0","0","2","36214","0","","1","01","N","N","0","","0","0","0","0","0","N","0750","0","2","0","0","0","0","0","3","0","2","N","","","","","","","","","","","","03","  ","","",""
"0642","1","0","0","0","0","0","0","0","0","1","0","","36","09","2016","2016098600","2","40.1332","-76.5633","0636","08","0","0","0","0","0","0","0","0","2","0","0","0","06","1","0","00","1","40 07:59.494","1","00","76 33:47.909","0","0","0","0","36225","0","0","0","N","0","0","0","2","36505","0","","1","01","N","N","0","","0","0","1","0","0","N","0636","0","2","0","0","0","0","0","2","0","2","N","","","","","","","","","","","","03","  ","","",""
"0118","1","0","0","0","0","0","0","0","0","7","0","","36","09","2016","2016098699","4","40.0371","-76.4138","0055","08","0","0","1","0","0","0","0","0","","0","0","0","00","2","0","00","0","40 02:13.629","","00","76 24:49.705","0","0","0","0","36239","0","0","0","","0","0","0","1","36223","0","","5","01","N","N","0","","0","0","0","0","0","","0045","0","1","0","0","0","0","0","3","0","1","N","","","","","","","","","","","","03","  ","","",""
"1614","1","0","0","0","0","0","0","0","0","1","0","","36","09","2016","2016098700","6","40","-76.4254","1612","08","0","0","0","0","0","0","0","0","","0","0","0","16","1","0","00","0","39 59:59.856","","07","76 25:31.268","0","0","0","0","36223","0","0","0","","0","0","0","2","36223","0","","1","01","N","N","1","","0","0","0","0","0","","1610","0","2","0","0","0","0","0","1","0","2","N","","","","","","","","","","","","03","  ","","",""
"1835","0","0","0","0","0","0","0","0","0","4","0","","36","09","2016","2016098809","1","39.9858","-76.2836","1835","08","0","0","0","0","0","1","0","0","1","0","0","0","18","3","0","01","1","39 59:09.292","7","00","76 17:01.207","0","0","0","0","36240","0","0","0","N","0","0","0","6","36240","0","","1","01","N","N","1","","0","0","1","3","2","N","1834","0","2","0","0","0","0","0","1","0","2","N","","","","","","","","","","","","03","  ","","",""