"ARRIVAL_TM","AUTOMOBILE_COUNT","BELTED_DEATH_COUNT","BELTED_SUSP_SERIOUS_INJ_COUNT","BICYCLE_COUNT","BICYCLE_DEATH_COUNT","BICYCLE_SUSP_SERIOUS_INJ_COUNT","BUS_COUNT","CHLDPAS_DEATH_COUNT","CHLDPAS_SUSP_SERIOUS_INJ_COUNT","COLLISION_TYPE","COMM_VEH_COUNT","CONS_ZONE_SPD_LIM","COUNTY","CRASH_MONTH","CRASH_YEAR","CRN","DAY_OF_WEEK","DEC_LAT","DEC_LONG","DISPATCH_TM","DISTRICT","DRIVER_COUNT_16YR","DRIVER_COUNT_17YR","DRIVER_COUNT_18YR","DRIVER_COUNT_19YR","DRIVER_COUNT_20YR","DRIVER_COUNT_50_64YR","DRIVER_COUNT_65_74YR","DRIVER_COUNT_75PLUS","EST_HRS_CLOSED","FATAL_COUNT","HEAVY_TRUCK_COUNT","HORSE_BUGGY_COUNT","HOUR_OF_DAY","ILLUMINATION","INJURY_COUNT","INTERSECT_TYPE","LANE_CLOSED","LATITUDE","LN_CLOSE_DIR","LOCATION_TYPE","LONGITUDE","MAX_SEVERITY_LEVEL","MCYCLE_DEATH_COUNT","MCYCLE_SUSP_SERIOUS_INJ_COUNT","MOTORCYCLE_COUNT","MUNICIPALITY","NONMOTR_COUNT","NONMOTR_DEATH_COUNT","NONMOTR_SUSP_SERIOUS_INJ_COUNT","NTFY_HIWY_MAINT","PED_COUNT","PED_DEATH_COUNT","PED_SUSP_SERIOUS_INJ_COUNT","PERSON_COUNT","POLICE_AGCY","POSSIBLE_INJ_COUNT","RDWY_SURF_TYPE_CD","RELATION_TO_ROAD","ROAD_CONDITION","SCH_BUS_IND","SCH_ZONE_IND","SMALL_TRUCK_COUNT","SPEC_JURIS_CD","SUSP_MINOR_INJ_COUNT","SUSP_SERIOUS_INJ_COUNT","SUV_COUNT","TCD_FUNC_CD","TCD_TYPE","TFC_DETOUR_IND","TIME_OF_DAY","TOT_INJ_COUNT","TOTAL_UNITS","UNB_DEATH_COUNT","UNB_SUSP_SERIOUS_INJ_COUNT","UNBELTED_OCC_COUNT","UNK_INJ_DEG_COUNT","UNK_INJ_PER_COUNT","URBAN_RURAL","VAN_COUNT","VEHICLE_COUNT","WORK_ZONE_IND","WORK_ZONE_LOC","WORK_ZONE_TYPE","WORKERS_PRES","WZ_CLOSE_DETOUR","WZ_FLAGGER","WZ_LAW_OFFCR_IND","WZ_LN_CLOSURE","WZ_MOVING","WZ_OTHER","WZ_SHLDER_MDN","ROADWAY_CLEARED","WEATHER1","WEATHER2","WZ_WORKERS_INJ_KILLED","SECONDARY_CRASH","INTERSECTION_RELATED"
"2025","2","0","0","0","0","0","0","0","0","4","0","","36","09","2016","2016098817","1","39.9818","-76.2778","2016","08","0","1","0","0","0","0","0","0","","0","0","0","20","3","0","01","0","39 58:54.642","","00","76 16:39.961","0","0","0","0","36240","0","0","0","N","0","0","0","2","36240","0","","1","01","N","N","0","","0","0","0","3","3","","2014","0","2","0","0","0","0","0","1","0","2","N","","","","","","","","","","","","03","  ","","",""
"2333","2","0","0","0","0","0","0","0","0","4","0","","36","09","2016","2016098848","2","40.0691","-76.3569","2330","08","0","0","0","0","1","1","0","0","","0","0","0","23","3","2","01","0","40 04:08.816","","00","76 21:24.786","4","0","0","0","36214","0","0","0","N","0","0","0","2","36214","2","","1","01","N","N","0","","0","0","0","3","2","","2328","2","2","0","0","0","0","0","3","0","2","N","","","","","","","","","","","","03","  ","","",""
"1511","1","0","0","0","0","0","0","0","0","1","0","","36","09","2016","2016098863","6","40.1325","-76.2149","1511","08","0","0","0","0","0","0","1","0","2","0","0","0","15","1","0","00","1","40 07:57.047","2","00","76 12:53.461","0","0","0","0","36238","0","0","0","N","0","0","0","3","36238","0","","1","01","N","N","0","","0","0","0","0","0","N","1508","0","2","0","0","0","0","0","3","1","2","N","","","","","","","","","","","","03","  ","","",""
"1850","1","0","0","0","0","0","0","0","0","4","0","","36","09","2016","2016098864","2","40.0453","-76.4245","1848","08","0","0","0","0","0","1","0","0","2","0","0","0","18","3","0","07","2","40 02:41.756","2","08","76 25:34.941","9","0","0","0","36239","0","0","0","N","0","0","0","3","36239","0","","1","01","N","N","0","","0","0","1","3","2","N","1840","0","2","0","0","0","0","3","3","0","2","N","","","","","","","","","","","","03","  ","","",""
"0923","1","0","0","0","0","0","0","0","0","1","0","","36","09","2016","2016099003","3","40.0647","-76.3371","0914","08","0","0","0","0","0","0","1","1","","0","0","0","09","1","0","00","0","40 03:52.985","","00","76 20:13.622","0","0","0","0","36301","0","0","0","N","0","0","0","4","36101","0","","1","01","N","N","0","","0","0","1","0","0","","0900","0","3","0","0","0","0","0","3","1","3","N","","","","","","","","","","","","03","  ","","",""
"1025","0","0","0","0","0","0","0","0","0","4","0","","36","09","2016","2016099019","3","40.049","-76.3459","1021","08","0","0","0","0","0","1","0","1","2","0","0","0","10","1","2","02","1","40 02:56.322","3","00","76 20:45.158","3","0","0","0","36214","0","0","0","N","0","0","0","2","36214","1","","1","01","N","N","1","","1","0","1","3","3","N","1017","2","2","0","0","0","0","0","3","0","2","N","","","","","","","","","","","","03","  ","","",""
"1411","0","0","0","0","0","0","0","0","0","1","0","","36","09","2016","2016099062","3","40.0938","-76.2843","1351","08","0","0","0","0","0","0","0","0","","0","0","0","13","1","0","00","0","40 05:37.841","","00","76 17:03.348","0","0","0","0","36101","0","0","0","N","0","0","0","2","36101","0","","1","01","N","N","0","","0","0","2","0","0","","1349","0","2","0","0","0","0","0","3","0","2","N","","","","","","","","","","","","03","  ","","",""
"1540","2","0","0","0","0","0","0","0","0","1","0","","36","09","2016","2016099064","2","40.0387","-76.3573","1528","08","0","0","0","0","0","0","0","0","","0","0","0","15","1","1","00","0","40 02:19.187","","00","76 21:26.419","3","0","0","0","36214","0","0","0","N","0","0","0","3","36214","0","","1","01","N","N","0","","1","0","1","0","0","","1525","1","3","0","0","0","0","0","3","0","3","N","","","","","","","","","","","","03","  ","","",""
"0138","3","0","0","0","0","0","0","0","0","4","0","","36","09","2016","2016099117","7","40.0503","-76.3048","0127","08","0","0","0","0","0","0","0","0","2","0","0","0","01","3","1","00","2","40 03:01.026","6","00","76 18:17.197","4","0","0","0","36301","0","0","0","N","0","0","0","1","36301","1","","6","01","N","N","0","","0","0","1","0","0","Y","0127","1","4","0","0","1","0","0","3","0","4","N","","","","","","","","","","","","03","  ","","",""
"0700","1","0","0","0","0","0","0","0","0","7","0","","36","09","2016","2016099177","2","40.226","-76.3959","0642","08","0","0","0","0","0","1","0","0","","0","0","0","06","5","0","00","0","40 13:32.967","","00","76 23:48.549","0","0","0","0","36227","0","0","0","","0","0","0","1","68T06","0","","3","09","N","N","0","","0","0","0","0","0","","0642","0","1","0","0","0","0","0","1","0","1","N","","","","","","","","","","","","07","  ","","",""
"0006","1","0","0","0","0","0","0","0","0","9","0","","36","09","2016","2016099184","4","40.2316","-76.126","2345","08","0","0","0","0","0","0","0","0","","0","0","0","23","2","0","00","0","40 13:53.961","","00","76 07:33.770","0","0","0","0","36210","0","0","0","","0","0","0","1","68T06","0","","1","01","N","N","0","","0","0","0","0","0","","2342","0","1","0","0","0","0","0","1","0","1","N","","","","","","","","","","","","03","  ","","",""
"1602","1","0","0","0","0","0","0","0","0","7","0","","36","09","2016","2016099225","3","40.0532","-76.3908","1557","08","0","1","0","0","0","1","0","0","1","0","0","0","15","1","0","00","2","40 03:11.615","3","00","76 23:26.877","0","0","0","0","36214","0","0","0","Y","0","0","0","3","36214","0","","3","01","N","N","0","","0","0","1","0","0","N","1555","0","2","0","0","0","0","0","3","0","2","N","","","","","","","","","","","","03","  ","","",""
"1416","1","0","0","0","0","0","0","0","0","4","0","","36","09","2016","2016099264","4","40.1309","-76.2172","1414","08","0","0","1","0","0","0","0","1","","0","0","0","14","1","0","01","0","40 07:51.556","","00","76 13:01.609","0","0","0","0","36238","0","0","0","N","0","0","0","2","36238","0","","1","01","N","N","0","","0","0","1","3","2","","1411","0","2","0","0","0","0","0","3","0","2","N","","","","","","","","","","","","03","  ","","",""
"0202","4","0","0","0","0","0","0","0","0","4","0","","36","09","2016","2016099278","3","40.0375","-76.3147","0200","08","0","0","0","0","0","0","0","0","3","0","0","0","01","3","0","00","2","40 02:14.971","1","00","76 18:52.977","0","0","0","0","36301","0","0","0","N","0","0","0","2","36301","0","","4","09","N","N","0","","0","0","0","0","0","Y","0152","0","4","0","0","0","0","0","3","0","4","N","","","","","","","","","","","","07","  ","","",""
"1058","1","0","0","0","0","0","0","0","0","4","0","","36","09","2016","2016099328","1","40.1876","-76.1901","1056","08","1","0","0","0","0","0","0","0","2","0","0","0","10","1","5","01","1","40 11:15.381","1","00","76 11:24.343","8","0","0","0","36408","0","0","0","N","0","0","0","8","36408","0","","1","01","N","N","0","","0","0","1","3","2","Y","1054","5","2","0","0","0","5","0","2","0","2","N","","","","","","","","","","","","03","  ","","",""
"1000","0","0","0","0","0","0","0","0","0","8","1","","36","09","2016","2016099351","2","40.2159","-76.0731","0944","08","0","0","0","0","0","1","0","0","","0","1","0","09","1","1","00","0","40 12:57.048","","05","76 04:21.605","8","0","0","0","36210","1","0","0","","1","0","0","2","68T06","0","","1","01","N","N","0","","0","0","0","0","0","","0944","1","2","0","0","0","1","0","1","0","1","N","","","","","","","","","","","","03","  ","","",""
"0936","1","0","0","0","0","0","0","0","0","1","1","","36","09","2016","2016099378","2","40.0679","-76.2964","0928","08","0","0","0","0","0","0","0","0","","0","1","0","09","1","1","00","0","40 04:04.526","","00","76 17:47.011","3","0","0","0","36101","0","0","0","N","0","0","0","2","36101","0","","1","01","N","N","0","","1","0","0","0","0","","0922","1","2","0","0","0","0","0","3","0","2","N","","","","","","","","","","","","03","  ","","",""
"0904","2","0","0","0","0","0","0","0","0","1","0","","36","09","2016","2016099389","4","40.1908","-76.1948","0859","08","0","0","0","0","0","1","0","1","","0","0","0","08","1","2","02","0","40 11:26.946","","00","76 11:41.454","8","0","0","0","36408","0","0","0","N","0","0","0","3","36408","0","","1","01","N","N","0","","0","0","1","0","0","","0856","2","3","0","0","0","2","0","2","0","3","N","","","","","","","","","","","","03","  ","","",""
"1703","1","0","0","0","0","0","0","0","0","4","0","","36","09","2016","2016099403","1","40.2027","-76.1983","1658","08","0","0","0","1","0","0","1","0","","0","0","0","16","1","0","02","0","40 12:09.849","","00","76 11:53.991","0","0","0","0","36218","0","0","0","N","0","0","0","2","36408","0","","1","01","N","N","0","","0","0","1","0","0","","1656","0","2","0","0","0","0","0","1","0","2","N","","","","","","","","","","","","03","  ","","",""
"1438","1","0","0","0","0","0","0","0","0","7","0","","36","09","2016","2016099404","2","40.249","-76.1205","1436","08","0","1","0","0","0","0","0","0","","0","0","0","14","1","1","00","0","40 14:56.391","","00","76 07:13.687","3","0","0","0","36210","0","0","0","Y","0","0","0","3","36210","0","","4","01","N","N","0","","1","0","0","0","0","","1436","1","1","0","0","0","0","0","1","0","1","N","","","","","","","","","","","","03","  ","","",""
"1446","1","0","0","0","0","0","0","0","0","7","0","","36","09","2016","2016099405","7","40.1713","-76.1237","1439","08","0","0","0","0","0","0","0","0","","0","0","0","14","1","1","02","0","40 10:16.685","","00","76 07:25.353","8","0","0","0","36218","0","0","0","N","0","0","0","1","36408","0","","4","01","N","N","0","","0","0","0","0","0","","1435","1","2","0","0","0","1","0","1","0","1","N","","","","","","","","","","","","03","  ","","",""
"1323","2","0","0","0","0","0","0","0","0","1","0","","36","09","2016","2016099420","3","40.1362","-76.3037","1311","08","0","0","0","0","0","0","0","1","2","0","0","0","13","1","1","00","1","40 08:10.439","1","00","76 18:13.322","8","0","0","0","36235","0","0","0","","0","0","0","3","36506","0","","1","01","N","N","0","","0","0","0","0","0","Y","1308","1","2","0","0","0","1","0","1","0","2","N","","","","","","","","","","","","03","  ","","",""
"1553","2","0","0","0","0","0","0","0","0","1","0","","36","09","2016","2016099449","6","40.0534","-76.2637","1553","08","0","0","0","0","0","1","0","0","2","0","0","0","15","1","0","00","1","40 03:12.274","4","00","76 15:49.278","0","0","0","0","36301","0","0","0","N","0","0","0","7","36301","0","","1","01","N","N","0","","0","0","1","0","0","N","1553","0","3","0","0","0","0","0","3","0","3","N","","","","","","","","","","","","03","  ","","",""
"0017","1","0","0","0","0","0","0","0","0","1","1","55","36","08","2016","2016099681","6","40.1049","-76.4269","0017","08","0","0","0","0","0","0","0","0","","0","1","0","00","3","1","06","0","40 06:11.813","","02","76 25:22.746","8","0","0","0","36214","0","0","0","","0","0","0","2","68J01","0","","1","01","N","N","0","","0","0","0","0","0","","0017","1","2","0","0","0","1","0","3","0","2","Y","4","1","Y","N","N","Y","Y","N","N","N","","03","  ","","",""
"1355","0","0","0","0","0","0","0","0","0","7","0","","36","09","2016","2016099727","1","40.0378","-76.4054","1352","08","0","0","0","0","0","0","0","0","2","0","0","0","13","1","1","00","1","40 02:15.962","3","00","76 24:19.314","4","0","0","0","36223","0","0","0","","0","0","0","1","36223","1","","5","01","N","N","0","","0","0","1","0","0","N","1347","1","1","0","0","1","0","0","1","0","1","N","","","","","","","","","","","","03","  ","","",""
"1901","0","0","0","0","0","0","0","0","0","2","0","","36","09","2016","2016099728","5","40.0065","-76.3767","1857","08","0","0","0","0","0","0","0","0","1","0","0","0","18","4","2","00","2","40 00:23.322","6","00","76 22:36.296","4","0","0","0","36223","0","0","0","","0","0","0","2","36223","2","","1","01","N","N","1","","0","0","1","0","0","Y","1856","2","2","0","0","0","0","0","1","0","2","N","","","","","","","","","","","","03","  ","","",""
"2038","0","0","0","0","0","0","0","0","0","4","0","","36","09","2016","2016099729","5","40.0412","-76.3902","2028","08","0","0","0","0","0","1","0","0","","0","0","0","20","3","2","01","0","40 02:28.217","","00","76 23:24.706","8","0","0","0","36223","1","0","0","","0","0","0","5","36223","0","","1","01","N","N","1","","0","0","2","3","2","","2027","2","3","0","0","0","2","0","1","0","3","N","","","","","","","","","","","","03","  ","","",""
"2034","1","0","0","0","0","0","0","0","0","7","0","","36","09","2016","2016099805","4","40.0518","-76.3935","2027","08","0","1","0","0","0","0","0","0","","0","0","0","20","2","0","00","0","40 03:06.415","","02","76 23:36.426","0","0","0","0","36214","0","0","0","Y","0","0","0","1","36214","0","","2","09","N","N","0","","0","0","0","0","0","","2024","0","1","0","0","0","0","0","3","0","1","N","","","","","","","","","","","","03","  ","","",""
"2222","2","0","0","0","0","0","0","0","0","4","0","","36","09","2016","2016099813","7","40.0392","-76.2951","2221","08","0","0","0","0","0","0","0","0","2","0","0","0","22","3","0","01","1","40 02:20.968","3","00","76 17:42.317","9","0","0","0","36301","0","0","0","N","0","0","0","5","36301","0","","1","01","N","Y","0","","0","0","0","2","2","N","2221","0","2","0","0","0","0","2","3","0","2","N","","","","","","","","","","","","03","  ","","",""
"0141","1","0","0","0","0","0","0","0","0","4","1","","36","09","2016","2016099849","5","40.0579","-76.2808","0131","08","0","0","0","0","0","1","1","0","2","0","1","0","01","3","0","01","1","40 03:28.292","1","00","76 16:50.947","0","0","0","0","36101","0","0","0","N","0","0","0","2","36101","0","","1","09","N","N","0","","0","0","0","3","2","N","0130","0","2","0","0","0","0","0","3","0","2","N","","","","","","","","","","","","07","  ","","",""
"0635","1","0","0","0","0","0","0","0","0","7","0","","36","09","2016","2016099855","2","40.1588","-76.6204","0625","08","0","0","0","0","0","1","0","0","1","0","0","0","06","5","1","00","1","40 09:31.828","3","00","76 37:13.318","4","0","0","0","36237","0","0","0","N","0","0","0","1","36505","1","","5","09","N","N","0","","0","0","0","0","0","N","0622","1","1","0","0","0","0","0","1","0","1","N","","","","","","","","","","","","07","  ","","",""
"2145","2","0","0","0","0","0","0","0","0","4","0","","36","09","2016","2016099857","6","40.0404","-76.3132","2139","08","0","0","0","0","0","0","0","0","2","0","0","0","21","3","2","01","1","40 02:25.544","2","00","76 18:47.358","8","0","0","0","36301","0","0","0","N","0","0","0","4","36301","0","","1","01","N","N","0","","0","0","0","3","2","N","2138","2","2","0","0","0","2","0","3","0","2","N","","","","","","","","","","","","03","  ","","",""
"0453","1","0","0","0","0","0","0","0","0","4","0","","36","09","2016","2016099913","5","40.0781","-76.1848","0453","08","0","0","0","0","0","0","0","0","","0","0","0","04","2","0","02","0","40 04:41.176","","00","76 11:05.350","0","0","0","0","36234","0","0","0","N","0","0","0","2","36215","0","","1","09","N","N","0","","0","0","1","3","3","","0453","0","2","0","0","0","0","0","1","0","2","N","","","","","","","","","","","","07","  ","","",""
"2104","0","0","0","0","0","0","0","0","0","7","0","","36","09","2016","2016099914","7","40.179","-76.6064","2057","08","0","0","0","0","0","0","1","0","","0","0","0","20","2","0","00","0","40 10:44.412","","00","76 36:23.207","0","0","0","0","36225","0","0","0","N","0","0","0","2","36505","0","","4","01","N","N","1","","0","0","0","0","0","","2050","0","1","0","0","0","0","0","2","0","1","N","","","","","","","","","","","","03","  ","","",""
"1540","0","0","0","0","0","0","0","0","0","4","0","","36","09","2016","2016099949","4","40.0435","-76.423","1538","08","0","0","0","0","0","0","0","0","1","0","0","0","15","1","0","05","1","40 02:36.755","2","00","76 25:22.674","0","0","0","0","36239","0","0","0","N","0","0","0","2","36239","0","","1","01","N","N","1","","0","0","1","3","2","N","1538","0","2","0","0","0","0","0","3","0","2","N","","","","","","","","","","","","03","  ","","",""
"1550","2","0","0","0","0","0","0","0","0","5","0","","36","09","2016","2016099959","4","40.0385","-76.3006","1535","08","0","0","0","0","0","0","0","0","","0","0","0","15","1","0","00","0","40 02:18.654","","00","76 18:01.996","0","0","0","0","36301","0","0","0","N","0","0","0","3","36301","0","","4","09","N","N","0","","0","0","0","0","0","","1533","0","2","0","0","0","0","0","3","0","2","N","","","","","","","","","","","","07","  ","","",""
"0626","0","0","0","0","0","0","0","0","0","4","0","","36","09","2016","2016099960","5","40.0559","-76.3594","0618","08","0","0","0","0","0","0","0","1","2","0","0","0","06","2","1","02","1","40 03:21.349","2","00","76 21:33.740","4","0","0","0","36214","0","0","0","N","0","0","0","4","36214","1","","1","09","N","N","0","","0","0","0","3","3","Y","0616","1","2","0","0","0","0","0","3","2","2","N","","","","","","","","","","","","07","  ","","",""
"0751","1","0","0","0","0","0","0","0","0","4","0","","36","08","2016","2016099986","4","39.9811","-76.3057","0748","08","0","0","0","0","0","0","1","0","1","0","0","0","07","1","2","00","1","39 58:51.893","3","00","76 18:20.562","3","0","0","0","36228","0","0","0","N","0","0","0","2","36503","1","","1","01","N","N","0","","1","0","1","0","0","N","0745","2","2","0","0","0","0","0","1","0","2","N","","","","","","","","","","","","03","  ","","",""
"1115","0","0","0","0","0","0","0","0","0","7","0","","36","09","2016","2016099988","5","40.0109","-76.3187","1115","08","0","0","0","0","0","0","0","0","","0","0","0","11","1","0","00","0","40 00:39.067","","00","76 19:07.462","0","0","0","0","36220","0","0","0","N","0","0","0","1","36101","0","","5","09","N","N","1","","0","0","0","0","0","","1113","0","1","0","0","0","0","0","3","0","1","N","","","","","","","","","","","","07","  ","","",""
"1002","0","0","0","0","0","0","0","0","0","7","0","","36","09","2016","2016099996","5","40.0627","-76.3674","0957","08","0","0","0","0","0","0","0","0","","0","0","0","08","1","0","00","0","40 03:45.600","","00","76 22:02.700","0","0","0","0","36214","0","0","0","N","0","0","0","1","36214","0","","2","09","N","N","0","","0","0","1","0","0","","0800","0","1","0","0","0","0","0","3","0","1","N","","","","","","","","","","","","07","  ","","",""
"1206","1","0","0","0","0","0","0","0","0","1","0","","36","09","2016","2016100019","5","40.1196","-76.491","1200","08","0","0","0","0","0","0","1","0","2","0","0","0","12","1","1","02","1","40 07:10.483","6","00","76 29:27.620","3","0","0","0","36230","0","0","0","N","0","0","0","3","36410","0","","1","09","N","N","1","","1","0","0","0","0","N","1200","1","2","0","0","3","0","0","1","0","2","N","","","","","","","","","","","","07","  ","","",""
"1558","3","0","0","0","0","0","0","0","0","1","0","","36","09","2016","2016100045","1","40.0502","-76.308","1558","08","0","0","0","0","0","0","0","0","2","0","0","0","15","1","2","00","2","40 03:00.588","1","00","76 18:28.767","4","0","0","0","36301","0","0","0","N","0","0","0","4","36301","2","","1","01","N","N","0","","0","0","0","0","0","Y","1558","2","3","0","0","0","0","0","3","0","3","N","","","","","","","","","","","","03","  ","","",""
"1455","0","0","0","0","0","0","0","0","0","1","0","","36","09","2016","2016100053","5","40.0691","-76.3569","1447","08","0","0","0","0","0","0","1","0","1","0","0","0","14","1","0","01","1","40 04:08.816","1","00","76 21:24.786","0","0","0","0","36214","0","0","0","N","0","0","0","3","36214","0","","1","01","N","N","1","","0","0","0","3","2","Y","1444","0","2","0","0","0","0","0","3","1","2","N","","","","","","","","","","","","03","  ","","",""
"1150","1","0","0","0","0","0","0","0","0","7","0","","36","09","2016","2016100058","5","40.2758","-76.0995","1144","08","0","0","0","0","1","0","0","0","","0","0","0","11","1","0","00","0","40 16:32.887","","00","76 05:58.295","0","0","0","0","36236","0","0","0","N","0","0","0","1","36408","0","","4","09","N","N","0","","0","0","0","0","0","","1142","0","1","0","0","0","0","0","1","0","1","N","","","","","","","","","","","","07","  ","","",""
"2253","1","0","0","0","0","0","0","0","0","0","0","","36","08","2016","2016100132","7","40.15","-75.9815","2239","08","0","0","0","1","0","0","0","0","2","0","0","0","22","2","0","02","1","40 09:00.122","4","00","75 58:53.245","0","0","0","0","36203","0","0","0","","0","0","0","2","68J01","0","","1","01","N","N","0","","0","0","0","0","0","N","2239","0","1","0","0","0","0","0","1","0","1","N","","","","","","","","","","","","03","  ","","",""
"0710","1","0","0","0","0","0","0","0","0","7","0","","36","09","2016","2016100133","3","39.9323","-76.1702","0648","08","0","0","0","0","0","0","0","0","","0","0","0","06","1","0","00","0","39 55:56.300","","00","76 10:12.820","0","0","0","0","36233","0","0","0","","0","0","0","1","68J01","0","","4","01","N","N","0","","0","0","0","0","0","","0638","0","1","0","0","0","0","0","1","0","1","N","","","","","","","","","","","","03","  ","","",""
"1026","0","0","0","0","0","0","0","0","0","1","0","","36","09","2016","2016100136","5","39.9396","-76.0673","1004","08","0","0","0","0","0","0","0","0","1","0","0","1","10","1","1","00","1","39 56:22.575","3","00","76 04:02.154","3","0","0","0","36201","1","0","0","","0","0","0","2","68J01","0","","1","01","N","N","1","","1","0","0","0","0","N","1004","1","2","0","0","0","0","0","1","0","1","N","","","","","","","","","","","","03","  ","","",""
"1549","1","0","0","0","0","0","0","0","0","1","0","","36","09","2016","2016100142","4","40.1795","-76.6004","1541","08","0","0","0","0","0","1","0","0","","0","0","0","15","1","2","06","0","40 10:46.176","","02","76 36:01.501","4","0","0","0","36225","0","0","0","N","0","0","0","2","36505","2","","1","09","N","N","0","","0","0","1","3","4","","1540","2","2","0","0","0","0","0","2","0","2","N","","","","","","","","","","","","07","  ","","",""
"1607","1","0","0","0","0","0","0","0","0","7","0","","36","09","2016","2016100152","5","40.0202","-76.4654","1557","08","0","0","0","0","0","0","1","0","2","0","0","0","15","1","2","00","2","40 01:12.711","5","00","76 27:55.495","3","0","0","0","36223","0","0","0","N","0","0","0","4","36223","0","","4","09","N","N","0","","2","0","0","0","0","Y","1553","2","1","0","0","1","0","0","1","0","1","N","","","","","","","","","","","","03","  ","","",""
"2141","0","0","0","0","0","0","0","0","0","7","0","","36","07","2016","2016100163","4","40.1778","-75.9983","2123","08","0","0","0","0","0","0","0","0","3","0","0","0","21","3","3","00","2","40 10:39.910","6","00","75 59:54.000","2","0","0","0","36202","0","0","0","","0","0","0","3","68J01","0","","4","01","N","N","0","","0","3","1","0","0","Y","2123","3","1","0","3","3","0","0","1","0","1","N","","","","","","","","","","","","03","  ","","",""
"1435","0","0","0","0","0","0","0","0","0","0","0","","36","08","2016","2016100164","1","39.8625","-76.201","1435","08","0","0","0","0","0","1","0","0","","0","0","0","14","1","1","00","0","39 51:45.031","","07","76 12:03.668","8","0","0","1","36212","0","0","0","","0","0","0","2","68J01","0","","1","01","N","N","0","","0","0","0","0","0","","1434","1","1","0","0","0","1","0","1","0","1","N","","","","","","","","","","","","03","  ","","",""
"0842","2","0","0","0","0","0","0","0","0","4","0","","36","08","2016","2016100165","3","39.9849","-76.051","0835","08","0","0","0","0","1","0","0","0","1","0","0","0","08","1","0","02","1","39 59:05.791","6","00","76 03:03.502","9","0","0","0","36232","0","0","0","","0","0","0","2","68J01","0","","1","01","N","N","0","","0","0","0","0","0","N","0835","0","2","0","0","0","0","1","1","0","2","N","","","","","","","","","","","","03","  ","","",""
"1904","0","0","0","0","0","0","0","0","0","7","0","","36","08","2016","2016100168","1","39.8605","-76.0894","1840","08","0","0","0","0","1","0","0","0","2","0","0","0","18","1","1","00","1","39 51:37.775","6","00","76 05:21.735","3","0","0","0","36205","0","0","0","","0","0","0","2","68J01","0","","4","01","N","N","0","","1","0","1","0","0","N","1840","1","1","0","0","0","0","0","1","0","1","N","","","","","","","","","","","","03","  ","","",""
"0644","0","0","0","0","0","0","0","0","0","7","0","","36","09","2016","2016100175","7","39.7744","-76.1203","0628","08","0","0","0","0","0","0","0","0","3","0","0","0","06","5","0","00","2","39 46:27.769","5","00","76 07:13.234","0","0","0","0","36222","0","0","0","","0","0","0","2","68J01","0","","4","01","N","N","1","","0","0","0","0","0","Y","0628","0","1","0","0","0","0","0","1","0","1","N","","","","","","","","","","","","03","  ","","",""
"0759","0","0","0","0","0","0","0","0","0","0","0","","36","09","2016","2016100176","7","40.0641","-76.1044","0740","08","0","0","0","0","0","0","0","0","","0","0","0","07","1","1","02","0","40 03:50.936","","00","76 06:15.800","3","0","0","1","36221","0","0","0","","0","0","0","1","68J01","0","","4","01","N","N","0","","1","0","0","0","0","","0725","1","1","0","0","0","0","0","1","0","1","N","","","","","","","","","","","","03","  ","","",""
"1401","1","0","0","0","0","0","0","0","0","7","0","","36","09","2016","2016100180","1","40.1073","-75.9558","1335","08","0","0","0","0","0","0","0","1","","0","0","0","13","1","1","00","0","40 06:26.165","","00","75 57:20.989","3","0","0","0","36203","0","0","0","","0","0","0","1","68J01","0","","4","01","N","N","0","","1","0","0","0","0","","1327","1","1","0","0","0","0","0","1","0","1","N","","","","","","","","","","","","03","  ","","",""
"1327","0","0","0","0","0","0","0","0","0","4","0","","36","09","2016","2016100183","4","40.1421","-75.9349","1305","08","0","0","0","0","0","0","0","0","1","0","0","0","12","1","3","00","1","40 08:31.663","3","00","75 56:05.597","3","0","0","0","36203","0","0","0","","0","0","0","3","68J01","0","","2","01","N","N","1","","2","0","1","0","0","N","1249","3","2","0","0","0","1","0","1","0","2","N","","","","","","","","","","","","03","  ","","",""
"2207","0","0","0","0","0","0","0","0","0","1","0","","36","09","2016","2016100184","5","40.2402","-76.0411","2144","08","0","0","0","0","0","0","0","0","3","0","0","0","20","2","1","00","1","40 14:24.737","1","00","76 02:28.100","8","0","0","0","36202","0","0","0","","0","0","0","5","68J01","0","","1","01","N","N","1","","0","0","1","0","0","N","2054","1","2","0","0","0","1","0","1","0","2","N","","","","","","","","","","","","03","  ","","",""
"1850","1","0","0","0","0","0","0","0","0","1","0","","36","09","2016","2016100187","2","40.226","-76.3022","1819","08","0","0","0","0","0","0","0","0","3","0","0","0","18","4","0","00","1","40 13:33.742","3","00","76 18:08.011","0","0","0","0","36217","0","0","0","","0","0","0","4","68J01","0","","1","01","N","N","0","","0","0","1","0","0","N","1818","0","2","0","0","0","0","0","1","0","2","N","","","","","","","","","","","","03","  ","","",""
"0626","2","0","0","0","0","0","0","0","0","1","0","","36","09","2016","2016100191","4","39.9916","-76.0175","0617","08","0","0","0","0","0","0","1","0","1","0","0","0","06","2","0","00","1","39 59:29.600","3","00","76 01:02.985","9","0","0","0","36232","0","0","0","","0","0","0","2","68J01","0","","1","01","N","N","0","","0","0","0","0","0","N","0614","0","2","0","0","0","0","1","1","0","2","N","","","","","","","","","","","","05","  ","","",""