"ARRIVAL_TM","AUTOMOBILE_COUNT","BELTED_DEATH_COUNT","BELTED_SUSP_SERIOUS_INJ_COUNT","BICYCLE_COUNT","BICYCLE_DEATH_COUNT","BICYCLE_SUSP_SERIOUS_INJ_COUNT","BUS_COUNT","CHLDPAS_DEATH_COUNT","CHLDPAS_SUSP_SERIOUS_INJ_COUNT","COLLISION_TYPE","COMM_VEH_COUNT","CONS_ZONE_SPD_LIM","COUNTY","CRASH_MONTH","CRASH_YEAR","CRN","DAY_OF_WEEK","DEC_LAT","DEC_LONG","DISPATCH_TM","DISTRICT","DRIVER_COUNT_16YR","DRIVER_COUNT_17YR","DRIVER_COUNT_18YR","DRIVER_COUNT_19YR","DRIVER_COUNT_20YR","DRIVER_COUNT_50_64YR","DRIVER_COUNT_65_74YR","DRIVER_COUNT_75PLUS","EST_HRS_CLOSED","FATAL_COUNT","HEAVY_TRUCK_COUNT","HORSE_BUGGY_COUNT","HOUR_OF_DAY","ILLUMINATION","INJURY_COUNT","INTERSECT_TYPE","LANE_CLOSED","LATITUDE","LN_CLOSE_DIR","LOCATION_TYPE","LONGITUDE","MAX_SEVERITY_LEVEL","MCYCLE_DEATH_COUNT","MCYCLE_SUSP_SERIOUS_INJ_COUNT","MOTORCYCLE_COUNT","MUNICIPALITY","NONMOTR_COUNT","NONMOTR_DEATH_COUNT","NONMOTR_SUSP_SERIOUS_INJ_COUNT","NTFY_HIWY_MAINT","PED_COUNT","PED_DEATH_COUNT","PED_SUSP_SERIOUS_INJ_COUNT","PERSON_COUNT","POLICE_AGCY","POSSIBLE_INJ_COUNT","RDWY_SURF_TYPE_CD","RELATION_TO_ROAD","ROAD_CONDITION","SCH_BUS_IND","SCH_ZONE_IND","SMALL_TRUCK_COUNT","SPEC_JURIS_CD","SUSP_MINOR_INJ_COUNT","SUSP_SERIOUS_INJ_COUNT","SUV_COUNT","TCD_FUNC_CD","TCD_TYPE","TFC_DETOUR_IND","TIME_OF_DAY","TOT_INJ_COUNT","TOTAL_UNITS","UNB_DEATH_COUNT","UNB_SUSP_SERIOUS_INJ_COUNT","UNBELTED_OCC_COUNT","UNK_INJ_DEG_COUNT","UNK_INJ_PER_COUNT","URBAN_RURAL","VAN_COUNT","VEHICLE_COUNT","WORK_ZONE_IND","WORK_ZONE_LOC","WORK_ZONE_TYPE","WORKERS_PRES","WZ_CLOSE_DETOUR","WZ_FLAGGER","WZ_LAW_OFFCR_IND","WZ_LN_CLOSURE","WZ_MOVING","WZ_OTHER","WZ_SHLDER_MDN","ROADWAY_CLEARED","WEATHER1","WEATHER2","WZ_WORKERS_INJ_KILLED","SECONDARY_CRASH","INTERSECTION_RELATED"
"1740","1","0","0","0","0","0","0","0","0","4","0","","36","09","2016","2016100201","6","40.0338","-76.0112","1722","08","0","0","0","0","0","0","0","1","2","0","0","0","17","1","0","02","1","40 02:01.749","3","00","76 00:40.220","0","0","0","0","36232","0","0","0","","0","0","0","5","68J01","0","","1","01","N","N","1","","0","0","1","3","3","N","1721","0","3","0","0","0","0","0","1","0","3","N","","","","","","","","","","","","03","  ","","",""
"2046","1","0","0","0","0","0","0","0","0","7","0","","36","09","2016","2016100204","2","40.1832","-76.09","2029","08","1","0","0","0","0","0","0","0","2","0","0","0","20","2","0","00","2","40 10:59.559","5","00","76 05:23.952","0","0","0","0","36202","0","0","0","","0","0","0","2","68J03","0","","4","01","N","N","0","","0","0","0","0","0","Y","2028","0","1","0","0","0","0","0","1","0","1","N","","","","","","","","","","","","03","  ","","",""
"1857","2","0","0","0","0","0","0","0","0","4","0","90","36","09","2016","2016100236","5","40.1314","-76.2165","1846","08","0","0","0","0","0","1","1","0","","0","0","0","18","3","3","00","0","40 07:53.191","","07","76 12:59.567","4","0","0","0","36238","0","0","0","N","0","0","0","3","36238","1","","1","09","N","N","0","","0","0","0","0","0","","1845","3","2","0","0","0","2","0","3","0","2","Y","4","1","N","","","N","","","","","","07","  ","","",""
"2132","0","0","0","0","0","0","0","0","0","7","0","","36","09","2016","2016100289","5","40.076","-76.3382","2128","08","0","0","0","0","0","0","0","0","3","0","0","0","21","2","0","00","1","40 04:33.708","3","02","76 20:17.531","0","0","0","0","36101","0","0","0","N","0","0","0","1","36101","0","","3","09","N","N","0","","0","0","1","0","0","N","2104","0","1","0","0","0","0","0","3","0","1","N","","","","","","","","","","","","07","  ","","",""
"1702","1","0","0","0","0","0","0","0","0","1","0","","36","09","2016","2016100312","5","40.2053","-76.2151","1651","08","0","1","0","0","0","0","1","0","1","0","0","0","16","1","0","02","1","40 12:19.099","6","00","76 12:54.479","0","0","0","0","36204","0","0","0","","0","0","0","4","36506","0","","1","09","N","N","1","","0","0","0","3","3","N","1645","0","3","0","0","1","0","0","1","1","3","N","","","","","","","","","","","","07","  ","","",""
"1434","1","0","0","0","0","0","0","0","0","4","0","90","36","09","2016","2016100362","2","40.0831","-76.1876","1433","08","0","0","0","0","0","0","0","1","","0","0","0","14","1","0","01","0","40 04:59.032","","00","76 11:15.349","0","0","0","0","36234","0","0","0","N","0","0","0","3","36215","0","","1","01","N","N","0","","0","0","0","3","2","","1431","0","2","0","0","0","0","0","1","1","2","Y","1","1","Y","Y","Y","N","","","","","","03","  ","","",""
"0754","1","0","0","0","0","0","0","0","0","1","0","","36","09","2016","2016100367","4","40.0566","-76.3595","0738","08","0","0","0","0","0","0","0","0","","0","0","0","07","1","0","02","0","40 03:23.714","","00","76 21:34.023","0","0","0","0","36214","0","0","0","","0","0","0","2","36214","0","","1","01","N","N","1","","0","0","0","0","0","","0735","0","2","0","0","0","0","0","3","0","2","N","","","","","","","","","","","","03","  ","","",""
"1952","1","0","0","0","0","0","0","0","0","9","0","","36","09","2016","2016100368","6","40.0157","-76.4358","1935","08","0","0","0","0","0","0","0","1","","0","0","0","19","2","0","00","0","40 00:56.444","","00","76 26:08.926","0","0","0","0","36223","0","0","0","","0","0","0","2","36223","0","","1","01","N","N","0","","0","0","0","0","0","","1931","0","1","0","0","0","0","0","1","0","1","N","","","","","","","","","","","","03","  ","","",""
"0733","4","0","0","0","0","0","0","0","0","1","0","","36","09","2016","2016100388","2","40.0525","-76.3791","0732","08","0","0","0","0","0","1","0","0","2","0","0","0","06","1","1","00","1","40 03:09.005","3","00","76 22:44.865","3","0","0","0","36214","0","0","0","N","0","0","0","6","36214","0","","1","01","N","N","0","","1","0","1","0","0","N","0641","1","5","0","0","0","0","0","3","0","5","N","","","","","","","","","","","","03","  ","","",""
"1225","1","0","0","0","0","0","0","0","0","7","0","","36","09","2016","2016100391","3","40.1538","-76.084","1216","08","0","1","0","0","0","0","0","0","1","0","0","0","12","1","0","00","1","40 09:13.665","2","00","76 05:02.398","0","0","0","0","36209","0","0","0","","0","0","0","3","36415","0","","5","01","N","N","0","","0","0","0","0","0","N","1216","0","1","0","0","0","0","0","1","0","1","N","","","","","","","","","","","","03","  ","","",""
"0911","0","0","0","0","0","0","0","0","0","4","0","","36","09","2016","2016100450","4","40.1559","-76.3435","0905","08","0","0","0","0","0","0","0","0","","0","0","0","09","1","0","01","0","40 09:21.374","","00","76 20:36.774","0","0","0","0","36227","0","0","0","","0","0","0","2","36506","0","","1","01","N","N","0","","0","0","0","3","3","","0905","0","2","0","0","0","0","0","1","2","2","N","","","","","","","","","","","","03","  ","","",""
"1715","1","0","0","0","0","0","0","0","0","4","0","","36","09","2016","2016100482","2","40.0408","-76.2935","1713","08","0","0","0","0","0","0","0","0","2","0","0","0","17","1","4","01","2","40 02:26.966","4","00","76 17:36.600","8","0","0","0","36301","0","0","0","N","0","0","0","4","36301","0","","1","01","N","Y","1","","0","0","0","3","3","Y","1713","4","2","0","0","0","4","0","3","0","2","N","","","","","","","","","","","","03","  ","","",""
"1504","1","0","0","0","0","0","0","0","0","4","0","","36","09","2016","2016100514","6","40.1539","-76.5997","1501","08","1","0","0","0","0","0","0","0","1","0","0","0","15","1","0","01","1","40 09:14.228","3","00","76 35:58.671","0","0","0","0","36407","0","0","0","N","0","0","0","7","36407","0","","1","09","N","N","0","","0","0","0","3","3","N","1500","0","2","0","0","0","0","0","2","1","2","N","","","","","","","","","","","","07","  ","","",""
"0255","1","0","0","0","0","0","0","0","0","7","0","","36","09","2016","2016100635","6","40.2229","-76.0938","0247","08","0","0","0","1","0","0","0","0","","0","0","0","02","2","0","00","0","40 13:22.822","","00","76 05:38.252","0","0","0","0","36210","0","0","0","","0","0","0","2","68T06","0","","3","09","N","N","0","","0","0","0","0","0","","0225","0","1","0","0","0","0","0","1","0","1","N","","","","","","","","","","","","07","  ","","",""
"1428","0","0","0","0","0","0","0","0","0","1","0","","36","09","2016","2016100674","5","40.0831","-76.1876","1425","08","0","0","0","0","0","0","1","0","1","0","0","0","14","1","0","01","1","40 04:59.032","4","00","76 11:15.349","0","0","0","0","36234","0","0","0","N","0","0","0","3","36215","0","","1","01","N","N","0","","0","0","1","3","2","N","1420","0","2","0","0","0","0","0","1","1","2","N","","","","","","","","","","","","03","  ","","",""
"1527","2","0","0","0","0","0","0","0","0","1","0","","36","09","2016","2016100717","6","40.1554","-76.2057","1525","08","0","0","0","0","0","2","0","0","1","0","0","0","15","1","1","00","1","40 09:19.261","1","00","76 12:20.509","4","0","0","0","36402","0","0","0","N","0","0","0","4","36402","1","","1","09","N","N","0","","0","0","1","0","0","N","1520","1","3","0","0","0","0","0","2","0","3","N","","","","","","","","","","","","98","  ","","",""
"1013","2","0","0","0","0","0","0","0","0","4","0","","36","09","2016","2016100807","5","40.0424","-76.2938","1003","08","0","0","0","0","0","0","0","0","","0","0","0","10","1","2","01","0","40 02:32.690","","00","76 17:37.622","8","0","0","0","36301","0","0","0","N","0","0","0","4","36301","0","","1","01","N","N","0","","0","0","0","3","3","","1003","2","2","0","0","0","2","0","3","0","2","N","","","","","","","","","","","","03","  ","","",""
"1758","1","0","0","0","0","0","0","0","0","4","0","","36","09","2016","2016100826","6","40.0332","-76.2456","1758","08","0","0","1","0","0","1","0","0","","0","0","0","17","1","0","00","0","40 01:59.344","","07","76 14:44.318","0","0","0","0","36215","0","0","0","N","0","0","0","2","36215","0","","1","01","N","N","0","","0","0","1","3","8","","1754","0","2","0","0","0","0","0","1","0","2","N","","","","","","","","","","","","03","  ","","",""
"1002","0","0","0","0","0","0","0","0","0","0","0","","36","10","2016","2016100839","7","40.1441","-76.42","0957","08","0","0","0","0","0","0","1","0","","0","1","0","09","1","0","01","0","40 08:38.763","","00","76 25:12.094","0","0","0","0","36230","0","0","0","N","0","0","0","1","36410","0","","2","01","N","N","0","","0","0","0","3","2","","0956","0","1","0","0","0","0","0","1","0","1","N","","","","","","","","","","","","03","  ","","",""
"1910","2","0","0","0","0","0","0","0","0","4","0","","36","09","2016","2016100867","4","40.0231","-76.2753","1905","08","0","0","0","0","0","0","0","0","2","0","0","0","19","3","3","00","2","40 01:23.128","6","00","76 16:30.992","8","0","0","0","36240","0","0","0","N","0","0","0","3","36240","0","","1","09","N","N","0","","0","0","0","0","0","Y","1905","3","2","0","0","0","3","0","1","0","2","N","","","","","","","","","","","","07","  ","","",""
"1432","1","0","0","0","0","0","0","0","0","1","0","","36","10","2016","2016100902","7","40.0879","-76.3807","1424","08","0","0","0","0","0","0","1","0","","0","0","0","14","1","1","00","0","40 05:16.400","","00","76 22:50.500","4","0","0","0","36214","0","0","0","N","0","0","0","3","36214","1","","1","01","N","N","0","","0","0","1","0","0","","1417","1","2","0","0","0","0","0","3","0","2","N","","","","","","","","","","","","03","  ","","",""
"1938","1","0","0","0","0","0","0","0","0","4","0","","36","09","2016","2016100917","6","40.1634","-76.6052","1935","08","0","0","0","0","0","0","0","1","","0","0","0","19","2","1","01","0","40 09:48.272","","00","76 36:18.788","8","0","0","0","36407","0","0","0","N","0","0","0","2","36407","0","","1","09","N","N","1","","0","0","0","3","3","","1935","1","2","0","0","0","1","0","2","0","2","N","","","","","","","","","","","","03","  ","","",""
"2134","1","0","0","0","0","0","0","0","0","5","0","","36","10","2016","2016101000","7","40.0741","-76.3206","2128","08","0","0","1","0","0","1","0","0","","0","0","0","21","3","0","00","0","40 04:26.853","","00","76 19:14.195","0","0","0","0","36101","0","0","0","N","0","0","0","4","36101","0","","1","09","N","N","0","","0","0","1","0","0","","2109","0","2","0","0","0","0","0","3","0","2","N","","","","","","","","","","","","07","  ","","",""
"2046","0","0","0","0","0","0","0","0","0","7","0","","36","10","2016","2016101019","7","40.173","-76.4974","2032","08","0","0","0","0","0","0","0","0","2","0","0","0","20","2","1","02","2","40 10:22.674","6","00","76 29:50.540","8","0","0","0","36230","0","0","0","N","0","0","0","3","36410","0","","5","09","N","N","0","","0","0","1","3","3","Y","2030","1","1","0","0","1","1","0","1","0","1","N","","","","","","","","","","","","07","  ","","",""
"2354","0","0","0","0","0","0","0","0","0","7","0","","36","10","2016","2016101027","7","40.0274","-76.4552","2345","08","0","0","0","1","0","0","0","0","","0","0","0","23","3","0","00","0","40 01:38.800","","00","76 27:18.800","0","0","0","0","36239","0","0","0","N","0","0","0","1","36239","0","","4","09","N","N","0","","0","0","1","0","0","","2340","0","1","0","0","0","0","0","3","0","1","N","","","","","","","","","","","","07","  ","","",""
"2040","0","0","0","0","0","0","0","0","0","8","0","","36","08","2016","2016101062","7","40.0395","-76.1172","2027","08","0","0","0","0","0","0","0","1","1","1","0","0","20","3","0","00","2","40 02:22.310","6","00","76 07:02.030","1","0","0","0","36221","1","1","0","","1","1","0","3","68J01","0","2","1","01","N","N","0","0","0","0","0","0","0","Y","2026","0","2","0","0","0","0","0","1","1","1","N","","","","","","","","","","","","03","  ","","",""
"1020","2","0","0","0","0","0","0","0","0","4","0","","36","09","2016","2016101118","3","40.1657","-76.3972","1019","08","0","0","0","0","1","0","0","1","","0","0","0","99","1","0","01","0","40 09:56.653","","00","76 23:50.032","0","0","0","0","36410","0","0","0","N","0","0","0","2","36410","0","","1","01","N","N","0","","0","0","0","3","2","","9999","0","2","0","0","0","0","0","2","0","2","N","","","","","","","","","","","","03","  ","","",""
"1320","1","0","0","0","0","0","0","0","0","2","0","","36","10","2016","2016101178","1","40.0758","-76.0542","1308","08","0","1","0","0","0","0","0","0","2","0","0","0","13","1","1","00","2","40 04:33.000","6","00","76 03:15.200","4","0","0","0","36209","0","0","0","N","0","0","0","3","36415","1","","1","01","N","N","1","","0","0","0","0","0","Y","1308","1","2","0","0","0","0","0","1","0","2","N","","","","","","","","","","","","03","  ","","",""
"1505","0","0","0","0","0","0","0","0","0","7","1","","36","09","2016","2016101183","6","40.1123","-76.0092","1500","08","0","0","0","0","0","0","0","0","","0","1","0","12","1","0","00","0","40 06:44.400","","00","76 00:33.200","0","0","0","0","36213","0","0","0","N","0","0","0","1","36213","0","","5","01","N","N","0","","0","0","0","0","0","","1200","0","1","0","0","0","0","0","1","0","1","N","","","","","","","","","","","","03","  ","","",""
"0829","1","0","0","0","0","0","0","0","0","7","0","","36","10","2016","2016101199","7","40.1044","-76.2553","0827","08","0","0","0","0","0","0","0","1","","0","0","0","08","1","1","06","0","40 06:21.586","","02","76 15:12.609","4","0","0","0","36101","0","0","0","N","0","0","0","2","36101","1","","4","01","N","N","0","","0","0","0","0","0","","0819","1","1","0","0","0","0","0","3","0","1","N","","","","","","","","","","","","03","  ","","",""
"1812","0","0","0","0","0","0","0","0","0","1","0","","36","10","2016","2016101205","7","40.0748","-76.3366","1801","08","0","0","0","0","0","0","0","0","","0","0","0","17","4","0","07","0","40 04:27.673","","02","76 20:10.949","0","0","0","0","36101","0","0","0","N","0","0","0","6","36101","0","","1","09","N","N","0","","0","0","2","3","4","","1759","0","2","0","0","0","0","0","3","0","2","N","","","","","","","","","","","","07","  ","","",""
"0845","2","0","0","0","0","0","0","0","0","4","0","","36","09","2016","2016101208","3","40.0391","-76.4535","0833","08","0","0","0","0","0","1","0","0","3","0","0","0","08","1","0","00","1","40 02:20.851","3","00","76 27:12.737","9","0","0","0","36239","0","0","0","Y","0","0","0","2","36239","0","","1","01","N","N","0","","0","0","0","0","0","N","0833","0","2","0","0","0","0","1","3","0","2","N","","","","","","","","","","","","03","  ","","",""
"2238","1","0","0","0","0","0","0","0","0","4","0","","36","09","2016","2016101231","3","39.9817","-76.1907","2234","08","0","0","0","1","0","0","0","0","2","0","0","0","22","3","0","00","1","39 58:54.279","3","00","76 11:26.420","0","0","0","0","36417","0","0","0","","0","0","0","1","36417","0","","1","01","N","N","1","","0","0","0","0","0","N","2233","0","2","0","0","0","0","0","1","0","2","N","","","","","","","","","","","","03","  ","","",""
"0053","0","0","0","0","0","0","0","0","0","7","1","","36","09","2016","2016101232","4","40.2071","-76.4193","0049","08","0","0","0","0","0","1","0","0","3","0","1","0","00","2","1","00","2","40 12:25.458","5","00","76 25:09.495","8","0","0","0","36227","0","0","0","","0","0","0","1","36506","0","","5","01","N","N","0","","0","0","0","0","0","Y","0045","1","1","0","0","0","1","0","1","0","1","N","","","","","","","","","","","","03","  ","","",""
"1950","0","0","0","0","0","0","0","0","0","7","0","","36","10","2016","2016101283","7","40.0615","-76.5586","1948","08","1","0","0","0","0","0","0","0","2","0","0","0","19","3","0","01","2","40 03:41.533","6","00","76 33:30.806","0","0","0","0","36211","0","0","0","N","0","0","0","1","36504","0","","5","09","N","N","0","","0","0","1","0","0","Y","1947","0","1","0","0","0","0","0","1","0","1","N","","","","","","","","","","","","07","  ","","",""
"0432","0","0","0","0","0","0","0","0","0","7","0","","36","10","2016","2016101294","1","40.0144","-76.3267","0432","08","0","0","0","0","0","0","0","0","1","0","0","0","04","3","0","02","1","40 00:51.749","6","00","76 19:36.106","0","0","0","0","36220","0","0","0","N","0","0","0","2","36101","0","","5","09","N","N","0","","0","0","0","3","3","N","0424","0","1","0","0","0","0","0","3","1","1","N","","","","","","","","","","","","07","  ","","",""
"2208","1","0","0","0","0","0","0","0","0","4","0","","36","10","2016","2016101320","7","40.077","-76.5541","2205","08","0","0","0","0","0","0","0","0","3","0","0","0","22","2","3","01","2","40 04:37.275","7","00","76 33:14.778","8","0","0","0","36211","0","0","0","N","0","0","0","4","36504","0","","1","09","N","N","0","","0","0","0","3","3","Y","2202","3","2","0","0","0","3","0","1","1","2","N","","","","","","","","","","","","07","  ","","",""
"0012","1","0","0","0","0","0","0","0","0","7","0","99","36","10","2016","2016101333","2","40.1268","-76.2148","0005","08","0","0","1","0","0","0","0","0","","0","0","0","00","3","0","00","0","40 07:36.454","","00","76 12:53.417","0","0","0","0","36238","0","0","0","N","0","0","0","1","36238","0","","3","01","N","N","0","","0","0","0","3","8","","0005","0","1","0","0","1","0","0","3","0","1","Y","2","1","Y","","","N","Y","","","","","03","  ","","",""
"1952","0","0","0","0","0","0","0","0","0","1","0","","36","10","2016","2016101340","7","40.0615","-76.5586","1951","08","0","0","0","0","0","0","0","0","2","0","0","0","19","2","1","01","2","40 03:41.533","7","00","76 33:30.806","4","0","0","0","36211","0","0","0","N","0","0","0","2","36504","1","","1","09","N","N","1","","0","0","1","0","0","Y","1951","1","2","0","0","1","0","0","1","0","2","N","","","","","","","","","","","","07","  ","","",""
"1417","0","0","0","0","0","0","0","0","0","7","0","","36","09","2016","2016101352","2","40.1598","-76.3909","1413","08","0","0","0","0","0","0","0","0","2","0","0","0","14","1","0","00","1","40 09:35.338","1","00","76 23:27.068","0","0","0","0","36410","0","0","0","N","0","0","0","2","36410","0","","5","01","N","N","0","","0","0","0","0","0","N","1413","0","1","0","0","0","0","0","2","1","1","N","","","","","","","","","","","","03","  ","","",""
"1727","2","0","0","0","0","0","0","0","0","1","0","","36","09","2016","2016101365","6","40.0418","-76.2723","1717","08","0","0","0","0","0","0","0","0","","0","0","0","17","1","0","00","0","40 02:30.396","","00","76 16:20.448","0","0","0","0","36215","0","0","0","N","0","0","0","3","36215","0","","1","01","N","N","1","","0","0","0","0","0","","1715","0","3","0","0","0","0","0","1","0","3","N","","","","","","","","","","","","03","  ","","",""
"0438","0","0","0","0","0","0","0","0","0","1","2","","36","09","2016","2016101393","3","40.2005","-76.0121","0423","08","0","0","0","0","0","0","0","0","3","0","2","0","04","2","0","00","1","40 12:01.518","3","00","76 00:43.142","0","0","0","0","36202","0","0","0","","0","0","0","2","68T06","0","","1","09","N","N","0","","0","0","0","0","0","N","0420","0","2","0","0","0","0","0","1","0","2","N","","","","","","","","","","","","03","  ","","",""
"0535","1","0","0","0","0","0","0","0","0","7","1","","36","09","2016","2016101411","6","40.1925","-76.004","0517","08","0","0","0","1","0","0","0","0","1","0","1","0","05","2","0","00","2","40 11:34.208","4","00","76 00:15.299","0","0","0","0","36202","0","0","0","","0","0","0","2","68T06","0","","3","09","N","N","0","","0","0","0","0","0","N","0515","0","2","0","0","0","0","0","1","0","2","N","","","","","","","","","","","","07","  ","","",""
"1415","0","0","0","0","0","0","0","0","0","7","0","","36","09","2016","2016101420","6","40.2378","-76.1305","1355","08","0","0","0","0","0","0","0","0","","0","0","0","13","1","0","00","0","40 14:14.156","","00","76 07:48.511","0","0","0","0","36210","0","0","0","","0","0","0","1","68T06","0","","3","01","N","N","1","","0","0","0","0","0","","1345","0","1","0","0","0","0","0","1","0","1","N","","","","","","","","","","","","03","  ","","",""
"1720","1","0","0","0","0","0","0","0","0","2","0","","36","09","2016","2016101446","5","40.0451","-76.4132","1712","08","0","0","0","0","0","0","0","0","2","0","0","0","17","1","1","00","2","40 02:42.500","6","00","76 24:47.600","8","0","0","0","36239","0","0","0","N","0","0","0","2","36239","0","","1","09","N","N","1","","0","0","0","0","0","N","1712","1","2","0","0","0","1","0","3","0","2","N","","","","","","","","","","","","07","  ","","",""
"0803","2","0","0","0","0","0","0","0","0","1","0","","36","10","2016","2016101461","2","40.0755","-76.3359","0758","08","0","0","0","0","0","0","0","0","","0","0","0","07","1","0","00","0","40 04:31.803","","00","76 20:09.409","0","0","0","0","36101","0","0","0","N","0","0","0","2","36101","0","","1","01","N","N","0","","0","0","0","0","0","","0730","0","2","0","0","0","0","0","3","0","2","N","","","","","","","","","","","","03","  ","","",""
"0857","1","0","0","0","0","0","0","0","0","4","0","","36","10","2016","2016101477","2","40.0776","-76.2587","0851","08","0","0","0","0","0","0","0","0","2","0","0","0","08","1","0","02","2","40 04:39.294","4","00","76 15:31.416","0","0","0","0","36215","0","0","0","N","0","0","0","5","36215","0","","1","01","N","N","1","","0","0","0","3","3","N","0849","0","2","0","0","0","0","0","1","0","2","N","","","","","","","","","","","","03","  ","","",""
"1521","1","0","0","0","0","0","0","0","0","4","0","","36","09","2016","2016101559","1","40.0422","-76.2956","1512","08","0","0","0","0","0","1","0","0","","0","0","0","15","1","1","01","0","40 02:31.984","","00","76 17:44.246","4","0","0","0","36301","0","0","0","N","0","0","0","9","36301","1","","1","01","N","N","0","","0","0","1","3","3","","1510","1","2","0","0","0","0","0","3","0","2","N","","","","","","","","","","","","03","  ","","",""
"1219","1","0","0","0","0","0","0","0","0","4","0","","36","10","2016","2016101566","2","40.0282","-76.2243","1215","08","0","0","0","0","0","0","1","1","","0","0","0","12","1","0","00","0","40 01:41.436","","07","76 13:27.541","0","0","0","0","36215","0","0","0","N","0","0","0","4","36215","0","","1","01","N","N","0","","0","0","1","0","0","","1212","0","2","0","0","0","0","0","1","0","2","N","","","","","","","","","","","","03","  ","","",""
"1307","1","0","0","0","0","0","0","0","0","1","0","","36","09","2016","2016101584","1","40.0634","-76.4671","1302","08","0","0","0","0","0","0","0","0","2","0","0","0","13","1","1","00","1","40 03:48.100","6","00","76 28:01.400","8","0","0","0","36239","0","0","0","N","0","0","0","1","36239","0","","6","01","N","N","0","","0","0","2","0","0","N","1302","1","3","0","0","0","1","0","3","0","3","N","","","","","","","","","","","","03","  ","","",""
"1700","2","0","0","0","0","0","0","0","0","1","0","","36","10","2016","2016101600","2","40.096","-76.1081","1654","08","0","0","1","0","0","0","0","0","1","0","0","0","16","1","0","00","1","40 05:45.500","3","00","76 06:29.226","0","0","0","0","36415","0","0","0","N","0","0","0","5","36415","0","","1","01","N","N","0","","0","0","0","0","0","N","1654","0","2","0","0","1","0","0","1","0","2","N","","","","","","","","","","","","03","  ","","",""
"1823","2","0","0","0","0","0","0","0","0","1","0","","36","10","2016","2016101604","1","40.1391","-76.3032","1819","08","0","0","0","0","0","0","0","0","1","0","0","0","18","1","0","00","1","40 08:20.892","2","00","76 18:11.687","0","0","0","0","36235","0","0","0","","0","0","0","6","36506","0","","1","01","N","N","1","","0","0","0","0","0","N","1819","0","3","0","0","0","0","0","1","0","3","N","","","","","","","","","","","","03","  ","","",""
"1850","1","0","0","0","0","0","0","0","0","2","0","","36","07","2016","2016101620","5","39.7669","-76.1508","1839","08","0","0","0","0","0","0","0","0","","0","0","0","18","1","1","00","0","39 46:00.960","","03","76 09:02.710","3","0","0","0","36219","0","0","0","","0","0","0","5","68J01","0","","1","01","N","N","1","","1","0","0","0","0","","1838","1","2","0","0","0","0","0","1","0","2","N","","","","","","","","","","","","03","  ","","",""
"1433","0","0","0","0","0","0","0","0","0","7","0","","36","09","2016","2016101700","1","39.7982","-76.2507","1406","08","0","1","0","0","0","0","0","0","2","1","0","0","14","1","1","00","2","39 47:53.370","6","00","76 15:02.550","1","0","0","0","36208","0","0","0","","0","0","0","2","68J01","0","4","4","2","N","N","0","0","1","0","1","0","0","Y","1405","1","1","1","0","1","0","0","1","0","1","N","","","","","","","","","","","","03","  ","","",""
"1401","1","0","1","0","0","0","0","0","0","7","0","","36","09","2016","2016101729","5","40.2769","-76.0968","1354","08","0","0","0","0","0","0","0","0","","0","0","0","13","1","1","00","0","40 16:36.921","","00","76 05:48.314","2","0","0","0","36236","0","0","0","N","0","0","0","1","36408","0","","4","09","N","N","0","","0","1","0","0","0","","1352","1","1","0","0","0","0","0","1","0","1","N","","","","","","","","","","","","07","  ","","",""
"1645","2","0","0","0","0","0","0","0","0","1","0","","36","09","2016","2016101758","6","40.2654","-76.1092","1638","08","0","0","0","0","2","0","0","0","1","0","0","0","16","1","0","00","1","40 15:55.323","2","00","76 06:32.988","0","0","0","0","36236","0","0","0","N","0","0","0","2","36408","0","","1","01","N","N","0","","0","0","0","0","0","N","1633","0","2","0","0","0","0","0","1","0","2","N","","","","","","","","","","","","03","  ","","",""
"2015","1","0","0","0","0","0","0","0","0","4","0","","36","10","2016","2016101759","2","40.1529","-76.6024","2009","08","0","0","1","0","0","0","0","0","1","0","0","0","20","4","1","01","1","40 09:10.440","2","00","76 36:08.626","4","0","0","0","36407","0","0","0","N","0","0","0","4","36407","1","","1","01","N","N","1","","0","0","0","3","2","N","2009","1","2","0","0","0","0","0","2","0","2","N","","","","","","","","","","","","03","  ","","",""
"0204","3","0","0","0","0","0","0","0","0","4","0","","36","09","2016","2016101763","7","40.0279","-76.3158","0154","08","0","0","0","0","0","0","0","0","","0","0","0","01","3","0","00","0","40 01:40.465","","00","76 18:57.034","0","0","0","0","36301","0","0","0","N","0","0","0","2","36301","0","","4","01","N","N","0","","0","0","1","0","0","","0154","0","4","0","0","0","0","0","3","0","4","N","","","","","","","","","","","","03","  ","","",""
"1721","1","0","0","0","0","0","0","0","0","4","0","","36","09","2016","2016101783","5","40.1075","-76.2518","1708","08","0","0","0","0","0","2","0","0","","0","0","0","17","1","0","01","0","40 06:27.073","","00","76 15:06.604","0","0","0","0","36101","0","0","0","N","0","0","0","2","36101","0","","1","01","N","N","0","","0","0","1","0","0","","1706","0","2","0","0","0","0","0","3","0","2","N","","","","","","","","","","","","03","  ","","",""