"ARRIVAL_TM","AUTOMOBILE_COUNT","BELTED_DEATH_COUNT","BELTED_SUSP_SERIOUS_INJ_COUNT","BICYCLE_COUNT","BICYCLE_DEATH_COUNT","BICYCLE_SUSP_SERIOUS_INJ_COUNT","BUS_COUNT","CHLDPAS_DEATH_COUNT","CHLDPAS_SUSP_SERIOUS_INJ_COUNT","COLLISION_TYPE","COMM_VEH_COUNT","CONS_ZONE_SPD_LIM","COUNTY","CRASH_MONTH","CRASH_YEAR","CRN","DAY_OF_WEEK","DEC_LAT","DEC_LONG","DISPATCH_TM","DISTRICT","DRIVER_COUNT_16YR","DRIVER_COUNT_17YR","DRIVER_COUNT_18YR","DRIVER_COUNT_19YR","DRIVER_COUNT_20YR","DRIVER_COUNT_50_64YR","DRIVER_COUNT_65_74YR","DRIVER_COUNT_75PLUS","EST_HRS_CLOSED","FATAL_COUNT","HEAVY_TRUCK_COUNT","HORSE_BUGGY_COUNT","HOUR_OF_DAY","ILLUMINATION","INJURY_COUNT","INTERSECT_TYPE","LANE_CLOSED","LATITUDE","LN_CLOSE_DIR","LOCATION_TYPE","LONGITUDE","MAX_SEVERITY_LEVEL","MCYCLE_DEATH_COUNT","MCYCLE_SUSP_SERIOUS_INJ_COUNT","MOTORCYCLE_COUNT","MUNICIPALITY","NONMOTR_COUNT","NONMOTR_DEATH_COUNT","NONMOTR_SUSP_SERIOUS_INJ_COUNT","NTFY_HIWY_MAINT","PED_COUNT","PED_DEATH_COUNT","PED_SUSP_SERIOUS_INJ_COUNT","PERSON_COUNT","POLICE_AGCY","POSSIBLE_INJ_COUNT","RDWY_SURF_TYPE_CD","RELATION_TO_ROAD","ROAD_CONDITION","SCH_BUS_IND","SCH_ZONE_IND","SMALL_TRUCK_COUNT","SPEC_JURIS_CD","SUSP_MINOR_INJ_COUNT","SUSP_SERIOUS_INJ_COUNT","SUV_COUNT","TCD_FUNC_CD","TCD_TYPE","TFC_DETOUR_IND","TIME_OF_DAY","TOT_INJ_COUNT","TOTAL_UNITS","UNB_DEATH_COUNT","UNB_SUSP_SERIOUS_INJ_COUNT","UNBELTED_OCC_COUNT","UNK_INJ_DEG_COUNT","UNK_INJ_PER_COUNT","URBAN_RURAL","VAN_COUNT","VEHICLE_COUNT","WORK_ZONE_IND","WORK_ZONE_LOC","WORK_ZONE_TYPE","WORKERS_PRES","WZ_CLOSE_DETOUR","WZ_FLAGGER","WZ_LAW_OFFCR_IND","WZ_LN_CLOSURE","WZ_MOVING","WZ_OTHER","WZ_SHLDER_MDN","ROADWAY_CLEARED","WEATHER1","WEATHER2","WZ_WORKERS_INJ_KILLED","SECONDARY_CRASH","INTERSECTION_RELATED"
"0720","2","0","0","0","0","0","0","0","0","4","0","","36","09","2016","2016101871","5","40.116","-76.4908","0710","08","0","0","0","0","0","1","0","0","","0","0","0","07","1","0","02","0","40 06:57.625","","00","76 29:26.991","0","0","0","0","36230","0","0","0","","0","0","0","3","36410","0","","1","09","N","N","0","","0","0","0","3","3","","0708","0","2","0","0","0","0","0","1","0","2","N","","","","","","","","","","","","07","  ","","",""
"0811","1","0","0","0","0","0","0","0","0","7","0","","36","09","2016","2016101872","5","40.1308","-76.4884","0811","08","0","0","0","0","0","0","0","0","","0","0","0","08","1","0","00","0","40 07:51.013","","00","76 29:18.208","0","0","0","0","36230","0","0","0","","0","0","0","1","36410","0","","4","09","N","N","0","","0","0","0","0","0","","0803","0","1","0","0","0","0","0","1","0","1","N","","","","","","","","","","","","07","  ","","",""
"1200","1","0","0","0","0","0","0","0","0","4","0","","36","09","2016","2016101873","5","40.1165","-76.4502","1152","08","0","0","0","0","0","1","1","0","2","0","0","0","11","1","0","01","1","40 06:58.901","2","02","76 27:01.110","0","0","0","0","36230","0","0","0","","0","0","0","2","36410","0","","1","09","N","N","0","","0","0","0","3","3","N","1151","0","2","0","0","0","0","0","1","1","2","N","","","","","","","","","","","","07","  ","","",""
"1640","1","0","0","0","0","0","0","0","0","4","0","","36","10","2016","2016101906","2","40.0619","-76.4988","1635","08","0","0","0","0","0","2","0","0","1","0","0","0","16","1","1","02","1","40 03:42.752","4","00","76 29:55.590","8","0","0","0","36239","0","0","0","N","0","0","0","2","36239","0","","1","01","N","N","0","","0","0","1","2","3","N","1635","1","2","0","0","0","1","0","3","0","2","N","","","","","","","","","","","","03","  ","","",""
"1545","0","0","0","0","0","0","0","0","0","1","0","","36","10","2016","2016101916","2","40.0052","-76.305","1539","08","0","0","0","0","0","1","1","0","2","0","0","0","15","1","1","02","1","40 00:18.747","3","00","76 18:18.078","3","0","0","0","36220","0","0","0","Y","0","0","0","2","36101","0","","1","01","N","N","1","","1","0","1","0","0","N","1539","1","2","0","0","0","0","0","3","0","2","N","","","","","","","","","","","","03","  ","","",""
"0652","1","0","0","0","0","0","0","0","0","1","0","","36","10","2016","2016101925","3","40.1795","-76.6004","0645","08","0","0","0","0","0","0","0","0","","0","0","0","06","5","1","07","0","40 10:46.176","","02","76 36:01.501","3","0","0","0","36225","0","0","0","N","0","0","0","2","36505","0","","1","01","N","N","0","","1","0","1","3","4","","0640","1","2","0","0","0","0","0","2","0","2","N","","","","","","","","","","","","03","  ","","",""
"0751","1","0","0","0","0","0","0","0","0","1","0","","36","10","2016","2016101922","3","40.052","-76.3962","0749","08","0","0","0","0","0","0","0","0","1","0","0","0","07","1","0","00","1","40 03:07.188","3","00","76 23:46.237","0","0","0","0","36214","0","0","0","N","0","0","0","2","36214","0","","1","01","N","N","0","","0","0","1","0","0","N","0747","0","2","0","0","1","0","0","3","0","2","N","","","","","","","","","","","","03","  ","","",""
"0821","2","0","0","0","0","0","0","0","0","5","0","","36","09","2016","2016101931","4","40.0343","-76.305","0821","08","0","0","0","0","0","0","0","0","2","0","0","0","08","1","2","00","1","40 02:03.418","1","00","76 18:17.972","4","0","0","0","36301","0","0","0","N","0","0","0","4","36301","2","","1","01","N","N","0","","0","0","2","0","0","N","0821","2","4","0","0","0","0","0","3","0","4","N","","","","","","","","","","","","03","  ","","",""
"1030","1","0","0","0","0","0","0","0","0","7","0","","36","09","2016","2016101932","3","39.9426","-76.3053","1024","08","0","0","0","0","0","0","0","0","3","0","0","0","10","1","2","00","2","39 56:33.433","5","00","76 18:19.035","4","0","0","0","36228","0","0","0","N","0","0","0","2","36503","2","","5","01","N","N","0","","0","0","0","0","0","Y","1023","2","1","0","0","0","0","0","1","0","1","N","","","","","","","","","","","","03","  ","","",""
"1752","1","0","0","0","0","0","0","0","0","8","0","","36","09","2016","2016101939","7","40.0388","-76.3129","1751","08","0","0","0","0","0","0","0","0","","0","0","0","17","1","1","01","0","40 02:19.632","","00","76 18:46.550","3","0","0","0","36301","1","0","0","N","1","0","0","2","36301","0","","1","01","N","N","0","","1","0","0","3","2","","1748","1","2","0","0","0","0","0","3","0","1","N","","","","","","","","","","","","03","  ","","",""
"0712","1","0","0","0","0","0","0","0","0","4","0","","36","10","2016","2016101940","3","40.0922","-76.4224","0710","08","0","0","0","0","0","1","0","0","2","0","0","0","07","1","0","01","1","40 05:32.006","3","00","76 25:20.744","0","0","0","0","36214","0","0","0","N","0","0","0","5","36214","0","","1","01","N","N","0","","0","0","1","3","3","N","0707","0","2","0","0","0","0","0","3","0","2","N","","","","","","","","","","","","05","  ","","",""
"1104","1","0","0","0","0","0","0","0","0","4","0","","36","10","2016","2016101957","3","40.1098","-76.4127","1102","08","0","0","0","0","0","0","0","0","","0","0","0","11","1","0","03","0","40 06:35.132","","00","76 24:45.637","0","0","0","0","36214","0","0","0","N","0","0","0","5","36214","0","","1","01","N","N","0","","0","0","1","3","3","","1102","0","2","0","0","0","0","0","3","0","2","N","","","","","","","","","","","","03","  ","","",""
"1909","1","0","0","0","0","0","0","0","0","4","0","","36","09","2016","2016101984","7","40.0348","-76.5033","1905","08","0","0","0","0","0","0","0","0","","0","0","0","19","1","3","01","0","40 02:05.449","","00","76 30:11.780","8","0","0","0","36404","0","0","0","N","0","0","0","5","36404","0","","1","01","N","N","0","","0","0","0","0","0","","1904","3","2","0","0","1","3","0","3","1","2","N","","","","","","","","","","","","03","  ","","",""
"1454","1","0","0","0","0","0","0","0","0","7","0","","36","09","2016","2016101985","5","40.1491","-76.6538","1447","08","0","0","0","1","0","0","0","0","1","0","0","0","14","1","0","00","1","40 08:56.600","5","00","76 39:13.500","0","0","0","0","36237","0","0","0","N","0","0","0","1","36505","0","","4","09","N","N","0","","0","0","0","0","0","N","1445","0","1","0","0","0","0","0","1","0","1","N","","","","","","","","","","","","03","  ","","",""
"1502","2","0","0","0","0","0","0","0","0","4","0","","36","09","2016","2016102025","4","40.0579","-76.2808","1456","08","0","1","0","0","0","0","0","0","","0","0","0","14","1","0","01","0","40 03:28.292","","00","76 16:50.947","0","0","0","0","36101","0","0","0","N","0","0","0","2","36101","0","","1","09","N","N","0","","0","0","0","3","2","","1450","0","2","0","0","0","0","0","3","0","2","N","","","","","","","","","","","","03","  ","","",""
"1605","0","0","0","0","0","0","0","0","0","4","0","","36","10","2016","2016102026","3","40.0606","-76.2768","1555","08","0","0","0","0","0","0","0","0","","0","0","0","15","1","0","01","0","40 03:38.397","","00","76 16:37.303","0","0","0","0","36101","0","0","0","N","0","0","0","2","36101","0","","1","01","N","N","0","","0","0","0","3","2","","1554","0","2","0","0","0","0","0","3","2","2","N","","","","","","","","","","","","03","  ","","",""
"0135","2","0","0","0","0","0","0","0","0","4","0","","36","10","2016","2016102031","1","40.0415","-76.3019","0131","08","0","0","0","0","0","0","0","0","2","0","0","0","01","3","0","00","1","40 02:29.464","1","99","76 18:06.928","0","0","0","0","36301","0","0","0","N","0","0","0","1","36301","0","","2","09","N","N","0","","0","0","1","0","0","N","0131","0","3","0","0","0","0","0","3","0","3","N","","","","","","","","","","","","03","  ","","",""
"0437","1","0","0","0","0","0","0","0","0","7","0","","36","09","2016","2016102047","7","40.2715","-76.1147","0431","08","0","0","0","0","0","0","0","0","","0","0","0","04","2","1","00","0","40 16:17.221","","00","76 06:52.984","8","0","0","0","36236","0","0","0","N","0","0","0","1","36408","0","","2","98","N","N","0","","0","0","0","0","0","","0429","1","1","0","0","1","1","0","1","0","1","N","","","","","","","","","","","","03","  ","","",""
"1558","0","0","1","0","0","0","0","0","0","7","0","","36","09","2016","2016102091","4","39.8302","-76.1496","1526","08","0","0","0","0","0","0","0","1","","0","0","0","15","1","1","00","0","39 49:48.770","","00","76 08:58.479","2","0","0","0","36212","0","0","0","","0","0","0","1","68J01","0","","4","09","N","N","0","","0","1","1","0","0","","1526","1","1","0","0","0","0","0","1","0","1","N","","","","","","","","","","","","07","  ","","",""
"1640","1","0","0","0","0","0","0","0","0","4","0","","36","09","2016","2016102092","4","39.8691","-76.098","1624","08","0","1","0","0","0","0","0","0","","0","0","0","16","1","0","01","0","39 52:08.725","","00","76 05:52.688","0","0","0","0","36205","0","0","0","","0","0","0","4","68J03","0","","1","09","N","N","0","","0","0","1","3","3","","1621","0","2","0","0","0","0","0","1","0","2","N","","","","","","","","","","","","07","  ","","",""
"0845","0","0","0","0","0","0","0","0","0","7","0","","36","09","2016","2016102103","6","40.1592","-75.9621","0823","08","0","0","0","0","0","0","0","0","2","0","0","0","08","1","0","00","1","40 09:33.240","2","00","75 57:43.510","0","0","0","0","36203","0","0","0","","0","0","0","1","68J01","0","","4","09","N","N","1","","0","0","0","0","0","N","0823","0","1","0","0","0","0","0","1","0","1","N","","","","","","","","","","","","07","  ","","",""
"1849","0","0","0","0","0","0","0","0","0","7","0","","36","10","2016","2016102114","7","39.9886","-76.153","1842","08","0","0","0","1","0","0","0","0","1","0","0","0","18","4","0","00","1","39 59:19.020","1","00","76 09:10.910","0","0","0","0","36226","0","0","0","","0","0","0","2","68J01","0","","2","09","N","N","1","","0","0","0","0","0","N","1838","0","1","0","0","0","0","0","1","0","1","N","","","","","","","","","","","","07","  ","","",""
"0534","1","0","0","0","0","0","0","0","0","4","0","","36","09","2016","2016102129","5","40.0364","-76.3631","0527","08","0","0","0","0","0","1","0","0","","0","0","0","05","3","0","02","0","40 02:10.975","","00","76 21:47.261","0","0","0","0","36223","0","0","0","","0","0","0","2","36223","0","","1","09","N","N","0","","0","0","0","9","3","","0525","0","2","0","0","0","0","0","1","1","2","N","","","","","","","","","","","","07","  ","","",""
"2310","1","0","0","0","0","0","0","0","0","7","0","","36","09","2016","2016102130","5","39.9906","-76.4439","2301","08","0","0","0","0","0","0","0","0","","0","0","0","22","2","1","02","0","39 59:26.188","","00","76 26:38.151","4","0","0","0","36223","0","0","0","","0","0","0","1","36223","1","","4","09","N","N","0","","0","0","0","0","0","","2259","1","1","0","0","0","0","0","1","0","1","N","","","","","","","","","","","","07","  ","","",""
"1537","2","0","0","0","0","0","0","0","0","2","0","","36","09","2016","2016102145","4","39.9468","-76.2263","1524","08","0","0","0","0","0","0","0","0","2","0","0","0","15","1","0","00","2","39 56:48.484","5","00","76 13:34.657","0","0","0","0","36233","0","0","0","","0","0","0","2","68J03","0","","1","09","N","N","0","","0","0","0","0","0","Y","1520","0","2","0","0","0","0","0","1","0","2","N","","","","","","","","","","","","07","  ","","",""
"0100","0","0","0","0","0","0","0","0","0","7","0","","36","10","2016","2016102148","7","40.138","-75.9032","0042","08","0","0","0","0","0","0","0","0","","0","0","0","00","2","0","00","0","40 08:16.917","","00","75 54:11.434","0","0","0","0","36203","0","0","0","","0","0","0","1","68J01","0","","4","01","N","N","1","","0","0","0","0","0","","0038","0","1","0","0","0","0","0","1","0","1","N","","","","","","","","","","","","03","  ","","",""
"2249","1","0","0","0","0","0","0","0","0","7","0","","36","10","2016","2016102185","2","40.1999","-76.164","2243","08","0","0","0","0","0","0","0","0","","0","0","0","22","2","0","00","0","40 11:59.817","","00","76 09:50.286","0","0","0","0","36218","0","0","0","N","0","0","0","1","36408","0","","5","01","N","N","0","","0","0","0","0","0","","2249","0","1","0","0","0","0","0","1","0","1","N","","","","","","","","","","","","03","  ","","",""
"1102","1","0","0","0","0","0","0","0","0","7","0","","36","09","2016","2016102194","5","40.1619","-76.3078","1056","08","0","0","0","0","0","1","0","0","2","0","0","0","10","1","0","00","1","40 09:42.696","1","00","76 18:28.208","0","0","0","0","36409","0","0","0","N","0","0","0","1","36409","0","","4","09","N","N","0","","0","0","0","0","0","Y","1056","0","1","0","0","0","0","0","3","0","1","N","","","","","","","","","","","","07","  ","","",""
"2240","0","0","0","0","0","0","0","0","0","7","0","","36","10","2016","2016102203","3","40.0785","-76.0722","2240","08","0","0","0","0","0","1","0","0","2","0","0","0","22","2","0","00","2","40 04:42.582","5","00","76 04:20.084","0","0","0","0","36209","0","0","0","N","0","0","0","1","36415","0","","4","01","N","N","1","","0","0","0","0","0","N","2240","0","1","0","0","1","0","0","1","0","1","N","","","","","","","","","","","","03","  ","","",""
"0457","1","0","0","0","0","0","0","0","0","7","0","","36","09","2016","2016102285","5","40.0708","-76.3175","0457","08","0","0","0","0","0","0","1","0","1","0","0","0","04","3","0","00","2","40 04:14.839","1","00","76 19:02.933","0","0","0","0","36101","0","0","0","N","0","0","0","1","36101","0","","4","09","N","N","0","","0","0","0","0","0","N","0400","0","1","0","0","0","0","0","3","0","1","N","","","","","","","","","","","","07","  ","","",""
"1612","2","0","0","0","0","0","0","0","0","1","0","","36","09","2016","2016102292","5","40.0371","-76.4128","1609","08","0","0","0","0","0","1","0","0","2","0","0","0","15","1","0","02","1","40 02:13.582","3","00","76 24:46.019","0","0","0","0","36239","0","0","0","","0","0","0","2","36223","0","","1","09","N","N","0","","0","0","0","0","0","Y","1554","0","2","0","0","0","0","0","3","0","2","N","","","","","","","","","","","","07","  ","","",""
"1410","2","0","0","0","0","0","0","0","0","1","0","","36","09","2016","2016102324","6","40.1908","-76.1948","1408","08","0","0","0","0","0","0","1","0","","0","0","0","14","1","0","02","0","40 11:26.946","","00","76 11:41.454","0","0","0","0","36408","0","0","0","N","0","0","0","2","36408","0","","1","01","N","N","0","","0","0","0","0","0","","1406","0","2","0","0","0","0","0","2","0","2","N","","","","","","","","","","","","03","  ","","",""
"0920","1","0","0","0","0","0","0","0","0","4","0","","36","10","2016","2016102327","4","40.1529","-76.6024","0918","08","0","0","0","0","1","1","0","0","2","0","0","0","09","1","1","01","2","40 09:10.440","7","00","76 36:08.626","8","0","0","0","36407","0","0","0","N","0","0","0","2","36407","0","","1","01","N","N","1","","0","0","0","3","2","Y","0918","1","2","0","0","0","1","0","2","0","2","N","","","","","","","","","","","","03","  ","","",""
"0751","3","0","0","0","0","0","0","0","0","1","0","","36","10","2016","2016102334","4","40.0851","-76.3725","0744","08","0","0","1","0","0","0","0","0","2","0","0","0","07","1","2","00","1","40 05:06.306","3","00","76 22:21.169","3","0","0","0","36214","0","0","0","N","0","0","0","8","36214","1","","1","01","N","N","1","","1","0","0","0","0","N","0744","2","5","0","0","0","0","0","3","1","5","N","","","","","","","","","","","","03","  ","","",""
"1027","0","0","0","0","0","0","0","0","0","1","1","","36","09","2016","2016102337","6","40.0839","-76.3431","1020","08","0","0","0","0","0","1","0","0","","0","1","0","10","1","1","02","0","40 05:02.150","","00","76 20:35.255","4","0","0","0","36101","0","0","0","N","0","0","0","2","36101","1","","1","01","N","N","0","","0","0","1","3","2","","1015","1","2","0","0","0","0","1","3","0","2","N","","","","","","","","","","","","03","  ","","",""
"1451","2","0","0","0","0","0","0","0","0","4","0","","36","09","2016","2016102361","6","40.0727","-76.3191","1437","08","0","0","1","0","0","1","0","0","1","0","0","0","14","1","0","02","1","40 04:21.547","1","00","76 19:09.039","0","0","0","0","36101","0","0","0","N","0","0","0","2","36101","0","","1","01","N","N","0","","0","0","0","0","0","N","1434","0","2","0","0","0","0","0","3","0","2","N","","","","","","","","","","","","03","  ","","",""
"1415","0","0","0","0","0","0","0","0","0","4","0","","36","10","2016","2016102399","4","40.1642","-76.1543","1411","08","0","0","0","0","0","1","0","0","2","0","0","0","14","1","0","02","1","40 09:51.097","4","07","76 09:15.344","0","0","0","0","36218","0","0","0","N","0","0","0","2","36408","0","","1","01","N","Y","0","","0","0","2","3","2","Y","1410","0","2","0","0","0","0","0","1","0","2","N","","","","","","","","","","","","03","  ","","",""
"0120","1","0","0","0","0","0","0","0","0","7","0","","36","09","2016","2016102433","6","39.9835","-76.1314","0111","08","0","0","0","0","1","0","0","0","1","0","0","0","01","2","0","00","1","39 59:00.440","4","00","76 07:53.108","0","0","0","0","36226","0","0","0","","0","0","0","1","68J01","0","","4","01","N","N","0","","0","0","0","0","0","N","0109","0","1","0","0","0","0","0","1","0","1","N","","","","","","","","","","","","03","  ","","",""
"0322","0","0","0","0","0","0","0","0","0","7","0","","36","08","2016","2016102500","7","39.9892","-76.1945","0313","08","0","0","0","0","0","1","0","0","","0","0","0","03","3","1","00","0","39 59:20.951","","00","76 11:40.224","8","0","0","0","36233","0","0","0","","0","0","0","1","68J01","0","","4","01","N","N","0","","0","0","1","0","0","","0313","1","1","0","0","0","1","0","1","0","1","N","","","","","","","","","","","","03","  ","","",""
"2148","2","0","0","0","0","0","0","0","0","1","0","55","36","09","2016","2016102507","4","40.0689","-76.3073","2148","08","0","1","0","0","0","1","0","0","3","0","0","0","21","2","2","00","1","40 04:08.063","3","00","76 18:26.242","4","0","0","0","36101","0","0","0","","0","0","0","3","68J01","2","","1","01","N","N","0","","0","0","0","0","0","N","2148","2","3","0","0","0","0","0","3","1","3","Y","2","1","Y","N","N","Y","Y","N","N","Y","","03","  ","","",""
"1544","0","0","0","0","0","0","0","0","0","7","0","","36","09","2016","2016102537","5","40.2298","-76.4376","1525","08","0","0","0","0","0","1","0","0","","0","0","0","15","1","0","00","0","40 13:47.191","","00","76 26:18.240","0","0","0","0","36230","0","0","0","","0","0","0","1","68T06","0","","4","09","N","N","0","","0","0","0","0","0","","1525","0","1","0","0","0","0","0","1","1","1","N","","","","","","","","","","","","07","  ","","",""
"1811","1","0","0","0","0","0","0","0","0","7","0","","36","09","2016","2016102548","6","40.028","-76.0434","1735","08","0","1","0","0","0","0","0","0","2","0","0","0","17","1","1","00","1","40 01:40.770","4","00","76 02:36.210","4","0","0","0","36232","0","0","0","","0","0","0","1","68J01","1","","4","01","N","N","0","","0","0","0","0","0","N","1720","1","1","0","0","0","0","0","1","0","1","N","","","","","","","","","","","","03","  ","","",""
"0905","1","0","0","0","0","0","0","0","0","7","0","","36","10","2016","2016102555","7","39.9132","-76.3109","0849","08","0","0","0","0","0","1","0","0","3","0","0","0","08","1","0","00","1","39 54:47.499","2","00","76 18:39.390","0","0","0","0","36224","0","0","0","","0","0","0","1","68J01","0","","5","09","N","N","0","","0","0","0","0","0","N","0849","0","1","0","0","0","0","0","1","0","1","N","","","","","","","","","","","","07","  ","","",""
"1936","0","0","0","0","0","0","0","0","0","1","0","","36","10","2016","2016102593","1","40.0505","-76.3037","1934","08","0","0","0","0","0","0","0","0","2","0","0","0","19","3","0","01","1","40 03:01.631","1","00","76 18:13.226","0","0","0","0","36301","0","0","0","N","0","0","0","2","36301","0","","1","01","N","N","0","","0","0","2","3","2","N","1934","0","2","0","0","0","0","0","3","0","2","N","","","","","","","","","","","","03","  ","","",""
"1823","2","0","0","0","0","0","0","0","0","4","0","","36","09","2016","2016102596","2","40.0331","-76.2452","1819","08","0","0","0","0","1","0","0","0","1","0","0","0","18","1","3","01","2","40 01:59.084","7","00","76 14:42.829","3","0","0","0","36215","0","0","0","N","0","0","0","3","36215","0","","1","01","N","N","0","","3","0","0","3","2","Y","1812","3","2","0","0","0","0","0","1","0","2","N","","","","","","","","","","","","03","  ","","",""
"1845","0","0","0","0","0","0","0","0","0","7","0","","36","10","2016","2016102603","4","40.1157","-76.2378","1835","08","0","0","0","0","0","1","0","0","4","0","0","0","18","1","2","00","2","40 06:56.525","1","00","76 14:16.114","2","0","0","0","36101","0","0","0","N","0","0","0","2","36101","0","","4","01","N","N","1","","0","1","0","0","0","Y","1834","2","1","0","1","1","1","0","3","0","1","N","","","","","","","","","","","","03","  ","","",""
"1628","2","0","0","0","0","0","0","0","0","1","0","","36","10","2016","2016102612","3","40.0918","-76.1597","1621","08","0","0","0","0","0","0","1","0","2","0","0","0","16","1","2","01","1","40 05:30.450","3","00","76 09:34.785","4","0","0","0","36234","0","0","0","N","0","0","0","2","36215","1","","1","01","N","N","0","","0","0","0","0","0","N","1621","2","2","0","0","0","1","0","1","0","2","N","","","","","","","","","","","","03","  ","","",""
"2125","1","0","0","0","0","0","0","0","0","4","0","","36","10","2016","2016102618","4","40.0943","-76.1129","2125","08","0","0","0","0","0","1","0","0","2","0","0","1","21","6","2","01","2","40 05:39.586","6","00","76 06:46.260","2","0","0","0","36209","1","0","1","N","0","0","0","2","36415","1","","1","01","N","N","0","","0","1","0","3","2","Y","2125","2","2","0","0","0","0","0","1","0","1","N","","","","","","","","","","","","03","  ","","",""
"2053","2","0","0","0","0","0","0","0","0","6","0","","36","09","2016","2016102629","2","40.077","-76.5541","2051","08","0","0","0","0","0","1","0","0","2","0","0","0","20","2","0","01","1","40 04:37.275","6","00","76 33:14.778","0","0","0","0","36211","0","0","0","N","0","0","0","2","36504","0","","1","01","N","N","0","","0","0","0","3","3","Y","2051","0","2","0","0","0","0","0","1","0","2","N","","","","","","","","","","","","03","  ","","",""
"1645","2","0","0","0","0","0","0","0","0","1","0","","36","10","2016","2016102633","4","40.0946","-76.376","1641","08","0","0","0","0","0","1","0","0","1","0","0","0","16","1","0","00","1","40 05:40.383","1","00","76 22:33.649","0","0","0","0","36214","0","0","0","N","0","0","0","2","36214","0","","1","01","N","N","0","","0","0","0","0","0","N","1640","0","2","0","0","0","0","0","3","0","2","N","","","","","","","","","","","","03","  ","","",""
"0856","1","0","0","0","0","0","0","0","0","1","0","","36","10","2016","2016102730","7","40.061","-76.2774","0848","08","0","0","0","0","0","0","0","0","","0","0","0","08","1","1","03","0","40 03:39.541","","02","76 16:38.682","4","0","0","0","36101","0","0","0","N","0","0","0","2","36101","1","","1","01","N","N","0","","0","0","1","3","4","","0845","1","2","0","0","0","0","0","3","0","2","N","","","","","","","","","","","","03","  ","","",""
"1234","1","0","0","0","0","0","0","0","0","8","0","","36","09","2016","2016102737","1","39.9919","-76.3144","1234","08","0","0","0","0","0","0","0","0","","0","0","0","12","1","1","00","0","39 59:30.745","","00","76 18:51.833","3","0","0","0","36228","1","0","0","N","1","0","0","2","36503","0","","2","01","N","N","0","","1","0","0","0","0","","1215","1","2","0","0","0","0","1","1","0","1","N","","","","","","","","","","","","03","  ","","",""
"1028","2","0","0","0","0","0","0","0","0","1","0","","36","10","2016","2016102776","5","40.0738","-76.3359","1022","08","0","0","0","0","0","0","0","0","2","0","0","0","10","1","1","00","1","40 04:25.565","1","07","76 20:09.207","4","0","0","0","36101","0","0","0","N","0","0","0","3","36101","1","","1","01","N","N","0","","0","0","0","3","1","N","1022","1","2","0","0","0","0","0","3","0","2","N","","","","","","","","","","","","03","  ","","",""
"1128","0","0","0","0","0","0","0","0","0","7","0","","36","09","2016","2016102803","1","39.9276","-76.3809","1120","08","0","0","0","0","0","1","0","0","","0","0","0","11","1","1","00","0","39 55:39.400","","00","76 22:51.200","8","0","0","1","36206","0","0","0","N","0","0","0","1","36503","0","","4","01","N","N","0","","0","0","0","0","0","","1118","1","1","0","0","0","1","0","1","0","1","N","","","","","","","","","","","","03","  ","","",""
"1730","2","0","0","0","0","0","0","0","0","1","0","","36","10","2016","2016102804","4","40.119","-76.3411","1722","08","0","0","0","0","0","1","0","0","3","0","0","0","17","1","0","00","2","40 07:08.483","5","00","76 20:27.981","0","0","0","0","36101","0","0","0","N","0","0","0","5","36101","0","","1","01","N","N","0","","0","0","3","0","0","Y","1715","0","5","0","0","0","0","0","3","0","5","N","","","","","","","","","","","","03","  ","","",""
"1659","3","0","0","0","0","0","0","0","0","1","0","","36","10","2016","2016102811","4","40.1931","-76.1747","1657","08","0","0","0","0","0","0","0","0","","0","0","0","16","1","1","00","0","40 11:35.017","","00","76 10:28.944","8","0","0","0","36408","0","0","0","N","0","0","0","4","36408","0","","1","01","N","N","0","","0","0","0","0","0","","1656","1","3","0","0","0","1","0","2","0","3","N","","","","","","","","","","","","03","  ","","",""
"1242","2","0","0","0","0","0","0","0","0","4","0","","36","10","2016","2016102813","5","40.1133","-76.4511","1233","08","0","0","0","0","0","1","1","0","","0","0","0","12","1","0","01","0","40 06:47.800","","00","76 27:04.043","0","0","0","0","36230","0","0","0","N","0","0","0","2","36410","0","","1","01","N","N","0","","0","0","0","3","2","","1233","0","2","0","0","0","0","0","1","0","2","N","","","","","","","","","","","","03","  ","","",""
"1340","1","0","0","0","0","0","0","0","0","7","0","","36","09","2016","2016102821","4","40.0617","-76.532","1334","08","0","0","0","0","0","0","0","0","","0","0","0","13","1","0","00","0","40 03:42.065","","00","76 31:55.315","0","0","0","0","36211","0","0","0","Y","0","0","0","1","36504","0","","5","09","N","N","0","","0","0","0","0","0","","1330","0","1","0","0","0","0","0","1","0","1","N","","","","","","","","","","","","07","  ","","",""
"0840","1","0","0","0","0","0","0","0","0","4","0","","36","10","2016","2016102842","1","40.1","-76.3541","0833","08","0","0","0","0","0","1","0","0","2","0","0","0","08","1","2","01","1","40 06:00.025","2","00","76 21:14.898","4","0","0","0","36406","0","0","0","N","0","0","0","2","36101","2","","1","01","N","N","0","","0","0","1","3","2","Y","0831","2","2","0","0","0","0","0","3","0","2","N","","","","","","","","","","","","03","  ","","",""
"1151","1","0","0","0","0","0","0","0","0","7","0","","36","10","2016","2016102850","1","40.0554","-76.2789","1139","08","0","0","0","0","0","0","0","0","","0","0","0","11","1","0","00","0","40 03:19.267","","00","76 16:43.916","0","0","0","0","36101","0","0","0","N","0","0","0","2","36101","0","","4","01","N","N","0","","0","0","0","0","0","","1112","0","1","0","0","0","0","0","3","0","1","N","","","","","","","","","","","","03","  ","","",""