"ARRIVAL_TM","AUTOMOBILE_COUNT","BELTED_DEATH_COUNT","BELTED_SUSP_SERIOUS_INJ_COUNT","BICYCLE_COUNT","BICYCLE_DEATH_COUNT","BICYCLE_SUSP_SERIOUS_INJ_COUNT","BUS_COUNT","CHLDPAS_DEATH_COUNT","CHLDPAS_SUSP_SERIOUS_INJ_COUNT","COLLISION_TYPE","COMM_VEH_COUNT","CONS_ZONE_SPD_LIM","COUNTY","CRASH_MONTH","CRASH_YEAR","CRN","DAY_OF_WEEK","DEC_LAT","DEC_LONG","DISPATCH_TM","DISTRICT","DRIVER_COUNT_16YR","DRIVER_COUNT_17YR","DRIVER_COUNT_18YR","DRIVER_COUNT_19YR","DRIVER_COUNT_20YR","DRIVER_COUNT_50_64YR","DRIVER_COUNT_65_74YR","DRIVER_COUNT_75PLUS","EST_HRS_CLOSED","FATAL_COUNT","HEAVY_TRUCK_COUNT","HORSE_BUGGY_COUNT","HOUR_OF_DAY","ILLUMINATION","INJURY_COUNT","INTERSECT_TYPE","LANE_CLOSED","LATITUDE","LN_CLOSE_DIR","LOCATION_TYPE","LONGITUDE","MAX_SEVERITY_LEVEL","MCYCLE_DEATH_COUNT","MCYCLE_SUSP_SERIOUS_INJ_COUNT","MOTORCYCLE_COUNT","MUNICIPALITY","NONMOTR_COUNT","NONMOTR_DEATH_COUNT","NONMOTR_SUSP_SERIOUS_INJ_COUNT","NTFY_HIWY_MAINT","PED_COUNT","PED_DEATH_COUNT","PED_SUSP_SERIOUS_INJ_COUNT","PERSON_COUNT","POLICE_AGCY","POSSIBLE_INJ_COUNT","RDWY_SURF_TYPE_CD","RELATION_TO_ROAD","ROAD_CONDITION","SCH_BUS_IND","SCH_ZONE_IND","SMALL_TRUCK_COUNT","SPEC_JURIS_CD","SUSP_MINOR_INJ_COUNT","SUSP_SERIOUS_INJ_COUNT","SUV_COUNT","TCD_FUNC_CD","TCD_TYPE","TFC_DETOUR_IND","TIME_OF_DAY","TOT_INJ_COUNT","TOTAL_UNITS","UNB_DEATH_COUNT","UNB_SUSP_SERIOUS_INJ_COUNT","UNBELTED_OCC_COUNT","UNK_INJ_DEG_COUNT","UNK_INJ_PER_COUNT","URBAN_RURAL","VAN_COUNT","VEHICLE_COUNT","WORK_ZONE_IND","WORK_ZONE_LOC","WORK_ZONE_TYPE","WORKERS_PRES","WZ_CLOSE_DETOUR","WZ_FLAGGER","WZ_LAW_OFFCR_IND","WZ_LN_CLOSURE","WZ_MOVING","WZ_OTHER","WZ_SHLDER_MDN","ROADWAY_CLEARED","WEATHER1","WEATHER2","WZ_WORKERS_INJ_KILLED","SECONDARY_CRASH","INTERSECTION_RELATED"
"1041","1","0","0","0","0","0","0","0","0","7","0","","36","10","2016","2016102919","3","39.9039","-76.2419","1039","08","0","0","0","0","0","0","0","0","2","0","0","0","10","1","0","02","1","39 54:13.976","3","00","76 14:30.883","0","0","0","0","36229","0","0","0","","0","0","0","1","68J01","0","","2","01","N","N","0","","0","0","0","0","0","N","1039","0","1","0","0","0","0","0","1","0","1","N","","","","","","","","","","","","03","  ","","",""
"1546","0","0","0","0","0","0","0","0","0","1","1","","36","10","2016","2016102923","4","40.0388","-76.1397","1534","08","0","0","0","0","0","0","0","0","","0","1","0","15","1","2","00","0","40 02:19.652","","00","76 08:22.781","8","0","0","0","36221","0","0","0","","0","0","0","4","68J01","0","","1","01","N","N","1","","0","0","0","0","0","","1533","2","2","0","0","0","2","0","1","0","2","N","","","","","","","","","","","","03","  ","","",""
"1236","0","0","0","0","0","0","0","0","0","1","0","","36","09","2016","2016102942","7","40.1177","-76.4552","1224","08","0","0","0","0","0","0","1","0","","0","0","0","12","1","0","00","0","40 07:03.668","","00","76 27:18.689","0","0","0","0","36230","0","0","0","","0","0","0","2","36214","0","","1","01","N","N","1","","0","0","1","0","0","","1204","0","2","0","0","0","0","0","1","0","2","N","","","","","","","","","","","","03","  ","","",""
"0652","1","0","0","0","0","0","0","0","0","4","0","","36","09","2016","2016102943","5","40.1233","-76.3753","0641","08","0","0","0","1","0","0","0","1","3","0","0","0","06","5","1","01","2","40 07:23.702","5","00","76 22:31.147","3","0","0","0","36214","0","0","0","","0","0","0","2","36214","0","","1","09","N","N","1","","1","0","0","3","3","Y","0640","1","2","0","0","0","0","0","3","0","2","N","","","","","","","","","","","","07","  ","","",""
"1630","1","0","0","0","0","0","0","0","0","7","0","","36","09","2016","2016102944","5","40.1118","-76.408","1626","08","0","0","0","0","0","0","0","0","2","0","0","0","16","1","1","00","2","40 06:42.460","6","00","76 24:28.960","3","0","0","0","36214","0","0","0","","0","0","0","1","36214","0","","4","09","N","N","0","","1","0","0","0","0","Y","1623","1","1","0","0","1","0","0","3","0","1","N","","","","","","","","","","","","07","  ","","",""
"1229","1","0","0","0","0","0","0","0","0","1","0","","36","10","2016","2016102945","4","40.1165","-76.5305","1222","08","0","0","0","0","0","0","0","1","1","0","0","0","12","1","0","00","1","40 06:59.436","4","00","76 31:49.766","0","0","0","0","36413","0","0","0","","0","0","0","3","36413","0","","1","01","N","N","1","","0","0","0","0","0","N","1219","0","3","0","0","0","0","0","2","1","3","N","","","","","","","","","","","","03","  ","","",""
"2338","2","0","0","0","0","0","0","0","0","2","0","","36","09","2016","2016102961","1","40.2488","-76.3446","2325","08","0","0","0","0","0","0","0","0","3","1","0","0","23","2","1","00","2","40 14:55.665","6","00","76 20:40.466","1","0","0","0","36217","0","0","0","","0","0","0","2","68J01","0","2","1","01","N","N","0","0","0","1","0","0","0","Y","2317","1","2","0","1","1","0","0","1","0","2","N","","","","","","","","","","","","03","  ","","",""
"1146","1","0","0","0","0","0","0","0","0","7","0","","36","10","2016","2016102980","4","40.1278","-76.2002","1135","08","0","0","0","0","0","0","0","1","2","0","0","0","11","1","1","00","2","40 07:40.004","5","00","76 12:00.674","3","0","0","0","36238","0","0","0","N","0","0","0","1","36238","0","","4","01","N","N","0","","1","0","0","0","0","Y","1130","1","1","0","0","0","0","0","3","0","1","N","","","","","","","","","","","","03","  ","","",""
"1855","2","0","0","0","0","0","0","0","0","1","0","","36","10","2016","2016102985","5","40.0702","-76.3168","1847","08","0","0","0","0","0","0","0","0","","0","0","0","17","1","0","00","0","40 04:12.849","","00","76 19:00.414","0","0","0","0","36101","0","0","0","N","0","0","0","2","36101","0","","1","01","N","N","0","","0","0","0","0","0","","1736","0","2","0","0","0","0","0","3","0","2","N","","","","","","","","","","","","03","  ","","",""
"2107","0","0","0","0","0","0","0","0","0","7","0","","36","09","2016","2016102988","3","40.1467","-76.6219","2106","08","0","0","0","0","0","0","0","0","2","0","0","0","19","2","1","00","2","40 08:48.093","6","00","76 37:18.805","8","0","0","0","36237","0","0","0","N","0","0","0","1","36505","0","","4","01","N","N","1","","0","0","0","0","0","Y","1903","1","1","0","0","1","1","0","1","0","1","N","","","","","","","","","","","","03","  ","","",""
"2052","1","0","0","0","0","0","0","0","0","7","0","","36","09","2016","2016103018","2","40.0402","-76.26","2046","08","0","0","0","0","0","0","0","0","","0","0","0","20","3","0","00","0","40 02:24.588","","00","76 15:35.906","0","0","0","0","36215","0","0","0","N","0","0","0","1","36215","0","","2","01","N","N","0","","0","0","0","0","0","","2045","0","1","0","0","0","0","0","1","0","1","N","","","","","","","","","","","","03","  ","","",""
"1751","1","0","0","0","0","0","0","0","0","4","0","","36","10","2016","2016103020","5","40.1436","-76.5971","1745","08","0","0","0","0","0","0","0","0","","0","0","0","17","1","0","02","0","40 08:36.823","","00","76 35:49.574","0","0","0","0","36407","0","0","0","N","0","0","0","2","36407","0","","1","01","N","N","0","","0","0","1","3","3","","1737","0","2","0","0","0","0","0","2","0","2","N","","","","","","","","","","","","03","  ","","",""
"0623","0","0","0","0","0","0","0","0","0","2","0","","36","10","2016","2016103025","4","40.0915","-76.6631","0615","08","0","0","0","0","0","1","0","0","2","0","0","0","06","3","1","02","2","40 05:29.459","5","00","76 39:47.185","2","0","1","1","36207","0","0","0","N","0","0","0","2","36504","0","","1","01","N","N","1","","0","1","0","3","3","Y","0614","1","2","0","0","0","0","0","1","0","2","N","","","","","","","","","","","","03","  ","","",""
"2105","1","0","0","1","0","0","0","0","0","1","0","","36","10","2016","2016103033","4","40.0787","-76.3464","2102","08","0","0","0","0","0","1","0","0","","0","0","0","21","3","1","06","0","40 04:41.708","","00","76 20:46.688","4","0","0","0","36101","1","0","0","N","0","0","0","2","36101","1","","1","01","N","N","0","","0","0","0","3","4","","2102","1","2","0","0","0","0","0","3","0","1","N","","","","","","","","","","","","03","  ","","",""
"2004","2","0","0","0","0","0","0","0","0","2","0","","36","10","2016","2016103048","5","40.1863","-76.1883","2002","08","1","0","0","1","0","0","0","0","2","0","0","0","20","3","1","01","1","40 11:05.852","7","00","76 11:20.234","8","0","0","0","36408","0","0","0","N","0","0","0","2","36408","0","","1","01","N","N","0","","0","0","0","3","2","N","2000","1","2","0","0","0","1","0","2","0","2","N","","","","","","","","","","","","03","  ","","",""
"0800","1","0","0","0","0","0","0","0","0","1","0","","36","10","2016","2016103153","6","40.0814","-76.3532","0753","08","0","0","0","0","0","1","0","0","2","0","0","0","07","1","1","00","1","40 04:53.159","3","00","76 21:11.684","8","0","0","0","36214","0","0","0","N","0","0","0","2","36214","0","","1","01","N","N","1","","0","0","0","3","8","N","0745","1","2","0","0","0","1","0","3","0","2","N","","","","","","","","","","","","03","  ","","",""
"0933","1","0","0","0","0","0","0","0","0","4","0","","36","10","2016","2016103169","6","40.1066","-76.0676","0925","08","0","0","0","0","0","0","0","0","1","0","0","0","09","1","0","01","1","40 06:23.763","1","00","76 04:03.457","0","0","0","0","36209","0","0","0","N","0","0","0","3","36415","0","","1","01","N","N","1","","0","0","0","3","3","N","0925","0","2","0","0","0","0","0","1","0","2","N","","","","","","","","","","","","03","  ","","",""
"0806","2","0","0","0","0","0","0","0","0","1","1","","36","10","2016","2016103180","6","40.082","-76.3569","0752","08","0","0","0","0","0","1","0","0","3","0","1","0","07","1","0","00","2","40 04:55.184","3","00","76 21:24.902","0","0","0","0","36214","0","0","0","N","0","0","0","5","36214","0","","1","01","N","N","0","","0","0","1","0","0","N","0751","0","4","0","0","0","0","0","3","0","4","N","","","","","","","","","","","","03","  ","","",""
"1213","2","0","0","0","0","0","0","0","0","1","0","","36","10","2016","2016103213","6","40.1138","-76.2451","1206","08","0","0","1","0","0","0","0","0","2","0","0","0","12","1","1","02","1","40 06:49.628","2","00","76 14:42.364","8","0","0","0","36101","0","0","0","N","0","0","0","2","36101","0","","1","01","N","N","0","","0","0","0","0","0","N","1203","1","2","0","0","0","1","0","3","0","2","N","","","","","","","","","","","","03","  ","","",""
"1130","1","0","0","0","0","0","0","0","0","4","0","","36","10","2016","2016103219","6","39.8972","-76.1636","1124","08","0","0","0","0","0","0","1","0","3","0","0","0","11","1","1","02","1","39 53:49.830","4","00","76 09:48.855","4","0","0","0","36416","0","0","0","Y","0","0","0","3","36416","1","","1","01","N","N","0","","0","0","1","3","3","N","1122","1","2","0","0","0","0","0","1","0","2","N","","","","","","","","","","","","03","  ","","",""
"0916","0","0","0","0","0","0","0","0","0","5","3","","36","10","2016","2016103222","6","40.1064","-76.4306","0907","08","0","0","0","0","0","1","0","0","3","0","3","0","09","1","2","00","2","40 06:22.884","3","00","76 25:50.330","8","0","0","0","36214","0","0","0","N","0","0","0","3","36214","0","","1","01","N","N","0","","0","0","0","3","8","Y","0900","2","3","0","0","0","2","0","3","0","3","N","","","","","","","","","","","","03","  ","","",""
"1254","0","0","0","0","0","0","0","0","0","7","1","","36","09","2016","2016103235","5","40.1502","-76.1682","1248","08","0","0","0","0","0","0","0","0","","0","1","0","12","1","0","00","0","40 09:00.711","","00","76 10:05.527","0","0","0","0","36238","0","0","0","N","0","0","0","1","36238","0","","1","01","N","N","0","","0","0","0","0","0","","1245","0","1","0","0","0","0","0","3","0","1","N","","","","","","","","","","","","03","  ","","",""
"1559","1","0","0","0","0","0","0","0","0","1","0","","36","10","2016","2016103240","6","40.0613","-76.352","1544","08","0","0","0","0","0","0","0","0","2","0","0","0","15","1","0","00","1","40 03:40.630","3","00","76 21:07.297","0","0","0","0","36214","0","0","0","N","0","0","0","3","36214","0","","1","01","N","N","0","","0","0","1","0","0","Y","1525","0","2","0","0","0","0","0","3","0","2","N","","","","","","","","","","","","03","  ","","",""
"1535","0","0","0","0","0","0","0","0","0","1","0","","36","10","2016","2016103258","6","40.1821","-76.1934","1532","08","0","0","0","0","0","1","0","1","","0","0","0","15","1","0","00","0","40 10:55.426","","00","76 11:36.413","0","0","0","0","36408","0","0","0","N","0","0","0","4","36408","0","","1","01","N","N","1","","0","0","1","0","0","","1527","0","3","0","0","0","0","0","2","1","3","N","","","","","","","","","","","","03","  ","","",""
"2029","0","0","0","0","0","0","0","0","0","7","0","","36","09","2016","2016103383","7","40.1909","-76.4542","2029","08","0","0","0","0","0","0","1","0","","0","0","0","20","3","1","01","0","40 11:27.367","","00","76 27:15.107","3","0","0","0","36230","0","0","0","Y","0","0","0","1","36410","0","","5","01","N","N","1","","1","0","0","0","0","","2029","1","1","0","0","0","0","0","1","0","1","N","","","","","","","","","","","","03","  ","","",""
"2034","2","0","0","0","0","0","0","0","0","4","0","","36","10","2016","2016103397","6","40.1113","-76.2835","2030","08","0","0","0","0","0","2","0","0","2","0","0","0","20","2","1","01","1","40 06:40.818","2","00","76 17:00.459","3","0","0","0","36101","0","0","0","N","0","0","0","3","36101","0","","1","01","N","N","0","","1","0","0","3","2","N","2028","1","2","0","0","0","0","0","3","0","2","N","","","","","","","","","","","","03","  ","","",""
"2156","1","0","0","0","0","0","0","0","0","4","0","","36","10","2016","2016103432","6","40.0685","-76.3074","2153","08","0","0","0","0","0","1","0","0","2","0","0","0","21","3","1","01","1","40 04:06.527","1","00","76 18:26.750","3","0","0","0","36101","0","0","0","N","0","0","0","3","36101","0","","1","01","N","N","1","","1","0","0","3","2","N","2151","1","2","0","0","0","0","0","3","0","2","N","","","","","","","","","","","","03","  ","","",""
"2201","1","0","0","0","0","0","0","0","0","7","0","","36","10","2016","2016103434","6","40.0674","-76.2509","2158","08","0","0","0","0","0","0","0","0","","0","0","0","21","2","1","00","0","40 04:02.560","","00","76 15:03.315","3","0","0","0","36215","0","0","0","N","0","0","0","1","36215","0","","5","01","N","N","0","","1","0","0","0","0","","2156","1","1","0","0","0","0","0","1","0","1","N","","","","","","","","","","","","03","  ","","",""
"0318","1","0","0","0","0","0","0","0","0","1","0","","36","10","2016","2016103447","7","40.04","-76.3018","0304","08","0","0","0","0","0","0","0","0","","0","0","0","03","3","0","00","0","40 02:23.874","","00","76 18:06.469","0","0","0","0","36301","0","0","0","N","0","0","0","1","36301","0","","4","01","N","N","0","","0","0","0","0","0","","0304","0","2","0","0","0","0","0","3","1","2","N","","","","","","","","","","","","03","  ","","",""
"1710","1","0","0","0","0","0","0","0","0","4","0","","36","10","2016","2016103452","4","40.1326","-76.347","1706","08","0","1","0","0","0","1","0","0","2","0","0","0","17","1","1","01","1","40 07:57.364","7","00","76 20:49.148","8","0","0","1","36227","0","0","0","","0","0","0","2","36506","0","","1","01","N","N","0","","0","0","0","0","0","Y","1706","1","2","0","0","0","1","0","1","0","2","N","","","","","","","","","","","","03","  ","","",""
"1746","2","0","0","0","0","0","0","0","0","4","0","","36","10","2016","2016103453","4","40.1326","-76.347","1746","08","0","0","0","0","0","1","0","0","2","0","0","0","17","1","2","01","1","40 07:57.364","7","00","76 20:49.148","3","0","0","0","36227","0","0","0","","0","0","0","3","36506","1","","1","01","N","N","1","","1","0","0","3","3","Y","1746","2","3","0","0","0","0","0","1","0","3","N","","","","","","","","","","","","03","  ","","",""
"1100","1","0","0","0","0","0","0","0","0","1","0","","36","10","2016","2016103538","6","40.0594","-76.3192","1043","08","0","1","0","0","0","0","1","0","","0","0","0","10","1","0","00","0","40 03:33.974","","07","76 19:08.974","0","0","0","0","36301","0","0","0","N","0","0","0","2","36301","0","","1","01","N","N","1","","0","0","0","0","0","","1043","0","2","0","0","0","0","0","3","0","2","N","","","","","","","","","","","","03","  ","","",""
"1538","1","0","0","0","0","0","0","0","0","4","0","","36","10","2016","2016103539","6","40.0392","-76.3088","1538","08","0","0","0","0","0","1","0","0","2","0","0","0","15","1","1","01","1","40 02:21.261","4","00","76 18:31.568","4","0","0","0","36301","0","0","0","N","0","0","0","6","36301","1","","1","01","N","N","0","","0","0","1","3","3","Y","1538","1","2","0","0","0","0","0","3","0","2","N","","","","","","","","","","","","03","  ","","",""
"1550","1","0","0","0","0","0","0","0","0","1","1","","36","10","2016","2016103540","6","40.0677","-76.3311","1538","08","0","0","0","0","0","1","0","0","3","0","1","0","15","1","0","00","2","40 04:03.755","3","00","76 19:51.787","0","0","0","0","36101","0","0","0","N","0","0","0","2","36101","0","","1","01","N","N","0","","0","0","0","0","0","Y","1520","0","2","0","0","0","0","0","3","0","2","N","","","","","","","","","","","","03","  ","","",""
"1010","0","0","0","0","0","0","0","0","0","7","0","","36","10","2016","2016103570","7","40.1227","-76.0244","1006","08","0","0","0","0","0","0","0","0","","0","0","0","10","1","1","00","0","40 07:21.639","","00","76 01:27.665","3","0","0","1","36213","0","0","0","N","0","0","0","1","36213","0","","1","01","N","N","0","","1","0","0","0","0","","1005","1","1","0","0","0","0","0","1","0","1","N","","","","","","","","","","","","03","  ","","",""
"1346","1","0","0","0","0","0","0","0","0","7","0","","36","10","2016","2016103602","7","40.1319","-76.5764","1335","08","0","0","1","0","0","0","0","0","","0","0","0","13","1","0","00","0","40 07:55.001","","00","76 34:34.998","0","0","0","0","36225","0","0","0","N","0","0","0","2","36505","0","","4","09","N","N","0","","0","0","0","3","8","","1335","0","1","0","0","1","0","0","2","0","1","N","","","","","","","","","","","","07","  ","","",""
"1132","1","0","0","0","0","0","0","0","0","4","0","","36","09","2016","2016103615","6","40.1533","-76.0887","1124","08","0","0","0","0","0","0","1","1","1","0","0","0","11","1","0","00","2","40 09:11.717","5","07","76 05:19.455","0","0","0","0","36209","0","0","0","N","0","0","0","2","36415","0","","1","01","N","N","1","","0","0","0","0","0","Y","1120","0","2","0","0","0","0","0","1","0","2","N","","","","","","","","","","","","03","  ","","",""
"1750","1","0","0","0","0","0","0","0","0","7","0","","36","10","2016","2016103626","1","40.0217","-76.2707","1739","08","0","0","0","0","0","0","0","0","2","0","0","0","17","1","0","00","2","40 01:18.017","6","00","76 16:14.663","0","0","0","0","36240","0","0","0","N","0","0","0","1","36240","0","","4","01","N","N","0","","0","0","0","0","0","Y","1739","0","1","0","0","0","0","0","1","0","1","N","","","","","","","","","","","","03","  ","","",""
"1451","1","0","0","0","0","0","0","0","0","1","0","","36","09","2016","2016103628","2","40.038","-76.346","1446","08","0","0","0","0","0","1","0","0","","0","0","0","14","1","0","00","0","40 02:16.858","","00","76 20:45.526","0","0","0","0","36223","0","0","0","","0","0","0","2","36223","0","","1","01","N","N","0","","0","0","1","0","0","","1442","0","2","0","0","0","0","0","1","0","2","N","","","","","","","","","","","","03","  ","","",""
"0829","1","0","0","0","0","0","0","0","0","0","0","","36","09","2016","2016103629","6","39.9419","-76.4012","0805","08","0","0","0","0","0","0","0","0","","0","0","0","08","1","0","00","0","39 56:30.900","","00","76 24:04.222","0","0","0","0","36223","0","0","0","","0","0","0","1","36223","0","","5","09","N","N","0","","0","0","0","0","0","","0802","0","1","0","0","0","0","0","1","0","1","N","","","","","","","","","","","","07","  ","","",""
"0055","1","0","0","0","0","0","0","0","0","4","0","","36","10","2016","2016103630","4","40.0331","-76.3618","0055","08","0","0","0","0","0","0","0","0","2","0","0","0","00","2","2","00","2","40 01:59.115","5","00","76 21:42.365","2","0","0","0","36223","0","0","0","","0","0","0","2","36223","1","","4","01","N","N","0","","0","1","1","0","0","Y","0055","2","2","0","1","1","0","0","1","0","2","N","","","","","","","","","","","","03","  ","","",""
"0531","0","0","0","0","0","0","0","0","0","7","0","","36","09","2016","2016103631","3","39.9614","-76.4374","0519","08","0","0","0","0","0","0","0","0","2","0","0","0","05","2","0","02","2","39 57:41.172","5","00","76 26:14.623","0","0","0","0","36223","0","0","0","","0","0","0","1","36223","0","","2","09","N","N","0","","0","0","1","0","0","Y","0518","0","1","0","0","0","0","0","1","0","1","N","","","","","","","","","","","","07","  ","","",""
"1947","2","0","0","0","0","0","0","0","0","4","0","","36","10","2016","2016103690","7","40.0229","-76.2647","1920","08","0","0","1","0","0","0","0","0","","0","0","0","19","3","0","01","0","40 01:22.402","","00","76 15:52.862","0","0","0","0","36240","0","0","0","N","0","0","0","3","36240","0","","1","09","N","N","0","","0","0","0","3","2","","1920","0","2","0","0","0","0","0","1","0","2","N","","","","","","","","","","","","07","  ","","",""
"1711","1","0","0","0","0","0","0","0","0","5","0","","36","10","2016","2016103698","6","40.2164","-76.0916","1707","08","0","0","0","0","0","0","0","0","2","0","0","0","17","1","0","00","1","40 12:58.907","2","00","76 05:29.587","0","0","0","0","36210","0","0","0","N","0","0","0","2","36210","0","","1","01","N","N","1","","0","0","0","0","0","N","1701","0","2","0","0","0","0","0","1","0","2","N","","","","","","","","","","","","03","  ","","",""
"2043","1","0","0","0","0","0","0","0","0","7","0","","36","10","2016","2016103738","3","40.113","-76.5042","2040","08","0","0","0","0","0","0","0","0","2","0","0","0","20","3","0","00","2","40 06:46.866","4","00","76 30:15.034","0","0","0","0","36413","0","0","0","N","0","0","0","1","36413","0","","4","01","N","N","0","","0","0","0","0","0","N","2039","0","1","0","0","0","0","0","2","0","1","N","","","","","","","","","","","","03","  ","","",""
"2324","2","0","0","0","0","0","0","0","0","4","0","","36","10","2016","2016103740","6","40.0767","-76.2963","2320","08","0","0","0","0","0","0","0","0","","0","0","0","23","3","0","00","0","40 04:36.242","","07","76 17:46.635","0","0","0","0","36101","0","0","0","N","0","0","0","2","36101","0","","1","01","N","N","0","","0","0","0","0","0","","2311","0","2","0","0","0","0","0","3","0","2","N","","","","","","","","","","","","03","  ","","",""
"0605","0","0","0","0","0","0","0","0","0","7","0","","36","09","2016","2016103801","4","40.0677","-76.0682","0558","08","0","0","0","0","0","0","0","0","","0","0","0","05","5","0","00","0","40 04:03.847","","00","76 04:05.682","0","0","0","0","36209","0","0","0","N","0","0","0","1","36415","0","","4","01","N","N","0","","0","0","1","0","0","","0556","0","1","0","0","0","0","0","1","0","1","N","","","","","","","","","","","","03","  ","","",""
"1628","0","0","0","1","0","0","0","0","0","8","0","","36","10","2016","2016103810","2","40.1022","-76.0862","1624","08","0","0","0","0","0","1","0","0","1","0","0","0","16","1","1","02","2","40 06:07.948","5","00","76 05:10.320","4","0","0","0","36415","1","0","0","N","0","0","0","2","36415","1","","1","01","N","N","1","","0","0","0","3","3","Y","1621","1","2","0","0","0","0","0","1","0","1","N","","","","","","","","","","","","03","  ","","",""
"1748","2","0","0","0","0","0","0","0","0","4","0","","36","10","2016","2016103812","7","40.1505","-76.0281","1741","08","0","0","0","0","0","2","0","0","2","0","0","0","17","1","2","01","1","40 09:01.638","3","00","76 01:41.060","4","0","0","0","36213","0","0","0","Y","0","0","0","4","36213","2","","1","01","N","N","1","","0","0","0","0","0","Y","1740","2","3","0","0","1","0","0","1","0","3","N","","","","","","","","","","","","03","  ","","",""
"1337","1","0","0","0","0","0","0","0","0","8","0","","36","10","2016","2016103821","7","40.0438","-76.3002","1337","08","0","0","0","0","0","0","1","0","2","0","0","0","13","1","1","02","2","40 02:37.575","2","00","76 18:00.842","3","0","0","0","36301","1","0","0","N","1","0","0","2","36301","0","","1","09","N","N","0","","1","0","0","3","3","Y","1337","1","2","0","0","0","0","0","3","0","1","N","","","","","","","","","","","","07","  ","","",""
"1711","1","0","0","0","0","0","0","0","0","8","0","","36","10","2016","2016103926","1","40.0299","-76.2948","1707","08","0","0","0","0","0","0","0","0","1","0","0","0","17","1","1","01","1","40 01:47.729","4","00","76 17:41.305","3","0","0","0","36301","1","0","0","N","1","0","0","2","36301","0","","1","01","N","N","0","","1","0","0","3","2","N","1707","1","2","0","0","0","0","0","3","0","1","N","","","","","","","","","","","","03","  ","","",""
"1621","0","0","0","0","0","0","0","0","0","4","0","","36","10","2016","2016103953","2","40.0299","-76.2308","1603","08","0","0","0","0","0","1","0","0","","0","0","0","16","1","1","00","0","40 01:47.612","","00","76 13:50.962","4","0","0","0","36215","0","0","0","N","0","0","0","4","36215","1","","1","01","N","N","0","","0","0","2","0","0","","1602","1","2","0","0","0","0","0","1","0","2","N","","","","","","","","","","","","03","  ","","",""
"1528","2","0","0","0","0","0","0","0","0","4","0","","36","10","2016","2016103990","1","40.1546","-76.607","1527","08","0","0","1","0","0","0","0","0","","0","0","0","15","1","0","01","0","40 09:16.542","","00","76 36:25.261","0","0","0","0","36407","0","0","0","N","0","0","0","4","36407","0","","1","01","N","N","0","","0","0","0","3","3","","1525","0","2","0","0","0","0","0","2","0","2","N","","","","","","","","","","","","03","  ","","",""
"2335","2","0","0","0","0","0","0","0","0","1","0","","36","10","2016","2016104028","1","40.18","-76.1825","2333","08","0","0","0","0","0","0","0","0","2","0","0","0","23","3","1","00","1","40 10:48.010","2","00","76 10:56.964","4","0","0","0","36408","0","0","0","N","0","0","0","1","36408","1","","4","01","N","N","0","","0","0","0","0","0","N","2330","1","2","0","0","0","0","0","2","0","2","N","","","","","","","","","","","","03","  ","","",""
"2050","0","0","0","0","0","0","0","0","0","1","0","","36","10","2016","2016104029","1","40.2248","-76.1464","2046","08","0","0","0","0","0","0","0","0","2","0","0","0","20","2","1","00","1","40 13:29.259","4","00","76 08:47.183","4","0","0","0","36405","0","0","0","N","0","0","0","1","36210","1","","2","01","N","N","1","","0","0","1","0","0","N","2044","1","2","0","0","0","0","0","1","0","2","N","","","","","","","","","","","","03","  ","","",""
"1631","1","0","0","0","0","0","0","0","0","4","0","","36","09","2016","2016104109","2","","","1624","08","0","0","0","0","0","1","0","0","","0","0","0","16","1","1","00","0","","","07","","8","0","0","1","36215","0","0","0","N","0","0","0","2","36215","0","","1","01","N","N","0","","0","0","0","0","0","","1623","1","2","0","0","0","1","0","1","0","2","N","","","","","","","","","","","","03","  ","","",""
"0736","1","0","0","0","0","0","0","0","0","4","0","","36","10","2016","2016104113","3","40.0349","-76.3563","0731","08","0","1","0","0","0","1","0","0","1","0","0","0","07","1","1","02","1","40 02:05.550","6","00","76 21:22.629","4","0","0","0","36223","0","0","0","","0","0","0","3","36223","1","","1","01","N","N","0","","0","0","1","3","3","N","0730","1","2","0","0","1","0","0","1","0","2","N","","","","","","","","","","","","03","  ","","",""
"1649","0","0","0","0","0","0","0","0","0","7","0","","36","10","2016","2016104114","3","40.0201","-76.4682","1637","08","0","0","0","0","0","0","0","0","","0","0","0","16","1","0","00","0","40 01:12.297","","00","76 28:05.649","0","0","0","1","36223","0","0","0","","0","0","0","1","36223","0","","4","01","N","N","0","","0","0","0","3","8","","1637","0","1","0","0","0","0","0","1","0","1","N","","","","","","","","","","","","03","  ","","",""
"2200","2","0","0","0","0","0","0","0","0","3","0","","36","10","2016","2016104115","7","40.0305","-76.3518","2157","08","0","0","0","0","0","0","0","0","","0","0","0","21","2","0","00","0","40 01:49.670","","00","76 21:06.440","9","0","0","0","36223","0","0","0","","0","0","0","1","36223","0","","4","01","N","N","0","","0","0","0","0","0","","2154","0","2","0","0","0","0","1","1","0","2","N","","","","","","","","","","","","03","  ","","",""
"1617","1","0","0","0","0","0","0","0","0","1","0","","36","09","2016","2016104127","3","","","1612","08","0","0","0","0","0","0","0","0","","0","0","0","16","1","0","00","0","","","00","","0","0","0","0","36215","0","0","0","N","0","0","0","2","36215","0","","1","01","N","N","1","","0","0","0","0","0","","1609","0","2","0","0","0","0","0","1","0","2","N","","","","","","","","","","","","03","  ","","",""