"ARRIVAL_TM","AUTOMOBILE_COUNT","BELTED_DEATH_COUNT","BELTED_SUSP_SERIOUS_INJ_COUNT","BICYCLE_COUNT","BICYCLE_DEATH_COUNT","BICYCLE_SUSP_SERIOUS_INJ_COUNT","BUS_COUNT","CHLDPAS_DEATH_COUNT","CHLDPAS_SUSP_SERIOUS_INJ_COUNT","COLLISION_TYPE","COMM_VEH_COUNT","CONS_ZONE_SPD_LIM","COUNTY","CRASH_MONTH","CRASH_YEAR","CRN","DAY_OF_WEEK","DEC_LAT","DEC_LONG","DISPATCH_TM","DISTRICT","DRIVER_COUNT_16YR","DRIVER_COUNT_17YR","DRIVER_COUNT_18YR","DRIVER_COUNT_19YR","DRIVER_COUNT_20YR","DRIVER_COUNT_50_64YR","DRIVER_COUNT_65_74YR","DRIVER_COUNT_75PLUS","EST_HRS_CLOSED","FATAL_COUNT","HEAVY_TRUCK_COUNT","HORSE_BUGGY_COUNT","HOUR_OF_DAY","ILLUMINATION","INJURY_COUNT","INTERSECT_TYPE","LANE_CLOSED","LATITUDE","LN_CLOSE_DIR","LOCATION_TYPE","LONGITUDE","MAX_SEVERITY_LEVEL","MCYCLE_DEATH_COUNT","MCYCLE_SUSP_SERIOUS_INJ_COUNT","MOTORCYCLE_COUNT","MUNICIPALITY","NONMOTR_COUNT","NONMOTR_DEATH_COUNT","NONMOTR_SUSP_SERIOUS_INJ_COUNT","NTFY_HIWY_MAINT","PED_COUNT","PED_DEATH_COUNT","PED_SUSP_SERIOUS_INJ_COUNT","PERSON_COUNT","POLICE_AGCY","POSSIBLE_INJ_COUNT","RDWY_SURF_TYPE_CD","RELATION_TO_ROAD","ROAD_CONDITION","SCH_BUS_IND","SCH_ZONE_IND","SMALL_TRUCK_COUNT","SPEC_JURIS_CD","SUSP_MINOR_INJ_COUNT","SUSP_SERIOUS_INJ_COUNT","SUV_COUNT","TCD_FUNC_CD","TCD_TYPE","TFC_DETOUR_IND","TIME_OF_DAY","TOT_INJ_COUNT","TOTAL_UNITS","UNB_DEATH_COUNT","UNB_SUSP_SERIOUS_INJ_COUNT","UNBELTED_OCC_COUNT","UNK_INJ_DEG_COUNT","UNK_INJ_PER_COUNT","URBAN_RURAL","VAN_COUNT","VEHICLE_COUNT","WORK_ZONE_IND","WORK_ZONE_LOC","WORK_ZONE_TYPE","WORKERS_PRES","WZ_CLOSE_DETOUR","WZ_FLAGGER","WZ_LAW_OFFCR_IND","WZ_LN_CLOSURE","WZ_MOVING","WZ_OTHER","WZ_SHLDER_MDN","ROADWAY_CLEARED","WEATHER1","WEATHER2","WZ_WORKERS_INJ_KILLED","SECONDARY_CRASH","INTERSECTION_RELATED"
"1935","1","0","0","0","0","0","0","0","0","1","0","","36","10","2016","2016104128","5","40.089","-76.2828","1933","08","0","1","0","0","0","1","0","0","2","0","0","0","19","3","1","00","1","40 05:20.357","1","00","76 16:57.997","4","0","0","0","36101","0","0","0","N","0","0","0","2","36101","1","","1","01","N","N","0","","0","0","1","0","0","N","1931","1","2","0","0","0","0","0","3","0","2","N","","","","","","","","","","","","03","  ","","",""
"0810","0","0","0","0","0","0","0","0","0","4","1","","36","10","2016","2016104135","2","40.1113","-76.2835","0758","08","0","0","0","0","0","1","0","0","","0","1","0","07","1","0","01","0","40 06:40.818","","00","76 17:00.459","0","0","0","0","36101","0","0","0","N","0","0","0","2","36101","0","","1","01","N","N","0","","0","0","1","3","2","","0721","0","2","0","0","0","0","0","3","0","2","N","","","","","","","","","","","","03","  ","","",""
"1342","0","0","0","0","0","0","0","0","0","4","0","","36","09","2016","2016104143","4","40.049","-76.3057","1640","08","0","0","0","0","0","1","0","0","2","0","0","0","13","1","1","01","1","40 02:56.516","6","00","76 18:20.618","4","0","0","0","36301","0","0","0","N","0","0","0","3","36301","1","","1","01","N","N","0","","0","0","1","3","3","Y","1337","1","2","0","0","0","0","0","3","1","2","N","","","","","","","","","","","","03","  ","","",""
"0724","1","0","0","0","0","0","0","0","0","1","0","","36","09","2016","2016104158","2","40.0445","-76.3069","0716","08","0","0","0","0","0","0","0","0","2","0","0","0","07","1","0","00","1","40 02:40.175","1","00","76 18:24.940","0","0","0","0","36301","0","0","0","N","0","0","0","2","36301","0","","1","01","N","N","0","","0","0","1","0","0","N","0714","0","2","0","0","0","0","0","3","0","2","N","","","","","","","","","","","","03","  ","","",""
"1205","1","0","0","0","0","0","0","0","0","1","0","","36","10","2016","2016104197","2","40.2031","-76.1191","1156","08","0","0","0","0","0","0","1","0","2","0","0","0","11","1","0","00","1","40 12:11.013","1","00","76 07:08.864","0","0","0","0","36210","0","0","0","N","0","0","0","5","36210","0","","1","01","N","N","0","","0","0","1","0","0","N","1150","0","2","0","0","0","0","0","1","0","2","N","","","","","","","","","","","","03","  ","","",""
"0852","1","0","0","0","0","0","0","0","0","1","0","","36","10","2016","2016104201","4","40.1088","-76.4367","0848","08","0","0","0","1","0","0","0","0","1","0","0","0","08","1","0","00","1","40 06:31.597","3","00","76 26:11.964","0","0","0","0","36230","0","0","0","N","0","0","0","4","36410","0","","1","01","N","N","1","","0","0","0","0","0","N","0845","0","3","0","0","0","0","0","1","1","3","N","","","","","","","","","","","","03","  ","","",""
"1216","1","0","0","0","0","0","0","0","0","7","0","","36","09","2016","2016104257","4","39.8415","-76.1416","1206","08","0","1","0","0","0","0","0","0","","0","0","0","12","1","0","00","0","39 50:29.370","","00","76 08:29.610","0","0","0","0","36212","0","0","0","","0","0","0","1","68J01","0","","4","01","N","N","0","","0","0","0","0","0","","1206","0","1","0","0","0","0","0","1","0","1","N","","","","","","","","","","","","03","  ","","",""
"1241","0","0","0","0","0","0","0","0","0","7","0","","36","10","2016","2016104264","3","40.0379","-76.0345","1232","08","0","0","1","0","0","0","0","0","","0","1","0","12","1","0","00","0","40 02:16.356","","00","76 02:04.091","0","0","0","0","36232","0","0","0","","0","0","0","1","68J01","0","","4","01","N","N","0","","0","0","0","0","0","","1232","0","1","0","0","0","0","0","1","0","1","N","","","","","","","","","","","","03","  ","","",""
"0044","1","0","0","0","0","0","0","0","0","4","0","","36","10","2016","2016104269","7","40.2261","-76.3024","0028","08","0","0","0","0","0","0","0","0","2","0","0","0","00","3","0","01","1","40 13:34.012","2","00","76 18:08.758","0","0","0","0","36217","0","0","0","","0","0","0","2","68J01","0","","1","01","N","N","1","","0","0","0","3","2","N","0024","0","2","0","0","0","0","0","1","0","2","N","","","","","","","","","","","","03","  ","","",""
"1215","1","0","0","0","0","0","0","0","0","1","0","","36","09","2016","2016104292","5","40.0624","-76.3531","1214","08","0","0","0","0","1","0","0","0","","0","0","0","12","1","1","02","0","40 03:44.492","","00","76 21:11.066","4","0","0","0","36214","0","0","0","","0","0","0","3","36214","1","","1","09","N","N","0","","0","0","1","0","0","","1213","1","2","0","0","0","0","0","3","0","2","N","","","","","","","","","","","","07","  ","","",""
"1215","1","0","0","0","0","0","0","0","0","1","0","","36","10","2016","2016104293","6","40.0386","-76.364","1209","08","0","0","1","0","0","0","0","1","","0","0","0","12","1","1","00","0","40 02:18.851","","00","76 21:50.287","4","0","0","0","36223","0","0","0","","0","0","0","2","36223","1","","1","01","N","N","0","","0","0","1","0","0","","1208","1","2","0","0","0","0","0","1","0","2","N","","","","","","","","","","","","03","  ","","",""
"0334","2","0","0","0","0","0","0","0","0","2","0","","36","09","2016","2016104323","4","40.1612","-76.3952","0330","08","0","0","0","0","0","0","0","0","","0","0","0","03","3","0","00","0","40 09:40.230","","00","76 23:42.838","0","0","0","0","36410","0","0","0","N","0","0","0","1","36410","0","","2","01","N","N","0","","0","0","0","0","0","","0325","0","2","0","0","0","0","0","2","0","2","N","","","","","","","","","","","","03","  ","","",""
"2300","1","0","0","0","0","0","0","0","0","5","0","","36","10","2016","2016104328","5","40.113","-76.4459","2257","08","0","0","0","0","0","1","0","0","2","0","0","0","22","2","1","00","1","40 06:46.970","4","00","76 26:45.236","4","0","0","0","36230","0","0","0","N","0","0","0","2","36410","1","","1","01","N","N","0","","0","0","0","0","0","N","2255","1","2","0","0","0","0","0","1","1","2","N","","","","","","","","","","","","03","  ","","",""
"1351","0","0","0","1","0","0","0","0","0","1","1","","36","10","2016","2016104336","5","40.1105","-76.0007","1349","08","0","0","0","0","0","1","0","0","1","0","1","0","13","1","1","00","1","40 06:37.975","4","00","76 00:02.399","3","0","0","0","36213","1","0","0","N","0","0","0","2","36213","0","","2","01","N","N","0","","1","0","0","0","0","N","1345","1","2","0","0","0","0","0","1","0","1","N","","","","","","","","","","","","03","  ","","",""
"0236","1","0","0","0","0","0","0","0","0","7","0","","36","10","2016","2016104347","1","40.1764","-76.1833","0233","08","0","0","0","0","1","0","0","0","6","0","0","0","02","3","0","00","2","40 10:34.932","5","00","76 10:59.757","0","0","0","0","36408","0","0","0","N","0","0","0","1","36408","0","","4","09","N","N","0","","0","0","0","0","0","Y","0230","0","1","0","0","0","0","0","2","0","1","N","","","","","","","","","","","","07","  ","","",""
"1657","3","0","0","0","0","0","0","0","0","1","0","","36","09","2016","2016104352","3","40.0643","-76.3382","1636","08","0","0","0","0","0","0","0","0","3","0","0","0","16","1","0","00","1","40 03:51.361","4","00","76 20:17.618","0","0","0","0","36301","0","0","0","N","0","0","0","3","36101","0","","1","01","N","N","0","","0","0","0","0","0","N","1631","0","3","0","0","0","0","0","3","0","3","N","","","","","","","","","","","","03","  ","","",""
"1623","1","0","0","0","0","0","0","0","0","7","0","","36","10","2016","2016104353","1","40.1591","-76.1856","1617","08","0","1","0","0","0","0","0","0","1","0","0","0","16","1","0","03","1","40 09:32.643","3","00","76 11:08.336","0","0","0","0","36218","0","0","0","N","0","0","0","2","36408","0","","5","01","N","N","0","","0","0","0","0","0","N","1610","0","1","0","0","0","0","0","1","0","1","N","","","","","","","","","","","","03","  ","","",""
"1615","1","0","0","0","0","0","0","0","0","1","0","","36","10","2016","2016104443","2","40.0475","-76.3629","1605","08","0","0","0","0","0","0","0","0","","0","0","0","16","1","0","01","0","40 02:50.996","","00","76 21:46.341","0","0","0","0","36214","0","0","0","N","0","0","0","7","36214","0","","1","01","N","N","1","","0","0","0","0","0","","1602","0","3","0","0","0","0","0","3","1","3","N","","","","","","","","","","","","03","  ","","",""
"1740","0","0","0","0","0","0","0","0","0","1","0","","36","10","2016","2016104448","2","40.1","-76.2578","1737","08","0","0","0","1","0","0","0","0","1","0","0","0","17","1","1","00","1","40 06:00.120","2","00","76 15:28.227","4","0","0","0","36101","0","0","0","N","0","0","0","3","36101","1","","1","01","N","N","0","","0","0","3","0","0","N","1735","1","3","0","0","0","0","0","3","0","3","N","","","","","","","","","","","","03","  ","","",""
"0747","0","0","0","0","0","0","0","0","0","4","0","","36","10","2016","2016104453","3","40.0464","-76.3342","0739","08","0","0","0","0","0","1","1","0","1","0","0","0","07","1","0","01","1","40 02:46.866","3","00","76 20:03.290","0","0","0","0","36220","0","0","0","N","0","0","0","2","36101","0","","1","01","N","N","1","","0","0","1","3","3","N","0738","0","2","0","0","0","0","0","3","0","2","N","","","","","","","","","","","","03","  ","","",""
"1058","2","0","0","0","0","0","0","0","0","4","0","","36","10","2016","2016104463","7","40.0364","-76.3003","1056","08","0","0","0","0","0","0","0","0","1","0","0","0","10","1","1","01","1","40 02:10.993","2","00","76 18:01.238","8","0","0","0","36301","0","0","0","N","0","0","0","2","36301","0","","1","01","N","Y","0","","0","0","1","3","3","N","1056","1","3","0","0","0","1","0","3","0","3","N","","","","","","","","","","","","03","  ","","",""
"0728","1","0","0","0","0","0","0","0","0","2","0","","36","10","2016","2016104464","3","40.1017","-76.3054","0723","08","0","0","0","0","0","0","0","0","1","0","0","0","07","1","2","00","2","40 06:06.293","5","00","76 18:19.350","3","0","0","0","36101","0","0","0","N","0","0","0","2","36101","1","","1","01","N","N","0","","1","0","1","0","0","N","0723","2","2","0","0","0","0","0","3","0","2","N","","","","","","","","","","","","03","  ","","",""
"1605","1","0","0","0","0","0","0","0","0","1","0","","36","10","2016","2016104468","6","40.0697","-76.3154","1557","08","0","0","0","0","0","0","1","0","2","0","0","0","15","1","0","00","1","40 04:10.827","3","00","76 18:55.357","0","0","0","0","36101","0","0","0","N","0","0","0","2","36101","0","","1","01","N","N","1","","0","0","0","0","0","N","1555","0","2","0","0","0","0","0","3","0","2","N","","","","","","","","","","","","03","  ","","",""
"1254","1","0","0","0","0","0","0","0","0","4","0","","36","10","2016","2016104484","2","39.8963","-76.1609","1253","08","0","0","0","0","0","1","0","0","1","0","0","0","12","1","0","01","2","39 53:46.719","2","00","76 09:39.153","0","0","0","0","36416","0","0","0","N","0","0","0","2","36416","0","","1","01","N","N","0","","0","0","1","3","3","N","1252","0","2","0","0","0","0","0","1","0","2","N","","","","","","","","","","","","03","  ","","",""
"1220","2","0","0","0","0","0","0","0","0","1","0","","36","10","2016","2016104543","6","40.1498","-76.2966","1218","08","0","0","0","0","0","0","0","1","1","0","0","0","12","1","1","00","1","40 08:59.277","2","01","76 17:47.674","3","0","0","0","36409","0","0","0","N","0","0","0","1","36409","0","","2","01","N","N","0","","1","0","0","0","0","N","1215","1","2","0","0","1","0","0","3","0","2","N","","","","","","","","","","","","03","  ","","",""
"0901","1","0","0","0","0","0","0","0","0","1","1","","36","09","2016","2016104552","2","40.087","-76.1931","0856","08","0","0","0","0","0","1","1","1","1","0","1","0","08","1","1","00","1","40 05:13.095","3","00","76 11:35.309","8","0","0","0","36234","0","0","0","N","0","0","0","3","36215","0","","1","01","N","N","0","","0","0","0","0","0","N","0855","1","3","0","0","0","1","0","1","1","3","N","","","","","","","","","","","","03","  ","","",""
"1757","0","0","0","0","0","0","0","0","0","1","0","","36","10","2016","2016104555","5","40.0685","-76.33","1757","08","0","0","0","0","0","0","0","0","2","0","0","0","17","1","0","00","1","40 04:06.508","3","03","76 19:47.821","0","0","0","0","36101","0","0","0","N","0","0","0","3","36101","0","","1","01","N","N","1","","0","0","1","0","0","N","1746","0","2","0","0","0","0","0","3","0","2","N","","","","","","","","","","","","03","  ","","",""
"1718","1","0","0","0","0","0","0","0","0","1","1","","36","10","2016","2016104558","5","40.0679","-76.2956","1704","08","0","0","0","1","0","0","1","1","","0","1","0","17","1","0","00","0","40 04:04.580","","00","76 17:44.336","0","0","0","0","36101","0","0","0","N","0","0","0","7","36101","0","","1","01","N","N","0","","0","0","1","0","0","","1700","0","4","0","0","0","0","0","3","0","4","N","","","","","","","","","","","","03","  ","","",""
"0637","0","0","0","0","0","0","0","0","0","2","1","","36","08","2016","2016104589","4","39.9595","-76.245","0634","08","0","0","0","0","0","0","0","0","5","1","1","0","06","5","1","00","2","39 57:34.301","5","00","76 14:42.168","1","0","0","0","36233","0","0","0","","0","0","0","3","68J01","0","2","1","01","N","N","1","0","0","1","0","0","0","Y","0630","1","2","1","1","2","0","0","1","0","2","N","","","","","","","","","","","","03","  ","","",""
"1724","2","0","0","0","0","0","0","0","0","1","0","","36","10","2016","2016104616","5","40.154","-76.6076","1721","08","0","0","0","0","0","1","0","0","2","0","0","0","17","1","0","00","2","40 09:14.469","2","00","76 36:27.466","0","0","0","0","36407","0","0","0","N","0","0","0","4","36407","0","","1","01","N","N","0","","0","0","0","0","0","N","1719","0","2","0","0","1","0","0","2","0","2","N","","","","","","","","","","","","03","  ","","",""
"1631","0","0","0","0","0","0","0","0","0","4","0","","36","10","2016","2016104728","4","40.1075","-76.2518","1619","08","0","0","0","0","0","0","1","1","1","0","0","0","16","1","1","01","1","40 06:27.073","5","00","76 15:06.604","4","0","0","0","36101","0","0","0","N","0","0","0","2","36101","1","","1","01","N","N","1","","0","0","0","0","0","Y","1618","1","2","0","0","0","0","0","3","1","2","N","","","","","","","","","","","","03","  ","","",""
"1330","0","0","0","0","0","0","0","0","0","4","0","","36","10","2016","2016104748","4","40.0395","-76.2067","1320","08","0","0","0","0","0","2","0","0","1","0","0","0","13","1","1","00","2","40 02:22.207","6","07","76 12:24.007","4","0","0","0","36215","0","0","0","N","0","0","0","4","36215","1","","1","01","N","N","0","","0","0","2","0","0","Y","1319","1","2","0","0","0","0","0","1","0","2","N","","","","","","","","","","","","03","  ","","",""
"1339","1","0","0","0","0","0","0","0","0","7","0","","36","10","2016","2016104771","4","40.0769","-76.3471","1332","08","0","0","0","0","0","1","0","0","","1","0","0","13","1","0","00","0","40 04:36.908","","00","76 20:49.470","1","0","0","0","36101","0","0","0","N","0","0","0","1","36101","0","2","4","01","N","N","0","0","0","0","0","0","0","","1326","0","1","1","0","1","0","0","3","0","1","N","","","","","","","","","","","","03","  ","","",""
"2114","2","0","0","0","0","0","0","0","0","4","0","","36","10","2016","2016104780","2","40.0396","-76.311","2101","08","0","0","0","0","0","0","0","0","2","0","0","0","21","3","1","00","2","40 02:22.581","1","00","76 18:39.506","4","0","0","0","36301","0","0","0","N","0","0","0","1","36301","1","","1","01","N","N","0","","0","0","0","0","0","Y","2100","1","2","0","0","0","0","0","3","0","2","N","","","","","","","","","","","","03","  ","","",""
"0102","1","0","0","0","0","0","0","0","0","1","0","","36","10","2016","2016104782","4","40.1664","-76.3979","0102","08","0","0","0","0","0","0","0","0","2","0","0","0","01","3","0","00","1","40 09:58.906","2","00","76 23:52.390","0","0","0","0","36410","0","0","0","N","0","0","0","1","36410","0","","2","01","N","N","0","","0","0","1","0","0","N","0102","0","2","0","0","0","0","0","2","0","2","N","","","","","","","","","","","","03","  ","","",""
"2347","1","0","0","0","0","0","0","0","0","8","0","","36","10","2016","2016104788","3","40.0428","-76.2899","2344","08","0","0","0","0","0","0","0","0","2","0","0","0","23","3","1","01","1","40 02:34.123","1","00","76 17:23.625","8","0","0","0","36301","1","0","0","N","1","0","0","2","36301","0","","1","01","N","N","0","","0","0","0","3","3","Y","2344","1","2","0","0","0","1","0","3","0","1","N","","","","","","","","","","","","03","  ","","",""
"1519","1","0","0","0","0","0","0","0","0","1","0","","36","10","2016","2016104797","5","40.038","-76.2751","1503","08","0","0","0","0","1","0","0","0","2","0","0","0","14","1","0","01","1","40 02:17.159","4","00","76 16:30.283","0","0","0","0","36220","0","0","0","N","0","0","0","2","36101","0","","1","01","N","N","0","","0","0","1","3","2","N","1452","0","2","0","0","0","0","0","3","0","2","N","","","","","","","","","","","","03","  ","","",""
"0448","1","0","0","0","0","0","0","0","0","7","0","","36","09","2016","2016104801","7","40.1233","-76.6317","0442","08","0","0","0","1","0","0","0","0","3","0","0","0","04","2","1","00","2","40 07:23.975","6","00","76 37:53.992","3","0","0","0","36237","0","0","0","N","0","0","0","2","36505","0","","4","01","N","N","0","","1","0","0","0","0","Y","0435","1","1","0","0","0","0","0","1","0","1","N","","","","","","","","","","","","03","  ","","",""
"1539","0","0","0","0","0","0","0","0","0","4","0","","36","10","2016","2016104939","1","40.0366","-76.3183","1532","08","0","0","0","0","1","0","0","0","2","0","0","0","15","1","0","01","2","40 02:11.756","2","00","76 19:05.750","0","0","0","0","36301","0","0","0","N","0","0","0","1","36301","0","","4","01","N","N","1","","0","0","0","0","0","Y","1530","0","2","0","0","0","0","0","3","1","2","N","","","","","","","","","","","","03","  ","","",""
"1026","1","0","0","0","0","0","0","0","0","4","0","","36","10","2016","2016104987","4","40.0362","-76.4557","1026","08","0","0","0","0","0","0","0","0","1","0","0","0","10","1","0","00","2","40 02:10.346","6","07","76 27:20.683","0","0","0","0","36239","0","0","0","N","0","0","0","2","36239","0","","1","01","N","N","1","","0","0","0","0","0","Y","1021","0","2","0","0","0","0","0","3","0","2","N","","","","","","","","","","","","03","  ","","",""
"1431","1","0","0","0","0","0","0","0","0","1","0","45","36","10","2016","2016105008","4","40.2016","-76.1609","1421","08","0","0","0","0","0","0","0","0","","0","0","0","14","1","0","00","0","40 12:05.863","","00","76 09:39.319","0","0","0","0","36218","0","0","0","N","0","0","0","4","36408","0","","1","01","N","N","0","","0","0","1","3","7","","1421","0","2","0","0","0","0","0","1","0","2","Y","4","1","Y","","Y","N","Y","","","","","03","  ","","",""
"0825","0","0","0","0","0","0","0","0","0","0","0","","36","09","2016","2016105106","1","39.9559","-76.0372","0754","08","0","0","0","0","0","0","0","0","","0","0","0","03","8","1","00","0","39 57:21.150","","00","76 02:13.750","3","0","0","0","36231","0","0","0","","0","0","0","1","68J01","0","","4","01","N","N","1","","1","0","0","0","0","","0300","1","1","0","0","0","0","0","1","0","1","N","","","","","","","","","","","","03","  ","","",""
"0851","0","0","0","0","0","0","0","0","0","9","1","70","36","10","2016","2016105146","5","40.2256","-76.1046","0829","08","0","0","0","0","0","1","0","0","","0","1","0","08","1","0","00","0","40 13:31.711","","00","76 06:14.287","0","0","0","0","36210","0","0","0","","0","0","0","2","68T06","0","","1","01","N","N","0","","0","0","1","0","0","","0829","0","2","0","0","0","0","0","1","0","2","Y","4","2","N","N","N","N","Y","Y","N","Y","","03","  ","","",""
"1015","1","0","0","0","0","0","0","0","0","7","0","","36","10","2016","2016105170","1","40.2231","-76.4183","1015","08","0","0","0","0","1","0","0","0","1","0","0","0","10","1","0","00","1","40 13:23.233","4","00","76 25:06.467","0","0","0","0","36227","0","0","0","","0","0","0","1","68T06","0","","4","01","N","N","0","","0","0","0","0","0","N","1015","0","1","0","0","0","0","0","1","0","1","N","","","","","","","","","","","","03","  ","","",""
"0055","0","0","0","0","0","0","0","0","0","0","0","","36","10","2016","2016105209","1","40.1595","-76.3075","0055","08","0","0","0","0","0","0","0","0","","0","0","0","00","3","1","02","0","40 09:34.176","","00","76 18:27.160","2","0","1","1","36409","0","0","0","N","0","0","0","1","36409","0","","1","01","N","N","0","","0","1","0","3","3","","0055","1","1","0","0","0","0","0","3","0","1","N","","","","","","","","","","","","03","  ","","",""
"1834","1","0","0","0","0","0","0","0","0","4","0","","36","10","2016","2016105212","6","40.2379","-76.1366","1829","08","0","0","0","0","0","0","0","0","1","0","0","0","18","4","0","01","1","40 14:16.312","7","00","76 08:11.870","0","0","0","0","36405","0","0","0","N","0","0","0","4","36210","0","","1","01","N","N","0","","0","0","1","3","3","Y","1827","0","2","0","0","0","0","0","1","0","2","N","","","","","","","","","","","","03","  ","","",""
"1844","0","0","0","0","0","0","0","0","0","2","0","","36","10","2016","2016105218","4","40.2209","-76.099","1842","08","0","0","0","0","0","1","0","0","1","0","0","0","18","4","0","01","1","40 13:20.821","5","00","76 05:48.707","0","0","0","0","36210","0","0","0","N","0","0","0","2","36210","0","","1","01","N","N","0","","0","0","2","3","2","N","1840","0","2","0","0","0","0","0","1","0","2","N","","","","","","","","","","","","03","  ","","",""
"1653","0","1","0","0","0","0","0","0","0","7","0","","36","10","2016","2016105225","4","40.0975","-76.4455","1649","08","0","0","0","0","0","0","1","0","3","1","0","0","16","1","0","00","2","40 05:50.975","5","00","76 26:43.626","1","0","0","0","36239","0","0","0","N","0","0","0","1","36239","0","2","4","01","N","N","1","0","0","0","0","0","0","Y","1647","0","1","0","0","0","0","0","3","0","1","N","","","","","","","","","","","","03","  ","","",""
"0805","0","0","0","0","0","0","0","0","0","1","0","","36","10","2016","2016105381","5","40.0468","-76.4134","0759","08","0","0","0","0","0","1","0","0","2","0","0","0","07","1","0","00","1","40 02:48.322","3","00","76 24:48.167","0","0","0","0","36239","0","0","0","N","0","0","0","2","36239","0","","1","01","N","N","0","","0","0","2","0","0","N","0759","0","2","0","0","0","0","0","3","0","2","N","","","","","","","","","","","","03","  ","","",""
"1811","1","0","0","0","0","0","0","0","0","4","0","","36","10","2016","2016105394","4","40.1314","-76.5643","1807","08","0","0","0","1","0","0","0","0","","0","0","0","18","4","0","00","0","40 07:53.018","","07","76 33:51.396","0","0","0","0","36225","0","0","0","N","0","0","0","2","36505","0","","1","01","N","N","0","","0","0","1","0","0","","1805","0","2","0","0","0","0","0","2","0","2","N","","","","","","","","","","","","03","  ","","",""
"1541","0","0","0","0","0","0","0","0","0","7","0","","36","10","2016","2016105396","4","40.1413","-76.5671","1538","08","0","0","0","0","0","0","0","0","2","0","0","0","15","1","1","00","1","40 08:28.800","4","00","76 34:01.400","3","0","0","0","36225","0","0","0","N","0","0","0","1","36505","0","","4","01","N","N","1","","1","0","0","0","0","N","1538","1","1","0","0","0","0","0","2","0","1","N","","","","","","","","","","","","03","  ","","",""
"1123","0","0","0","0","0","0","0","0","0","1","0","","36","10","2016","2016105447","4","40.0787","-76.3464","1118","08","0","0","0","0","0","0","1","0","","0","0","0","11","1","2","06","0","40 04:41.708","","02","76 20:46.688","3","0","0","0","36101","0","0","0","N","0","0","0","3","36101","1","","1","01","N","N","0","","1","0","2","3","3","","1115","2","2","0","0","0","0","0","3","0","2","N","","","","","","","","","","","","03","  ","","",""
"1143","0","0","0","0","0","0","0","0","0","4","0","","36","10","2016","2016105476","5","40.153","-76.1882","1137","08","0","0","0","0","0","0","0","0","2","0","0","0","11","1","0","01","1","40 09:10.829","3","00","76 11:17.391","0","0","0","0","36238","0","0","0","N","0","0","0","2","36238","0","","1","01","N","N","1","","0","0","0","3","3","N","1134","0","2","0","0","0","0","0","3","1","2","N","","","","","","","","","","","","03","  ","","",""
"1221","1","0","0","0","0","0","0","0","0","7","0","","36","10","2016","2016105480","5","40.1927","-76.5694","1211","08","0","0","0","0","0","0","0","0","1","0","0","0","12","1","0","00","1","40 11:33.821","4","00","76 34:09.918","0","0","0","0","36225","0","0","0","N","0","0","0","1","36505","0","","4","09","N","N","0","","0","0","0","0","0","N","1211","0","1","0","0","0","0","0","2","0","1","N","","","","","","","","","","","","07","  ","","",""
"1337","2","0","0","0","0","0","0","0","0","4","0","","36","10","2016","2016105593","5","40.2068","-76.1606","1331","08","0","0","0","0","0","0","0","1","","0","0","0","13","1","0","00","0","40 12:24.500","","07","76 09:38.000","0","0","0","0","36210","0","0","0","N","0","0","0","3","36408","0","","1","01","N","N","0","","0","0","0","0","0","","1327","0","2","0","0","0","0","0","1","0","2","N","","","","","","","","","","","","03","  ","","",""
"1640","0","0","0","0","0","0","0","0","0","1","0","","36","10","2016","2016105762","5","40.068","-76.2937","1634","08","0","0","0","0","0","1","0","0","3","0","0","0","16","1","1","00","2","40 04:04.721","3","00","76 17:37.224","4","0","0","0","36101","0","0","0","N","0","0","0","3","36101","1","","1","01","N","N","1","","0","0","1","0","0","N","1630","1","2","0","0","0","0","0","3","0","2","N","","","","","","","","","","","","03","  ","","",""
"1459","1","0","0","0","0","0","0","0","0","7","0","","36","10","2016","2016105834","5","40.0523","-76.2788","1451","08","0","0","0","0","1","0","0","0","1","0","0","0","14","1","0","00","1","40 03:08.446","5","00","76 16:43.824","0","0","0","0","36101","0","0","0","N","0","0","0","1","36101","0","","5","01","N","N","0","","0","0","0","0","0","Y","1450","0","1","0","0","0","0","0","3","0","1","N","","","","","","","","","","","","03","  ","","",""
"1926","1","0","0","0","0","0","0","0","0","4","0","","36","10","2016","2016105966","7","40.0397","-76.3643","1918","08","0","0","0","0","0","0","0","0","","0","0","0","19","3","0","01","0","40 02:22.705","","00","76 21:51.584","0","0","0","0","36214","0","0","0","","0","0","0","2","36214","0","","1","01","N","N","1","","0","0","0","3","2","","1914","0","2","0","0","0","0","0","3","0","2","N","","","","","","","","","","","","03","  ","","",""
"1630","2","0","0","0","0","0","0","0","0","4","0","","36","10","2016","2016106000","5","40.0444","-76.2902","1624","08","0","0","0","0","0","1","0","0","","0","0","0","16","1","0","01","0","40 02:39.753","","00","76 17:24.593","0","0","0","0","36301","0","0","0","N","0","0","0","2","36301","0","","1","01","N","N","0","","0","0","0","3","3","","1618","0","2","0","0","0","0","0","3","0","2","N","","","","","","","","","","","","03","  ","","",""
"1508","0","0","0","1","0","0","0","0","0","4","0","","36","09","2016","2016106009","1","","","1448","08","0","0","0","0","0","0","0","0","","0","0","0","14","1","1","01","0","40 02:31.9","","00","76 17:30.4","3","0","0","0","36301","1","0","0","","0","0","0","2","36301","0","","1","01","","","0","","1","0","0","3","3","","1430","1","2","0","0","0","0","0","3","1","1","N","","","","","","","","","","","","03","  ","","",""