"ARRIVAL_TM","AUTOMOBILE_COUNT","BELTED_DEATH_COUNT","BELTED_SUSP_SERIOUS_INJ_COUNT","BICYCLE_COUNT","BICYCLE_DEATH_COUNT","BICYCLE_SUSP_SERIOUS_INJ_COUNT","BUS_COUNT","CHLDPAS_DEATH_COUNT","CHLDPAS_SUSP_SERIOUS_INJ_COUNT","COLLISION_TYPE","COMM_VEH_COUNT","CONS_ZONE_SPD_LIM","COUNTY","CRASH_MONTH","CRASH_YEAR","CRN","DAY_OF_WEEK","DEC_LAT","DEC_LONG","DISPATCH_TM","DISTRICT","DRIVER_COUNT_16YR","DRIVER_COUNT_17YR","DRIVER_COUNT_18YR","DRIVER_COUNT_19YR","DRIVER_COUNT_20YR","DRIVER_COUNT_50_64YR","DRIVER_COUNT_65_74YR","DRIVER_COUNT_75PLUS","EST_HRS_CLOSED","FATAL_COUNT","HEAVY_TRUCK_COUNT","HORSE_BUGGY_COUNT","HOUR_OF_DAY","ILLUMINATION","INJURY_COUNT","INTERSECT_TYPE","LANE_CLOSED","LATITUDE","LN_CLOSE_DIR","LOCATION_TYPE","LONGITUDE","MAX_SEVERITY_LEVEL","MCYCLE_DEATH_COUNT","MCYCLE_SUSP_SERIOUS_INJ_COUNT","MOTORCYCLE_COUNT","MUNICIPALITY","NONMOTR_COUNT","NONMOTR_DEATH_COUNT","NONMOTR_SUSP_SERIOUS_INJ_COUNT","NTFY_HIWY_MAINT","PED_COUNT","PED_DEATH_COUNT","PED_SUSP_SERIOUS_INJ_COUNT","PERSON_COUNT","POLICE_AGCY","POSSIBLE_INJ_COUNT","RDWY_SURF_TYPE_CD","RELATION_TO_ROAD","ROAD_CONDITION","SCH_BUS_IND","SCH_ZONE_IND","SMALL_TRUCK_COUNT","SPEC_JURIS_CD","SUSP_MINOR_INJ_COUNT","SUSP_SERIOUS_INJ_COUNT","SUV_COUNT","TCD_FUNC_CD","TCD_TYPE","TFC_DETOUR_IND","TIME_OF_DAY","TOT_INJ_COUNT","TOTAL_UNITS","UNB_DEATH_COUNT","UNB_SUSP_SERIOUS_INJ_COUNT","UNBELTED_OCC_COUNT","UNK_INJ_DEG_COUNT","UNK_INJ_PER_COUNT","URBAN_RURAL","VAN_COUNT","VEHICLE_COUNT","WORK_ZONE_IND","WORK_ZONE_LOC","WORK_ZONE_TYPE","WORKERS_PRES","WZ_CLOSE_DETOUR","WZ_FLAGGER","WZ_LAW_OFFCR_IND","WZ_LN_CLOSURE","WZ_MOVING","WZ_OTHER","WZ_SHLDER_MDN","ROADWAY_CLEARED","WEATHER1","WEATHER2","WZ_WORKERS_INJ_KILLED","SECONDARY_CRASH","INTERSECTION_RELATED"
"2237","2","0","0","0","0","0","0","0","0","1","1","","36","10","2016","2016106015","4","40.0428","-76.4838","2237","08","0","0","0","0","0","1","0","0","1","0","1","0","22","2","2","00","2","40 02:34.041","4","00","76 29:01.753","4","0","0","0","36404","0","0","0","N","0","0","0","3","36404","2","","1","01","N","N","0","","0","0","0","0","0","N","2237","2","3","0","0","0","0","0","3","0","3","N","","","","","","","","","","","","03","  ","","",""
"1944","2","0","0","0","0","0","0","0","0","4","0","","36","10","2016","2016106021","4","","","1944","08","0","0","0","0","0","1","0","0","2","0","0","0","19","2","0","00","1","","1","00","","9","0","0","0","36404","0","0","0","N","0","0","0","3","36404","0","","1","01","N","N","0","","0","0","0","0","0","N","1944","0","2","0","0","0","0","1","3","0","2","N","","","","","","","","","","","","03","  ","","",""
"1727","0","0","0","0","0","0","0","0","0","4","0","","36","10","2016","2016106025","5","39.8961","-76.1669","1725","08","0","0","0","0","1","0","0","0","2","0","0","1","17","1","0","01","2","39 53:46.072","3","00","76 10:00.959","0","0","0","0","36416","1","0","0","N","0","0","0","2","36416","0","","1","01","N","N","0","","0","0","1","3","3","N","1723","0","2","0","0","0","0","0","1","0","1","N","","","","","","","","","","","","03","  ","","",""
"1734","1","0","0","0","0","0","0","0","0","1","0","","36","10","2016","2016106045","4","40.052","-76.4154","1728","08","0","0","0","0","0","1","0","0","2","0","0","0","17","1","0","00","1","40 03:07.339","1","00","76 24:55.412","0","0","0","0","36239","0","0","0","N","0","0","0","2","36239","0","","1","01","N","N","0","","0","0","0","0","0","N","1723","0","2","0","0","2","0","0","3","1","2","N","","","","","","","","","","","","03","  ","","",""
"2021","1","0","0","0","0","0","0","0","0","7","0","","36","10","2016","2016106075","5","40.046","-76.3332","2020","08","0","0","0","0","0","0","0","0","3","0","0","0","20","2","1","00","2","40 02:45.442","6","00","76 19:59.652","3","0","0","0","36220","0","0","0","N","0","0","0","1","36101","0","","4","01","N","N","0","","1","0","0","0","0","Y","2017","1","1","0","0","1","0","0","3","0","1","N","","","","","","","","","","","","03","  ","","",""
"1524","2","0","0","0","0","0","0","0","0","4","0","","36","09","2016","2016106076","3","40.1019","-76.5609","1520","08","0","0","0","0","0","1","1","0","2","0","0","0","15","1","2","02","2","40 06:06.974","5","00","76 33:39.260","8","0","0","0","36211","0","0","0","N","0","0","0","2","36504","0","","1","01","N","N","0","","0","0","0","3","3","Y","1519","2","2","0","0","0","2","0","1","0","2","N","","","","","","","","","","","","03","  ","","",""
"1500","2","0","0","0","0","0","0","0","0","4","0","","36","10","2016","2016106118","3","40.0741","-76.5809","1455","08","0","0","1","0","1","0","0","0","","0","0","0","14","1","0","01","0","40 04:26.692","","00","76 34:51.315","0","0","0","0","36211","0","0","0","N","0","0","0","2","36504","0","","1","01","N","N","0","","0","0","0","0","0","","1439","0","2","0","0","0","0","0","1","0","2","N","","","","","","","","","","","","03","  ","","",""
"0917","0","0","0","0","0","0","0","0","0","1","0","","36","10","2016","2016106124","4","40.1244","-76.47","0917","08","0","0","0","0","0","0","0","0","2","0","0","0","09","1","0","02","2","40 07:27.832","4","02","76 28:11.902","0","0","0","0","36230","0","0","0","","0","0","0","2","36410","0","","1","01","N","N","0","","0","0","2","0","0","N","0917","0","2","0","0","0","0","0","1","0","2","N","","","","","","","","","","","","03","  ","","",""
"0652","1","0","0","0","0","0","0","0","0","9","0","","36","10","2016","2016106125","5","40.1303","-76.4934","0644","08","0","0","0","0","0","0","0","0","","0","0","0","06","2","0","00","0","40 07:49.193","","03","76 29:36.289","0","0","0","0","36230","0","0","0","","0","0","0","1","36410","0","","1","01","N","N","0","","0","0","0","0","0","","0638","0","1","0","0","0","0","0","1","0","1","N","","","","","","","","","","","","03","  ","","",""
"0838","0","0","0","0","0","0","0","0","0","1","1","","36","10","2016","2016106189","2","40.1085","-76.0702","0837","08","0","0","0","0","0","2","0","0","","0","1","0","08","1","0","01","0","40 06:30.660","","00","76 04:12.804","0","0","0","0","36415","0","0","0","N","0","0","0","2","36415","0","","1","01","N","N","1","","0","0","0","3","2","","0835","0","2","0","0","0","0","0","1","0","2","N","","","","","","","","","","","","03","  ","","",""
"1338","1","0","0","0","0","0","0","0","0","5","1","","36","10","2016","2016106191","3","40.0306","-76.2343","1334","08","0","0","0","0","0","0","0","0","1","0","1","0","13","1","1","01","2","40 01:50.868","4","00","76 14:03.471","4","0","0","0","36215","0","0","0","N","0","0","0","2","36215","1","","1","01","N","N","0","","0","0","0","3","2","N","1332","1","2","0","0","0","0","0","1","0","2","N","","","","","","","","","","","","03","  ","","",""
"0942","1","0","0","0","0","0","0","0","0","1","0","","36","10","2016","2016106206","6","40.0546","-76.327","0938","08","0","0","0","0","0","1","0","0","2","0","0","0","09","1","4","00","1","40 03:16.453","4","00","76 19:37.119","4","0","0","0","36101","0","0","0","N","0","0","0","5","36101","4","","1","01","N","N","0","","0","0","0","0","0","N","0938","4","3","0","0","0","0","0","3","2","3","N","","","","","","","","","","","","03","  ","","",""
"0809","0","0","0","0","0","0","0","0","0","1","0","","36","10","2016","2016106208","6","40.166","-76.1614","0804","08","0","0","0","0","0","2","0","0","1","0","0","0","08","1","0","00","1","40 09:57.427","4","00","76 09:40.994","0","0","0","0","36218","0","0","0","N","0","0","0","2","36408","0","","1","01","N","N","1","","0","0","1","0","0","N","0804","0","2","0","0","0","0","0","1","0","2","N","","","","","","","","","","","","03","  ","","",""
"1638","0","0","0","0","0","0","0","0","0","7","0","","36","10","2016","2016106261","2","40.2766","-76.198","1628","08","0","0","0","0","0","0","0","0","2","0","0","0","16","1","0","00","1","40 16:35.912","2","00","76 11:52.626","0","0","0","0","36236","0","0","0","N","0","0","0","4","36408","0","","2","01","N","N","1","","0","0","0","0","0","N","1625","0","1","0","0","0","0","0","1","0","1","N","","","","","","","","","","","","03","  ","","",""
"1620","1","0","0","0","0","0","0","0","0","4","0","","36","10","2016","2016106270","4","40.0524","-76.3064","1611","08","0","0","0","0","0","1","0","0","1","0","0","0","16","1","1","01","1","40 03:08.487","3","00","76 18:22.888","3","0","0","0","36301","0","0","0","","0","0","0","2","36301","0","","1","01","","","0","","1","0","1","3","2","N","1611","1","2","0","0","0","0","0","3","0","2","N","","","","","","","","","","","","03","  ","","",""
"2158","1","0","0","0","0","0","0","0","0","7","0","","36","10","2016","2016106355","3","40.1842","-76.1286","2154","08","0","0","0","0","0","0","0","0","","0","0","0","21","2","0","00","0","40 11:03.157","","00","76 07:42.872","0","0","0","0","36210","0","0","0","N","0","0","0","1","36210","0","","5","01","N","N","0","","0","0","0","0","0","","2152","0","1","0","0","0","0","0","1","0","1","N","","","","","","","","","","","","03","  ","","",""
"1814","1","0","0","1","0","0","0","0","0","8","0","","36","09","2016","2016106371","1","39.8692","-76.2276","1809","08","0","0","0","0","0","1","0","0","","0","0","0","18","1","1","01","0","39 52:09.170","","00","76 13:39.333","3","0","0","0","36208","1","0","0","","0","0","0","2","68J01","0","","1","01","N","N","0","","1","0","0","3","2","","1808","1","2","0","0","0","0","0","1","0","1","N","","","","","","","","","","","","03","  ","","",""
"0906","0","0","0","0","0","0","0","0","0","7","0","","36","09","2016","2016106374","6","40.2163","-76.0749","0850","08","0","0","0","0","0","0","0","0","","0","0","0","08","1","1","00","0","40 12:59.354","","00","76 04:32.912","8","0","0","0","36210","0","0","0","","0","0","0","2","68T06","0","","4","09","N","N","1","","0","0","0","0","0","","0848","1","1","0","0","0","1","0","1","0","1","N","","","","","","","","","","","","07","  ","","",""
"0603","0","1","0","0","0","0","0","0","0","3","1","","36","10","2016","2016106381","5","40.1835","-75.9949","0556","08","0","0","0","0","0","0","1","0","2","1","1","0","05","2","1","00","1","40 11:00.835","3","00","75 59:41.878","1","0","0","0","36202","0","0","0","","0","0","0","3","68T06","0","2","1","01","N","N","0","0","1","0","1","0","0","N","0556","1","2","0","0","0","0","0","1","0","2","N","","","","","","","","","","","","03","  ","","",""
"1631","0","0","0","0","0","0","0","0","0","1","0","","36","10","2016","2016106382","5","40.1782","-76.0075","1602","08","0","0","0","0","1","1","0","0","3","0","0","0","15","1","2","00","1","40 10:41.498","2","00","76 00:26.895","3","0","0","0","36202","0","0","0","","0","0","0","2","68J01","0","","1","01","N","N","2","","2","0","0","0","0","N","1555","2","2","0","0","0","0","0","1","0","2","N","","","","","","","","","","","","03","  ","","",""
"1718","2","0","0","0","0","0","0","0","0","4","0","","36","10","2016","2016106412","2","40.0348","-76.3244","1713","08","0","0","1","0","0","0","0","0","","0","0","0","17","1","0","02","0","40 02:05.400","","00","76 19:28.000","0","0","0","0","36301","0","0","0","N","0","0","0","2","36101","0","","1","01","N","N","0","","0","0","0","0","0","","1713","0","2","0","0","0","0","0","3","0","2","N","","","","","","","","","","","","03","  ","","",""
"1832","1","0","0","0","0","0","0","0","0","0","0","","36","09","2016","2016106423","6","40.1207","-75.9164","1811","08","0","0","0","0","0","1","0","0","","0","0","0","18","1","0","00","0","40 07:14.596","","00","75 54:58.908","0","0","0","0","36203","0","0","0","","0","0","0","1","68J01","0","","1","01","N","N","0","","0","0","0","0","0","","1808","0","1","0","0","0","0","0","1","0","1","N","","","","","","","","","","","","03","  ","","",""
"2057","0","0","0","0","0","0","0","0","0","4","0","","36","10","2016","2016106432","2","39.8688","-76.1527","2051","08","0","2","0","0","0","0","0","0","","0","0","0","20","2","0","01","0","39 52:07.858","","00","76 09:09.574","0","0","0","0","36212","0","0","0","","0","0","0","3","68J01","0","","1","01","N","N","1","","0","0","1","0","0","","2051","0","2","0","0","0","0","0","1","0","2","N","","","","","","","","","","","","03","  ","","",""
"1906","1","0","0","0","0","0","0","0","0","5","1","","36","10","2016","2016106480","6","40.0232","-76.1964","1901","08","0","0","0","0","1","1","0","0","2","0","1","0","18","3","0","00","1","40 01:23.621","6","00","76 11:46.893","0","0","0","0","36215","0","0","0","N","0","0","0","5","36215","0","","1","01","N","N","0","","0","0","0","0","0","N","1841","0","2","0","0","0","0","0","1","0","2","N","","","","","","","","","","","","03","  ","","",""
"1940","2","0","0","0","0","0","0","0","0","1","0","","36","10","2016","2016106495","6","40.1845","-76.4079","1926","08","0","0","1","0","0","1","0","0","1","0","0","0","19","2","0","00","1","40 11:04.083","1","07","76 24:28.619","0","0","0","0","36230","0","0","0","N","0","0","0","2","36410","0","","1","01","N","N","0","","0","0","0","0","0","N","1926","0","2","0","0","0","0","0","1","0","2","N","","","","","","","","","","","","03","  ","","",""
"0831","1","0","0","0","0","0","0","0","0","4","0","","36","10","2016","2016106563","6","40.0428","-76.2899","0829","08","0","0","0","0","0","0","0","0","1","0","0","0","08","1","1","01","1","40 02:34.123","3","00","76 17:23.625","3","0","0","0","36301","0","0","0","N","0","0","0","2","36301","0","","1","01","N","N","0","","1","0","1","3","3","N","0829","1","2","0","0","1","0","0","3","0","2","N","","","","","","","","","","","","03","  ","","",""
"1245","1","0","0","1","0","0","0","0","0","4","0","","36","10","2016","2016106566","3","40.0458","-76.2904","1230","08","0","0","0","0","0","0","0","0","","0","0","0","07","1","1","01","0","40 02:44.743","","00","76 17:25.533","3","0","0","0","36301","1","0","0","N","0","0","0","2","36301","0","","1","01","N","N","0","","1","0","0","3","3","","0730","1","2","0","0","0","0","1","3","0","1","N","","","","","","","","","","","","03","  ","","",""
"1635","1","0","0","0","0","0","0","0","0","4","0","","36","10","2016","2016106634","5","40.1256","-76.21","1632","08","0","0","0","0","0","1","0","0","2","0","0","0","16","1","1","01","1","40 07:31.987","3","00","76 12:35.856","4","0","0","0","36238","0","0","0","N","0","0","0","2","36238","1","","1","01","N","N","1","","0","0","0","3","3","N","1629","1","2","0","0","0","0","0","3","0","2","N","","","","","","","","","","","","03","  ","","",""
"1143","1","0","0","0","0","0","0","0","0","4","0","","36","10","2016","2016106639","7","40.1136","-76.2496","1138","08","0","0","0","0","0","0","0","1","1","0","0","0","11","1","0","03","1","40 06:48.809","3","00","76 14:58.642","0","0","0","0","36101","0","0","0","N","0","0","0","2","36101","0","","1","01","N","N","0","","0","0","1","3","3","N","1138","0","2","0","0","0","0","0","3","0","2","N","","","","","","","","","","","","03","  ","","",""
"1624","1","0","0","0","0","0","0","0","0","1","0","","36","10","2016","2016106641","6","40.1413","-76.5925","1614","08","0","0","0","0","1","0","0","0","","0","0","0","16","1","0","02","0","40 08:28.737","","00","76 35:32.831","0","0","0","0","36237","0","0","0","N","0","0","0","4","36505","0","","1","01","N","N","0","","0","0","2","0","0","","1600","0","3","0","0","0","0","0","1","0","3","N","","","","","","","","","","","","03","  ","","",""
"0136","0","0","0","0","0","0","0","0","0","7","0","","36","10","2016","2016106650","7","40.1372","-76.0282","0131","08","0","0","0","1","0","0","0","0","1","0","0","0","01","2","0","00","1","40 08:14.036","1","00","76 01:41.609","0","0","0","0","36213","0","0","0","Y","0","0","0","1","36213","0","","4","01","N","N","1","","0","0","0","0","0","N","0115","0","1","0","0","0","0","0","1","0","1","N","","","","","","","","","","","","03","  ","","",""
"1338","2","0","0","0","0","0","0","0","0","1","0","","36","10","2016","2016106660","6","40.0216","-76.3347","1330","08","0","0","0","0","1","0","0","0","1","0","0","0","13","1","1","02","2","40 01:17.660","6","00","76 20:04.744","8","0","0","0","36220","0","0","0","N","0","0","0","2","36101","0","","1","01","N","N","0","","0","0","0","0","0","Y","1330","1","2","0","0","0","1","0","3","0","2","N","","","","","","","","","","","","03","  ","","",""
"1424","2","0","0","0","0","0","0","0","0","4","0","","36","10","2016","2016106708","7","40.244","-76.1311","1412","08","0","0","0","0","0","1","0","0","2","0","0","0","14","1","0","02","1","40 14:38.465","3","00","76 07:51.938","0","0","0","0","36210","0","0","0","N","0","0","0","4","36408","0","","1","01","N","N","0","","0","0","0","3","3","N","1400","0","2","0","0","0","0","0","1","0","2","N","","","","","","","","","","","","03","  ","","",""
"0445","0","0","0","0","0","0","0","0","0","9","0","","36","10","2016","2016106723","7","40.0546","-76.3713","0435","08","0","0","0","0","0","0","0","0","","0","0","0","04","3","0","00","0","40 03:16.453","","00","76 22:16.813","0","0","0","0","36214","0","0","0","N","0","0","0","1","36214","0","","1","01","N","N","0","","0","0","0","0","0","","0430","0","1","0","0","0","0","0","3","1","1","N","","","","","","","","","","","","03","  ","","",""
"1853","2","0","0","0","0","0","0","0","0","4","0","","36","10","2016","2016106726","7","40.038","-76.3439","1853","08","0","0","0","0","0","0","0","1","2","0","0","0","18","3","1","00","1","40 02:16.808","4","00","76 20:37.869","3","0","0","0","36214","0","0","0","N","0","0","0","2","36214","0","","1","01","N","N","0","","1","0","0","0","0","N","1853","1","2","0","0","1","0","0","3","0","2","N","","","","","","","","","","","","03","  ","","",""
"2216","2","0","0","0","0","0","0","0","0","4","0","","36","10","2016","2016106727","6","40.0464","-76.2968","2214","08","0","0","0","0","0","0","0","0","2","0","0","0","22","3","0","02","1","40 02:47.066","3","00","76 17:48.473","0","0","0","0","36301","0","0","0","N","0","0","0","2","36301","0","","1","01","N","N","0","","0","0","0","3","2","N","2214","0","2","0","0","0","0","0","3","0","2","N","","","","","","","","","","","","03","  ","","",""
"2306","2","0","0","0","0","0","0","0","0","1","0","","36","10","2016","2016106745","7","40.07","-76.3318","2306","08","0","0","0","0","0","0","0","0","1","0","0","0","23","3","0","00","1","40 04:11.856","2","00","76 19:54.622","0","0","0","0","36101","0","0","0","N","0","0","0","4","36101","0","","1","01","N","N","0","","0","0","0","0","0","N","2306","0","2","0","0","0","0","0","3","0","2","N","","","","","","","","","","","","03","  ","","",""
"1023","0","0","0","0","0","0","0","0","0","8","0","","36","10","2016","2016106747","5","40.2607","-76.1573","1019","08","0","0","0","0","1","0","0","0","","0","0","0","10","1","1","00","0","40 15:38.414","","00","76 09:26.339","8","0","0","0","36236","1","0","0","N","1","0","0","2","36408","0","","1","01","N","N","1","","0","0","0","0","0","","1000","1","2","0","0","0","1","0","1","0","1","N","","","","","","","","","","","","03","  ","","",""
"1419","2","0","0","0","0","0","0","0","0","1","0","","36","10","2016","2016106826","7","40.0476","-76.3629","1418","08","0","0","0","0","0","0","0","1","","0","0","0","14","1","0","00","0","40 02:51.192","","00","76 21:46.319","0","0","0","0","36214","0","0","0","N","0","0","0","2","36214","0","","1","01","N","N","0","","0","0","0","0","0","","1416","0","2","0","0","0","0","0","3","0","2","N","","","","","","","","","","","","03","  ","","",""
"0435","1","0","0","0","0","0","0","0","0","1","0","","36","10","2016","2016106850","6","40.1459","-76.2986","0431","08","0","0","0","0","0","0","0","0","","0","0","0","04","3","0","00","0","40 08:45.373","","99","76 17:54.985","0","0","0","0","36409","0","0","0","N","0","0","0","1","36409","0","","1","01","N","N","0","","0","0","1","0","0","","0431","0","2","0","0","0","0","0","3","0","2","N","","","","","","","","","","","","03","  ","","",""
"1036","1","0","0","0","0","0","0","0","0","4","0","","36","10","2016","2016106861","1","40.1953","-76.1714","1035","08","0","0","0","0","0","2","0","0","2","0","0","0","10","1","0","01","1","40 11:43.103","2","00","76 10:17.056","0","0","0","0","36218","0","0","0","N","0","0","0","2","36408","0","","1","01","N","N","0","","0","0","0","3","2","N","1031","0","2","0","0","0","0","0","1","1","2","N","","","","","","","","","","","","03","  ","","",""
"0632","1","0","0","0","0","0","0","0","0","9","0","","36","10","2016","2016106862","1","39.9551","-76.2649","0619","08","0","0","0","0","0","0","0","0","","0","0","0","06","2","0","00","0","39 57:18.412","","00","76 15:53.812","0","0","0","0","36228","0","0","0","N","0","0","0","1","36503","0","","1","01","N","N","0","","0","0","0","0","0","","0619","0","1","0","0","0","0","0","1","0","1","N","","","","","","","","","","","","03","  ","","",""
"1150","1","0","0","0","0","0","0","0","0","4","0","","36","10","2016","2016106869","1","40.1596","-76.6094","1148","08","0","0","0","1","0","1","0","0","1","0","0","0","11","1","0","01","1","40 09:34.550","1","00","76 36:33.790","0","0","0","0","36407","0","0","0","N","0","0","0","2","36407","0","","1","01","N","N","1","","0","0","0","3","3","Y","1145","0","2","0","0","0","0","0","2","0","2","N","","","","","","","","","","","","03","  ","","",""
"1441","1","0","0","0","0","0","0","0","0","4","0","","36","10","2016","2016106885","1","40.0559","-76.3594","1430","08","0","0","0","0","0","1","0","0","","0","0","0","14","1","1","03","0","40 03:21.349","","00","76 21:33.740","4","0","0","0","36214","0","0","0","N","0","0","0","4","36214","1","","1","01","N","N","0","","0","0","1","0","0","","1425","1","2","0","0","0","0","0","3","0","2","N","","","","","","","","","","","","03","  ","","",""
"2216","2","0","0","0","0","0","0","0","0","4","0","","36","10","2016","2016106978","2","40.0331","-76.2452","2206","08","0","0","0","1","0","0","0","0","2","0","0","0","22","3","1","01","1","40 01:59.084","3","00","76 14:42.829","3","0","0","0","36215","0","0","0","N","0","0","0","6","36215","0","","1","01","N","N","0","","1","0","0","3","2","N","2205","1","2","0","0","1","0","0","1","0","2","N","","","","","","","","","","","","03","  ","","",""
"1927","1","0","0","0","0","0","0","0","0","4","0","","36","10","2016","2016106986","1","40.0319","-76.2398","1926","08","0","0","0","0","0","1","1","0","2","0","0","0","19","3","1","06","2","40 01:54.765","4","02","76 14:23.331","4","0","0","0","36215","0","0","0","N","0","0","0","4","36215","1","","1","01","N","Y","1","","0","0","0","3","1","Y","1923","1","2","0","0","0","0","0","1","0","2","N","","","","","","","","","","","","03","  ","","",""
"2314","0","0","0","0","0","0","0","0","0","0","0","","36","10","2016","2016107029","1","39.9572","-76.2808","2307","08","0","0","0","0","0","0","0","0","1","0","0","0","23","2","1","00","1","39 57:25.990","2","00","76 16:50.892","3","0","0","1","36228","0","0","0","N","0","0","0","1","36503","0","","1","01","N","N","0","","1","0","0","0","0","N","2300","1","1","0","0","0","0","0","1","0","1","N","","","","","","","","","","","","03","  ","","",""
"2107","2","0","0","0","0","0","0","0","0","4","0","","36","10","2016","2016107115","5","40.0157","-76.3496","2107","08","0","0","0","0","0","1","0","0","2","0","0","0","21","3","0","01","1","40 00:56.470","7","00","76 20:58.524","0","0","0","0","36412","0","0","0","N","0","0","0","3","36412","0","","1","01","N","N","0","","0","0","0","3","2","N","2107","0","2","0","0","0","0","0","3","0","2","N","","","","","","","","","","","","03","  ","","",""
"0727","0","0","0","0","0","0","0","0","0","7","0","","36","10","2016","2016107142","2","40.0612","-76.3528","0722","08","0","0","0","0","0","0","0","0","2","0","0","0","07","1","1","00","1","40 03:40.400","3","00","76 21:10.224","4","0","0","0","36214","0","0","0","N","0","0","0","1","36214","1","","2","01","N","N","0","","0","0","1","0","0","N","0720","1","1","0","0","0","0","0","3","0","1","N","","","","","","","","","","","","03","  ","","",""
"1412","2","0","0","0","0","0","0","0","0","6","0","","36","09","2016","2016107186","1","40.1455","-76.5587","1405","08","0","0","0","0","0","0","0","0","","0","0","0","14","1","0","06","0","40 08:43.838","","00","76 33:31.247","0","0","0","0","36225","0","0","0","N","0","0","0","3","36505","0","","1","01","N","N","0","","0","0","0","0","0","","1400","0","2","0","0","0","0","0","2","0","2","N","","","","","","","","","","","","03","  ","","",""
"1951","1","0","0","0","0","0","0","0","0","4","0","","36","09","2016","2016107187","3","40.1253","-76.6517","1945","08","0","0","0","0","0","0","0","0","2","0","0","0","19","2","1","00","2","40 07:31.103","6","00","76 39:06.125","3","0","0","0","36207","0","0","0","N","0","0","0","2","36504","0","","1","01","N","N","0","","1","0","0","3","3","Y","1944","1","2","0","0","0","0","0","1","0","2","N","","","","","","","","","","","","03","  ","","",""
"1719","0","0","0","0","0","0","0","0","0","1","0","","36","10","2016","2016107242","5","40.0398","-76.1256","1715","08","0","0","0","0","0","1","0","0","2","0","0","0","17","1","1","00","1","40 02:23.450","6","00","76 07:31.999","3","0","0","0","36221","0","0","0","","0","0","0","2","68J01","0","","1","01","N","N","0","","1","0","2","0","0","N","1715","1","2","0","0","0","0","0","1","0","2","N","","","","","","","","","","","","03","  ","","",""
"1738","0","0","0","0","0","0","0","0","0","4","0","","36","10","2016","2016107243","5","39.8997","-76.2125","1736","08","0","1","0","0","0","1","0","0","","0","0","0","17","1","1","01","0","39 53:59.078","","00","76 12:44.946","3","0","0","0","36229","0","0","0","","0","0","0","4","68J01","0","","1","01","N","N","1","","1","0","1","3","3","","1733","1","2","0","0","0","0","0","1","0","2","N","","","","","","","","","","","","03","  ","","",""
"0855","1","0","0","0","0","0","0","0","0","1","0","","36","10","2016","2016107245","7","40.0527","-75.9506","0847","08","0","0","1","0","0","0","0","0","2","0","0","0","08","1","1","00","2","40 03:09.570","5","00","75 57:02.070","8","0","0","0","36232","0","0","0","","0","0","0","3","68J01","0","","1","01","N","N","0","","0","0","0","0","0","Y","0847","1","2","0","0","0","1","0","1","0","2","N","","","","","","","","","","","","03","  ","","",""
"1952","0","0","0","0","0","0","0","0","0","9","0","","36","10","2016","2016107246","1","39.9391","-76.0493","1945","08","0","0","0","0","0","1","0","0","1","0","0","0","19","2","0","00","1","39 56:20.870","2","00","76 02:57.310","0","0","0","0","36231","0","0","0","","0","0","0","1","68J01","0","","1","01","N","N","1","","0","0","0","0","0","N","1943","0","1","0","0","0","0","0","1","0","1","N","","","","","","","","","","","","03","  ","","",""
"0737","2","0","0","0","0","0","0","0","0","1","0","","36","09","2016","2016107287","4","40.0241","-76.0603","0720","08","0","0","0","0","1","0","0","0","","0","0","0","07","1","0","00","0","40 01:26.769","","07","76 03:37.141","0","0","0","0","36221","0","0","0","","0","0","0","2","68J01","0","","1","01","N","N","0","","0","0","0","0","0","","0711","0","2","0","0","0","0","0","1","0","2","N","","","","","","","","","","","","03","  ","","",""
"0505","0","0","0","0","0","0","0","0","0","1","2","55","36","09","2016","2016107295","2","40.0723","-76.3287","0505","08","0","0","0","0","0","0","0","0","3","0","2","0","05","3","0","00","2","40 04:20.408","3","00","76 19:43.218","0","0","0","0","36101","0","0","0","","0","0","0","1","68J01","0","","1","01","N","N","0","","0","0","0","3","8","Y","0505","0","2","0","0","0","0","0","3","0","2","Y","4","1","Y","N","N","Y","Y","N","N","Y","","03","  ","","",""
"1718","1","0","0","0","0","0","0","0","0","1","0","","36","10","2016","2016107319","6","40.2295","-76.311","1703","08","0","0","0","1","0","0","1","0","1","0","0","0","17","1","1","00","1","40 13:46.025","6","00","76 18:39.449","8","0","0","0","36217","0","0","0","","0","0","0","3","68J01","0","","1","01","N","N","0","","0","0","2","0","0","N","1703","1","3","0","0","0","1","0","1","0","3","N","","","","","","","","","","","","03","  ","","",""
"2121","1","0","0","0","0","0","0","0","0","7","0","","36","10","2016","2016107320","6","40.2119","-76.3117","2054","08","0","0","1","0","0","0","0","0","2","0","0","0","20","2","0","00","2","40 12:42.718","5","00","76 18:42.238","0","0","0","0","36217","0","0","0","","0","0","0","1","68J01","0","","4","01","N","N","0","","0","0","0","0","0","N","2051","0","1","0","0","0","0","0","1","0","1","N","","","","","","","","","","","","03","  ","","",""
"2153","0","0","0","0","0","0","0","0","0","7","0","","36","10","2016","2016107407","2","40.0556","-76.2659","2143","08","0","0","0","0","0","0","0","0","","0","0","0","21","3","1","00","0","40 03:20.105","","00","76 15:57.084","3","0","0","0","36215","0","0","0","Y","0","0","0","1","36215","0","","4","01","N","N","1","","1","0","0","3","8","","2143","1","1","0","0","0","0","0","1","0","1","N","","","","","","","","","","","","03","  ","","",""