"ARRIVAL_TM","AUTOMOBILE_COUNT","BELTED_DEATH_COUNT","BELTED_SUSP_SERIOUS_INJ_COUNT","BICYCLE_COUNT","BICYCLE_DEATH_COUNT","BICYCLE_SUSP_SERIOUS_INJ_COUNT","BUS_COUNT","CHLDPAS_DEATH_COUNT","CHLDPAS_SUSP_SERIOUS_INJ_COUNT","COLLISION_TYPE","COMM_VEH_COUNT","CONS_ZONE_SPD_LIM","COUNTY","CRASH_MONTH","CRASH_YEAR","CRN","DAY_OF_WEEK","DEC_LAT","DEC_LONG","DISPATCH_TM","DISTRICT","DRIVER_COUNT_16YR","DRIVER_COUNT_17YR","DRIVER_COUNT_18YR","DRIVER_COUNT_19YR","DRIVER_COUNT_20YR","DRIVER_COUNT_50_64YR","DRIVER_COUNT_65_74YR","DRIVER_COUNT_75PLUS","EST_HRS_CLOSED","FATAL_COUNT","HEAVY_TRUCK_COUNT","HORSE_BUGGY_COUNT","HOUR_OF_DAY","ILLUMINATION","INJURY_COUNT","INTERSECT_TYPE","LANE_CLOSED","LATITUDE","LN_CLOSE_DIR","LOCATION_TYPE","LONGITUDE","MAX_SEVERITY_LEVEL","MCYCLE_DEATH_COUNT","MCYCLE_SUSP_SERIOUS_INJ_COUNT","MOTORCYCLE_COUNT","MUNICIPALITY","NONMOTR_COUNT","NONMOTR_DEATH_COUNT","NONMOTR_SUSP_SERIOUS_INJ_COUNT","NTFY_HIWY_MAINT","PED_COUNT","PED_DEATH_COUNT","PED_SUSP_SERIOUS_INJ_COUNT","PERSON_COUNT","POLICE_AGCY","POSSIBLE_INJ_COUNT","RDWY_SURF_TYPE_CD","RELATION_TO_ROAD","ROAD_CONDITION","SCH_BUS_IND","SCH_ZONE_IND","SMALL_TRUCK_COUNT","SPEC_JURIS_CD","SUSP_MINOR_INJ_COUNT","SUSP_SERIOUS_INJ_COUNT","SUV_COUNT","TCD_FUNC_CD","TCD_TYPE","TFC_DETOUR_IND","TIME_OF_DAY","TOT_INJ_COUNT","TOTAL_UNITS","UNB_DEATH_COUNT","UNB_SUSP_SERIOUS_INJ_COUNT","UNBELTED_OCC_COUNT","UNK_INJ_DEG_COUNT","UNK_INJ_PER_COUNT","URBAN_RURAL","VAN_COUNT","VEHICLE_COUNT","WORK_ZONE_IND","WORK_ZONE_LOC","WORK_ZONE_TYPE","WORKERS_PRES","WZ_CLOSE_DETOUR","WZ_FLAGGER","WZ_LAW_OFFCR_IND","WZ_LN_CLOSURE","WZ_MOVING","WZ_OTHER","WZ_SHLDER_MDN","ROADWAY_CLEARED","WEATHER1","WEATHER2","WZ_WORKERS_INJ_KILLED","SECONDARY_CRASH","INTERSECTION_RELATED"
"2001","1","0","0","0","0","0","0","0","0","1","0","","36","09","2016","2016107413","1","40.1143","-76.6473","1951","08","0","0","0","0","1","1","0","0","2","0","0","0","19","4","1","00","2","40 06:51.312","6","00","76 38:50.302","3","0","0","0","36237","0","0","0","N","0","0","0","4","36504","0","","1","01","N","N","0","","1","0","0","0","0","Y","1950","1","2","0","0","0","0","0","1","1","2","N","","","","","","","","","","","","03","  ","","",""
"1627","0","0","0","0","0","0","0","0","0","1","0","","36","10","2016","2016107415","5","40.0528","-76.3967","1622","08","0","0","0","0","0","2","0","0","5","0","0","0","16","1","0","02","1","40 03:10.172","2","00","76 23:48.153","0","0","0","0","36214","0","0","0","N","0","0","0","4","36214","0","","1","01","N","N","1","","0","0","1","3","2","N","1620","0","3","0","0","0","0","0","3","1","3","N","","","","","","","","","","","","03","  ","","",""
"0248","1","0","0","0","0","0","0","0","0","7","0","","36","10","2016","2016107418","2","40.0385","-76.1783","0241","08","0","0","0","0","0","0","0","0","","0","0","0","02","3","1","00","0","40 02:18.602","","00","76 10:41.810","3","0","0","0","36215","0","0","0","N","0","0","0","1","36215","0","","5","01","N","N","0","","1","0","0","0","0","","0241","1","1","0","0","1","0","0","1","0","1","N","","","","","","","","","","","","03","  ","","",""
"0804","2","0","0","0","0","0","0","0","0","2","0","","36","10","2016","2016107529","2","40.0387","-76.2993","0802","08","0","0","0","0","0","0","0","0","","0","0","0","08","1","0","01","0","40 02:19.147","","00","76 17:57.358","0","0","0","0","36301","0","0","0","N","0","0","0","2","36301","0","","1","01","N","N","0","","0","0","0","3","3","","0800","0","2","0","0","0","0","0","3","0","2","N","","","","","","","","","","","","03","  ","","",""
"1505","0","0","0","0","0","0","0","0","0","1","0","","36","10","2016","2016107555","2","40.0382","-76.3414","1457","08","0","0","0","0","0","0","0","0","","0","0","0","14","1","1","02","0","40 02:17.361","","00","76 20:28.994","4","0","0","0","36220","0","0","0","N","0","0","0","2","36101","1","","1","01","N","N","0","","0","0","2","3","2","","1410","1","2","0","0","0","0","1","3","0","2","N","","","","","","","","","","","","03","  ","","",""
"0751","0","0","0","0","0","0","0","0","0","1","1","","36","10","2016","2016107567","3","40.0997","-76.4142","0743","08","0","0","0","0","0","0","0","0","2","0","1","0","07","1","1","00","2","40 05:58.966","3","00","76 24:51.006","4","0","0","1","36214","0","0","0","N","0","0","0","2","36214","1","","1","01","N","N","0","","0","0","0","0","0","Y","0740","1","2","0","0","0","0","0","3","0","2","N","","","","","","","","","","","","03","  ","","",""
"1516","1","0","0","0","0","0","0","0","0","8","0","","36","10","2016","2016107590","2","40.1505","-76.3042","1514","08","0","0","0","0","0","0","0","1","1","0","0","0","15","1","1","01","2","40 09:01.875","5","00","76 18:14.965","4","0","0","0","36409","1","0","0","N","1","0","0","2","36409","1","","1","01","N","N","0","","0","0","0","3","3","Y","1513","1","2","0","0","0","0","0","3","0","1","N","","","","","","","","","","","","03","  ","","",""
"2222","2","0","0","0","0","0","0","0","0","1","0","","36","10","2016","2016107623","5","40.1422","-76.3013","2219","08","0","0","0","0","0","0","0","0","2","0","0","0","22","3","0","00","1","40 08:31.898","1","00","76 18:04.780","9","0","0","0","36409","0","0","0","N","0","0","0","1","36409","0","","6","01","N","N","0","","0","0","1","0","0","Y","2218","0","3","0","0","0","0","1","3","0","3","N","","","","","","","","","","","","03","  ","","",""
"1108","1","0","0","0","0","0","0","0","0","1","0","","36","10","2016","2016107635","2","40.0789","-76.3272","1102","08","0","0","0","0","0","0","0","0","","0","0","0","10","1","2","02","0","40 04:44.107","","00","76 19:37.860","3","0","0","0","36101","0","0","0","N","0","0","0","2","36101","0","","1","01","N","N","0","","2","0","1","0","0","","1057","2","2","0","0","0","0","0","3","0","2","N","","","","","","","","","","","","03","  ","","",""
"1245","1","0","0","0","0","0","0","0","0","4","0","","36","10","2016","2016107636","5","40.0532","-76.3086","1239","08","0","0","0","0","1","1","0","0","","0","0","0","12","1","1","00","0","40 03:11.594","","07","76 18:30.863","4","0","0","0","36101","0","0","0","N","0","0","0","3","36101","1","","1","09","N","N","2","","0","0","0","0","0","","1235","1","3","0","0","0","0","0","3","0","3","N","","","","","","","","","","","","03","  ","","",""
"0839","1","0","0","1","0","0","0","0","0","4","0","","36","10","2016","2016107638","3","40.0319","-76.1965","0836","08","0","0","0","0","0","0","0","0","2","0","0","0","08","1","1","02","2","40 01:54.938","5","00","76 11:47.559","4","0","0","0","36215","1","0","0","N","0","0","0","2","36215","1","","2","01","N","N","0","","0","0","0","3","3","Y","0835","1","2","0","0","0","0","0","1","0","1","N","","","","","","","","","","","","03","  ","","",""
"1554","1","0","0","0","0","0","0","0","0","3","0","","36","10","2016","2016107649","3","40.0528","-76.3967","1550","08","0","0","0","0","0","1","0","0","1","0","0","0","15","1","0","02","1","40 03:10.172","2","00","76 23:48.153","0","0","0","1","36214","0","0","0","N","0","0","0","4","36214","0","","1","01","N","N","0","","0","0","1","3","2","N","1549","0","3","0","0","0","0","0","3","0","3","N","","","","","","","","","","","","03","  ","","",""
"1056","1","0","0","0","0","0","0","0","0","4","0","","36","10","2016","2016107650","3","40.0786","-76.2546","1048","08","0","0","0","0","0","0","0","1","","0","0","0","10","1","0","00","0","40 04:43.133","","00","76 15:16.528","0","0","0","0","36215","0","0","0","N","0","0","0","2","36215","0","","1","01","N","N","0","","0","0","0","0","0","","1045","0","2","0","0","0","0","0","1","1","2","N","","","","","","","","","","","","03","  ","","",""
"2145","1","0","0","0","0","0","0","0","0","6","0","","36","08","2016","2016107688","7","39.825","-76.213","2142","08","0","0","0","1","0","0","0","0","2","0","0","0","21","2","1","00","1","39 49:29.940","2","00","76 12:46.930","8","0","0","0","36208","0","0","0","","0","0","0","4","68J01","0","","1","01","N","N","1","","0","0","0","0","0","N","2136","1","2","0","0","0","1","0","1","0","2","N","","","","","","","","","","","","03","  ","","",""
"1454","0","0","0","0","0","0","0","0","0","4","0","","36","09","2016","2016107692","1","39.8718","-76.1223","1439","08","0","0","0","0","0","0","0","0","3","0","0","0","14","1","2","01","2","39 52:18.474","5","07","76 07:20.110","2","0","2","1","36205","0","0","0","","0","0","0","5","68J01","0","","1","01","N","N","0","","0","2","0","3","3","Y","1438","2","2","0","0","0","0","0","1","1","2","N","","","","","","","","","","","","03","  ","","",""
"2254","0","0","0","0","0","0","0","0","0","7","0","","36","09","2016","2016107699","5","40.04","-76.1231","2238","08","0","0","0","0","0","0","0","0","4","1","0","0","22","2","0","00","2","40 02:23.941","6","00","76 07:23.164","1","0","0","0","36221","0","0","0","","0","0","0","1","68J01","0","2","5","09","N","N","0","0","0","0","1","0","0","Y","2237","0","1","1","0","1","0","0","1","0","1","N","","","","","","","","","","","","07","  ","","",""
"1022","2","1","0","0","0","0","0","0","0","2","1","","36","10","2016","2016107718","6","39.9899","-76.0013","1022","08","0","0","0","0","1","1","0","0","4","2","1","0","10","1","2","00","2","39 59:23.741","6","00","76 00:04.597","1","0","0","0","36232","0","0","0","","0","0","0","5","68J01","0","2","1","01","N","N","0","0","0","0","0","0","0","Y","1017","2","4","0","0","0","2","0","1","1","4","N","","","","","","","","","","","","03","  ","","",""
"0522","1","0","0","0","0","0","0","0","0","7","0","","36","10","2016","2016107738","5","40.1868","-76.0135","0504","08","0","0","0","0","0","0","0","0","3","0","0","0","05","2","0","00","1","40 11:12.650","2","00","76 00:48.693","0","0","0","0","36202","0","0","0","","0","0","0","1","68J01","0","","5","01","N","N","0","","0","0","0","0","0","N","0500","0","1","0","0","0","0","0","1","0","1","N","","","","","","","","","","","","03","  ","","",""
"0827","2","0","0","0","0","0","0","0","0","4","0","","36","10","2016","2016107741","6","39.7739","-76.1791","0805","08","0","0","1","0","0","1","0","0","3","0","0","0","08","1","2","01","1","39 46:25.988","7","00","76 10:44.934","3","0","0","0","36219","0","0","0","","0","0","0","2","68J01","0","","1","01","N","N","0","","1","0","0","3","3","N","0803","2","2","0","0","0","1","0","1","0","2","N","","","","","","","","","","","","03","  ","","",""
"1411","1","0","0","0","0","0","0","0","0","4","0","","36","10","2016","2016107744","6","39.8986","-76.1593","1408","08","0","0","0","0","0","0","1","1","","0","0","0","14","1","0","01","0","39 53:54.870","","00","76 09:33.620","0","0","0","0","36416","0","0","0","","0","0","0","2","68J01","0","","1","01","N","N","0","","0","0","1","3","3","","1408","0","2","0","0","0","0","0","1","0","2","N","","","","","","","","","","","","03","  ","","",""
"1620","1","0","0","0","0","0","0","0","0","4","0","","36","10","2016","2016107745","6","39.9079","-76.1215","1602","08","0","0","0","0","0","0","0","1","3","0","0","0","15","1","0","02","1","39 54:28.552","6","00","76 07:17.494","0","0","0","0","36216","0","0","0","","0","0","0","4","68J01","0","","1","01","N","N","1","","0","0","1","0","0","N","1545","0","3","0","0","0","0","0","1","0","3","N","","","","","","","","","","","","03","  ","","",""
"2143","1","0","0","0","0","0","0","0","0","4","0","","36","10","2016","2016107748","6","40.0396","-76.118","2121","08","0","0","0","0","0","0","1","0","2","0","0","0","21","2","5","02","1","40 02:22.594","4","00","76 07:04.921","8","0","0","0","36221","0","0","0","","0","0","0","7","68J01","0","","1","01","N","N","0","","0","0","1","0","0","N","2119","5","2","0","0","0","5","0","1","0","2","N","","","","","","","","","","","","03","  ","","",""
"0805","2","0","0","0","0","0","0","0","0","1","0","","36","10","2016","2016107756","2","40.0787","-76.3428","0755","08","0","0","0","0","0","1","0","0","","0","0","0","07","1","0","00","0","40 04:43.197","","00","76 20:34.024","0","0","0","0","36101","0","0","0","N","0","0","0","2","36101","0","","1","01","N","N","0","","0","0","0","0","0","","0745","0","2","0","0","0","0","0","3","0","2","N","","","","","","","","","","","","03","  ","","",""
"0110","0","0","0","0","0","0","0","0","0","9","0","","36","10","2016","2016107757","1","39.8856","-76.2907","0048","08","0","0","0","0","0","0","0","0","","0","0","0","00","2","0","00","0","39 53:08.065","","00","76 17:26.625","0","0","0","0","36224","0","0","0","","0","0","0","1","68J01","0","","1","01","N","N","0","","0","0","1","0","0","","0046","0","1","0","0","0","0","0","1","0","1","N","","","","","","","","","","","","03","  ","","",""
"1442","1","0","0","0","0","0","0","0","0","7","0","","36","10","2016","2016107761","1","39.9955","-76.0431","1437","08","0","0","0","1","0","0","0","0","","0","0","0","14","1","0","00","0","39 59:43.635","","00","76 02:35.143","0","0","0","0","36232","0","0","0","","0","0","0","1","68J01","0","","4","01","N","N","0","","0","0","0","0","0","","1436","0","1","0","0","0","0","0","1","0","1","N","","","","","","","","","","","","03","  ","","",""
"1841","1","0","0","0","0","0","0","0","0","7","0","","36","10","2016","2016107871","2","40.1102","-76.4753","1834","08","0","0","0","0","0","0","0","0","","0","0","0","18","1","0","00","0","40 06:36.757","","00","76 28:31.075","0","0","0","0","36413","0","0","0","N","0","0","0","1","36413","0","","4","01","N","N","0","","0","0","0","0","0","","1833","0","1","0","0","0","0","0","2","0","1","N","","","","","","","","","","","","03","  ","","",""
"2311","2","0","0","0","0","0","0","0","0","1","0","55","36","10","2016","2016107897","3","40.07","-76.315","2309","08","0","0","1","0","0","0","0","0","","0","0","0","23","2","2","00","0","40 04:11.946","","00","76 18:54.111","4","0","0","0","36101","0","0","0","N","0","0","0","4","36101","2","","1","01","N","N","0","","0","0","0","3","8","","2306","2","2","0","0","0","0","0","3","0","2","Y","3","2","Y","","","N","Y","Y","","","","03","  ","","",""
"1330","2","0","0","0","0","0","0","0","0","4","0","","36","10","2016","2016107954","1","40.045","-76.2837","1329","08","0","0","0","0","0","0","0","0","2","0","0","0","13","1","0","01","1","40 02:42.268","3","00","76 17:01.285","0","0","0","0","36301","0","0","0","N","0","0","0","4","36301","0","","1","01","N","N","0","","0","0","0","3","2","N","1329","0","2","0","0","0","0","0","3","0","2","N","","","","","","","","","","","","03","  ","","",""
"1523","0","0","0","0","0","0","0","0","0","7","0","","36","10","2016","2016107962","2","40.108","-76.4185","1517","08","0","0","0","0","0","0","0","0","1","0","0","0","15","1","0","00","2","40 06:28.930","2","07","76 25:06.760","0","0","0","0","36214","0","0","0","","0","0","0","1","36214","0","","4","01","N","N","0","","0","0","0","0","0","N","1515","0","1","0","0","0","0","0","3","1","1","N","","","","","","","","","","","","03","  ","","",""
"1920","0","0","0","0","0","0","0","0","0","5","0","","36","10","2016","2016107963","3","40.0322","-76.3858","1915","08","0","0","0","0","0","1","0","0","1","0","0","0","19","3","1","02","2","40 01:55.977","5","07","76 23:09.016","4","0","0","0","36223","0","0","0","","0","0","0","1","36223","1","","4","01","N","N","0","","0","0","2","0","0","Y","1915","1","2","0","0","0","0","0","1","0","2","N","","","","","","","","","","","","03","  ","","",""
"0641","3","0","0","0","0","0","0","0","0","1","0","","36","10","2016","2016107964","2","40.1098","-76.48","0626","08","0","0","0","0","0","1","0","0","2","0","0","0","06","3","0","01","2","40 06:35.212","4","00","76 28:47.870","0","0","0","0","36413","0","0","0","","0","0","0","3","36410","0","","1","01","N","N","0","","0","0","0","3","2","N","0620","0","3","0","0","0","0","0","2","0","3","N","","","","","","","","","","","","05","  ","","",""
"0654","2","0","0","0","0","0","0","0","0","1","0","","36","10","2016","2016108027","4","40.0538","-76.5207","0648","08","0","1","0","0","0","0","0","0","1","0","0","0","06","5","1","02","1","40 03:13.736","2","00","76 31:14.616","8","0","0","0","36239","0","0","0","","0","0","0","2","36239","0","","1","01","","","0","","0","0","0","0","0","N","0648","1","2","0","0","0","1","0","3","0","2","N","","","","","","","","","","","","03","  ","","",""
"1600","3","0","0","0","0","0","0","0","0","4","0","","36","10","2016","2016108041","6","40.142","-76.3825","1554","08","0","0","0","0","0","0","0","0","","0","0","0","15","1","0","00","0","40 08:31.022","","07","76 22:56.833","0","0","0","0","36227","0","0","0","","0","0","0","2","36506","0","","6","01","N","N","0","","0","0","0","0","0","","1554","0","3","0","0","0","0","0","1","0","3","N","","","","","","","","","","","","03","  ","","",""
"0932","1","0","0","0","0","0","0","0","0","5","0","","36","10","2016","2016108061","4","40.0672","-76.3286","0928","08","0","0","0","0","0","0","0","0","3","0","0","0","09","1","1","00","2","40 04:02.098","2","00","76 19:43.001","2","0","1","1","36301","0","0","0","N","0","0","0","2","36301","0","","1","01","N","N","0","","0","1","0","0","0","Y","0928","1","2","0","0","0","0","0","3","0","2","N","","","","","","","","","","","","03","  ","","",""
"1031","0","0","0","0","0","0","0","0","0","7","0","","36","10","2016","2016108076","4","40.1353","-76.2118","1023","08","0","0","0","0","0","0","0","0","1","0","0","0","10","1","0","00","1","40 08:07.115","1","00","76 12:42.647","0","0","0","0","36238","0","0","0","Y","0","0","0","1","36402","0","","2","01","N","N","1","","0","0","0","0","0","N","1020","0","1","0","0","0","0","0","3","0","1","N","","","","","","","","","","","","03","  ","","",""
"1444","0","0","0","0","0","0","0","0","0","8","0","","36","10","2016","2016108088","4","40.0546","-76.377","1441","08","0","0","0","0","0","0","1","0","","0","0","0","14","1","1","00","0","40 03:16.714","","00","76 22:37.127","3","0","0","0","36214","1","0","0","N","1","0","0","2","36214","0","","2","01","N","N","0","","1","0","0","0","0","","1441","1","2","0","0","0","0","0","3","1","1","N","","","","","","","","","","","","03","  ","","",""
"1742","1","0","0","0","0","0","0","0","0","1","0","","36","10","2016","2016108093","6","40.078","-76.3381","1719","08","0","0","0","0","0","1","0","0","","0","0","0","17","1","0","01","0","40 04:40.938","","00","76 20:17.286","0","0","0","0","36101","0","0","0","N","0","0","0","2","36101","0","","1","01","N","N","0","","0","0","1","3","2","","1717","0","2","0","0","0","0","0","3","0","2","N","","","","","","","","","","","","03","  ","","",""
"1251","1","0","0","0","0","0","0","0","0","4","0","45","36","08","2016","2016108140","2","39.9913","-76.0213","1250","08","0","0","0","1","0","0","0","0","","0","0","0","12","1","1","00","0","39 59:28.799","","07","76 01:16.507","4","0","0","0","36232","0","0","0","","0","0","0","2","68Z99","1","","1","01","N","N","0","","0","0","1","0","0","","1245","1","2","0","0","0","0","0","1","0","2","Y","4","1","N","N","N","N","N","N","N","Y","","03","  ","","",""
"1040","1","0","0","0","0","0","0","0","0","4","0","","36","10","2016","2016108146","7","39.9918","-76.0192","1031","08","0","0","0","0","0","0","0","0","2","0","0","0","10","1","1","00","1","39 59:30.593","4","07","76 01:09.286","8","0","0","0","36232","0","0","0","","0","0","0","2","68J01","0","","2","01","N","N","0","","0","0","1","0","0","N","1029","1","2","0","0","0","1","0","1","0","2","N","","","","","","","","","","","","03","  ","","",""
"2133","1","0","0","0","0","0","0","0","0","7","0","","36","10","2016","2016108150","5","40.1969","-76.0513","2112","08","0","1","0","0","0","0","0","0","2","0","0","0","21","2","0","00","1","40 11:48.851","1","00","76 03:04.755","0","0","0","0","36202","0","0","0","","0","0","0","1","68J01","0","","4","01","N","N","0","","0","0","0","0","0","N","2112","0","1","0","0","0","0","0","1","0","1","N","","","","","","","","","","","","03","  ","","",""
"2230","1","0","0","0","0","0","0","0","0","9","0","","36","10","2016","2016108152","6","39.8514","-76.2943","2230","08","0","0","0","0","0","0","0","0","","0","0","0","22","2","0","00","0","39 51:04.988","","00","76 17:39.337","0","0","0","0","36224","0","0","0","","0","0","0","5","68J01","0","","1","01","N","N","0","","0","0","0","0","0","","2230","0","1","0","0","0","0","0","1","0","1","N","","","","","","","","","","","","03","  ","","",""
"1307","1","0","0","0","0","0","0","0","0","4","0","","36","10","2016","2016108162","3","40.0338","-76.0112","1249","08","0","0","0","1","0","0","0","1","2","0","0","0","12","1","2","02","2","40 02:01.749","6","00","76 00:40.220","3","0","0","0","36232","0","0","0","","0","0","0","3","68J01","0","","1","01","N","N","1","","2","0","0","0","0","Y","1249","2","2","0","0","0","0","0","1","0","2","N","","","","","","","","","","","","03","  ","","",""
"0749","1","0","0","0","0","0","0","0","0","1","1","","36","10","2016","2016108180","3","40.0991","-76.4125","0744","08","0","0","0","0","0","1","0","0","2","0","1","0","07","1","2","00","2","40 05:56.738","3","00","76 24:45.142","3","0","0","0","36214","0","0","0","","0","0","0","5","36214","0","","1","01","N","N","0","","2","0","1","0","0","N","0744","2","5","0","0","0","0","0","3","2","5","N","","","","","","","","","","","","05","  ","","",""
"0938","0","0","0","0","0","0","0","0","0","7","0","","36","10","2016","2016108181","3","40.0068","-76.4281","0933","08","0","0","0","0","0","0","0","0","2","0","0","0","09","1","1","00","2","40 00:24.550","5","00","76 25:40.992","4","0","0","0","36223","0","0","0","","0","0","0","1","36223","1","","4","01","N","N","0","","0","0","0","0","0","Y","0929","1","1","0","0","0","0","0","1","1","1","N","","","","","","","","","","","","03","  ","","",""
"0746","1","0","0","0","0","0","0","0","0","4","0","","36","09","2016","2016108189","1","39.9135","-76.0453","0731","08","0","0","0","0","0","1","1","0","3","0","0","0","07","1","1","01","1","39 54:48.553","2","00","76 02:42.913","3","0","0","0","36201","0","0","0","","0","0","0","2","68J01","0","","1","01","N","N","0","","1","0","1","3","3","N","0731","1","2","0","0","0","0","0","1","0","2","N","","","","","","","","","","","","03","  ","","",""
"1009","1","0","0","0","0","0","0","0","0","7","0","","36","09","2016","2016108190","5","39.9976","-76.1833","0951","08","0","0","0","0","0","0","0","0","1","0","0","0","09","1","0","01","1","39 59:51.208","3","00","76 10:59.903","0","0","0","0","36233","0","0","0","","0","0","0","1","68J01","0","","2","01","N","N","0","","0","0","0","0","0","N","0951","0","1","0","0","0","0","0","1","0","1","N","","","","","","","","","","","","03","  ","","",""
"0643","0","0","0","0","0","0","0","0","0","4","1","","36","10","2016","2016108198","5","39.9674","-76.1198","0633","08","0","0","0","0","0","0","0","0","2","0","1","0","06","5","0","00","1","39 58:02.633","1","00","76 07:11.335","0","0","0","0","36226","0","0","0","","0","0","0","2","68J01","0","","1","01","N","N","0","","0","0","0","0","0","N","0623","0","2","0","0","0","0","0","1","1","2","N","","","","","","","","","","","","03","  ","","",""
"1621","0","0","0","0","0","0","0","0","0","0","0","","36","10","2016","2016108211","1","40.0203","-76.0596","1609","08","0","0","0","0","0","0","0","0","","0","0","0","16","1","0","00","0","40 01:13.097","","00","76 03:34.642","0","0","0","1","36221","0","0","0","","0","0","0","3","68J01","0","","1","01","N","N","0","","0","0","1","0","0","","1608","0","2","0","0","0","0","0","1","0","2","N","","","","","","","","","","","","03","  ","","",""
"1714","1","0","0","0","0","0","0","0","0","4","0","","36","10","2016","2016108256","4","40.1518","-76.6051","1711","08","0","0","0","0","0","1","0","0","1","0","0","0","17","1","1","01","1","40 09:06.616","3","00","76 36:18.485","3","0","0","1","36407","0","0","0","N","0","0","0","2","36407","0","","1","01","N","N","0","","1","0","0","0","0","N","1711","1","2","0","0","0","0","0","2","0","2","N","","","","","","","","","","","","03","  ","","",""
"2027","1","0","0","0","0","0","0","0","0","4","0","","36","10","2016","2016108276","4","40.0606","-76.2768","2022","08","0","0","0","1","0","1","0","0","2","0","0","0","20","3","1","01","2","40 03:38.397","4","00","76 16:37.303","4","0","0","0","36101","0","0","0","N","0","0","0","2","36101","1","","1","01","N","N","0","","0","0","1","3","2","Y","2010","1","2","0","0","0","0","0","3","0","2","N","","","","","","","","","","","","03","  ","","",""
"1521","1","0","0","0","0","0","0","0","0","7","0","","36","10","2016","2016108283","2","40.2369","-76.0807","1517","08","0","0","0","0","0","0","1","0","","0","0","0","15","1","0","00","0","40 14:12.982","","00","76 04:50.454","0","0","0","0","36210","0","0","0","N","0","0","0","1","36210","0","","5","01","N","N","0","","0","0","0","0","0","","1515","0","1","0","0","0","0","0","1","0","1","N","","","","","","","","","","","","03","  ","","",""
"0117","1","0","0","0","0","0","0","0","0","7","0","","36","10","2016","2016108288","7","40.0489","-76.4798","0057","08","0","0","0","0","0","0","0","0","","0","0","0","00","2","0","00","0","40 02:56.200","","00","76 28:47.200","0","0","0","0","36239","0","0","0","N","0","0","0","1","36239","0","","4","01","N","N","0","","0","0","0","0","0","","0057","0","1","0","0","0","0","0","3","0","1","N","","","","","","","","","","","","03","  ","","",""
"1311","1","0","0","0","0","0","0","0","0","4","0","","36","10","2016","2016108337","7","39.991","-76.0138","1302","08","0","0","1","0","0","1","0","0","2","0","0","0","13","1","0","00","1","39 59:27.636","4","00","76 00:49.752","0","0","0","0","36232","0","0","0","","0","0","0","2","68J01","0","","1","01","N","N","0","","0","0","1","0","0","N","1302","0","2","0","0","0","0","0","1","0","2","N","","","","","","","","","","","","03","  ","","",""
"1615","2","0","0","0","0","0","0","0","0","6","0","","36","10","2016","2016108370","2","40.164","-76.4461","1600","08","0","1","0","0","0","0","0","0","1","0","0","0","15","1","0","02","1","40 09:50.281","4","00","76 26:45.885","0","0","0","0","36230","0","0","0","N","0","0","0","2","36410","0","","1","01","N","N","0","","0","0","0","3","3","Y","1555","0","2","0","0","0","0","0","1","0","2","N","","","","","","","","","","","","03","  ","","",""
"1912","0","0","0","0","0","0","0","0","0","7","0","","36","10","2016","2016108371","7","40.029","-76.2471","1902","08","0","0","0","0","0","0","0","0","","0","0","0","18","2","0","00","0","40 01:44.353","","00","76 14:49.664","0","0","0","0","36215","0","0","0","N","0","0","0","1","36215","0","","5","01","N","N","0","","0","0","0","0","0","","1855","0","1","0","0","0","0","0","1","1","1","N","","","","","","","","","","","","03","  ","","",""
"1254","2","0","0","0","0","0","0","0","0","6","0","","36","10","2016","2016108376","6","40.029","-76.3828","1251","08","0","0","0","0","0","0","1","0","","0","0","0","12","1","2","00","0","40 01:44.520","","00","76 22:57.940","4","0","0","0","36223","0","0","0","","0","0","0","2","36223","2","","1","01","N","N","0","","0","0","0","0","0","","1249","2","2","0","0","0","0","0","1","0","2","N","","","","","","","","","","","","98","  ","","",""
"0721","0","0","0","1","0","0","0","0","0","4","0","","36","10","2016","2016108396","5","40.0946","-76.4084","0718","08","0","0","0","0","0","1","0","0","","0","0","0","07","1","1","02","0","40 05:40.581","","00","76 24:30.262","3","0","0","0","36214","1","0","0","N","0","0","0","2","36214","0","","2","01","N","N","0","","1","0","1","0","0","","0718","1","2","0","0","0","0","0","3","0","1","N","","","","","","","","","","","","03","  ","","",""
"1505","1","0","0","0","0","0","0","0","0","8","0","","36","10","2016","2016108414","4","40.0414","-76.2876","1451","08","0","0","0","0","0","1","0","0","1","0","0","0","14","1","1","01","1","40 02:29.125","5","00","76 17:15.339","3","0","0","0","36301","1","0","0","N","1","0","0","2","36301","0","","1","01","N","N","0","","1","0","0","3","2","N","1451","1","2","0","0","0","0","0","3","0","1","N","","","","","","","","","","","","03","  ","","",""
"1225","1","0","0","0","0","0","0","0","0","5","0","90","36","10","2016","2016108424","3","40.0406","-76.2874","1223","08","0","0","0","0","0","0","0","0","","0","0","0","12","1","0","02","0","40 02:26.098","","00","76 17:14.719","0","0","0","0","36301","0","0","0","N","0","0","0","2","36301","0","","1","01","N","N","2","","0","0","0","0","0","","1223","0","3","0","0","0","0","0","3","0","3","Y","4","2","Y","","","N","","","","","","03","  ","","",""
"0935","1","0","1","0","0","0","0","0","0","7","0","","36","10","2016","2016108426","5","40.0106","-76.2304","0931","08","0","0","0","0","0","0","0","0","4","0","0","0","09","1","2","00","2","40 00:38.095","6","00","76 13:49.288","2","0","0","0","36240","0","0","0","N","0","0","0","2","36240","0","","4","01","N","N","0","","0","2","0","0","0","Y","0930","2","1","0","1","1","0","0","1","0","1","N","","","","","","","","","","","","03","  ","","",""