"ARRIVAL_TM","AUTOMOBILE_COUNT","BELTED_DEATH_COUNT","BELTED_SUSP_SERIOUS_INJ_COUNT","BICYCLE_COUNT","BICYCLE_DEATH_COUNT","BICYCLE_SUSP_SERIOUS_INJ_COUNT","BUS_COUNT","CHLDPAS_DEATH_COUNT","CHLDPAS_SUSP_SERIOUS_INJ_COUNT","COLLISION_TYPE","COMM_VEH_COUNT","CONS_ZONE_SPD_LIM","COUNTY","CRASH_MONTH","CRASH_YEAR","CRN","DAY_OF_WEEK","DEC_LAT","DEC_LONG","DISPATCH_TM","DISTRICT","DRIVER_COUNT_16YR","DRIVER_COUNT_17YR","DRIVER_COUNT_18YR","DRIVER_COUNT_19YR","DRIVER_COUNT_20YR","DRIVER_COUNT_50_64YR","DRIVER_COUNT_65_74YR","DRIVER_COUNT_75PLUS","EST_HRS_CLOSED","FATAL_COUNT","HEAVY_TRUCK_COUNT","HORSE_BUGGY_COUNT","HOUR_OF_DAY","ILLUMINATION","INJURY_COUNT","INTERSECT_TYPE","LANE_CLOSED","LATITUDE","LN_CLOSE_DIR","LOCATION_TYPE","LONGITUDE","MAX_SEVERITY_LEVEL","MCYCLE_DEATH_COUNT","MCYCLE_SUSP_SERIOUS_INJ_COUNT","MOTORCYCLE_COUNT","MUNICIPALITY","NONMOTR_COUNT","NONMOTR_DEATH_COUNT","NONMOTR_SUSP_SERIOUS_INJ_COUNT","NTFY_HIWY_MAINT","PED_COUNT","PED_DEATH_COUNT","PED_SUSP_SERIOUS_INJ_COUNT","PERSON_COUNT","POLICE_AGCY","POSSIBLE_INJ_COUNT","RDWY_SURF_TYPE_CD","RELATION_TO_ROAD","ROAD_CONDITION","SCH_BUS_IND","SCH_ZONE_IND","SMALL_TRUCK_COUNT","SPEC_JURIS_CD","SUSP_MINOR_INJ_COUNT","SUSP_SERIOUS_INJ_COUNT","SUV_COUNT","TCD_FUNC_CD","TCD_TYPE","TFC_DETOUR_IND","TIME_OF_DAY","TOT_INJ_COUNT","TOTAL_UNITS","UNB_DEATH_COUNT","UNB_SUSP_SERIOUS_INJ_COUNT","UNBELTED_OCC_COUNT","UNK_INJ_DEG_COUNT","UNK_INJ_PER_COUNT","URBAN_RURAL","VAN_COUNT","VEHICLE_COUNT","WORK_ZONE_IND","WORK_ZONE_LOC","WORK_ZONE_TYPE","WORKERS_PRES","WZ_CLOSE_DETOUR","WZ_FLAGGER","WZ_LAW_OFFCR_IND","WZ_LN_CLOSURE","WZ_MOVING","WZ_OTHER","WZ_SHLDER_MDN","ROADWAY_CLEARED","WEATHER1","WEATHER2","WZ_WORKERS_INJ_KILLED","SECONDARY_CRASH","INTERSECTION_RELATED"
"1453","1","0","0","0","0","0","0","0","0","1","0","90","36","10","2016","2016111463","5","40.1361","-76.2116","1449","08","0","1","0","0","0","1","0","0","","0","0","0","14","1","1","00","0","40 08:09.845","","00","76 12:41.651","4","0","0","0","36238","0","0","0","N","0","0","0","2","36238","1","","1","01","N","N","0","","0","0","0","0","0","","1445","1","2","0","0","0","0","0","3","1","2","Y","4","1","N","","","N","","","","","","03","  ","","",""
"1124","0","0","0","0","0","0","0","0","0","9","0","","36","10","2016","2016111495","7","40.1608","-76.6335","1121","08","0","0","0","0","0","0","1","0","","0","0","0","11","1","1","00","0","40 09:39.006","","00","76 38:00.497","4","0","0","1","36237","0","0","0","N","0","0","0","2","36505","1","","1","01","N","N","0","","0","0","0","0","0","","1121","1","1","0","0","0","0","0","1","0","1","N","","","","","","","","","","","","03","  ","","",""
"1052","1","0","0","0","0","0","0","0","0","4","0","","36","10","2016","2016111501","7","40.052","-76.3102","1048","08","0","0","0","0","0","1","0","0","2","0","0","0","10","1","1","01","1","40 03:07.058","6","00","76 18:36.898","3","0","0","0","36301","0","0","0","N","0","0","0","4","36301","0","","1","01","N","N","0","","1","0","1","3","2","Y","1047","1","2","0","0","0","0","0","3","0","2","N","","","","","","","","","","","","03","  ","","",""
"0733","1","0","0","0","0","0","0","0","0","1","0","","36","10","2016","2016111510","5","40.1163","-76.3057","0720","08","0","0","0","0","0","0","1","0","","0","0","0","07","5","0","01","0","40 06:58.631","","00","76 18:20.445","0","0","0","0","36101","0","0","0","N","0","0","0","2","36101","0","","1","09","N","N","0","","0","0","1","3","2","","0718","0","2","0","0","0","0","0","3","0","2","N","","","","","","","","","","","","03","  ","","",""
"1250","0","0","0","0","0","0","0","0","0","7","0","","36","10","2016","2016111520","5","40.0199","-76.3323","1247","08","0","0","0","0","0","0","0","0","2","0","0","0","12","1","1","00","1","40 01:11.600","1","00","76 19:56.200","3","0","0","0","36220","0","0","0","N","0","0","0","1","36101","0","","4","09","N","N","0","","1","0","1","0","0","N","1242","1","1","0","0","0","0","0","3","0","1","N","","","","","","","","","","","","07","  ","","",""
"0849","1","0","0","0","0","0","0","0","0","1","1","","36","10","2016","2016111529","7","40.0911","-76.2637","0842","08","0","0","1","0","0","1","0","0","","0","1","0","08","1","0","00","0","40 05:27.889","","00","76 15:49.229","0","0","0","0","36101","0","0","0","N","0","0","0","2","36101","0","","1","01","N","N","0","","0","0","0","0","0","","0840","0","2","0","0","0","0","0","3","0","2","N","","","","","","","","","","","","03","  ","","",""
"1508","1","0","0","0","0","0","0","0","0","1","0","","36","10","2016","2016111561","5","40.1508","-76.6055","1506","08","0","0","0","0","0","0","0","0","","0","0","0","15","1","0","01","0","40 09:02.994","","00","76 36:19.950","0","0","0","0","36407","0","0","0","N","0","0","0","2","36407","0","","1","09","N","N","0","","0","0","1","0","0","","1500","0","2","0","0","0","0","0","2","0","2","N","","","","","","","","","","","","07","  ","","",""
"1445","1","0","0","0","0","0","0","0","0","7","0","","36","10","2016","2016111570","5","40.1305","-76.6532","1430","08","0","0","0","0","0","0","0","0","","0","0","0","14","1","1","00","0","40 07:49.800","","00","76 39:11.500","3","0","0","0","36237","0","0","0","N","0","0","0","1","36505","0","","2","09","N","N","0","","1","0","0","0","0","","1415","1","1","0","0","0","0","0","1","0","1","N","","","","","","","","","","","","07","  ","","",""
"1631","2","0","0","0","0","0","0","0","0","2","0","","36","10","2016","2016111572","5","40.1629","-76.5549","1628","08","0","0","0","0","0","0","0","0","2","0","0","0","16","1","1","00","2","40 09:46.300","5","00","76 33:17.600","8","0","0","0","36225","0","0","0","N","0","0","0","2","36505","0","","1","09","N","N","0","","0","0","0","0","0","Y","1625","1","2","0","0","1","1","0","2","0","2","N","","","","","","","","","","","","07","  ","","",""
"1503","2","0","0","0","0","0","0","0","0","1","0","","36","07","2016","2016111608","1","40.0065","-76.1129","1454","08","0","0","0","0","0","1","0","0","3","0","0","0","14","1","0","00","2","40 00:23.272","6","00","76 06:46.408","0","0","0","0","36226","0","0","0","","0","0","0","3","68J01","0","","1","01","N","N","0","","0","0","0","0","0","N","1453","0","2","0","0","0","0","0","1","0","2","N","","","","","","","","","","","","03","  ","","",""
"1625","0","0","0","0","0","0","0","0","0","7","0","","36","09","2016","2016111609","3","40.2006","-76.0173","1601","08","0","0","0","0","0","0","0","0","","0","0","0","15","1","1","00","0","40 12:02.305","","00","76 01:02.219","3","0","0","0","36202","0","0","0","","0","0","0","1","68J01","0","","5","01","N","N","0","","1","0","1","0","0","","1550","1","1","0","0","0","0","0","1","0","1","N","","","","","","","","","","","","03","  ","","",""
"1232","0","0","0","0","0","0","0","0","0","4","0","","36","10","2016","2016111632","7","40.0392","-76.0644","1222","08","0","0","0","0","0","1","0","0","","0","0","0","12","1","0","01","0","40 02:21.008","","00","76 03:51.801","0","0","0","0","36221","0","0","0","","0","0","0","3","68J01","0","","1","01","N","N","0","","0","0","2","3","3","","1219","0","2","0","0","0","0","0","1","0","2","N","","","","","","","","","","","","03","  ","","",""
"1657","2","0","0","0","0","0","0","0","0","4","0","","36","10","2016","2016111633","7","39.7739","-76.1791","1638","08","0","0","0","0","0","0","1","0","1","0","0","0","16","1","0","01","1","39 46:25.988","1","00","76 10:44.934","0","0","0","0","36219","0","0","0","","0","0","0","3","68J01","0","","1","01","N","N","0","","0","0","0","0","0","N","1627","0","2","0","0","0","0","0","1","0","2","N","","","","","","","","","","","","03","  ","","",""
"1504","0","0","0","0","0","0","0","0","0","7","0","","36","10","2016","2016111653","5","40.1316","-76.4931","1450","08","0","0","0","0","0","0","0","0","","0","0","0","14","1","0","05","0","40 07:53.845","","00","76 29:35.097","0","0","0","0","36230","0","0","0","N","0","0","0","2","36410","0","","5","09","N","N","0","","0","0","1","0","0","","1448","0","1","0","0","0","0","0","1","0","1","N","","","","","","","","","","","","07","  ","","",""
"1441","0","0","0","0","0","0","0","0","0","1","0","","36","10","2016","2016111663","4","40.0941","-76.3777","1436","08","0","0","0","0","0","1","0","0","1","0","0","0","14","1","1","01","1","40 05:38.930","3","00","76 22:39.833","3","0","0","0","36214","0","0","0","","0","0","0","2","36214","0","","1","01","N","N","1","","1","0","0","3","2","Y","1436","1","2","0","0","1","0","0","3","1","2","N","","","","","","","","","","","","03","  ","","",""
"1912","0","0","0","0","0","0","0","0","0","1","0","","36","10","2016","2016111690","3","40.173","-76.0083","1901","08","0","0","0","0","0","0","0","0","2","0","0","0","19","2","1","00","1","40 10:22.865","2","07","76 00:29.802","3","0","0","1","36202","0","0","0","","0","0","0","2","68J01","0","","1","01","N","N","0","","1","0","1","0","0","N","1900","1","2","0","0","0","0","0","1","0","2","N","","","","","","","","","","","","03","  ","","",""
"1018","1","0","0","0","0","0","0","0","0","4","0","","36","10","2016","2016111696","6","40.1968","-76.0175","1011","08","0","0","0","0","0","0","0","1","1","0","0","0","10","1","0","01","1","40 11:48.437","5","00","76 01:02.883","0","0","0","0","36202","0","0","0","","0","0","0","2","68J01","0","","1","01","N","N","1","","0","0","0","3","3","N","1011","0","2","0","0","0","0","0","1","0","2","N","","","","","","","","","","","","03","  ","","",""
"1215","1","0","0","0","0","0","0","0","0","4","0","","36","10","2016","2016111699","1","40.0025","-76.0355","1200","08","0","0","0","0","0","1","0","0","1","0","0","0","11","1","0","00","1","40 00:09.171","4","00","76 02:07.851","0","0","0","0","36232","0","0","0","","0","0","0","6","68J01","0","","1","01","N","N","0","","0","0","1","0","0","N","1156","0","2","0","0","0","0","0","1","0","2","N","","","","","","","","","","","","03","  ","","",""
"1245","2","0","0","0","0","0","0","0","0","4","0","","36","10","2016","2016111700","2","40.0116","-76.0464","1239","08","0","0","0","0","0","0","1","1","","0","0","0","12","1","1","01","0","40 00:41.713","","00","76 02:47.123","3","0","0","0","36232","0","0","0","","0","0","0","2","68J01","0","","1","01","N","N","0","","1","0","0","3","3","","1238","1","2","0","0","0","0","0","1","0","2","N","","","","","","","","","","","","03","  ","","",""
"1533","3","0","0","0","0","0","0","0","0","1","0","","36","10","2016","2016111705","3","39.8366","-76.1517","1515","08","0","1","0","0","0","0","1","1","3","0","0","0","15","1","2","01","2","39 50:11.910","2","00","76 09:06.465","3","0","0","0","36212","0","0","0","","0","0","0","5","68J01","0","","1","01","N","N","0","","2","0","1","0","0","N","1514","2","4","0","0","0","0","0","1","0","4","N","","","","","","","","","","","","03","  ","","",""
"1437","2","0","0","0","0","0","0","0","0","4","0","","36","10","2016","2016111709","4","39.8923","-76.179","1413","08","0","0","0","0","1","0","0","1","1","0","0","0","14","1","0","01","1","39 53:32.274","3","00","76 10:44.558","0","0","0","0","36212","0","0","0","","0","0","0","2","68J01","0","","1","01","N","N","0","","0","0","0","0","0","N","1413","0","2","0","0","0","0","0","1","0","2","N","","","","","","","","","","","","03","  ","","",""
"1721","0","0","0","0","0","0","0","0","0","7","0","","36","10","2016","2016111724","5","40.1371","-76.6286","1712","08","0","0","0","0","0","0","0","0","1","0","0","0","17","1","1","00","2","40 08:13.600","2","00","76 37:42.800","8","0","0","0","36237","0","0","0","N","0","0","0","1","36505","0","","4","09","N","N","0","","0","0","1","0","0","Y","1710","1","1","0","0","0","1","0","1","0","1","N","","","","","","","","","","","","07","  ","","",""
"1352","1","0","0","0","0","0","0","0","0","4","0","","36","10","2016","2016111737","6","40.0387","-76.2678","1347","08","0","0","0","0","0","1","1","0","1","0","0","0","13","1","1","00","1","40 02:19.224","6","07","76 16:04.050","3","0","0","0","36215","0","0","0","N","0","0","0","3","36215","0","","1","01","N","N","1","","1","0","0","3","2","N","1346","1","2","0","0","0","0","0","1","0","2","N","","","","","","","","","","","","03","  ","","",""
"2342","0","0","0","0","0","0","0","0","0","7","0","","36","10","2016","2016111739","5","40.1108","-76.2058","2337","08","0","0","0","0","0","0","0","0","","0","0","0","23","2","0","00","0","40 06:38.875","","00","76 12:20.830","0","0","0","0","36238","0","0","0","N","0","0","0","1","36238","0","","4","01","N","N","1","","0","0","0","0","0","","2337","0","1","0","0","0","0","0","3","0","1","N","","","","","","","","","","","","03","  ","","",""
"2125","2","0","1","0","0","0","0","0","0","1","0","","36","10","2016","2016111751","1","40.1642","-76.1543","2119","08","0","0","0","0","0","0","0","1","","0","0","0","21","3","1","02","0","40 09:51.097","","00","76 09:15.344","2","0","0","0","36218","0","0","0","N","0","0","0","4","36408","0","","1","01","N","N","1","","0","1","0","3","2","","2118","1","3","0","0","0","0","0","1","0","3","N","","","","","","","","","","","","03","  ","","",""
"1612","2","0","0","0","0","0","0","0","0","1","0","","36","10","2016","2016111790","4","40.1587","-76.2041","1554","08","0","0","0","1","0","0","0","0","1","0","0","0","15","1","0","00","1","40 09:31.163","2","00","76 12:14.789","0","0","0","0","36402","0","0","0","N","0","0","0","3","36402","0","","1","01","N","N","0","","0","0","0","0","0","N","1551","0","2","0","0","0","0","0","2","0","2","N","","","","","","","","","","","","03","  ","","",""
"1441","1","0","0","0","0","0","0","0","0","7","0","","36","10","2016","2016111805","5","40.1356","-76.2908","1436","08","0","0","0","0","1","0","0","0","","0","0","0","14","1","0","00","0","40 08:08.100","","00","76 17:26.700","0","0","0","0","36235","0","0","0","","0","0","0","1","36506","0","","5","09","N","N","0","","0","0","0","0","0","","1436","0","1","0","0","1","0","0","1","0","1","N","","","","","","","","","","","","07","  ","","",""
"0604","2","0","0","0","0","0","0","0","0","1","0","","36","10","2016","2016111918","6","40.2108","-76.1047","0555","08","0","0","0","0","0","0","0","0","","0","0","0","05","2","1","00","0","40 12:38.764","","00","76 06:16.748","4","0","0","0","36210","0","0","0","N","0","0","0","2","36210","1","","1","01","N","N","0","","0","0","0","0","0","","0550","1","2","0","0","0","0","0","1","0","2","N","","","","","","","","","","","","03","  ","","",""
"1955","0","0","0","0","0","0","0","0","0","4","0","","36","10","2016","2016111930","4","40.0402","-76.2391","1927","08","0","0","0","0","0","1","0","0","","0","0","0","19","3","1","01","0","40 02:24.730","","00","76 14:20.844","8","0","0","0","36215","0","0","0","N","0","0","0","5","36215","0","","1","01","N","N","0","","0","0","2","3","2","","1910","1","2","0","0","0","1","1","1","0","2","N","","","","","","","","","","","","03","  ","","",""
"0802","2","0","0","0","0","0","0","0","0","5","0","","36","10","2016","2016111959","5","39.9876","-76.2823","0800","08","0","0","0","0","0","0","1","0","","0","0","0","08","1","0","00","0","39 59:15.381","","00","76 16:56.136","0","0","0","0","36240","0","0","0","N","0","0","0","2","36240","0","","1","09","N","N","0","","0","0","0","0","0","","0800","0","2","0","0","0","0","0","1","0","2","N","","","","","","","","","","","","03","  ","","",""
"0625","2","0","0","0","0","0","0","0","0","1","0","","36","10","2016","2016111964","6","40.1876","-76.1344","0621","08","0","0","0","0","0","0","0","0","1","0","0","0","06","2","0","00","1","40 11:15.414","3","00","76 08:03.875","0","0","0","0","36218","0","0","0","N","0","0","0","1","36408","0","","6","01","N","N","0","","0","0","1","0","0","N","0619","0","3","0","0","1","0","0","1","0","3","N","","","","","","","","","","","","03","  ","","",""
"0715","2","0","0","0","0","0","0","0","0","4","0","","36","10","2016","2016111966","5","39.9866","-76.2808","0709","08","0","0","0","0","0","0","0","1","","0","0","0","07","1","1","00","0","39 59:11.642","","07","76 16:51.029","8","0","0","0","36240","0","0","0","N","0","0","0","4","36240","0","","1","09","N","N","0","","0","0","0","0","0","","0709","1","2","0","0","0","1","0","1","0","2","N","","","","","","","","","","","","07","  ","","",""
"1016","1","0","0","0","0","0","0","0","0","4","0","","36","10","2016","2016111970","6","40.1468","-76.0613","1006","08","0","0","0","1","0","0","0","1","","0","0","0","10","1","1","01","0","40 08:48.577","","00","76 03:40.579","4","0","0","0","36213","0","0","0","N","0","0","0","2","36213","1","","1","01","N","N","1","","0","0","0","2","3","","1005","1","2","0","0","0","0","0","1","0","2","N","","","","","","","","","","","","03","  ","","",""
"1130","1","0","0","0","0","0","0","0","0","1","0","","36","10","2016","2016112017","6","40.0515","-76.3957","1121","08","0","0","0","0","0","1","0","0","1","0","0","0","11","1","0","00","1","40 03:05.404","2","03","76 23:44.470","0","0","0","0","36214","0","0","0","N","0","0","0","2","36214","0","","1","01","N","N","0","","0","0","1","0","0","N","1115","0","2","0","0","0","0","0","3","0","2","N","","","","","","","","","","","","03","  ","","",""
"1322","1","0","0","0","0","0","0","0","0","4","0","","36","10","2016","2016112030","6","40.0436","-76.5129","1314","08","0","0","1","0","0","0","0","0","2","0","0","0","13","1","1","02","1","40 02:37.133","3","07","76 30:46.550","8","0","0","0","36239","0","0","0","N","0","0","0","2","36239","0","","1","01","N","N","0","","0","0","1","3","3","Y","1314","1","2","0","0","0","1","0","3","0","2","N","","","","","","","","","","","","03","  ","","",""
"1403","1","0","0","0","0","0","0","0","0","4","0","","36","10","2016","2016112045","6","40.0137","-76.1482","1353","08","0","0","0","0","0","1","0","0","","0","0","0","13","1","0","00","0","40 00:49.270","","07","76 08:53.547","0","0","0","0","36215","0","0","0","N","0","0","0","4","36215","0","","1","01","N","N","1","","0","0","0","0","0","","1350","0","2","0","0","0","0","0","1","0","2","N","","","","","","","","","","","","03","  ","","",""
"1721","1","0","0","0","0","0","0","0","0","4","0","","36","10","2016","2016112050","4","40.1636","-76.1525","1714","08","0","0","0","0","0","0","0","1","","0","0","0","17","1","0","01","0","40 09:49.441","","02","76 09:08.800","0","0","0","0","36218","0","0","0","N","0","0","0","4","36408","0","","1","01","N","N","1","","0","0","0","3","2","","1710","0","2","0","0","0","0","0","1","0","2","N","","","","","","","","","","","","03","  ","","",""
"0649","0","0","0","0","0","0","0","0","0","7","0","","36","07","2016","2016112288","7","39.864","-76.2596","0623","08","0","0","0","0","0","0","0","0","","0","0","0","06","1","0","00","0","39 51:50.461","","00","76 15:34.640","0","0","0","0","36208","0","0","0","","0","0","0","1","68J01","0","","4","01","N","N","0","","0","0","1","0","0","","0622","0","1","0","0","0","0","0","1","0","1","N","","","","","","","","","","","","03","  ","","",""
"0209","0","0","0","0","0","0","0","0","0","7","0","","36","09","2016","2016112291","1","39.9693","-76.2726","0209","08","0","0","0","0","0","0","0","0","","0","0","0","02","3","0","02","0","39 58:09.558","","00","76 16:21.503","9","0","0","0","36228","0","0","0","","0","0","0","1","68J01","0","","5","01","N","N","0","","0","0","1","3","3","","0209","0","1","0","0","1","0","1","1","0","1","N","","","","","","","","","","","","03","  ","","",""
"2019","0","0","0","0","0","0","0","0","0","7","0","","36","10","2016","2016112298","3","40.0104","-76.052","2017","08","0","0","0","0","0","1","0","0","3","0","0","0","20","2","0","00","2","40 00:37.290","6","00","76 03:07.070","0","0","0","0","36232","0","0","0","","0","0","0","1","68J01","0","","2","01","N","N","1","","0","0","0","0","0","Y","2017","0","1","0","0","0","0","0","1","0","1","N","","","","","","","","","","","","03","  ","","",""
"2041","0","0","0","0","0","0","0","0","0","7","0","","36","10","2016","2016112316","6","40.2254","-76.0164","2010","08","0","0","0","0","0","0","0","0","3","0","0","0","20","2","1","00","1","40 13:31.471","5","00","76 00:59.140","8","0","0","0","36202","0","0","0","","0","0","0","1","68J01","0","","4","01","N","N","1","","0","0","0","0","0","N","2010","1","1","0","0","0","1","0","1","0","1","N","","","","","","","","","","","","03","  ","","",""
"0824","1","0","0","0","0","0","0","0","0","2","0","","36","10","2016","2016112322","4","40.029","-76.1323","0821","08","0","0","0","0","0","0","0","1","","0","0","0","08","1","0","01","0","40 01:44.288","","00","76 07:56.175","0","0","0","0","36221","0","0","0","","0","0","0","2","68J01","0","","1","01","N","N","0","","0","0","0","3","3","","0815","0","2","0","0","0","0","0","1","1","2","N","","","","","","","","","","","","03","  ","","",""
"0733","1","0","0","0","0","0","0","0","0","4","0","","36","10","2016","2016112327","5","39.8848","-76.1613","0729","08","0","0","1","0","0","0","0","0","2","0","0","0","07","5","3","02","1","39 53:05.445","1","00","76 09:40.638","8","0","0","0","36212","0","0","0","","0","0","0","3","68J01","0","","1","09","N","N","1","","0","0","0","3","3","N","0723","3","2","0","0","0","3","0","1","0","2","N","","","","","","","","","","","","99","  ","","",""
"1134","0","0","0","0","0","0","0","0","0","7","0","","36","10","2016","2016112332","4","40.0324","-75.9796","1131","08","0","0","0","1","0","0","0","0","3","0","0","0","11","1","0","00","2","40 01:56.642","6","00","75 58:46.624","0","0","0","0","36232","0","0","0","","0","0","0","1","68J01","0","","4","01","N","N","0","","0","0","1","0","0","Y","1131","0","1","0","0","0","0","0","1","0","1","N","","","","","","","","","","","","03","  ","","",""
"0855","1","0","0","0","0","0","0","0","0","7","0","","36","10","2016","2016112339","4","40.0201","-76.4683","0844","08","0","0","0","0","0","0","0","0","1","0","0","0","00","2","0","00","1","40 01:12.323","6","00","76 28:05.992","0","0","0","0","36223","0","0","0","","0","0","0","1","36223","0","","4","01","N","N","0","","0","0","0","0","0","N","0030","0","1","0","0","0","0","0","1","0","1","N","","","","","","","","","","","","03","  ","","",""
"0312","0","0","0","0","0","0","0","0","0","0","0","","36","09","2016","2016112358","6","40.0198","-75.9795","0239","08","0","0","0","0","0","0","0","0","3","0","0","0","02","2","0","00","1","40 01:11.210","2","00","75 58:46.360","0","0","0","0","36232","0","0","0","","0","0","0","1","68J01","0","","1","09","N","N","1","","0","0","0","0","0","N","0238","0","1","0","0","0","0","0","1","0","1","N","","","","","","","","","","","","07","  ","","",""
"0817","0","0","0","0","0","0","0","0","0","1","0","","36","10","2016","2016112365","6","40.1417","-75.9374","0742","08","0","1","1","0","0","0","0","0","2","0","0","0","07","5","0","01","1","40 08:29.956","3","00","75 56:14.538","0","0","0","0","36203","0","0","0","","0","0","0","3","68J01","0","","1","01","N","N","0","","0","0","2","0","0","N","0742","0","2","0","0","0","0","0","1","0","2","N","","","","","","","","","","","","03","  ","","",""
"1218","1","0","0","0","0","0","0","0","0","4","0","","36","10","2016","2016112379","5","39.9079","-76.1215","1207","08","0","0","0","0","0","0","1","0","2","0","0","0","12","1","1","02","1","39 54:28.552","4","00","76 07:17.494","3","0","0","0","36216","0","0","0","","0","0","0","2","68J01","0","","1","09","N","N","1","","1","0","0","3","3","N","1205","1","2","0","0","0","0","0","1","0","2","N","","","","","","","","","","","","03","  ","","",""
"1550","1","0","0","0","0","0","0","0","0","2","0","","36","10","2016","2016112404","3","40.1549","-76.6063","1547","08","0","1","0","0","0","0","0","0","2","0","0","0","15","1","2","01","1","40 09:17.539","1","00","76 36:22.658","3","0","0","0","36407","0","0","0","N","0","0","0","4","36407","0","","1","01","N","N","1","","2","0","0","3","3","Y","1545","2","2","0","0","0","0","0","2","0","2","N","","","","","","","","","","","","03","  ","","",""
"1600","1","0","0","0","0","0","0","0","0","1","0","","36","10","2016","2016112408","4","40.0148","-76.1542","1551","08","0","0","0","0","0","0","1","0","","0","0","0","15","1","1","00","0","40 00:53.425","","00","76 09:15.162","8","0","0","0","36215","0","0","0","N","0","0","0","3","36215","0","","1","01","N","N","1","","0","0","0","0","0","","1550","1","2","0","0","0","1","0","1","0","2","N","","","","","","","","","","","","03","  ","","",""
"1759","2","0","0","0","0","0","0","0","0","1","0","","36","10","2016","2016112417","6","40.0554","-76.3695","1753","08","0","0","0","1","0","0","0","0","","0","0","0","17","1","2","00","0","40 03:19.540","","00","76 22:10.044","4","0","0","0","36214","0","0","0","N","0","0","0","5","36214","2","","1","01","N","N","1","","0","0","0","0","0","","1750","2","3","0","0","0","0","0","3","0","3","N","","","","","","","","","","","","03","  ","","",""
"2125","1","0","0","0","0","0","0","0","0","7","0","","36","10","2016","2016112422","6","40.1158","-76.0973","2123","08","0","0","0","0","0","0","0","0","2","0","0","0","21","2","0","00","1","40 06:56.882","4","00","76 05:50.170","0","0","0","0","36209","0","0","0","N","0","0","0","1","36415","0","","4","01","N","N","0","","0","0","0","0","0","N","2110","0","1","0","0","1","0","0","1","0","1","N","","","","","","","","","","","","03","  ","","",""
"2146","1","0","0","0","0","0","0","0","0","7","0","","36","10","2016","2016112439","6","40.0525","-76.5041","2135","08","0","0","0","1","0","0","0","0","","0","0","0","21","2","0","00","0","40 03:08.900","","00","76 30:14.900","0","0","0","0","36239","0","0","0","","0","0","0","1","36239","0","","5","01","","","0","","0","0","0","0","0","","2135","0","1","0","0","0","0","0","3","0","1","N","","","","","","","","","","","","03","  ","","",""
"0528","0","0","0","0","0","0","0","0","0","0","0","","36","10","2016","2016112458","4","40.0579","-76.3058","0525","08","0","0","0","0","0","0","0","0","","0","0","0","05","1","0","00","0","40 03:28.359","","00","76 18:20.824","0","0","0","0","36101","0","0","0","N","0","0","0","1","36101","0","","1","01","N","N","0","","0","0","1","0","0","","0523","0","1","0","0","0","0","0","3","0","1","N","","","","","","","","","","","","03","  ","","",""
"1248","1","0","0","0","0","0","0","0","0","9","0","","36","10","2016","2016112459","5","40.0441","-76.2368","1238","08","0","0","0","0","0","1","0","0","","0","0","0","12","1","0","00","0","40 02:38.931","","00","76 14:12.601","0","0","0","0","36215","0","0","0","N","0","0","0","1","36215","0","","1","01","N","N","0","","0","0","0","0","0","","1235","0","1","0","0","0","0","0","1","0","1","N","","","","","","","","","","","","03","  ","","",""
"1640","2","0","0","0","0","0","0","0","0","4","0","","36","10","2016","2016112465","5","40.0308","-76.2364","1633","08","0","0","0","0","0","1","0","0","","0","0","0","16","1","1","00","0","40 01:50.744","","07","76 14:10.982","4","0","0","0","36215","0","0","0","N","0","0","0","4","36215","1","","1","01","N","N","0","","0","0","0","3","3","","1630","1","2","0","0","0","0","0","1","0","2","N","","","","","","","","","","","","03","  ","","",""
"1617","2","0","0","0","0","0","0","0","0","4","0","","36","10","2016","2016112552","6","40.0788","-76.3375","1604","08","0","0","0","0","0","0","0","0","","0","0","0","16","1","1","00","0","40 04:43.566","","00","76 20:15.144","4","0","0","0","36101","0","0","0","N","0","0","0","2","36101","1","","1","01","N","N","0","","0","0","0","0","0","","1601","1","2","0","0","0","0","0","3","0","2","N","","","","","","","","","","","","03","  ","","",""
"0940","2","0","0","0","0","0","0","0","0","4","0","","36","10","2016","2016112571","7","40.0829","-76.3977","0938","08","0","2","0","0","0","0","0","0","","0","0","0","09","1","0","00","0","40 04:58.400","","07","76 23:51.600","0","0","0","0","36214","0","0","0","N","0","0","0","3","36214","0","","1","01","N","N","0","","0","0","0","0","0","","0930","0","2","0","0","0","0","0","3","0","2","N","","","","","","","","","","","","03","  ","","",""
"1300","2","0","0","0","0","0","0","0","0","4","0","","36","10","2016","2016112572","3","","","1254","08","0","0","0","0","0","0","0","0","","0","0","0","12","1","0","00","0","40 03:59.2","","07","76 19:03.8","0","0","0","0","36301","0","0","0","N","0","0","0","2","36301","0","","6","01","N","N","0","","0","0","0","3","3","","1254","0","2","0","0","0","0","0","3","0","2","N","","","","","","","","","","","","03","  ","","",""
"1539","1","0","0","0","0","0","0","0","0","4","0","","36","10","2016","2016112574","6","40.04","-76.3016","1534","08","0","0","0","0","0","0","1","0","","0","0","0","15","1","0","01","0","40 02:24.019","","00","76 18:05.911","0","0","0","0","36301","0","0","0","N","0","0","0","2","36301","0","","1","01","N","Y","0","","0","0","1","3","2","","1534","0","2","0","0","0","0","0","3","0","2","N","","","","","","","","","","","","03","  ","","",""