"ARRIVAL_TM","AUTOMOBILE_COUNT","BELTED_DEATH_COUNT","BELTED_SUSP_SERIOUS_INJ_COUNT","BICYCLE_COUNT","BICYCLE_DEATH_COUNT","BICYCLE_SUSP_SERIOUS_INJ_COUNT","BUS_COUNT","CHLDPAS_DEATH_COUNT","CHLDPAS_SUSP_SERIOUS_INJ_COUNT","COLLISION_TYPE","COMM_VEH_COUNT","CONS_ZONE_SPD_LIM","COUNTY","CRASH_MONTH","CRASH_YEAR","CRN","DAY_OF_WEEK","DEC_LAT","DEC_LONG","DISPATCH_TM","DISTRICT","DRIVER_COUNT_16YR","DRIVER_COUNT_17YR","DRIVER_COUNT_18YR","DRIVER_COUNT_19YR","DRIVER_COUNT_20YR","DRIVER_COUNT_50_64YR","DRIVER_COUNT_65_74YR","DRIVER_COUNT_75PLUS","EST_HRS_CLOSED","FATAL_COUNT","HEAVY_TRUCK_COUNT","HORSE_BUGGY_COUNT","HOUR_OF_DAY","ILLUMINATION","INJURY_COUNT","INTERSECT_TYPE","LANE_CLOSED","LATITUDE","LN_CLOSE_DIR","LOCATION_TYPE","LONGITUDE","MAX_SEVERITY_LEVEL","MCYCLE_DEATH_COUNT","MCYCLE_SUSP_SERIOUS_INJ_COUNT","MOTORCYCLE_COUNT","MUNICIPALITY","NONMOTR_COUNT","NONMOTR_DEATH_COUNT","NONMOTR_SUSP_SERIOUS_INJ_COUNT","NTFY_HIWY_MAINT","PED_COUNT","PED_DEATH_COUNT","PED_SUSP_SERIOUS_INJ_COUNT","PERSON_COUNT","POLICE_AGCY","POSSIBLE_INJ_COUNT","RDWY_SURF_TYPE_CD","RELATION_TO_ROAD","ROAD_CONDITION","SCH_BUS_IND","SCH_ZONE_IND","SMALL_TRUCK_COUNT","SPEC_JURIS_CD","SUSP_MINOR_INJ_COUNT","SUSP_SERIOUS_INJ_COUNT","SUV_COUNT","TCD_FUNC_CD","TCD_TYPE","TFC_DETOUR_IND","TIME_OF_DAY","TOT_INJ_COUNT","TOTAL_UNITS","UNB_DEATH_COUNT","UNB_SUSP_SERIOUS_INJ_COUNT","UNBELTED_OCC_COUNT","UNK_INJ_DEG_COUNT","UNK_INJ_PER_COUNT","URBAN_RURAL","VAN_COUNT","VEHICLE_COUNT","WORK_ZONE_IND","WORK_ZONE_LOC","WORK_ZONE_TYPE","WORKERS_PRES","WZ_CLOSE_DETOUR","WZ_FLAGGER","WZ_LAW_OFFCR_IND","WZ_LN_CLOSURE","WZ_MOVING","WZ_OTHER","WZ_SHLDER_MDN","ROADWAY_CLEARED","WEATHER1","WEATHER2","WZ_WORKERS_INJ_KILLED","SECONDARY_CRASH","INTERSECTION_RELATED"
"1740","2","0","0","0","0","0","0","0","0","4","0","","36","10","2016","2016112589","6","40.0761","-76.2059","1733","08","0","0","0","0","0","2","0","0","2","0","0","0","17","1","1","01","2","40 04:34.113","7","00","76 12:21.249","3","0","0","0","36234","0","0","0","N","0","0","0","2","36215","0","","1","01","N","N","0","","1","0","0","3","3","Y","1731","1","2","0","0","0","0","0","1","0","2","N","","","","","","","","","","","","03","  ","","",""
"1549","2","0","0","0","0","0","0","0","0","1","0","","36","10","2016","2016112597","3","40.1077","-76.0716","1544","08","0","1","0","0","0","2","0","0","2","0","0","0","15","1","0","00","2","40 06:27.662","3","00","76 04:17.900","0","0","0","0","36415","0","0","0","N","0","0","0","4","36415","0","","1","01","N","N","1","","0","0","0","0","0","Y","1544","0","3","0","0","0","0","0","1","0","3","N","","","","","","","","","","","","03","  ","","",""
"0643","2","0","0","0","0","0","0","0","0","1","0","","36","10","2016","2016112616","6","40.0905","-76.1718","0636","08","0","0","0","1","1","0","0","0","","0","0","0","06","3","1","00","0","40 05:25.815","","07","76 10:18.417","4","0","0","0","36234","0","0","0","N","0","0","0","2","36215","1","","1","01","N","N","0","","0","0","0","0","0","","0630","1","2","0","0","0","0","0","1","0","2","N","","","","","","","","","","","","03","  ","","",""
"1527","2","0","0","0","0","0","0","0","0","1","0","","36","10","2016","2016112629","7","40.0691","-76.3569","1526","08","0","0","1","0","0","0","0","0","1","0","0","0","15","1","1","01","1","40 04:08.816","2","00","76 21:24.786","8","0","0","0","36214","0","0","0","N","0","0","0","3","36214","0","","1","01","N","N","0","","0","0","0","3","2","N","1520","1","2","0","0","0","1","0","3","0","2","N","","","","","","","","","","","","03","  ","","",""
"1640","0","0","0","0","0","0","0","0","0","4","0","","36","10","2016","2016112637","7","40.0392","-76.3534","1634","08","0","1","0","0","0","0","0","0","","0","0","0","16","1","0","01","0","40 02:21.055","","00","76 21:12.283","0","0","0","0","36214","0","0","0","N","0","0","0","2","36214","0","","1","01","N","N","0","","0","0","2","0","0","","1632","0","2","0","0","0","0","0","3","0","2","N","","","","","","","","","","","","03","  ","","",""
"1140","2","0","0","0","0","0","0","0","0","4","0","","36","10","2016","2016112729","3","40.108","-76.5243","1137","08","0","0","0","0","0","1","0","0","1","0","0","0","11","1","1","01","1","40 06:28.705","5","00","76 31:27.513","4","0","0","0","36413","0","0","0","N","0","0","0","3","36413","1","","1","01","N","N","1","","0","0","0","3","2","Y","1137","1","3","0","0","0","0","0","2","0","3","N","","","","","","","","","","","","03","  ","","",""
"0101","2","0","0","0","0","0","0","0","0","4","0","","36","10","2016","2016112735","7","40.0358","-76.507","0101","08","0","0","0","0","0","0","0","0","1","0","0","0","01","3","0","00","1","40 02:08.994","2","00","76 30:25.271","0","0","0","0","36404","0","0","0","Y","0","0","0","1","36404","0","","6","01","N","N","0","","0","0","0","0","0","N","0100","0","2","0","0","0","0","0","3","0","2","N","","","","","","","","","","","","03","  ","","",""
"1457","3","0","0","0","0","0","0","0","0","4","0","","36","10","2016","2016112747","4","40.0447","-76.331","1454","08","0","0","0","0","0","2","0","0","2","0","0","0","14","1","1","01","2","40 02:40.744","6","00","76 19:51.446","3","0","0","0","36220","0","0","0","N","0","0","0","5","36101","0","","1","01","N","N","0","","1","0","1","3","3","Y","1452","1","4","0","0","0","0","0","3","0","4","N","","","","","","","","","","","","03","  ","","",""
"1934","2","0","0","0","0","0","0","0","0","1","0","","36","10","2016","2016112759","3","40.1431","-76.2259","1927","08","0","0","0","0","0","0","0","0","1","0","0","0","19","2","1","00","1","40 08:35.204","3","07","76 13:33.174","8","0","0","0","36235","0","0","0","","0","0","0","2","36506","0","","1","01","N","N","0","","0","0","0","0","0","N","1927","1","2","0","0","1","1","0","1","0","2","N","","","","","","","","","","","","03","  ","","",""
"0938","1","0","0","0","0","0","0","0","0","1","0","","36","10","2016","2016112797","2","40.0293","-76.2282","0933","08","0","0","0","0","0","0","0","0","","0","0","0","09","1","1","01","0","40 01:45.321","","00","76 13:41.648","8","0","0","0","36215","0","0","0","N","0","0","0","2","36215","0","","1","01","N","N","0","","0","0","0","3","2","","0928","1","2","0","0","1","1","1","1","0","2","N","","","","","","","","","","","","03","  ","","",""
"1510","0","0","0","0","0","0","0","0","0","0","0","","36","10","2016","2016112814","7","40.1459","-76.5592","1505","08","0","0","0","0","0","1","0","0","","0","0","0","15","1","1","00","0","40 08:45.213","","00","76 33:33.100","4","0","0","0","36225","0","0","0","N","0","0","0","1","36505","1","","1","01","N","N","0","","0","0","1","0","0","","1505","1","1","0","0","1","0","0","2","0","1","N","","","","","","","","","","","","03","  ","","",""
"0938","1","0","0","0","0","0","0","0","0","1","1","","36","10","2016","2016112819","6","40.0306","-76.2343","0937","08","0","0","0","0","0","0","0","0","1","0","1","0","09","1","0","01","1","40 01:50.356","3","00","76 14:03.582","0","0","0","0","36215","0","0","0","N","0","0","0","3","36215","0","","1","01","N","N","0","","0","0","0","3","2","N","0934","0","2","0","0","0","0","0","1","0","2","N","","","","","","","","","","","","03","  ","","",""
"1441","1","0","0","0","0","0","0","0","0","1","0","","36","10","2016","2016112857","6","40.2209","-76.0992","1441","08","0","0","0","0","0","1","0","0","2","0","0","0","14","1","1","00","1","40 13:15.087","2","00","76 05:57.178","3","0","0","0","36210","0","0","0","N","0","0","0","2","36210","0","","1","01","N","N","1","","1","0","0","3","2","N","1440","1","2","0","0","0","0","0","1","0","2","N","","","","","","","","","","","","03","  ","","",""
"2017","3","0","0","0","0","0","0","0","0","1","0","","36","10","2016","2016112860","7","40.2018","-76.12","2012","08","0","0","0","0","0","0","1","0","","0","0","0","20","2","0","00","0","40 12:06.329","","00","76 07:11.863","0","0","0","0","36210","0","0","0","N","0","0","0","4","36210","0","","1","01","N","N","0","","0","0","0","0","0","","2008","0","3","0","0","0","0","0","1","0","3","N","","","","","","","","","","","","03","  ","","",""
"1422","2","0","0","0","0","0","0","0","0","1","0","","36","10","2016","2016112866","6","40.0307","-76.2444","1416","08","0","0","1","0","0","0","0","0","","0","0","0","14","1","0","00","0","40 01:50.548","","00","76 14:39.665","0","0","0","0","36215","0","0","0","N","0","0","0","2","36215","0","","1","01","N","N","0","","0","0","0","0","0","","1416","0","2","0","0","0","0","0","1","0","2","N","","","","","","","","","","","","03","  ","","",""
"1158","2","0","0","0","0","0","0","0","0","1","0","","36","10","2016","2016113042","3","40.132","-76.2134","1150","08","0","0","0","0","0","1","0","0","2","0","0","0","11","1","0","06","1","40 08:02.583","1","02","76 12:40.094","0","0","0","0","36238","0","0","0","N","0","0","0","3","36238","0","","1","01","N","N","1","","0","0","0","3","4","N","1147","0","3","0","0","0","0","0","3","0","3","N","","","","","","","","","","","","03","  ","","",""
"2227","2","0","0","0","0","0","0","0","0","1","0","","36","10","2016","2016113047","7","40.0636","-76.3067","2221","08","0","0","0","0","0","2","0","0","2","0","0","0","22","3","0","00","1","40 03:49.133","1","00","76 18:24.020","0","0","0","0","36101","0","0","0","N","0","0","0","4","36101","0","","1","01","N","N","0","","0","0","1","0","0","N","2216","0","3","0","0","1","0","0","3","0","3","N","","","","","","","","","","","","03","  ","","",""
"0342","0","0","0","0","0","0","0","0","0","7","0","","36","10","2016","2016113050","1","40.0273","-76.4551","0333","08","0","0","0","0","0","0","0","0","2","0","0","0","03","2","0","00","2","40 01:38.400","5","01","76 27:18.500","0","0","0","0","36239","0","0","0","","0","0","0","1","36239","0","","2","01","","","1","","0","0","0","3","8","Y","0331","0","1","0","0","0","0","0","3","0","1","N","","","","","","","","","","","","03","  ","","",""
"0144","2","0","0","0","0","0","0","0","0","2","0","","36","10","2016","2016113083","1","40.0298","-76.2954","0142","08","0","0","0","1","0","0","0","0","3","0","0","0","01","3","2","00","2","40 01:47.362","4","00","76 17:43.306","8","0","0","0","36301","0","0","0","N","0","0","0","2","36301","0","","1","01","N","N","0","","0","0","0","0","0","Y","0142","2","2","0","0","0","2","0","3","0","2","N","","","","","","","","","","","","03","  ","","",""
"1650","0","0","0","0","0","0","0","0","0","1","1","","36","09","2016","2016113087","2","40.1298","-76.4427","1641","08","0","0","0","0","0","0","0","0","","0","1","0","99","1","0","02","0","40 07:47.214","","00","76 26:33.543","0","0","0","0","36230","0","0","0","N","0","0","0","3","36410","0","","1","01","N","N","1","","0","0","1","0","0","","9999","0","3","0","0","0","0","0","1","0","3","N","","","","","","","","","","","","03","  ","","",""
"1823","2","0","0","0","0","0","0","0","0","5","0","","36","10","2016","2016113104","7","40.1688","-76.1503","1820","08","0","0","0","0","0","0","0","0","2","0","0","0","18","1","1","00","1","40 10:07.593","2","00","76 09:01.207","4","0","0","0","36218","0","0","0","N","0","0","0","2","36408","1","","1","01","N","N","0","","0","0","0","0","0","N","1819","1","2","0","0","0","0","0","1","0","2","N","","","","","","","","","","","","03","  ","","",""
"1553","1","0","0","0","0","0","0","0","0","7","0","","36","10","2016","2016113117","5","40.0632","-76.4589","1548","08","0","0","0","1","0","0","0","0","1","0","0","0","15","1","0","00","1","40 03:47.652","5","00","76 27:32.176","0","0","0","0","36239","0","0","0","N","0","0","0","1","36239","0","","5","09","N","N","0","","0","0","0","0","0","N","1547","0","1","0","0","0","0","0","3","0","1","N","","","","","","","","","","","","07","  ","","",""
"1119","1","0","0","0","0","0","0","0","0","1","0","","36","10","2016","2016113197","3","40.1097","-76.0087","1114","08","0","0","0","0","0","0","0","1","2","0","0","0","11","1","2","02","2","40 06:34.848","4","00","76 00:31.484","4","0","0","0","36213","0","0","0","N","0","0","0","2","36213","2","","1","01","N","N","1","","0","0","0","0","0","N","1110","2","2","0","0","0","0","0","1","0","2","N","","","","","","","","","","","","03","  ","","",""
"0618","0","0","0","0","0","0","0","0","0","2","2","","36","10","2016","2016113213","3","40.0215","-76.1879","0611","08","0","0","0","0","0","0","1","0","4","1","2","0","06","2","1","00","2","40 01:17.430","6","00","76 11:16.403","1","0","0","0","36215","0","0","0","N","0","0","0","3","36215","0","2","1","01","N","N","1","0","1","0","0","0","0","Y","0610","1","3","1","0","1","0","0","1","0","3","N","","","","","","","","","","","","03","  ","","",""
"1513","1","0","0","0","0","0","0","0","0","7","0","","36","10","2016","2016113215","5","40.0471","-76.4974","1507","08","0","1","0","0","0","0","0","0","1","0","0","0","15","1","2","00","1","40 02:49.449","2","00","76 29:50.616","8","0","0","0","36239","0","0","0","N","0","0","0","2","36239","0","","4","09","N","N","0","","0","0","0","0","0","N","1507","2","1","0","0","0","2","0","3","0","1","N","","","","","","","","","","","","07","  ","","",""
"0846","1","0","0","0","0","0","0","0","0","7","0","","36","10","2016","2016113248","4","40.0447","-76.3018","0841","08","0","0","0","0","0","0","0","0","2","0","0","0","08","1","1","00","2","40 02:41.066","3","00","76 18:06.362","4","0","0","0","36301","0","0","0","N","0","0","0","4","36301","1","","2","01","N","N","0","","0","0","0","0","0","Y","0840","1","1","0","0","2","0","0","3","0","1","N","","","","","","","","","","","","03","  ","","",""
"0057","2","0","0","0","0","0","0","0","0","5","0","","36","10","2016","2016113308","7","40.0312","-76.2933","0051","08","0","0","0","0","0","0","0","0","3","0","0","0","00","3","0","00","1","40 01:52.147","2","00","76 17:35.944","0","0","0","0","36301","0","0","0","N","0","0","0","1","36301","0","","6","01","N","N","1","","0","0","0","0","0","N","0037","0","3","0","0","0","0","0","3","0","3","N","","","","","","","","","","","","03","  ","","",""
"1648","0","0","0","0","0","0","0","0","0","1","0","","36","10","2016","2016113342","2","40.0382","-76.3035","1643","08","0","0","0","0","0","1","0","0","3","0","0","0","16","1","0","00","2","40 02:17.433","2","00","76 18:12.596","0","0","0","0","36301","0","0","0","","0","0","0","2","36301","0","","1","01","","","1","","0","0","1","0","0","Y","1643","0","2","0","0","0","0","0","3","0","2","N","","","","","","","","","","","","03","  ","","",""
"1541","0","0","0","0","0","0","0","0","0","4","0","","36","10","2016","2016113353","2","40.2119","-76.2347","1532","08","0","0","0","0","0","0","1","0","","0","0","0","15","1","0","00","0","40 12:42.893","","07","76 14:04.814","0","0","0","0","36204","0","0","0","","0","0","0","2","36506","0","","1","01","N","N","2","","0","0","0","0","0","","1532","0","2","0","0","0","0","0","1","0","2","N","","","","","","","","","","","","03","  ","","",""
"1855","1","0","0","0","0","0","0","0","0","1","0","","36","10","2016","2016113354","4","40.1728","-76.3791","1845","08","0","0","1","0","0","0","0","0","1","0","0","0","18","2","0","00","2","40 10:22.247","3","00","76 22:44.789","0","0","0","0","36227","0","0","0","","0","0","0","2","36506","0","","1","01","N","N","0","","0","0","1","0","0","N","1845","0","2","0","0","0","0","0","1","0","2","N","","","","","","","","","","","","03","  ","","",""
"1419","1","0","0","0","0","0","0","0","0","4","0","","36","10","2016","2016113403","6","40.0362","-76.363","1414","08","0","0","0","0","0","0","1","1","","0","0","0","14","1","0","02","0","40 02:10.180","","00","76 21:46.960","0","0","0","0","36223","0","0","0","","0","0","0","2","36223","0","","1","01","N","N","0","","0","0","0","9","3","","1412","0","2","0","0","0","0","0","1","1","2","N","","","","","","","","","","","","03","  ","","",""
"0341","0","0","0","0","0","0","0","0","0","1","0","","36","10","2016","2016113404","7","40.1086","-76.5183","0338","08","0","0","0","0","0","0","0","1","1","0","0","0","03","6","0","00","1","40 06:30.979","4","00","76 31:05.750","0","0","0","0","36413","0","0","0","","0","0","0","1","36413","0","","6","01","N","N","1","","0","0","1","0","0","N","0336","0","2","0","0","0","0","0","2","0","2","N","","","","","","","","","","","","03","  ","","",""
"1824","0","0","0","0","0","0","0","0","0","7","0","","36","10","2016","2016113514","7","40.2665","-76.1178","1822","08","0","0","0","0","0","0","0","0","3","0","0","0","18","3","0","00","2","40 15:59.472","4","00","76 07:04.081","0","0","0","0","36236","0","0","0","N","0","0","0","0","36408","0","","2","01","N","N","0","","0","0","0","0","0","Y","1821","0","1","0","0","0","0","0","1","1","1","N","","","","","","","","","","","","03","  ","","",""
"0127","2","0","0","0","0","0","0","0","0","2","0","","36","10","2016","2016113538","2","40.0702","-76.3421","0121","08","0","0","0","0","0","0","0","0","2","0","0","0","01","3","2","00","1","40 04:12.881","1","00","76 20:31.696","8","0","0","0","36301","0","0","0","N","0","0","0","4","36301","0","","1","01","N","N","0","","0","0","0","0","0","Y","0117","2","2","0","0","1","2","0","3","0","2","N","","","","","","","","","","","","03","  ","","",""
"2020","0","0","0","0","0","0","0","0","0","8","0","","36","10","2016","2016113546","2","40.0294","-76.3074","2019","08","0","0","0","0","0","1","0","0","1","0","0","0","20","3","1","00","1","40 01:46.000","4","00","76 18:26.700","2","0","0","0","36301","1","0","1","N","1","0","1","2","36301","0","","1","01","N","N","0","","0","1","0","0","0","N","2019","1","2","0","0","0","0","0","3","1","1","N","","","","","","","","","","","","03","  ","","",""
"1350","2","0","0","0","0","0","0","0","0","1","0","","36","10","2016","2016113548","5","40.0698","-76.3146","1345","08","0","0","0","0","0","1","0","0","2","0","0","0","13","1","0","00","2","40 04:11.323","3","00","76 18:52.423","0","0","0","0","36101","0","0","0","N","0","0","0","2","36101","0","","1","09","N","N","0","","0","0","0","0","0","Y","1343","0","2","0","0","0","0","0","3","0","2","N","","","","","","","","","","","","07","  ","","",""
"1448","2","0","0","0","0","0","0","0","0","4","0","","36","10","2016","2016113552","1","40.0704","-76.2699","1443","08","0","0","0","0","1","0","0","1","2","0","0","0","14","1","1","01","1","40 04:13.278","4","00","76 16:11.508","3","0","0","0","36101","0","0","0","N","0","0","0","2","36101","0","","1","01","N","N","0","","1","0","0","3","2","N","1440","1","2","0","0","0","0","0","3","0","2","N","","","","","","","","","","","","03","  ","","",""
"2130","0","0","0","0","0","0","0","0","0","8","0","","36","09","2016","2016113558","5","40.0332","-76.3002","2109","08","0","0","0","0","0","0","0","0","1","0","0","0","21","3","1","00","1","40 01:59.667","1","00","76 18:00.871","3","0","0","0","36301","1","0","0","N","1","0","0","2","36301","0","","1","09","N","N","0","","1","0","1","0","0","N","2109","1","2","0","0","0","0","1","3","0","1","N","","","","","","","","","","","","07","  ","","",""
"1520","0","0","0","0","0","0","0","0","0","7","0","","36","10","2016","2016113561","1","40.0933","-76.0211","1516","08","0","0","0","0","0","1","0","0","2","0","0","0","15","1","1","00","2","40 05:35.898","1","00","76 01:15.789","3","0","0","1","36213","0","0","0","N","0","0","0","1","36213","0","","1","01","N","N","0","","1","0","0","0","0","Y","1515","1","1","0","0","0","0","0","1","0","1","N","","","","","","","","","","","","03","  ","","",""
"0640","0","0","0","0","0","0","0","0","0","9","0","","36","10","2016","2016113593","6","40.2331","-76.3227","0600","08","0","0","0","0","0","0","0","0","","0","0","0","06","2","0","00","0","40 13:58.951","","00","76 19:22.370","0","0","0","0","36217","0","0","0","","0","0","0","1","68T06","0","","1","01","N","N","0","","0","0","0","0","0","","0600","0","1","0","0","0","0","0","1","1","1","N","","","","","","","","","","","","03","  ","","",""
"1401","0","0","0","0","0","0","0","0","0","7","0","","36","10","2016","2016113594","6","40.174","-75.9833","1345","08","0","0","0","0","0","0","0","0","2","0","0","0","13","1","0","00","2","40 10:27.896","4","00","75 59:01.896","0","0","0","0","36202","0","0","0","","0","0","0","3","68T06","0","","2","01","N","N","0","","0","0","1","0","0","N","1340","0","1","0","0","0","0","0","1","0","1","N","","","","","","","","","","","","03","  ","","",""
"0740","0","0","0","0","0","0","0","0","0","9","0","","36","10","2016","2016113596","7","40.2313","-76.3396","0734","08","0","0","0","0","0","1","0","0","","0","0","0","07","1","0","00","0","40 13:52.498","","00","76 20:22.819","0","0","0","0","36217","0","0","0","","0","0","0","1","68T06","0","","1","09","N","N","0","","0","0","1","0","0","","0734","0","1","0","0","0","0","0","1","0","1","N","","","","","","","","","","","","07","  ","","",""
"0843","2","0","0","0","0","0","0","0","0","1","0","","36","10","2016","2016113630","4","40.0596","-76.2782","0821","08","0","0","0","0","0","0","0","0","","0","0","0","08","1","0","06","0","40 03:34.684","","02","76 16:41.573","0","0","0","0","36101","0","0","0","N","0","0","0","3","36101","0","","1","01","N","N","0","","0","0","0","3","4","","0819","0","2","0","0","0","0","0","3","0","2","N","","","","","","","","","","","","03","  ","","",""
"1542","2","0","1","0","0","0","0","0","0","1","0","","36","10","2016","2016113634","2","40.2402","-76.0593","1538","08","0","0","0","0","0","1","0","1","","0","0","0","15","1","2","01","0","40 14:24.690","","00","76 03:33.455","2","0","0","0","36401","0","0","0","N","0","0","0","4","36408","0","","1","01","N","N","0","","0","1","1","3","2","","1536","2","3","0","0","0","1","0","1","0","3","N","","","","","","","","","","","","03","  ","","",""
"0710","0","0","0","0","0","0","0","0","0","9","0","","36","11","2016","2016113666","3","40.0903","-76.2639","0638","08","0","0","0","0","0","0","0","0","","0","0","0","06","2","0","00","0","40 05:24.939","","00","76 15:50.004","0","0","0","0","36101","0","0","0","N","0","0","0","1","36101","0","","1","01","N","N","1","","0","0","0","0","0","","0635","0","1","0","0","0","0","0","3","0","1","N","","","","","","","","","","","","03","  ","","",""
"0619","0","0","0","0","0","0","0","0","0","7","0","","36","11","2016","2016113667","3","40.2041","-76.1187","0616","08","0","0","0","0","0","0","0","0","","0","0","0","06","2","1","00","0","40 12:14.586","","00","76 07:07.216","3","0","0","0","36210","0","0","0","Y","0","0","0","1","36210","0","","2","01","N","N","0","","1","0","1","0","0","","0613","1","1","0","0","0","0","0","1","0","1","N","","","","","","","","","","","","03","  ","","",""
"0430","2","0","0","0","0","0","0","0","0","5","0","","36","09","2016","2016113699","5","40.1111","-76.5091","0426","08","0","0","0","0","0","0","0","0","","0","0","0","04","3","0","00","0","40 06:39.879","","00","76 30:32.718","0","0","0","0","36413","0","0","0","N","0","0","0","1","36413","0","","6","09","N","N","0","","0","0","1","0","0","","0424","0","3","0","0","0","0","0","2","0","3","N","","","","","","","","","","","","07","  ","","",""
"0715","1","0","0","0","0","0","0","0","0","1","0","","36","10","2016","2016113719","4","40.1419","-76.5538","0709","08","0","0","0","0","0","1","0","0","","0","0","0","07","1","1","06","0","40 08:24.560","","02","76 33:05.212","4","0","0","0","36225","0","0","0","N","0","0","0","2","36505","1","","1","01","N","N","0","","0","0","1","9","4","","0705","1","2","0","0","0","0","0","2","0","2","N","","","","","","","","","","","","03","  ","","",""
"1555","1","0","0","0","0","0","0","0","0","4","0","","36","10","2016","2016113758","2","40.0606","-76.2768","1548","08","0","1","0","0","0","0","0","0","2","0","0","0","15","1","0","01","2","40 03:38.256","4","02","76 16:36.560","0","0","0","0","36101","0","0","0","N","0","0","0","2","36101","0","","1","01","N","N","1","","0","0","0","3","2","N","1544","0","2","0","0","0","0","0","3","0","2","N","","","","","","","","","","","","03","  ","","",""
"1336","1","0","0","0","0","0","0","0","0","4","0","","36","11","2016","2016113769","3","40.0402","-76.2996","1334","08","0","0","0","0","0","0","1","0","2","0","0","0","13","1","1","01","2","40 02:24.760","4","00","76 17:58.555","3","0","0","0","36301","0","0","0","N","0","0","0","2","36301","0","","1","01","N","N","0","","1","0","1","3","3","Y","1334","1","2","0","0","0","0","0","3","0","2","N","","","","","","","","","","","","03","  ","","",""
"0339","4","0","0","0","0","0","0","0","0","1","0","","36","10","2016","2016113777","7","40.1551","-76.6083","0335","08","0","0","0","0","0","0","0","0","3","0","0","0","03","3","0","00","2","40 09:18.358","5","07","76 36:29.991","0","0","0","0","36407","0","0","0","N","0","0","0","1","36407","0","","1","01","N","N","0","","0","0","0","0","0","Y","0335","0","4","0","0","0","0","0","2","0","4","N","","","","","","","","","","","","03","  ","","",""
"0051","1","0","0","0","0","0","0","0","0","7","0","","36","11","2016","2016114017","3","40.2154","-76.1451","0051","08","0","0","0","0","0","0","1","0","2","0","0","0","00","2","0","00","1","40 12:55.344","1","00","76 08:42.534","0","0","0","0","36210","0","0","0","N","0","0","0","1","36210","0","","4","01","N","N","0","","0","0","0","0","0","N","0045","0","1","0","0","0","0","0","1","0","1","N","","","","","","","","","","","","03","  ","","",""
"1823","0","0","0","0","0","0","0","0","0","7","0","","36","11","2016","2016114018","3","40.0205","-76.3198","1819","08","0","0","0","0","0","0","0","0","2","0","0","0","18","4","1","00","1","40 01:13.954","2","00","76 19:11.136","4","0","0","0","36301","0","0","0","N","0","0","0","1","36301","1","","5","01","N","N","0","","0","0","1","0","0","N","1818","1","1","0","0","0","0","0","3","0","1","N","","","","","","","","","","","","03","  ","","",""
"0642","3","0","0","0","0","0","0","0","0","1","0","","36","10","2016","2016114023","5","40.1455","-76.5582","0640","08","0","0","0","0","0","1","0","0","2","0","0","0","06","2","1","06","1","40 08:49.735","4","02","76 33:37.626","4","0","0","0","36225","0","0","0","N","0","0","0","7","36505","1","","1","09","N","N","1","","0","0","0","3","4","N","0637","1","4","0","0","0","0","0","2","0","4","N","","","","","","","","","","","","07","  ","","",""
"1725","1","0","0","0","0","0","0","0","0","7","0","","36","10","2016","2016114061","6","40.2281","-76.464","1715","08","0","0","0","0","0","0","0","0","","0","0","0","17","1","2","00","0","40 13:41.564","","00","76 27:47.573","3","0","0","0","36230","0","0","0","","0","0","0","2","68T06","0","","2","08","N","N","0","","1","0","0","0","0","","1710","2","1","0","0","0","1","0","1","0","1","N","","","","","","","","","","","","07","  ","","",""
"2346","1","0","0","0","0","0","0","0","0","9","0","","36","10","2016","2016114064","1","40.2131","-76.0584","2330","08","0","0","0","0","0","0","0","0","","0","0","0","23","2","0","00","0","40 12:47.106","","00","76 03:30.055","0","0","0","0","36202","0","0","0","","0","0","0","1","68T06","0","","1","01","N","N","0","","0","0","0","0","0","","2328","0","1","0","0","0","0","0","1","0","1","N","","","","","","","","","","","","03","  ","","",""
"0110","1","0","0","0","0","0","0","0","0","9","0","","36","10","2016","2016114065","2","40.2279","-76.4658","0050","08","0","0","0","0","0","0","0","0","2","0","0","0","00","2","0","00","1","40 13:40.823","4","00","76 27:54.513","0","0","0","0","36230","0","0","0","","0","0","0","1","68T06","0","","1","01","N","N","0","","0","0","0","0","0","N","0048","0","1","0","0","0","0","0","1","0","1","N","","","","","","","","","","","","03","  ","","",""
"1602","0","1","0","0","0","0","0","0","0","7","0","","36","10","2016","2016114103","6","40.0032","-76.4519","1556","08","0","0","0","0","0","1","0","0","3","1","0","0","15","1","0","01","2","40 00:11.365","6","00","76 27:06.746","1","0","0","0","36223","0","0","0","","0","0","0","1","36223","0","2","4","09","N","N","1","0","0","0","0","3","3","Y","1553","0","1","0","0","0","0","0","1","0","1","N","","","","","","","","","","","","07","  ","","",""
"0332","0","0","0","0","0","0","0","0","0","9","1","","36","10","2016","2016114113","4","40.2311","-76.3414","0313","08","0","0","0","0","0","0","0","0","","0","1","0","03","2","0","00","0","40 13:51.883","","00","76 20:30.082","0","0","0","0","36217","0","0","0","","0","0","0","1","68T06","0","","1","01","N","N","0","","0","0","0","0","0","","0311","0","1","0","0","0","0","0","1","0","1","N","","","","","","","","","","","","03","  ","","",""
"1240","1","0","0","0","0","0","0","0","0","7","0","","36","10","2016","2016114129","4","40.1582","-76.1532","1237","08","0","0","0","0","0","0","0","0","3","0","0","0","12","1","0","00","1","40 09:29.506","1","00","76 09:11.416","0","0","0","0","36238","0","0","0","Y","0","0","0","2","36238","0","","5","01","N","N","0","","0","0","0","0","0","Y","1240","0","1","0","0","2","0","0","3","0","1","N","","","","","","","","","","","","03","  ","","",""