"ARRIVAL_TM","AUTOMOBILE_COUNT","BELTED_DEATH_COUNT","BELTED_SUSP_SERIOUS_INJ_COUNT","BICYCLE_COUNT","BICYCLE_DEATH_COUNT","BICYCLE_SUSP_SERIOUS_INJ_COUNT","BUS_COUNT","CHLDPAS_DEATH_COUNT","CHLDPAS_SUSP_SERIOUS_INJ_COUNT","COLLISION_TYPE","COMM_VEH_COUNT","CONS_ZONE_SPD_LIM","COUNTY","CRASH_MONTH","CRASH_YEAR","CRN","DAY_OF_WEEK","DEC_LAT","DEC_LONG","DISPATCH_TM","DISTRICT","DRIVER_COUNT_16YR","DRIVER_COUNT_17YR","DRIVER_COUNT_18YR","DRIVER_COUNT_19YR","DRIVER_COUNT_20YR","DRIVER_COUNT_50_64YR","DRIVER_COUNT_65_74YR","DRIVER_COUNT_75PLUS","EST_HRS_CLOSED","FATAL_COUNT","HEAVY_TRUCK_COUNT","HORSE_BUGGY_COUNT","HOUR_OF_DAY","ILLUMINATION","INJURY_COUNT","INTERSECT_TYPE","LANE_CLOSED","LATITUDE","LN_CLOSE_DIR","LOCATION_TYPE","LONGITUDE","MAX_SEVERITY_LEVEL","MCYCLE_DEATH_COUNT","MCYCLE_SUSP_SERIOUS_INJ_COUNT","MOTORCYCLE_COUNT","MUNICIPALITY","NONMOTR_COUNT","NONMOTR_DEATH_COUNT","NONMOTR_SUSP_SERIOUS_INJ_COUNT","NTFY_HIWY_MAINT","PED_COUNT","PED_DEATH_COUNT","PED_SUSP_SERIOUS_INJ_COUNT","PERSON_COUNT","POLICE_AGCY","POSSIBLE_INJ_COUNT","RDWY_SURF_TYPE_CD","RELATION_TO_ROAD","ROAD_CONDITION","SCH_BUS_IND","SCH_ZONE_IND","SMALL_TRUCK_COUNT","SPEC_JURIS_CD","SUSP_MINOR_INJ_COUNT","SUSP_SERIOUS_INJ_COUNT","SUV_COUNT","TCD_FUNC_CD","TCD_TYPE","TFC_DETOUR_IND","TIME_OF_DAY","TOT_INJ_COUNT","TOTAL_UNITS","UNB_DEATH_COUNT","UNB_SUSP_SERIOUS_INJ_COUNT","UNBELTED_OCC_COUNT","UNK_INJ_DEG_COUNT","UNK_INJ_PER_COUNT","URBAN_RURAL","VAN_COUNT","VEHICLE_COUNT","WORK_ZONE_IND","WORK_ZONE_LOC","WORK_ZONE_TYPE","WORKERS_PRES","WZ_CLOSE_DETOUR","WZ_FLAGGER","WZ_LAW_OFFCR_IND","WZ_LN_CLOSURE","WZ_MOVING","WZ_OTHER","WZ_SHLDER_MDN","ROADWAY_CLEARED","WEATHER1","WEATHER2","WZ_WORKERS_INJ_KILLED","SECONDARY_CRASH","INTERSECTION_RELATED"
"0740","3","0","0","0","0","0","0","0","0","4","0","35","36","10","2016","2016114150","2","40.0553","-76.5255","0726","08","0","0","0","0","0","1","0","0","2","0","0","0","07","1","0","00","1","40 03:19.169","5","03","76 31:31.685","0","0","0","0","36211","0","0","0","N","0","0","0","3","36504","0","","1","01","N","N","0","","0","0","0","0","0","N","0726","0","3","0","0","2","0","0","1","0","3","Y","4","1","Y","","","N","","","","","","03","  ","","",""
"1008","1","0","0","0","0","0","0","0","0","4","0","","36","10","2016","2016114164","6","40.0577","-76.3544","0957","08","0","0","0","0","0","0","0","0","2","0","0","0","09","1","0","01","1","40 03:27.716","2","00","76 21:15.753","0","0","0","0","36214","0","0","0","N","0","0","0","2","36214","0","","1","01","N","N","0","","0","0","1","3","3","N","0955","0","3","0","0","0","0","0","3","0","2","N","","","","","","","","","","","","03","  ","","",""
"0718","2","0","0","0","0","0","0","0","0","4","0","","36","10","2016","2016114171","6","40.0392","-76.3088","0718","08","0","0","0","0","0","0","0","0","","0","0","0","07","1","1","01","0","40 02:21.261","","00","76 18:31.568","8","0","0","0","36301","0","0","0","N","0","0","0","3","36301","0","","1","01","N","N","0","","0","0","0","3","3","","0718","1","2","0","0","0","1","0","3","0","2","N","","","","","","","","","","","","03","  ","","",""
"1302","2","0","0","0","0","0","0","0","0","1","0","","36","10","2016","2016114175","7","40.0843","-76.2239","1246","08","0","0","0","0","0","1","0","0","","0","0","0","12","1","0","02","0","40 05:03.562","","00","76 13:25.981","0","0","0","0","36234","0","0","0","N","0","0","0","2","36215","0","","1","01","N","N","0","","0","0","0","3","2","","1246","0","2","0","0","0","0","0","1","0","2","N","","","","","","","","","","","","03","  ","","",""
"1814","1","0","0","0","0","0","0","0","0","4","0","","36","10","2016","2016114233","2","40.0606","-76.3063","1814","08","0","1","0","0","0","1","0","0","","0","0","0","17","1","0","01","0","40 03:38.254","","00","76 18:22.514","0","0","0","0","36101","0","0","0","N","0","0","0","2","36101","0","","1","01","N","N","1","","0","0","0","3","2","","1750","0","2","0","0","0","0","0","3","0","2","N","","","","","","","","","","","","03","  ","","",""
"1456","1","0","0","0","0","0","0","0","0","1","0","","36","11","2016","2016114248","4","40.1031","-76.3054","1443","08","0","0","0","0","0","0","0","0","","0","0","0","14","1","0","00","0","40 06:11.190","","00","76 18:19.433","0","0","0","0","36101","0","0","0","N","0","0","0","4","36101","0","","1","01","N","N","0","","0","0","2","0","0","","1442","0","3","0","0","0","0","0","3","0","3","N","","","","","","","","","","","","03","  ","","",""
"1528","0","0","0","0","0","0","0","0","0","4","0","","36","11","2016","2016114256","4","40.0577","-76.3544","1515","08","0","0","0","0","0","0","0","0","2","0","0","0","15","1","2","01","2","40 03:27.716","5","00","76 21:15.753","4","0","0","0","36214","0","0","0","N","0","0","0","2","36214","2","","1","01","N","N","0","","0","0","2","3","3","Y","1514","2","2","0","0","0","0","0","3","0","2","N","","","","","","","","","","","","03","  ","","",""
"0823","1","0","0","1","0","0","0","0","0","2","0","","36","10","2016","2016114285","2","40.0382","-76.3414","0818","08","0","0","0","0","0","0","0","0","","0","0","0","08","1","1","01","0","40 02:17.361","","00","76 20:28.994","3","0","0","0","36220","1","0","0","N","0","0","0","2","36101","0","","2","01","N","N","0","","1","0","0","3","2","","0818","1","2","0","0","0","0","0","3","0","1","N","","","","","","","","","","","","03","  ","","",""
"0731","1","0","0","0","0","0","0","0","0","4","0","","36","10","2016","2016114332","7","39.8078","-76.1863","0706","08","0","0","0","0","0","0","0","0","","0","0","0","06","2","0","00","0","39 48:27.997","","00","76 11:10.543","0","0","0","0","36212","0","0","0","","0","0","0","1","68J01","0","","4","01","N","N","0","","0","0","1","0","0","","0656","0","2","0","0","0","0","0","1","0","2","N","","","","","","","","","","","","03","  ","","",""
"1319","0","0","0","0","0","0","0","0","0","7","0","","36","08","2016","2016114370","6","39.8936","-76.1931","1308","08","0","0","0","0","0","0","0","0","2","0","0","0","13","1","0","02","1","39 53:37.035","1","00","76 11:35.164","0","0","0","0","36229","0","0","0","","0","0","0","1","68J01","0","","4","01","N","N","0","","0","0","1","0","0","Y","1300","0","1","0","0","1","0","0","1","0","1","N","","","","","","","","","","","","03","  ","","",""
"1603","2","0","0","0","0","0","0","0","0","4","0","","36","10","2016","2016114436","1","39.9042","-76.242","1549","08","0","0","1","0","0","0","0","0","","0","0","0","15","1","1","00","0","39 54:15.263","","00","76 14:31.124","3","0","0","0","36229","0","0","0","","0","0","0","2","68J01","0","","1","01","N","N","0","","1","0","0","0","0","","1548","1","2","0","0","0","0","0","1","0","2","N","","","","","","","","","","","","03","  ","","",""
"0715","1","0","0","0","0","0","0","0","0","7","0","","36","10","2016","2016114440","2","39.9728","-76.1804","0708","08","0","0","0","0","0","0","1","0","","0","0","0","07","5","2","00","0","39 58:22.183","","00","76 10:49.613","8","0","0","0","36233","0","0","0","","0","0","0","2","68J01","0","","4","01","N","N","0","","0","0","0","0","0","","0705","2","1","0","0","0","2","0","1","0","1","N","","","","","","","","","","","","03","  ","","",""
"0354","2","0","0","0","0","0","0","0","0","4","0","","36","10","2016","2016114506","2","40.216","-76.0902","0352","08","0","0","0","0","0","0","0","0","","0","0","0","03","3","0","01","0","40 12:57.429","","02","76 05:24.644","0","0","0","0","36210","0","0","0","N","0","0","0","2","36210","0","","1","01","N","N","0","","0","0","0","3","2","","0348","0","2","0","0","0","0","0","1","0","2","N","","","","","","","","","","","","03","  ","","",""
"1833","0","0","0","0","0","0","0","0","0","0","0","","36","10","2016","2016114516","3","40.0186","-76.2013","1820","08","0","0","0","0","0","0","0","0","","0","0","0","18","4","0","01","0","40 01:06.801","","00","76 12:04.683","0","0","0","1","36215","0","0","0","N","0","0","0","3","36215","0","","1","01","N","N","0","","0","0","1","3","3","","1813","0","2","0","0","0","0","0","1","0","2","N","","","","","","","","","","","","03","  ","","",""
"1247","2","0","0","0","0","0","0","0","0","2","0","","36","10","2016","2016114519","2","40.1098","-76.4798","1239","08","0","0","0","0","0","0","0","0","1","0","0","0","12","1","2","01","1","40 06:35.270","6","00","76 28:47.275","8","0","0","0","36230","0","0","0","N","0","0","0","2","36410","0","","1","01","N","N","0","","0","0","0","3","2","N","1236","2","2","0","0","0","2","0","1","0","2","N","","","","","","","","","","","","03","  ","","",""
"1842","2","0","0","0","0","0","0","0","0","1","0","","36","10","2016","2016114523","1","40.0385","-76.3107","1836","08","0","0","0","0","0","1","0","0","2","0","0","0","18","3","0","00","1","40 02:18.596","1","00","76 18:38.368","0","0","0","0","36301","0","0","0","N","0","0","0","3","36301","0","","1","09","N","N","0","","0","0","0","3","2","N","1829","0","2","0","0","0","0","0","3","0","2","N","","","","","","","","","","","","07","  ","","",""
"1659","0","0","0","0","0","0","0","0","0","9","0","","36","10","2016","2016114524","5","39.9915","-76.3611","1655","08","0","0","0","0","0","0","0","0","","0","0","0","16","1","0","00","0","39 59:29.262","","00","76 21:39.808","0","0","0","0","36412","0","0","0","N","0","0","0","2","36412","0","","1","01","N","N","1","","0","0","1","0","0","","1650","0","2","0","0","0","0","0","3","0","2","N","","","","","","","","","","","","03","  ","","",""
"1633","1","0","0","0","0","0","0","0","0","4","0","","36","10","2016","2016114533","2","40.0297","-76.2294","1626","08","0","0","0","0","0","0","0","0","","0","0","0","16","1","0","00","0","40 01:46.844","","07","76 13:45.892","0","0","0","0","36215","0","0","0","N","0","0","0","3","36215","0","","1","01","N","N","0","","0","0","1","0","0","","1626","0","2","0","0","0","0","0","1","0","2","N","","","","","","","","","","","","03","  ","","",""
"1710","1","0","0","0","0","0","0","0","0","7","0","","36","10","2016","2016114614","1","40.1129","-76.4456","1705","08","0","0","0","0","0","0","0","0","2","0","0","0","17","1","0","00","1","40 06:46.450","4","00","76 26:44.196","0","0","0","0","36230","0","0","0","Y","0","0","0","1","36410","0","","3","09","N","N","0","","0","0","0","0","0","N","1700","0","1","0","0","0","0","0","1","0","1","N","","","","","","","","","","","","07","  ","","",""
"1740","2","0","0","0","0","0","0","0","0","1","0","","36","11","2016","2016114633","4","40.0611","-76.3558","1735","08","0","0","0","0","0","1","0","0","2","0","0","0","17","1","2","00","1","40 03:40.070","4","00","76 21:20.835","8","0","0","0","36214","0","0","0","N","0","0","0","3","36214","0","","1","01","N","N","0","","0","0","1","0","0","N","1729","2","3","0","0","0","2","0","3","0","3","N","","","","","","","","","","","","03","  ","","",""
"0724","1","0","0","0","0","0","0","0","0","4","0","","36","11","2016","2016114654","5","40.0403","-76.245","0716","08","0","0","0","0","0","1","0","1","2","0","0","0","07","5","1","06","1","40 02:25.231","4","02","76 14:41.992","4","0","0","0","36215","0","0","0","N","0","0","0","2","36215","1","","1","01","N","N","0","","0","0","1","0","0","N","0712","1","2","0","0","0","0","0","1","0","2","N","","","","","","","","","","","","03","  ","","",""
"1219","0","0","0","0","0","0","0","0","0","7","0","","36","11","2016","2016114720","5","40.054","-76.2958","1210","08","0","0","0","0","0","0","0","0","1","0","0","0","12","1","1","03","1","40 03:14.403","2","00","76 17:44.847","3","0","0","0","36101","0","0","0","N","0","0","0","1","36101","0","","4","09","N","N","1","","1","0","0","0","0","N","1205","1","1","0","0","0","0","0","3","0","1","N","","","","","","","","","","","","07","  ","","",""
"1919","1","0","0","0","0","0","0","0","0","4","0","","36","10","2016","2016114728","2","39.9858","-76.3154","1916","08","0","0","0","0","0","0","0","0","1","0","0","0","19","3","2","01","2","39 59:09.014","3","00","76 18:55.276","4","0","0","0","36228","0","0","0","N","0","0","0","4","36503","2","","1","01","N","N","1","","0","0","0","3","2","Y","1910","2","2","0","0","0","0","0","1","0","2","N","","","","","","","","","","","","03","  ","","",""
"1755","1","0","0","0","0","0","0","0","0","4","0","","36","11","2016","2016114731","4","40.0653","-76.3457","1748","08","0","0","0","0","0","0","0","0","","0","0","0","17","1","0","00","0","40 03:55.185","","07","76 20:44.654","0","0","0","0","36101","0","0","0","N","0","0","0","6","36101","0","","1","01","N","N","0","","0","0","1","0","0","","1743","0","2","0","0","0","0","0","3","0","2","N","","","","","","","","","","","","03","  ","","",""
"1304","0","0","0","0","0","0","0","0","0","7","0","","36","11","2016","2016114733","5","","","1301","08","0","0","0","0","0","0","0","0","2","0","0","0","12","1","1","00","2","40 03:58.1","6","07","76 19:05.1","3","0","0","0","36301","0","0","0","N","0","0","0","2","36301","0","","4","09","N","N","0","","1","0","1","0","0","Y","1259","1","1","0","0","0","0","0","3","0","1","N","","","","","","","","","","","","07","  ","","",""
"1537","1","0","0","0","0","0","0","0","0","4","0","","36","11","2016","2016114739","4","40.0685","-76.3074","1531","08","0","0","0","0","0","0","1","0","2","0","0","0","15","1","0","01","1","40 04:06.605","2","00","76 18:27.559","0","0","0","0","36101","0","0","0","N","0","0","0","3","36101","0","","1","01","N","N","0","","0","0","1","3","2","N","1525","0","2","0","0","0","0","0","3","0","2","N","","","","","","","","","","","","03","  ","","",""
"1621","1","0","0","0","0","0","0","0","0","7","0","","36","10","2016","2016114747","1","40.1477","-76.1833","1615","08","0","0","0","0","0","0","0","0","3","0","0","0","16","1","3","00","1","40 08:51.756","5","00","76 10:59.858","3","0","0","0","36238","0","0","0","N","0","0","0","3","36238","0","","5","01","N","N","0","","3","0","0","0","0","N","1615","3","1","0","0","1","0","0","3","0","1","N","","","","","","","","","","","","03","  ","","",""
"1155","1","0","0","0","0","0","0","0","0","7","0","","36","11","2016","2016114755","5","40.1633","-76.5552","1149","08","0","0","1","0","0","0","0","0","2","0","0","0","11","1","2","00","2","40 09:47.730","1","00","76 33:18.610","4","0","0","0","36225","0","0","0","N","0","0","0","2","36505","2","","4","09","N","N","0","","0","0","0","0","0","Y","1148","2","1","0","0","0","0","0","2","0","1","N","","","","","","","","","","","","07","  ","","",""
"1300","2","0","0","0","0","0","0","0","0","1","0","","36","10","2016","2016114776","1","40.0521","-76.0664","1250","08","0","0","0","0","0","0","1","0","","0","0","0","12","1","1","00","0","40 03:07.449","","00","76 03:59.017","4","0","0","0","36221","0","0","0","","0","0","0","2","68J01","1","","1","01","N","N","0","","0","0","0","0","0","","1248","1","2","0","0","0","0","0","1","0","2","N","","","","","","","","","","","","03","  ","","",""
"0056","0","0","0","0","0","0","0","0","0","7","0","","36","10","2016","2016114778","3","40.0097","-76.1284","0053","08","0","0","0","0","0","0","0","0","3","0","0","0","00","3","0","00","2","40 00:34.990","3","00","76 07:42.181","0","0","0","0","36226","0","0","0","","0","0","0","1","68J01","0","","4","01","N","N","1","","0","0","0","0","0","N","0050","0","1","0","0","0","0","0","1","0","1","N","","","","","","","","","","","","03","  ","","",""
"1524","0","0","0","0","0","0","0","0","0","0","1","","36","10","2016","2016114792","5","39.8847","-76.2029","1501","08","0","0","0","0","0","0","0","0","2","0","1","0","14","1","0","00","2","39 53:04.745","6","00","76 12:10.568","0","0","0","0","36212","0","0","0","","0","0","0","1","68J01","0","","4","09","N","N","0","","0","0","0","0","0","Y","1449","0","1","0","0","0","0","0","1","0","1","N","","","","","","","","","","","","07","  ","","",""
"1538","0","0","0","0","0","0","0","0","0","7","0","","36","10","2016","2016114793","5","40.2254","-76.3002","1500","08","0","0","0","0","0","0","0","0","","0","0","0","15","8","1","00","0","40 13:31.539","","00","76 18:00.743","3","0","0","0","36217","0","0","0","","0","0","0","5","68J01","0","","5","09","N","N","1","","1","0","0","0","0","","1500","1","1","0","0","0","0","0","1","0","1","N","","","","","","","","","","","","07","  ","","",""
"1720","1","0","0","0","0","0","0","0","0","4","0","","36","10","2016","2016114838","6","40.0112","-76.1358","1716","08","0","0","0","0","0","0","0","0","","0","0","0","17","1","2","01","0","40 00:40.355","","00","76 08:08.950","8","0","0","0","36226","0","0","0","","0","0","0","5","68J01","0","","1","01","N","N","0","","0","0","0","3","3","","1716","2","3","0","0","0","2","0","1","2","3","N","","","","","","","","","","","","03","  ","","",""
"1739","1","0","0","0","0","0","0","0","0","1","0","","36","10","2016","2016114845","3","39.7812","-76.1792","1659","08","0","0","0","0","0","0","0","0","3","0","0","0","16","1","0","00","2","39 46:52.427","5","07","76 10:45.190","0","0","0","0","36219","0","0","0","","0","0","0","4","68J01","0","","1","01","N","N","1","","0","0","1","0","0","Y","1657","0","3","0","0","0","0","0","1","0","3","N","","","","","","","","","","","","03","  ","","",""
"1756","1","0","0","0","0","0","0","0","0","1","0","","36","10","2016","2016114846","3","39.9451","-76.0904","1736","08","0","0","0","0","0","1","0","0","","0","0","0","17","1","0","00","0","39 56:42.260","","00","76 05:25.336","0","0","0","0","36201","0","0","0","","0","0","0","2","68J01","0","","1","01","N","N","0","","0","0","1","0","0","","1735","0","2","0","0","0","0","0","1","0","2","N","","","","","","","","","","","","03","  ","","",""
"1705","0","0","0","0","0","0","0","0","0","4","0","","36","10","2016","2016114848","5","39.8542","-76.1859","1659","08","0","0","0","0","0","0","0","0","2","0","0","0","16","1","0","01","1","39 51:15.174","7","00","76 11:09.176","0","0","0","0","36212","0","0","0","","0","0","0","2","68J01","0","","1","09","N","N","0","","0","0","2","3","3","N","1657","0","2","0","0","1","0","0","1","0","2","N","","","","","","","","","","","","07","  ","","",""
"1107","2","0","0","0","0","0","0","0","0","4","0","","36","10","2016","2016114854","6","39.7493","-76.164","1054","08","0","0","0","1","0","0","0","1","1","0","0","0","10","1","0","01","1","39 44:57.547","3","00","76 09:50.312","0","0","0","0","36219","0","0","0","","0","0","0","3","68J01","0","","1","01","N","N","0","","0","0","0","3","3","N","1054","0","2","0","0","0","0","0","1","0","2","N","","","","","","","","","","","","03","  ","","",""
"1402","0","0","0","0","0","0","0","0","0","1","0","","36","10","2016","2016114855","6","39.9039","-76.2419","1335","08","0","0","0","0","0","1","0","0","2","0","0","0","13","1","3","02","1","39 54:13.976","2","00","76 14:30.883","8","0","0","0","36229","0","0","0","","0","0","0","4","68J01","0","","1","01","N","N","0","","0","0","1","0","0","N","1332","3","2","0","0","0","3","0","1","1","2","N","","","","","","","","","","","","03","  ","","",""
"1913","2","0","0","0","0","0","0","0","0","4","0","","36","10","2016","2016114858","6","39.9817","-76.0169","1902","08","0","0","0","0","1","0","0","0","","0","0","0","18","3","0","00","0","39 58:54.002","","00","76 01:00.924","0","0","0","0","36232","0","0","0","","0","0","0","4","68J01","0","","1","01","N","N","0","","0","0","0","0","0","","1856","0","2","0","0","0","0","0","1","0","2","N","","","","","","","","","","","","03","  ","","",""
"1328","0","0","0","0","0","0","0","0","0","0","0","","36","10","2016","2016114860","7","40.1964","-76.3036","1312","08","0","0","0","0","0","0","0","0","","0","0","0","13","1","0","00","0","40 11:47.170","","00","76 18:13.099","0","0","0","0","36217","0","0","0","","0","0","0","1","68J01","0","","5","01","N","N","1","","0","0","0","0","0","","1312","0","1","0","0","0","0","0","1","0","1","N","","","","","","","","","","","","03","  ","","",""
"0435","0","0","0","0","0","0","0","0","0","0","1","","36","11","2016","2016114888","5","39.9821","-76.0195","0424","08","0","0","0","0","0","0","0","0","","0","1","0","04","2","0","00","0","39 58:55.510","","00","76 01:10.370","0","0","0","0","36232","0","0","0","","0","0","0","1","68J01","0","","2","01","N","N","0","","0","0","0","0","0","","0423","0","1","0","0","0","0","0","1","0","1","N","","","","","","","","","","","","05","  ","","",""
"1700","2","0","0","0","0","0","0","0","0","1","0","","36","11","2016","2016114890","5","40.0743","-76.321","1645","08","0","0","0","0","0","1","0","0","","0","0","0","16","1","1","00","0","40 04:27.515","","00","76 19:15.725","4","0","0","0","36101","0","0","0","N","0","0","0","3","36101","1","","1","01","N","N","0","","0","0","1","0","0","","1642","1","3","0","0","0","0","0","3","0","3","N","","","","","","","","","","","","03","  ","","",""
"0237","2","0","0","0","0","0","0","0","0","5","0","","36","10","2016","2016114949","1","40.0403","-76.2986","0149","08","0","0","0","0","0","0","0","0","1","0","0","0","01","3","0","00","1","40 02:25.104","4","00","76 17:55.086","0","0","0","0","36301","0","0","0","N","0","0","0","1","36301","0","","2","01","N","N","0","","0","0","1","0","0","N","0149","0","3","0","0","0","0","0","3","0","3","N","","","","","","","","","","","","03","  ","","",""
"0756","2","0","0","0","0","0","0","0","0","1","0","","36","11","2016","2016114971","5","40.1503","-76.2385","0741","08","0","0","0","0","0","1","0","0","1","0","0","0","07","1","0","02","1","40 09:01.231","3","00","76 14:18.605","0","0","0","0","36235","0","0","0","","0","0","0","3","36506","0","","1","01","N","N","0","","0","0","1","0","0","N","0741","0","3","0","0","0","0","0","1","0","3","N","","","","","","","","","","","","03","  ","","",""
"1326","0","0","0","0","0","0","0","0","0","7","0","","36","11","2016","2016115032","5","40.1574","-76.5208","1319","08","0","0","0","0","0","0","0","0","2","0","0","0","13","1","1","00","2","40 09:26.606","6","00","76 31:14.869","4","0","0","0","36225","0","0","0","N","0","0","0","1","36505","1","","4","09","N","N","0","","0","0","1","0","0","Y","1315","1","1","0","0","0","0","0","2","0","1","N","","","","","","","","","","","","03","  ","","",""
"1107","0","0","0","0","0","0","0","0","0","8","0","","36","10","2016","2016115052","5","40.0506","-76.3192","1105","08","0","0","0","0","0","1","0","0","2","0","0","0","11","1","1","00","2","40 03:02.265","3","00","76 19:09.227","3","0","0","0","36301","1","0","0","N","1","0","0","3","36301","0","","1","01","N","N","0","","1","0","1","0","0","Y","1104","1","3","0","0","0","0","0","3","1","2","N","","","","","","","","","","","","03","  ","","",""
"0701","1","0","0","0","0","0","0","0","0","1","0","","36","11","2016","2016115062","6","39.9713","-76.3047","0657","08","0","0","0","0","0","0","0","0","1","0","0","0","06","1","0","00","1","39 58:16.567","2","00","76 18:17.013","0","0","0","0","36228","0","0","0","N","0","0","0","2","36503","0","","1","01","N","N","0","","0","0","1","0","0","Y","0650","0","2","0","0","0","0","0","1","0","2","N","","","","","","","","","","","","03","  ","","",""
"1340","0","0","0","0","0","0","0","0","0","7","0","","36","11","2016","2016115078","3","40.2739","-76.1124","1338","08","0","0","0","0","0","0","1","0","","0","0","0","13","1","1","00","0","40 16:25.967","","00","76 06:44.647","8","0","0","0","36236","0","0","0","N","0","0","0","1","36408","0","","5","01","N","N","1","","0","0","0","0","0","","1335","1","1","0","0","0","1","0","1","0","1","N","","","","","","","","","","","","03","  ","","",""
"1928","2","0","0","0","0","0","0","0","0","4","0","","36","11","2016","2016115090","4","40.1737","-76.3384","1923","08","1","0","1","0","0","0","0","0","2","0","0","0","19","2","2","01","1","40 10:25.198","6","00","76 20:18.137","3","0","0","0","36227","0","0","0","","0","0","0","2","36506","0","","1","01","N","N","0","","2","0","0","3","3","N","1923","2","2","0","0","0","0","0","1","0","2","N","","","","","","","","","","","","03","  ","","",""
"1741","1","0","0","0","0","0","0","0","0","1","0","","36","10","2016","2016115154","2","40.0649","-76.3367","1728","08","0","0","0","0","0","1","0","0","","0","0","0","16","1","0","00","0","40 03:53.624","","00","76 20:12.118","0","0","0","0","36301","0","0","0","N","0","0","0","2","36301","0","","1","01","N","N","0","","0","0","1","0","0","","1643","0","2","0","0","0","0","0","3","0","2","N","","","","","","","","","","","","03","  ","","",""
"1730","0","0","0","0","0","0","0","0","0","4","0","","36","09","2016","2016115173","2","39.8607","-76.0914","1704","08","0","0","1","0","0","1","0","1","2","0","0","0","17","1","0","01","1","39 51:38.462","6","00","76 05:28.941","0","0","0","0","36205","0","0","0","","0","0","0","3","68J01","0","","1","01","N","N","1","","0","0","2","3","3","N","1700","0","3","0","0","0","0","0","1","0","3","N","","","","","","","","","","","","03","  ","","",""
"1235","1","0","0","0","0","0","0","0","0","1","0","","36","10","2016","2016115174","4","40.0393","-76.134","1219","08","0","0","0","0","0","0","1","0","1","0","0","0","12","1","0","02","1","40 02:21.510","4","00","76 08:02.410","0","0","0","0","36221","0","0","0","","0","0","0","3","68J01","0","","1","01","N","N","0","","0","0","1","0","0","N","1215","0","2","0","0","0","0","0","1","0","2","N","","","","","","","","","","","","03","  ","","",""
"0734","2","0","0","0","0","0","0","0","0","1","0","","36","11","2016","2016115208","5","40.0142","-76.3938","0734","08","0","2","0","0","0","0","0","0","1","0","0","0","07","5","0","02","2","40 00:50.980","2","00","76 23:37.646","0","0","0","0","36223","0","0","0","","0","0","0","2","36223","0","","1","01","N","N","0","","0","0","0","0","0","N","0724","0","2","0","0","0","0","0","1","0","2","N","","","","","","","","","","","","03","  ","","",""
"0925","1","0","0","0","0","0","0","0","0","7","0","","36","10","2016","2016115209","7","40.0201","-76.4685","0912","08","0","0","0","1","0","0","0","0","","0","0","0","23","8","0","00","0","40 01:12.526","","00","76 28:06.536","0","0","0","0","36223","0","0","0","","0","0","0","1","36223","0","","4","01","N","N","0","","0","0","0","0","0","","2315","0","1","0","0","0","0","0","1","0","1","N","","","","","","","","","","","","03","  ","","",""
"0809","0","0","0","0","0","0","0","0","0","1","0","","36","10","2016","2016115220","4","39.8433","-76.1563","0748","08","0","1","1","0","0","0","0","0","2","0","0","0","07","1","1","00","1","39 50:35.866","1","00","76 09:22.506","3","0","0","0","36212","0","0","0","","0","0","0","2","68J01","0","","1","01","N","N","0","","1","0","2","0","0","N","0740","1","2","0","0","0","0","0","1","0","2","N","","","","","","","","","","","","03","  ","","",""
"1208","0","0","0","0","0","0","0","0","0","7","0","","36","10","2016","2016115223","4","40.0067","-76.0825","1146","08","0","0","0","0","0","0","0","0","","0","0","0","11","1","0","02","0","40 00:24.055","","00","76 04:56.891","0","0","0","0","36226","0","0","0","","0","0","0","1","68J01","0","","4","01","N","N","0","","0","0","0","3","3","","1144","0","1","0","0","0","0","0","1","0","1","N","","","","","","","","","","","","03","  ","","",""
"1350","1","0","0","0","0","0","0","0","0","1","0","","36","10","2016","2016115224","4","39.9955","-76.0433","1337","08","0","0","0","0","0","0","1","0","1","0","0","0","13","1","0","02","1","39 59:43.722","4","00","76 02:35.716","0","0","0","0","36232","0","0","0","","0","0","0","5","68J01","0","","1","01","N","N","1","","0","0","1","3","2","N","1335","0","3","0","0","0","0","0","1","0","3","N","","","","","","","","","","","","03","  ","","",""
"1235","1","0","0","0","0","0","0","0","0","4","0","","36","10","2016","2016115225","1","39.8707","-76.228","1230","08","0","0","0","0","0","0","0","2","2","0","0","0","12","1","2","00","2","39 52:14.340","5","00","76 13:40.977","3","0","0","0","36212","0","0","0","","0","0","0","2","68J01","0","","1","01","N","N","0","","2","0","1","0","0","Y","1229","2","2","0","0","0","0","0","1","0","2","N","","","","","","","","","","","","03","  ","","",""
"2104","1","0","0","0","0","0","0","0","0","4","0","","36","10","2016","2016115229","3","40.0393","-76.134","2101","08","0","0","0","1","0","1","0","0","2","0","0","0","20","3","4","02","2","40 02:21.510","7","00","76 08:02.410","8","0","0","0","36221","0","0","0","","0","0","0","4","68J01","0","","1","01","N","N","1","","0","0","0","1","3","N","2059","4","2","0","0","1","4","0","1","0","2","N","","","","","","","","","","","","03","  ","","",""
"1654","0","0","0","0","0","0","0","0","0","1","0","","36","10","2016","2016115245","5","39.8686","-76.2274","1654","08","0","0","1","0","0","0","1","0","","0","0","0","16","1","0","00","0","39 52:06.817","","00","76 13:38.539","0","0","0","0","36208","0","0","0","","0","0","0","2","68J01","0","","1","09","N","N","1","","0","0","1","0","0","","1654","0","2","0","0","0","0","0","1","0","2","N","","","","","","","","","","","","07","  ","","",""