"ARRIVAL_TM","AUTOMOBILE_COUNT","BELTED_DEATH_COUNT","BELTED_SUSP_SERIOUS_INJ_COUNT","BICYCLE_COUNT","BICYCLE_DEATH_COUNT","BICYCLE_SUSP_SERIOUS_INJ_COUNT","BUS_COUNT","CHLDPAS_DEATH_COUNT","CHLDPAS_SUSP_SERIOUS_INJ_COUNT","COLLISION_TYPE","COMM_VEH_COUNT","CONS_ZONE_SPD_LIM","COUNTY","CRASH_MONTH","CRASH_YEAR","CRN","DAY_OF_WEEK","DEC_LAT","DEC_LONG","DISPATCH_TM","DISTRICT","DRIVER_COUNT_16YR","DRIVER_COUNT_17YR","DRIVER_COUNT_18YR","DRIVER_COUNT_19YR","DRIVER_COUNT_20YR","DRIVER_COUNT_50_64YR","DRIVER_COUNT_65_74YR","DRIVER_COUNT_75PLUS","EST_HRS_CLOSED","FATAL_COUNT","HEAVY_TRUCK_COUNT","HORSE_BUGGY_COUNT","HOUR_OF_DAY","ILLUMINATION","INJURY_COUNT","INTERSECT_TYPE","LANE_CLOSED","LATITUDE","LN_CLOSE_DIR","LOCATION_TYPE","LONGITUDE","MAX_SEVERITY_LEVEL","MCYCLE_DEATH_COUNT","MCYCLE_SUSP_SERIOUS_INJ_COUNT","MOTORCYCLE_COUNT","MUNICIPALITY","NONMOTR_COUNT","NONMOTR_DEATH_COUNT","NONMOTR_SUSP_SERIOUS_INJ_COUNT","NTFY_HIWY_MAINT","PED_COUNT","PED_DEATH_COUNT","PED_SUSP_SERIOUS_INJ_COUNT","PERSON_COUNT","POLICE_AGCY","POSSIBLE_INJ_COUNT","RDWY_SURF_TYPE_CD","RELATION_TO_ROAD","ROAD_CONDITION","SCH_BUS_IND","SCH_ZONE_IND","SMALL_TRUCK_COUNT","SPEC_JURIS_CD","SUSP_MINOR_INJ_COUNT","SUSP_SERIOUS_INJ_COUNT","SUV_COUNT","TCD_FUNC_CD","TCD_TYPE","TFC_DETOUR_IND","TIME_OF_DAY","TOT_INJ_COUNT","TOTAL_UNITS","UNB_DEATH_COUNT","UNB_SUSP_SERIOUS_INJ_COUNT","UNBELTED_OCC_COUNT","UNK_INJ_DEG_COUNT","UNK_INJ_PER_COUNT","URBAN_RURAL","VAN_COUNT","VEHICLE_COUNT","WORK_ZONE_IND","WORK_ZONE_LOC","WORK_ZONE_TYPE","WORKERS_PRES","WZ_CLOSE_DETOUR","WZ_FLAGGER","WZ_LAW_OFFCR_IND","WZ_LN_CLOSURE","WZ_MOVING","WZ_OTHER","WZ_SHLDER_MDN","ROADWAY_CLEARED","WEATHER1","WEATHER2","WZ_WORKERS_INJ_KILLED","SECONDARY_CRASH","INTERSECTION_RELATED"
"0628","0","0","0","0","0","0","0","0","0","9","0","","36","10","2016","2016115247","6","39.9557","-76.2428","0615","08","0","0","0","0","0","0","0","0","","0","0","0","06","5","0","00","0","39 57:20.382","","00","76 14:34.213","0","0","0","0","36233","0","0","0","","0","0","0","1","68J01","0","","1","01","N","N","0","","0","0","0","0","0","","0606","0","1","0","0","0","0","0","1","1","1","N","","","","","","","","","","","","07","  ","","",""
"1220","0","0","0","0","0","0","0","0","0","3","0","","36","11","2016","2016115263","3","39.9796","-76.2002","1220","08","0","0","0","0","0","1","0","0","","0","0","0","12","1","0","00","0","39 58:46.504","","00","76 12:00.546","0","0","0","0","36232","0","0","0","","0","0","0","2","68J01","0","","1","01","N","N","0","","0","0","0","0","0","","1201","0","2","0","0","0","0","0","1","2","2","N","","","","","","","","","","","","03","  ","","",""
"0415","0","0","0","0","0","0","0","0","0","7","0","","36","11","2016","2016115272","5","40.0385","-76.0883","0406","08","0","0","0","0","0","1","0","0","2","0","0","0","04","2","1","00","2","40 02:18.753","6","00","76 05:17.926","4","0","0","0","36221","0","0","0","","0","0","0","2","68J01","1","","4","01","N","N","0","","0","0","0","0","0","N","0405","1","1","0","0","0","0","0","1","1","1","N","","","","","","","","","","","","03","  ","","",""
"1754","1","0","0","0","0","0","0","0","0","7","0","","36","11","2016","2016115315","6","40.2271","-76.0564","1750","08","0","0","1","0","0","0","0","0","","0","0","0","17","4","0","00","0","40 13:37.418","","00","76 03:23.153","0","0","0","0","36210","0","0","0","Y","0","0","0","1","36210","0","","3","01","N","N","0","","0","0","0","0","0","","1754","0","1","0","0","0","0","0","1","0","1","N","","","","","","","","","","","","03","  ","","",""
"1937","1","0","0","0","0","0","0","0","0","1","0","","36","11","2016","2016115323","6","40.1091","-76.4942","1937","08","0","0","0","0","0","0","0","0","2","0","0","0","19","4","0","00","1","40 06:32.671","6","00","76 29:39.136","0","0","0","0","36413","0","0","0","N","0","0","0","1","36413","0","","6","01","N","N","2","","0","0","0","0","0","Y","1937","0","3","0","0","0","0","0","2","0","3","N","","","","","","","","","","","","03","  ","","",""
"0900","1","0","0","0","0","0","0","0","0","4","0","","36","11","2016","2016115414","6","40.1558","-76.1077","0854","08","0","0","0","0","0","0","0","0","2","0","0","1","08","1","1","01","1","40 09:20.808","5","00","76 06:27.691","8","0","0","0","36209","2","0","0","N","0","0","0","3","36415","0","","1","01","N","N","0","","0","0","0","3","3","N","0854","1","2","0","0","0","1","0","1","0","1","N","","","","","","","","","","","","03","  ","","",""
"1457","2","0","0","0","0","0","0","0","0","4","0","","36","11","2016","2016115463","6","40.2281","-76.1446","1454","08","0","1","0","0","0","0","0","0","1","0","0","0","14","1","2","02","2","40 13:41.239","7","00","76 08:40.439","3","0","0","0","36405","0","0","0","N","0","0","0","3","36210","1","","1","01","N","N","0","","1","0","0","3","3","Y","1453","2","2","0","0","0","0","0","1","0","2","N","","","","","","","","","","","","03","  ","","",""
"0840","2","0","0","0","0","0","0","0","0","7","1","","36","11","2016","2016115464","7","40.092","-76.3871","0836","08","0","0","0","0","0","0","1","0","3","0","1","0","08","1","1","00","2","40 05:31.097","4","00","76 23:13.421","3","0","0","0","36214","0","0","0","Y","0","0","0","4","36214","0","","3","01","N","N","0","","1","0","0","0","0","Y","0835","1","3","0","0","0","0","0","3","0","3","N","","","","","","","","","","","","03","  ","","",""
"1924","2","0","0","0","0","0","0","0","0","4","0","","36","11","2016","2016115465","4","40.0404","-76.2463","1911","08","0","0","0","0","1","0","0","0","2","0","0","0","19","3","2","01","1","40 02:25.433","4","00","76 14:46.845","8","0","0","0","36215","0","0","0","N","0","0","0","3","36215","0","","1","01","N","N","0","","0","0","0","3","2","N","1909","2","2","0","0","0","2","0","1","0","2","N","","","","","","","","","","","","03","  ","","",""
"0940","1","0","0","0","0","0","0","0","0","4","0","","36","11","2016","2016115466","7","40.0592","-76.3599","0938","08","0","0","0","0","0","1","0","0","1","0","0","0","09","1","0","01","1","40 03:33.271","1","00","76 21:35.558","0","0","0","0","36214","0","0","0","N","0","0","0","2","36214","0","","1","01","N","N","0","","0","0","1","3","2","N","0935","0","2","0","0","0","0","0","3","0","2","N","","","","","","","","","","","","03","  ","","",""
"1325","0","0","0","0","0","0","0","0","0","1","0","","36","11","2016","2016115518","7","40.071","-76.308","1319","08","0","0","0","0","0","0","0","0","1","0","0","0","13","1","1","00","1","40 04:15.722","2","00","76 18:28.844","4","0","0","0","36101","0","0","0","N","0","0","0","6","36101","1","","1","01","N","N","0","","0","0","1","0","0","N","1319","1","2","0","0","0","0","0","3","1","2","N","","","","","","","","","","","","03","  ","","",""
"1251","2","0","0","0","0","0","0","0","0","1","0","","36","11","2016","2016115525","3","40.1093","-76.2501","1246","08","0","0","0","1","0","0","0","0","","0","0","0","12","1","1","01","0","40 06:33.403","","00","76 15:00.444","8","0","0","0","36101","0","0","0","N","0","0","0","2","36101","0","","1","01","N","N","0","","0","0","0","0","0","","1245","1","2","0","0","0","1","0","3","0","2","N","","","","","","","","","","","","03","  ","","",""
"1130","2","0","0","0","0","0","0","0","0","4","0","","36","11","2016","2016115534","6","40.0563","-76.4626","1125","08","0","0","0","0","0","0","2","0","1","0","0","0","11","1","0","01","1","40 03:22.745","5","00","76 27:45.285","0","0","0","0","36239","0","0","0","N","0","0","0","5","36239","0","","1","01","N","N","0","","0","0","0","2","3","N","1125","0","2","0","0","0","0","0","3","0","2","N","","","","","","","","","","","","03","  ","","",""
"1636","0","0","0","0","0","0","0","0","0","6","0","","36","11","2016","2016115548","3","40.0153","-76.3493","1632","08","0","0","0","0","0","0","0","0","9","0","0","0","16","1","0","00","1","40 00:55.144","1","00","76 20:57.414","0","0","0","0","36412","0","0","0","N","0","0","0","2","36412","0","","1","01","N","N","2","","0","0","0","3","2","N","1630","0","2","0","0","0","0","0","3","0","2","N","","","","","","","","","","","","03","  ","","",""
"2003","1","0","0","0","0","0","0","0","0","1","0","","36","11","2016","2016115613","7","40.109","-76.4919","2003","08","0","0","0","0","1","0","0","0","1","0","0","0","20","3","0","01","1","40 06:32.493","6","00","76 29:31.001","0","0","0","0","36413","0","0","0","N","0","0","0","4","36413","0","","1","01","N","N","0","","0","0","1","0","0","Y","2003","0","2","0","0","0","0","0","2","0","2","N","","","","","","","","","","","","03","  ","","",""
"2258","1","0","0","0","0","0","0","0","0","7","0","","36","11","2016","2016115629","7","40.0855","-76.2704","2255","08","0","0","1","0","0","0","0","0","2","0","0","0","22","2","1","00","1","40 05:07.819","2","00","76 16:13.284","3","0","0","0","36101","0","0","0","Y","0","0","0","1","36101","0","","3","01","N","N","0","","1","0","0","0","0","N","2253","1","1","0","0","0","0","0","3","0","1","N","","","","","","","","","","","","03","  ","","",""
"2311","1","0","0","0","0","0","0","0","0","7","0","","36","11","2016","2016115640","3","40.0191","-76.3305","2309","08","0","0","0","0","0","1","0","0","2","0","0","0","23","3","2","02","1","40 01:08.644","7","00","76 19:49.720","4","0","0","0","36220","0","0","0","N","0","0","0","2","36101","2","","2","01","N","N","0","","0","0","0","3","3","Y","2307","2","1","0","0","0","0","0","3","0","1","N","","","","","","","","","","","","03","  ","","",""
"1245","2","0","0","0","0","0","0","0","0","4","0","","36","11","2016","2016115662","3","40.0413","-76.3856","1240","08","0","0","0","0","1","1","0","0","1","0","0","0","12","1","1","00","1","40 02:28.790","3","07","76 23:08.225","4","0","0","0","36223","0","0","0","","0","0","0","2","36223","1","","1","01","N","N","0","","0","0","0","0","0","N","1235","1","2","0","0","0","0","0","1","0","2","N","","","","","","","","","","","","03","  ","","",""
"2045","1","0","0","0","0","0","0","0","0","6","0","","36","11","2016","2016115669","4","39.851","-76.2171","2037","08","0","0","0","0","0","1","0","0","2","0","0","0","20","2","1","00","1","39 51:03.766","4","00","76 13:01.549","8","0","0","1","36212","0","0","0","","0","0","0","2","68J01","0","","1","01","N","N","0","","0","0","0","0","0","N","2035","1","2","0","0","0","1","0","1","0","2","N","","","","","","","","","","","","03","  ","","",""
"0114","1","0","0","0","0","0","0","0","0","7","0","","36","11","2016","2016115670","5","39.9788","-76.0029","0103","08","0","1","0","0","0","0","0","0","","0","0","0","01","2","0","00","0","39 58:43.674","","00","76 00:10.436","0","0","0","0","36231","0","0","0","","0","0","0","1","68J01","0","","4","01","N","N","0","","0","0","0","0","0","","0101","0","1","0","0","0","0","0","1","0","1","N","","","","","","","","","","","","03","  ","","",""
"1134","1","0","0","0","0","0","0","0","0","7","0","45","36","11","2016","2016115671","6","39.9197","-76.1891","1131","08","0","0","0","0","0","1","0","0","","0","0","0","11","1","0","00","0","39 55:11.037","","03","76 11:20.593","0","0","0","0","36229","0","0","0","","0","0","0","3","68J01","0","","2","01","N","N","0","","0","0","2","3","8","","1125","0","3","0","0","0","0","0","1","0","3","Y","4","1","Y","N","N","N","N","N","N","Y","","03","  ","","",""
"0035","1","0","0","0","0","0","0","0","0","9","0","","36","11","2016","2016115673","7","39.9358","-76.2545","0027","08","0","0","0","0","0","0","0","0","","0","0","0","00","2","1","00","0","39 56:08.956","","00","76 15:16.094","3","0","0","0","36229","0","0","0","","0","0","0","2","68J01","0","","1","01","N","N","0","","1","0","0","0","0","","0027","1","1","0","0","1","0","0","1","0","1","N","","","","","","","","","","","","03","  ","","",""
"1015","0","0","0","0","0","0","0","0","0","4","0","","36","10","2016","2016115696","2","40.1814","-76.1827","1012","08","0","0","0","0","0","1","0","0","1","0","0","0","10","1","0","00","1","40 10:53.182","3","00","76 10:57.769","0","0","0","0","36408","0","0","0","N","0","0","0","3","36408","0","","1","01","N","N","0","","0","0","2","0","0","N","1012","0","2","0","0","0","0","0","2","0","2","N","","","","","","","","","","","","03","  ","","",""
"0644","0","0","0","0","0","0","0","0","0","4","1","","36","10","2016","2016115701","6","40.2413","-76.1745","0639","08","0","0","0","0","0","1","1","0","3","0","1","0","06","5","1","01","2","40 14:28.829","7","00","76 10:28.030","2","0","1","1","36236","0","0","0","N","0","0","0","2","36408","0","","1","01","N","N","0","","0","1","0","3","3","Y","0639","1","2","0","0","0","0","0","1","0","2","N","","","","","","","","","","","","03","  ","","",""
"0855","1","0","0","0","0","0","0","0","0","4","0","","36","11","2016","2016115729","1","40.104","-76.3206","0846","08","1","0","0","0","0","0","1","0","1","0","0","0","08","1","0","02","1","40 06:14.522","2","00","76 19:14.145","0","0","0","0","36101","0","0","0","N","0","0","0","3","36101","0","","1","01","N","N","0","","0","0","1","3","3","N","0846","0","2","0","0","0","0","0","3","0","2","N","","","","","","","","","","","","03","  ","","",""
"1437","1","0","0","0","0","0","0","0","0","1","0","","36","11","2016","2016115740","5","40.1636","-76.2101","1433","08","0","0","0","0","0","0","0","0","1","0","0","0","14","1","1","00","2","40 09:48.826","6","00","76 12:36.411","8","0","0","0","36402","0","0","0","N","0","0","0","5","36402","0","","1","01","N","N","0","","0","0","0","0","0","Y","1422","1","2","0","0","0","1","0","2","1","2","N","","","","","","","","","","","","03","  ","","",""
"0958","1","0","0","0","0","0","0","0","0","4","0","","36","11","2016","2016115746","6","40.0853","-76.213","0955","08","0","0","0","0","0","1","0","0","","0","0","0","09","1","0","02","0","40 05:06.904","","07","76 12:46.736","0","0","0","0","36234","0","0","0","N","0","0","0","2","36215","0","","1","01","N","N","0","","0","0","1","0","0","","0953","0","2","0","0","0","0","0","1","0","2","N","","","","","","","","","","","","03","  ","","",""
"1349","1","0","0","0","0","0","0","0","0","1","0","","36","11","2016","2016115750","7","40.1668","-76.607","1342","08","0","0","0","0","0","0","0","0","","0","0","0","13","1","1","00","0","40 10:00.608","","07","76 36:25.045","4","0","0","0","36225","0","0","0","N","0","0","0","4","36505","1","","1","01","N","N","0","","0","0","1","0","0","","1340","1","2","0","0","0","0","0","2","0","2","N","","","","","","","","","","","","03","  ","","",""
"1414","2","0","1","0","0","0","0","0","0","1","0","","36","11","2016","2016115758","7","40.0329","-76.2441","1409","08","0","0","0","0","0","1","2","1","1","0","0","0","14","1","1","00","1","40 01:58.353","3","00","76 14:38.782","2","0","0","0","36215","0","0","0","N","0","0","0","12","36215","0","","1","01","N","N","1","","0","1","1","0","0","N","1400","1","6","0","0","0","0","0","1","2","6","N","","","","","","","","","","","","03","  ","","",""
"1637","1","0","0","0","0","0","0","0","0","7","0","","36","11","2016","2016115763","7","40.1805","-76.1338","1633","08","0","0","0","0","0","0","0","0","2","0","0","0","16","1","0","00","1","40 10:49.669","1","00","76 08:01.682","9","0","0","0","36218","0","0","0","N","0","0","0","1","36408","0","","4","01","N","N","0","","0","0","0","0","0","Y","1630","0","1","0","0","0","0","1","1","0","1","N","","","","","","","","","","","","03","  ","","",""
"1517","3","0","0","0","0","0","0","0","0","1","0","","36","11","2016","2016115765","6","40.0162","-76.3013","1512","08","0","0","0","0","0","2","1","0","3","0","0","0","15","1","1","00","1","40 00:58.259","1","00","76 18:04.843","4","0","0","0","36240","0","0","0","N","0","0","0","5","36240","1","","1","01","N","N","0","","0","0","1","0","0","N","1509","1","4","0","0","0","0","0","1","0","4","N","","","","","","","","","","","","03","  ","","",""
"0958","2","0","0","0","0","0","0","0","0","5","0","","36","11","2016","2016115767","1","40.0384","-76.5098","0958","08","0","0","0","0","0","0","0","0","2","0","0","0","09","1","0","00","2","40 02:18.110","4","00","76 30:35.197","0","0","0","0","36404","0","0","0","Y","0","0","0","2","36404","0","","1","01","N","N","0","","0","0","0","0","0","Y","0958","0","2","0","0","0","0","0","3","0","2","N","","","","","","","","","","","","03","  ","","",""
"1318","2","0","0","0","0","0","0","0","0","1","0","","36","11","2016","2016115813","1","40.0961","-76.1078","1318","08","0","0","0","0","1","0","0","0","","0","0","0","13","1","0","00","0","40 05:45.904","","00","76 06:28.052","0","0","0","0","36415","0","0","0","N","0","0","0","5","36415","0","","1","01","N","N","0","","0","0","0","0","0","","1318","0","2","0","0","0","0","0","1","0","2","N","","","","","","","","","","","","03","  ","","",""
"0600","1","0","0","0","0","0","0","0","0","9","0","","36","10","2016","2016115845","5","40.1938","-76.005","0551","08","0","0","0","1","0","0","0","0","","0","0","0","05","2","1","00","0","40 11:36.675","","00","76 00:17.145","3","0","0","0","36202","0","0","0","","0","0","0","1","68T06","0","","1","01","N","N","0","","1","0","0","0","0","","0550","1","1","0","0","0","0","0","1","0","1","N","","","","","","","","","","","","03","  ","","",""
"1010","0","0","0","0","0","0","0","0","0","5","1","55","36","10","2016","2016115867","2","40.2124","-76.0547","1000","08","0","0","0","0","0","0","0","0","1","0","2","0","09","1","1","00","1","40 12:45.074","4","00","76 03:19.469","3","0","0","0","36202","0","0","0","","0","0","0","3","68T06","0","","1","01","N","N","0","","1","0","0","0","0","N","0957","1","2","0","0","0","0","0","1","0","2","Y","2","2","Y","N","N","N","Y","Y","N","N","","03","  ","","",""
"0146","2","0","0","0","0","0","0","0","0","4","0","","36","10","2016","2016115870","2","40.2279","-76.4658","0115","08","0","0","0","0","0","0","0","0","3","0","0","0","01","2","1","00","1","40 13:40.728","4","00","76 27:55.213","8","0","0","0","36230","1","0","0","","1","0","0","3","68T06","0","","1","01","N","N","0","","0","0","0","0","0","N","0113","1","3","0","0","0","1","0","1","0","2","N","","","","","","","","","","","","03","  ","","",""
"0335","1","0","0","0","0","0","0","0","0","5","0","","36","11","2016","2016115904","1","40.1124","-76.5243","0331","08","0","0","0","0","0","0","0","0","","0","0","0","03","6","0","00","0","40 06:44.600","","00","76 31:27.500","0","0","0","0","36413","0","0","0","N","0","0","0","1","36413","0","","6","01","N","N","0","","0","0","1","0","0","","0331","0","2","0","0","0","0","0","2","0","2","N","","","","","","","","","","","","03","  ","","",""
"1936","2","0","0","0","0","0","0","0","0","4","0","","36","11","2016","2016115906","3","40.0441","-76.2836","1926","08","0","0","0","0","0","1","0","0","2","0","0","0","19","2","0","01","1","40 02:38.900","1","00","76 17:01.014","0","0","0","0","36220","0","0","0","N","0","0","0","2","36101","0","","1","01","N","N","0","","0","0","0","3","3","N","1923","0","2","0","0","0","0","0","3","0","2","N","","","","","","","","","","","","03","  ","","",""
"2055","0","0","0","0","0","0","0","0","0","4","1","","36","11","2016","2016115915","3","40.0599","-76.2777","2047","08","0","0","0","0","0","0","0","0","2","0","1","0","20","3","0","01","1","40 03:35.530","3","02","76 16:39.623","0","0","0","0","36101","0","0","0","N","0","0","0","4","36101","0","","1","01","N","N","0","","0","0","0","3","2","N","2044","0","2","0","0","0","0","0","3","1","2","N","","","","","","","","","","","","03","  ","","",""
"2316","1","0","0","0","0","0","0","0","0","5","0","","36","11","2016","2016115919","6","40.0787","-76.3322","2313","08","0","0","0","0","0","0","0","0","","0","0","0","23","2","0","00","0","40 04:43.388","","00","76 19:55.830","0","0","0","0","36101","0","0","0","N","0","0","0","2","36101","0","","6","01","N","N","1","","0","0","0","0","0","","2312","0","2","0","0","0","0","0","3","0","2","N","","","","","","","","","","","","03","  ","","",""
"0109","1","0","0","0","0","0","0","0","0","7","0","","36","11","2016","2016115922","7","40.0337","-76.4993","0109","08","0","0","0","0","0","0","0","0","1","0","0","0","01","3","0","00","1","40 02:01.498","3","00","76 29:57.445","0","0","0","0","36404","0","0","0","N","0","0","0","1","36404","0","","5","01","N","N","0","","0","0","0","0","0","N","0109","0","1","0","0","0","0","0","3","0","1","N","","","","","","","","","","","","03","  ","","",""
"2136","2","0","0","0","0","0","0","0","0","1","0","","36","11","2016","2016115927","7","40.0514","-76.2776","2124","08","0","0","1","0","0","0","0","1","1","0","0","0","21","2","0","01","2","40 03:05.078","2","00","76 16:39.441","0","0","0","0","36301","0","0","0","N","0","0","0","3","36301","0","","1","01","N","N","0","","0","0","0","3","2","Y","2124","0","2","0","0","0","0","0","3","0","2","N","","","","","","","","","","","","03","  ","","",""
"1830","2","0","0","0","0","0","0","0","0","1","0","","36","11","2016","2016115930","6","39.9901","-76.2651","1825","08","0","0","0","0","0","1","0","0","2","0","0","0","18","3","0","02","2","39 59:24.536","6","00","76 15:54.473","0","0","0","0","36240","0","0","0","N","0","0","0","3","36240","0","","1","01","N","N","0","","0","0","0","0","0","Y","1820","0","2","0","0","0","0","0","1","0","2","N","","","","","","","","","","","","03","  ","","",""
"2342","3","0","0","0","0","0","0","0","0","6","0","","36","11","2016","2016115947","6","40.1565","-76.3091","2342","08","0","0","0","0","1","0","0","0","2","0","0","0","23","3","0","00","2","40 09:23.277","5","00","76 18:32.709","0","0","0","0","36409","0","0","0","N","0","0","0","2","36409","0","","1","01","N","N","0","","0","0","1","0","0","N","2340","0","4","0","0","2","0","0","3","0","4","N","","","","","","","","","","","","03","  ","","",""
"2240","1","0","0","0","0","0","0","0","0","7","0","","36","11","2016","2016115949","1","40.1591","-76.4286","2235","08","0","0","0","0","0","1","0","0","","0","0","0","22","2","1","00","0","40 09:32.857","","00","76 25:43.021","4","0","0","0","36230","0","0","0","N","0","0","0","1","36410","1","","4","01","N","N","0","","0","0","0","0","0","","2230","1","1","0","0","0","0","0","1","0","1","N","","","","","","","","","","","","03","  ","","",""
"0020","1","0","0","0","0","0","0","0","0","7","0","","36","10","2016","2016116057","7","40.078","-76.256","0013","08","0","0","0","0","0","0","0","0","","0","0","0","00","2","0","00","0","40 04:40.810","","00","76 15:21.476","0","0","0","0","36215","0","0","0","N","0","0","0","1","36215","0","","2","01","N","N","0","","0","0","0","0","0","","0010","0","1","0","0","0","0","0","1","0","1","N","","","","","","","","","","","","03","  ","","",""
"0755","0","0","0","0","0","0","0","0","0","1","0","","36","11","2016","2016116060","2","40.0945","-76.3927","0740","08","0","0","0","0","0","0","0","0","2","0","0","0","07","1","0","00","1","40 05:40.296","3","00","76 23:33.872","0","0","0","0","36214","0","0","0","N","0","0","0","2","36214","0","","1","01","N","N","1","","0","0","1","0","0","N","0735","0","2","0","0","0","0","0","3","0","2","N","","","","","","","","","","","","03","  ","","",""
"0849","1","0","0","0","0","0","0","0","0","8","0","","36","11","2016","2016116065","5","40.0331","-76.3059","0846","08","0","0","0","0","0","0","0","0","2","0","0","0","08","1","1","00","2","40 01:59.008","6","00","76 18:21.351","3","0","0","0","36301","1","0","0","N","1","0","0","2","36301","0","","1","01","N","N","0","","1","0","0","0","0","Y","0845","1","2","0","0","0","0","0","3","0","1","N","","","","","","","","","","","","03","  ","","",""
"0705","0","0","0","0","0","0","0","0","0","5","0","","36","11","2016","2016116078","2","39.9662","-76.2739","0700","08","0","0","0","0","0","1","1","0","","0","0","0","06","1","0","00","0","39 57:58.307","","00","76 16:26.182","0","0","0","0","36228","0","0","0","N","0","0","0","3","36503","0","","1","01","N","N","1","","0","0","0","0","0","","0655","0","2","0","0","0","0","0","1","1","2","N","","","","","","","","","","","","03","  ","","",""
"0735","1","0","0","0","0","0","0","0","0","1","0","","36","11","2016","2016116080","2","40.0623","-76.2801","0728","08","0","0","0","0","0","0","0","0","1","0","0","0","06","1","0","00","1","40 03:44.133","3","00","76 16:48.476","0","0","0","0","36101","0","0","0","N","0","0","0","7","36101","0","","1","01","N","N","0","","0","0","0","0","0","N","0636","0","2","0","0","0","0","0","3","1","2","N","","","","","","","","","","","","03","  ","","",""
"0800","1","0","0","0","0","0","0","0","0","7","0","","36","11","2016","2016116085","2","40.0621","-76.2799","0800","08","0","0","0","0","0","1","0","0","1","0","0","0","07","1","0","00","1","40 03:43.491","3","00","76 16:47.502","0","0","0","0","36101","0","0","0","N","0","0","0","1","36101","0","","3","01","N","N","0","","0","0","0","0","0","N","0723","0","1","0","0","0","0","0","3","0","1","N","","","","","","","","","","","","03","  ","","",""
"0800","1","0","0","0","0","0","0","0","0","1","0","","36","11","2016","2016116090","2","40.0621","-76.2799","0800","08","0","0","0","0","0","2","0","0","1","0","0","0","07","1","0","00","1","40 03:43.491","3","00","76 16:47.502","0","0","0","0","36101","0","0","0","N","0","0","0","2","36101","0","","1","01","N","N","0","","0","0","1","0","0","N","0723","0","2","0","0","0","0","0","3","0","2","N","","","","","","","","","","","","03","  ","","",""
"1001","1","0","0","0","0","0","0","0","0","1","0","","36","11","2016","2016116099","2","40.0594","-76.3345","0955","08","0","0","0","0","0","2","0","0","","0","0","0","09","1","0","00","0","40 03:33.799","","00","76 20:04.047","0","0","0","0","36101","0","0","0","N","0","0","0","4","36101","0","","1","01","N","N","0","","0","0","1","0","0","","0945","0","2","0","0","0","0","0","3","0","2","N","","","","","","","","","","","","03","  ","","",""
"1811","1","0","0","0","0","0","0","0","0","7","0","","36","11","2016","2016116117","1","","","1808","08","0","0","0","1","0","0","0","0","","0","0","0","18","3","0","02","0","40 10:36.0","","00","76 22:41.7","0","0","0","0","36227","0","0","0","","0","0","0","2","36506","0","","4","01","N","N","0","","0","0","0","3","3","","1808","0","1","0","0","0","0","0","1","0","1","N","","","","","","","","","","","","03","  ","","",""
"0216","4","0","0","0","0","0","0","0","0","5","0","","36","10","2016","2016116136","2","40.0388","-76.3135","0210","08","0","0","0","0","0","0","0","0","2","0","0","0","02","3","0","00","2","40 02:19.604","4","00","76 18:48.632","9","0","0","0","36301","0","0","0","N","0","0","0","1","36301","0","","2","01","N","N","0","","0","0","0","0","0","Y","0208","0","4","0","0","0","0","1","3","0","4","N","","","","","","","","","","","","03","  ","","",""
"1719","1","0","0","0","0","0","0","0","0","4","0","","36","10","2016","2016116157","5","40.0195","-76.1974","1716","08","0","0","0","0","0","0","1","1","1","0","0","0","17","1","3","02","2","40 01:10.196","6","00","76 11:50.481","3","0","0","1","36215","0","0","0","N","0","0","0","3","36215","2","","1","01","N","N","0","","1","0","0","3","3","Y","1714","3","2","0","0","0","0","0","1","0","2","N","","","","","","","","","","","","03","  ","","",""
"1959","2","0","0","0","0","0","0","0","0","5","0","","36","11","2016","2016116179","1","40.1558","-76.6037","1934","08","0","0","0","0","0","0","0","0","2","0","0","0","19","4","0","00","1","40 09:20.836","3","00","76 36:13.460","0","0","0","0","36407","0","0","0","N","0","0","0","1","36407","0","","2","01","N","N","0","","0","0","0","0","0","N","1922","0","2","0","0","0","0","0","2","0","2","N","","","","","","","","","","","","03","  ","","",""
"1306","0","0","0","0","0","0","0","0","0","4","0","","36","10","2016","2016116243","6","40.247","-76.3033","1237","08","0","0","0","0","0","1","0","0","4","1","0","0","12","1","1","00","2","40 14:49.202","5","07","76 18:11.901","1","1","0","1","36217","0","0","0","","0","0","0","5","68J01","1","2","1","01","N","N","0","0","0","0","1","0","0","Y","1236","1","2","0","0","0","0","0","1","0","2","N","","","","","","","","","","","","03","  ","","",""
"0334","0","0","0","0","0","0","0","0","0","7","0","","36","10","2016","2016116397","1","40.1935","-76.1564","0327","08","0","0","0","0","0","0","0","0","1","0","0","0","03","2","0","00","2","40 11:36.600","5","00","76 09:23.000","0","0","0","0","36218","0","0","0","N","0","0","0","1","36408","0","","4","01","N","N","0","","0","0","1","0","0","Y","0324","0","1","0","0","0","0","0","1","0","1","N","","","","","","","","","","","","03","  ","","",""
"1706","1","0","0","0","0","0","0","0","0","1","0","","36","11","2016","2016116418","5","40.0732","-76.2868","1701","08","0","0","0","0","0","0","0","0","","0","0","0","16","1","0","00","0","40 04:23.463","","00","76 17:12.611","0","0","0","0","36101","0","0","0","N","0","0","0","2","36101","0","","1","01","N","N","0","","0","0","1","0","0","","1658","0","2","0","0","0","0","0","3","0","2","N","","","","","","","","","","","","03","  ","","",""