"ARRIVAL_TM","AUTOMOBILE_COUNT","BELTED_DEATH_COUNT","BELTED_SUSP_SERIOUS_INJ_COUNT","BICYCLE_COUNT","BICYCLE_DEATH_COUNT","BICYCLE_SUSP_SERIOUS_INJ_COUNT","BUS_COUNT","CHLDPAS_DEATH_COUNT","CHLDPAS_SUSP_SERIOUS_INJ_COUNT","COLLISION_TYPE","COMM_VEH_COUNT","CONS_ZONE_SPD_LIM","COUNTY","CRASH_MONTH","CRASH_YEAR","CRN","DAY_OF_WEEK","DEC_LAT","DEC_LONG","DISPATCH_TM","DISTRICT","DRIVER_COUNT_16YR","DRIVER_COUNT_17YR","DRIVER_COUNT_18YR","DRIVER_COUNT_19YR","DRIVER_COUNT_20YR","DRIVER_COUNT_50_64YR","DRIVER_COUNT_65_74YR","DRIVER_COUNT_75PLUS","EST_HRS_CLOSED","FATAL_COUNT","HEAVY_TRUCK_COUNT","HORSE_BUGGY_COUNT","HOUR_OF_DAY","ILLUMINATION","INJURY_COUNT","INTERSECT_TYPE","LANE_CLOSED","LATITUDE","LN_CLOSE_DIR","LOCATION_TYPE","LONGITUDE","MAX_SEVERITY_LEVEL","MCYCLE_DEATH_COUNT","MCYCLE_SUSP_SERIOUS_INJ_COUNT","MOTORCYCLE_COUNT","MUNICIPALITY","NONMOTR_COUNT","NONMOTR_DEATH_COUNT","NONMOTR_SUSP_SERIOUS_INJ_COUNT","NTFY_HIWY_MAINT","PED_COUNT","PED_DEATH_COUNT","PED_SUSP_SERIOUS_INJ_COUNT","PERSON_COUNT","POLICE_AGCY","POSSIBLE_INJ_COUNT","RDWY_SURF_TYPE_CD","RELATION_TO_ROAD","ROAD_CONDITION","SCH_BUS_IND","SCH_ZONE_IND","SMALL_TRUCK_COUNT","SPEC_JURIS_CD","SUSP_MINOR_INJ_COUNT","SUSP_SERIOUS_INJ_COUNT","SUV_COUNT","TCD_FUNC_CD","TCD_TYPE","TFC_DETOUR_IND","TIME_OF_DAY","TOT_INJ_COUNT","TOTAL_UNITS","UNB_DEATH_COUNT","UNB_SUSP_SERIOUS_INJ_COUNT","UNBELTED_OCC_COUNT","UNK_INJ_DEG_COUNT","UNK_INJ_PER_COUNT","URBAN_RURAL","VAN_COUNT","VEHICLE_COUNT","WORK_ZONE_IND","WORK_ZONE_LOC","WORK_ZONE_TYPE","WORKERS_PRES","WZ_CLOSE_DETOUR","WZ_FLAGGER","WZ_LAW_OFFCR_IND","WZ_LN_CLOSURE","WZ_MOVING","WZ_OTHER","WZ_SHLDER_MDN","ROADWAY_CLEARED","WEATHER1","WEATHER2","WZ_WORKERS_INJ_KILLED","SECONDARY_CRASH","INTERSECTION_RELATED"
"2308","1","0","0","0","0","0","0","0","0","7","0","","36","11","2016","2016116420","2","40.091","-76.6428","2258","08","0","0","0","0","0","0","0","0","3","0","0","0","22","2","0","00","2","40 05:27.672","6","00","76 38:34.084","0","0","0","0","36207","0","0","0","N","0","0","0","1","36504","0","","5","01","N","N","0","","0","0","0","0","0","Y","2250","0","1","0","0","1","0","0","1","0","1","N","","","","","","","","","","","","03","  ","","",""
"0016","2","0","0","0","0","0","0","0","0","7","0","","36","10","2016","2016116421","1","40.0404","-76.5022","0016","08","0","0","0","0","0","0","0","0","1","0","0","0","00","2","0","00","1","40 02:25.338","4","00","76 30:07.851","0","0","0","0","36404","0","0","0","N","0","0","0","2","36239","0","","3","01","N","N","0","","0","0","0","0","0","N","0016","0","2","0","0","0","0","0","3","0","2","N","","","","","","","","","","","","03","  ","","",""
"0747","0","0","0","0","0","0","0","0","0","7","0","","36","11","2016","2016116422","4","40.0429","-76.359","0734","08","0","0","0","0","0","1","0","0","","0","0","0","07","1","0","02","0","40 02:34.296","","00","76 21:32.418","0","0","0","0","36214","0","0","0","N","0","0","0","2","36214","0","","2","01","N","N","1","","0","0","0","0","0","","0730","0","1","0","0","0","0","0","3","0","1","N","","","","","","","","","","","","03","  ","","",""
"0142","1","0","0","0","0","0","0","0","0","9","0","","36","11","2016","2016116456","7","40.2384","-76.2644","0130","08","0","0","0","0","0","0","0","0","","0","0","0","01","2","0","00","0","40 14:17.939","","00","76 15:52.955","0","0","0","0","36204","0","0","0","","0","0","0","2","68T06","0","","1","01","N","N","0","","0","0","0","0","0","","0127","0","1","0","0","0","0","0","1","0","1","N","","","","","","","","","","","","03","  ","","",""
"1715","1","0","0","0","0","0","0","0","0","4","0","","36","11","2016","2016116523","2","40.0441","-76.2836","1706","08","0","0","0","0","0","1","0","0","1","0","0","0","17","4","2","01","2","40 02:38.900","7","00","76 17:01.014","4","0","0","0","36220","0","0","0","N","0","0","0","6","36101","2","","1","01","N","N","0","","0","0","1","3","3","N","1706","2","2","0","0","0","0","0","3","0","2","N","","","","","","","","","","","","03","  ","","",""
"2131","1","0","0","0","0","0","0","0","0","8","0","","36","10","2016","2016116526","1","40.0271","-76.2488","2131","08","0","0","0","0","0","0","0","0","","0","0","0","21","2","1","02","0","40 01:37.714","","00","76 14:55.716","3","0","0","0","36215","1","0","0","N","1","0","0","3","36215","0","","1","01","N","N","0","","1","0","0","0","0","","2131","1","2","0","0","0","0","0","1","0","1","N","","","","","","","","","","","","03","  ","","",""
"0747","2","0","0","0","0","0","0","0","0","1","0","","36","11","2016","2016116543","3","40.0532","-76.3915","0746","08","0","0","0","0","0","1","0","0","2","0","0","0","07","1","0","00","1","40 03:11.352","3","00","76 23:29.422","0","0","0","0","36214","0","0","0","N","0","0","0","2","36214","0","","1","01","N","N","0","","0","0","0","0","0","N","0738","0","2","0","0","2","0","0","3","0","2","N","","","","","","","","","","","","03","  ","","",""
"0948","0","0","0","0","0","0","0","0","0","1","0","","36","11","2016","2016116564","3","40.0933","-76.2767","0949","08","0","0","0","0","0","1","0","0","","0","0","0","09","1","0","00","0","40 05:35.910","","00","76 16:36.196","0","0","0","0","36101","0","0","0","N","0","0","0","2","36101","0","","1","01","N","N","0","","0","0","2","0","0","","0930","0","2","0","0","1","0","0","3","0","2","N","","","","","","","","","","","","03","  ","","",""
"0756","1","0","0","0","0","0","0","0","0","1","2","","36","11","2016","2016116565","3","40.0752","-76.2857","0753","08","0","0","0","0","0","2","0","0","3","0","2","0","07","1","2","00","1","40 04:30.581","2","00","76 17:08.546","3","0","0","0","36101","0","0","0","N","0","0","0","3","36101","0","","1","01","N","N","0","","2","0","0","0","0","N","0750","2","3","0","0","0","0","0","3","0","3","N","","","","","","","","","","","","03","  ","","",""
"0744","2","0","0","0","0","0","0","0","0","4","0","","36","11","2016","2016116578","3","40.157","-76.2022","0741","08","0","0","0","1","0","0","0","0","","0","0","0","07","1","0","01","0","40 09:25.020","","00","76 12:07.920","0","0","0","0","36402","0","0","0","N","0","0","0","2","36402","0","","1","01","N","N","0","","0","0","0","3","3","","0739","0","2","0","0","0","0","0","2","0","2","N","","","","","","","","","","","","03","  ","","",""
"1323","1","0","0","0","0","0","0","0","0","4","0","90","36","11","2016","2016116624","3","40.2127","-76.1283","1322","08","0","0","0","0","0","0","0","0","","0","0","0","13","1","0","00","0","40 12:45.673","","07","76 07:41.773","0","0","0","0","36210","0","0","0","N","0","0","0","3","36210","0","","1","01","N","N","0","","0","0","1","0","0","","1320","0","2","0","0","0","0","0","1","0","2","Y","2","1","Y","","","N","","","","","","03","  ","","",""
"1454","3","0","0","0","0","0","0","0","0","1","0","","36","11","2016","2016116633","3","39.9901","-76.2206","1450","08","0","0","0","0","0","1","0","0","2","0","0","0","14","1","0","02","1","39 59:24.275","3","00","76 13:14.262","0","0","0","0","36240","0","0","0","N","0","0","0","3","36240","0","","1","01","N","N","0","","0","0","0","0","0","Y","1450","0","3","0","0","0","0","0","1","0","3","N","","","","","","","","","","","","03","  ","","",""
"1625","1","0","0","0","0","0","0","0","0","1","0","","36","11","2016","2016116640","3","40.072","-76.2872","1619","08","0","0","0","0","0","0","0","0","","0","0","0","16","4","1","00","0","40 04:19.131","","00","76 17:13.827","4","0","0","0","36101","0","0","0","N","0","0","0","4","36101","1","","1","01","N","N","0","","0","0","0","0","0","","1611","1","2","0","0","0","0","0","3","1","2","N","","","","","","","","","","","","03","  ","","",""
"1150","0","0","0","0","0","0","0","0","0","4","0","","36","09","2016","2016116663","2","39.9593","-76.0996","1147","08","0","0","0","0","0","1","0","0","3","0","0","0","11","1","2","01","2","39 57:33.444","7","00","76 05:58.443","2","0","2","1","36226","0","0","0","","0","0","0","3","68J01","0","","1","01","N","N","1","","0","2","0","3","3","Y","1144","2","2","0","0","0","0","0","1","0","2","N","","","","","","","","","","","","03","  ","","",""
"0020","1","0","0","0","0","0","0","0","0","7","0","","36","09","2016","2016116665","7","39.9945","-75.9953","0020","08","0","0","0","0","0","0","0","0","","0","0","0","00","3","0","00","0","39 59:40.330","","00","75 59:42.910","0","0","0","0","36232","0","0","0","","0","0","0","1","68J01","0","","4","01","N","N","0","","0","0","0","0","0","","0020","0","1","0","0","0","0","0","1","0","1","N","","","","","","","","","","","","03","  ","","",""
"1730","2","0","0","0","0","0","0","0","0","1","0","","36","11","2016","2016116680","3","40.0705","-76.3173","1721","08","0","0","0","0","0","0","0","0","1","0","0","0","17","4","0","00","1","40 04:13.763","4","00","76 19:02.372","0","0","0","0","36101","0","0","0","N","0","0","0","2","36101","0","","1","01","N","N","0","","0","0","0","0","0","N","1719","0","2","0","0","0","0","0","3","0","2","N","","","","","","","","","","","","03","  ","","",""
"0025","1","0","0","0","0","0","0","0","0","7","0","","36","11","2016","2016116688","5","40.0054","-76.478","0014","08","0","0","0","0","0","0","0","0","3","0","0","0","00","2","0","00","2","40 00:19.318","5","00","76 28:40.678","0","0","0","0","36223","0","0","0","","0","0","0","2","36223","0","","5","01","N","N","0","","0","0","0","0","0","Y","0013","0","1","0","0","0","0","0","1","0","1","N","","","","","","","","","","","","03","  ","","",""
"2144","1","0","0","0","0","0","0","0","0","7","0","","36","10","2016","2016116714","2","39.9671","-76.1779","2135","08","0","1","0","0","0","0","0","0","1","0","0","0","21","2","0","00","1","39 58:01.410","4","00","76 10:40.320","0","0","0","0","36233","0","0","0","","0","0","0","1","68J01","0","","4","01","N","N","0","","0","0","0","0","0","N","2135","0","1","0","0","0","0","0","1","0","1","N","","","","","","","","","","","","03","  ","","",""
"2122","1","0","0","0","0","0","0","0","0","0","0","","36","10","2016","2016116727","7","39.9655","-76.1843","2114","08","0","0","0","0","0","0","0","0","2","0","0","0","21","2","0","00","2","39 57:55.758","6","00","76 11:03.305","0","0","0","0","36233","0","0","0","","0","0","0","2","68J01","0","","4","01","N","N","0","","0","0","0","0","0","N","2113","0","1","0","0","0","0","0","1","0","1","N","","","","","","","","","","","","03","  ","","",""
"0321","1","0","0","0","0","0","0","0","0","7","0","","36","10","2016","2016116729","1","39.9199","-76.2688","0307","08","0","0","0","0","0","0","0","0","2","0","0","0","03","2","0","02","2","39 55:11.575","4","00","76 16:07.514","0","0","0","0","36229","0","0","0","","0","0","0","1","68J01","0","","4","01","N","N","0","","0","0","0","0","0","N","0305","0","1","0","0","0","0","0","1","0","1","N","","","","","","","","","","","","03","  ","","",""
"0438","1","0","0","0","0","0","0","0","0","1","0","","36","10","2016","2016116868","7","40.1086","-76.5185","0435","08","0","0","0","0","0","0","0","0","","0","0","0","04","2","0","00","0","40 06:30.919","","00","76 31:06.495","0","0","0","0","36413","0","0","0","N","0","0","0","2","36413","0","","6","01","N","N","0","","0","0","1","0","0","","0435","0","2","0","0","0","0","0","2","0","2","N","","","","","","","","","","","","03","  ","","",""
"1958","1","0","0","0","0","0","0","0","0","9","0","","36","11","2016","2016116875","2","39.9661","-76.2981","1949","08","0","0","0","0","0","0","0","0","","0","0","0","19","2","0","00","0","39 57:57.893","","00","76 17:53.239","0","0","0","0","36228","0","0","0","N","0","0","0","1","36503","0","","1","01","N","N","0","","0","0","0","0","0","","1949","0","1","0","0","0","0","0","1","0","1","N","","","","","","","","","","","","03","  ","","",""
"2041","1","0","0","0","0","0","0","0","0","1","0","","36","11","2016","2016116882","2","40.0389","-76.2798","2032","08","0","0","0","0","0","1","0","0","2","0","0","0","20","3","0","02","1","40 02:20.025","3","00","76 16:47.209","0","0","0","0","36220","0","0","0","N","0","0","0","2","36101","0","","1","01","N","N","0","","0","0","1","0","0","N","2030","0","2","0","0","0","0","0","3","0","2","N","","","","","","","","","","","","03","  ","","",""
"1810","1","0","0","0","0","0","0","0","0","4","0","","36","10","2016","2016116888","1","40.0427","-76.3066","1753","08","0","0","0","0","0","2","0","0","","0","0","0","17","4","0","01","0","40 02:33.734","","00","76 18:23.723","0","0","0","0","36301","0","0","0","N","0","0","0","2","36301","0","","1","09","N","N","0","","0","0","1","3","2","","1753","0","2","0","0","0","0","0","3","0","2","N","","","","","","","","","","","","07","  ","","",""
"0849","2","0","0","0","0","0","0","0","0","1","0","","36","11","2016","2016116894","5","40.0757","-76.3294","0843","08","0","0","0","0","0","0","0","0","1","0","0","0","08","1","1","00","1","40 04:32.413","3","00","76 19:45.686","4","0","0","0","36101","0","0","0","N","0","0","0","2","36101","1","","1","01","N","N","0","","0","0","0","0","0","N","0842","1","2","0","0","0","0","0","3","0","2","N","","","","","","","","","","","","03","  ","","",""
"1336","3","0","0","0","0","0","0","0","0","1","0","","36","10","2016","2016116895","7","40.0681","-76.2923","1330","08","0","0","0","0","0","0","0","0","2","0","0","0","13","1","2","00","1","40 04:05.2","4","00","76 17:41.4","4","0","0","0","36101","0","0","0","N","0","0","0","4","36101","2","","1","01","N","N","0","","0","0","0","0","0","N","1327","2","3","0","0","0","0","0","3","0","3","N","","","","","","","","","","","","03","  ","","",""
"1348","1","0","0","0","0","0","0","0","0","1","0","","36","11","2016","2016116905","1","40.0417","-76.3638","1340","08","0","0","0","0","0","2","0","0","1","0","0","0","13","1","1","01","1","40 02:30.029","2","00","76 21:49.816","4","0","0","0","36214","0","0","0","N","0","0","0","2","36214","1","","1","01","N","N","0","","0","0","1","3","2","N","1338","1","2","0","0","0","0","0","3","0","2","N","","","","","","","","","","","","03","  ","","",""
"0908","2","0","0","0","0","0","0","0","0","4","0","","36","11","2016","2016116910","1","40.216","-76.0902","0906","08","0","0","0","0","0","0","0","1","2","0","0","0","08","1","3","01","1","40 12:57.462","6","02","76 05:24.671","3","0","0","0","36210","0","0","0","N","0","0","0","4","36210","0","","1","01","N","N","1","","1","0","0","3","2","N","0859","3","3","0","0","1","2","0","1","0","3","N","","","","","","","","","","","","03","  ","","",""
"1706","0","0","0","0","0","0","0","0","0","0","0","","36","11","2016","2016116911","2","40.1965","-76.263","1651","08","0","0","0","1","0","0","0","0","1","0","0","0","16","1","1","00","1","40 11:47.300","1","00","76 15:46.900","8","0","0","0","36204","0","0","0","","0","0","0","1","36506","0","","4","01","N","N","1","","0","0","0","0","0","N","1651","1","1","0","0","1","1","0","1","0","1","N","","","","","","","","","","","","03","  ","","",""
"1741","3","0","0","0","0","0","0","0","0","1","0","","36","11","2016","2016116954","4","40.0612","-76.3545","1735","08","1","0","0","0","0","0","0","0","2","0","0","0","17","1","0","00","1","40 03:40.473","4","00","76 21:16.280","0","0","0","0","36214","0","0","0","","0","0","0","4","36214","0","","1","01","N","N","0","","0","0","0","0","0","N","1729","0","3","0","0","0","0","0","3","0","3","N","","","","","","","","","","","","03","  ","","",""
"1603","1","0","0","0","0","0","0","0","0","1","0","","36","11","2016","2016116955","2","40.0401","-76.3954","1539","08","1","0","0","0","0","1","0","0","","0","0","0","15","1","0","02","0","40 02:24.526","","00","76 23:43.535","0","0","0","0","36223","0","0","0","","0","0","0","3","36223","0","","1","01","Y","N","0","","0","0","1","0","0","","1537","0","2","0","0","0","0","0","1","0","2","N","","","","","","","","","","","","03","  ","","",""
"1059","2","0","0","0","0","0","0","0","0","3","0","","36","10","2016","2016117002","5","40.0371","-76.3244","1053","08","0","0","0","0","0","0","0","0","2","0","0","0","10","1","1","00","1","40 02:13.527","4","00","76 19:27.811","8","0","0","0","36301","0","0","0","","0","0","0","3","36301","0","","1","09","","","0","","0","0","0","0","0","N","1028","1","3","0","0","1","1","1","3","0","2","N","","","","","","","","","","","","07","  ","","",""
"0759","2","0","0","0","0","0","0","0","0","4","0","","36","11","2016","2016117023","4","40.0579","-76.2808","0748","08","0","0","0","0","0","1","0","0","2","0","0","0","07","1","1","01","1","40 03:28.292","3","00","76 16:50.947","4","0","0","0","36101","0","0","0","N","0","0","0","2","36101","1","","1","09","N","N","0","","0","0","0","3","2","N","0747","1","2","0","0","0","0","0","3","0","2","N","","","","","","","","","","","","07","  ","","",""
"1450","2","0","0","0","0","0","0","0","0","4","0","","36","10","2016","2016117027","2","40.0512","-76.3061","1439","08","0","0","0","0","0","0","1","0","","0","0","0","14","1","0","01","0","40 03:04.323","","00","76 18:22.128","0","0","0","0","36301","0","0","0","N","0","0","0","3","36301","0","","1","01","N","N","1","","0","0","0","3","3","","1430","0","3","0","0","0","0","0","3","0","3","N","","","","","","","","","","","","03","  ","","",""
"1655","2","0","0","0","0","0","0","0","0","4","0","","36","10","2016","2016117051","6","40.0452","-76.2697","1637","08","0","0","0","0","0","1","0","0","","0","0","0","16","1","0","00","0","40 02:42.597","","00","76 16:11.076","0","0","0","0","36215","0","0","0","N","0","0","0","2","36215","0","","1","09","N","N","0","","0","0","0","0","0","","1632","0","2","0","0","0","0","0","1","0","2","N","","","","","","","","","","","","07","  ","","",""
"1017","1","0","0","0","0","0","0","0","0","4","0","","36","11","2016","2016117077","4","40.044","-76.3242","1011","08","0","0","1","0","0","0","0","1","","0","0","0","10","1","0","01","0","40 02:38.414","","00","76 19:27.148","0","0","0","0","36301","0","0","0","N","0","0","0","2","36301","0","","1","09","N","N","0","","0","0","1","3","2","","1009","0","2","0","0","0","0","0","3","0","2","N","","","","","","","","","","","","07","  ","","",""
"1536","0","0","0","0","0","0","0","0","0","1","0","","36","11","2016","2016117105","4","","","1525","08","0","0","0","0","0","0","0","0","","0","0","0","15","1","0","00","0","","","00","","0","0","0","0","36101","0","0","0","N","0","0","0","2","36101","0","","1","09","N","N","2","","0","0","0","0","0","","1524","0","2","0","0","0","0","0","3","0","2","N","","","","","","","","","","","","07","  ","","",""
"1524","0","0","0","0","0","0","0","0","0","7","0","","36","11","2016","2016117110","4","40.0757","-76.461","1518","08","0","0","1","0","0","0","0","0","2","0","0","0","15","1","0","00","1","40 04:32.686","1","00","76 27:39.530","0","0","0","0","36239","0","0","0","Y","0","0","0","1","36239","0","","2","09","N","N","1","","0","0","0","0","0","N","1518","0","1","0","0","0","0","0","3","0","1","N","","","","","","","","","","","","07","  ","","",""
"1642","1","0","0","0","0","0","0","0","0","1","0","","36","11","2016","2016117209","4","40.1781","-76.5418","1540","08","0","0","0","0","0","0","0","0","","0","0","0","15","1","0","02","0","40 10:41.211","","00","76 32:30.457","0","0","0","0","36225","0","0","0","N","0","0","0","2","36505","0","","1","09","N","N","0","","0","0","1","0","0","","1533","0","2","0","0","0","0","0","2","0","2","N","","","","","","","","","","","","07","  ","","",""
"0258","0","0","0","0","0","0","0","0","0","7","0","","36","10","2016","2016117244","1","39.9425","-76.2084","0254","08","0","0","0","0","0","0","0","0","2","0","0","0","02","2","5","00","2","39 56:33.085","5","00","76 12:30.149","2","0","0","0","36233","0","0","0","","0","0","0","5","68J01","1","","4","09","N","N","0","","3","1","1","0","0","Y","0254","5","1","0","1","4","0","0","1","0","1","N","","","","","","","","","","","","03","  ","","",""
"2214","1","0","0","0","0","0","0","0","0","9","0","","36","10","2016","2016117254","1","40.2357","-76.285","2203","08","0","0","0","0","0","0","0","0","","0","0","0","22","2","0","00","0","40 14:08.410","","00","76 17:05.468","0","0","0","0","36217","0","0","0","","0","0","0","1","68T06","0","","1","01","N","N","0","","0","0","0","0","0","","2203","0","1","0","0","0","0","0","1","0","1","N","","","","","","","","","","","","03","  ","","",""
"0310","1","0","0","0","0","0","0","0","0","9","0","","36","10","2016","2016117269","1","40.2283","-76.362","0230","08","0","0","0","0","0","0","0","0","","0","0","0","02","2","0","00","0","40 13:42.200","","00","76 21:40.464","0","0","0","0","36227","0","0","0","","0","0","0","1","68T06","0","","1","01","N","N","0","","0","0","0","0","0","","0230","0","1","0","0","0","0","0","1","0","1","N","","","","","","","","","","","","03","  ","","",""
"2342","1","0","0","0","0","0","0","0","0","7","0","","36","11","2016","2016117277","4","40.2194","-76.0855","2333","08","0","0","0","0","0","0","0","0","","0","0","0","23","2","0","00","0","40 13:09.061","","00","76 05:05.494","9","0","0","0","36210","0","0","0","","0","0","0","1","68T06","0","","3","01","N","N","0","","0","0","0","0","0","","2330","0","1","0","0","1","0","1","1","0","1","N","","","","","","","","","","","","03","  ","","",""
"0515","1","0","0","0","0","0","0","0","0","7","0","","36","11","2016","2016117290","7","40.2374","-76.2719","0501","08","0","0","0","0","0","0","0","0","","0","0","0","05","2","0","00","0","40 14:14.431","","00","76 16:19.677","0","0","0","0","36204","0","0","0","","0","0","0","1","68T06","0","","2","01","N","N","0","","0","0","0","0","0","","0501","0","1","0","0","0","0","0","1","0","1","N","","","","","","","","","","","","03","  ","","",""
"0529","0","0","0","0","0","0","0","0","0","9","0","","36","11","2016","2016117298","1","40.1753","-75.9384","0514","08","0","0","0","0","0","1","0","0","","0","0","0","05","2","0","00","0","40 10:31.141","","00","75 56:17.416","0","0","0","0","36203","0","0","0","","0","0","0","2","68T06","0","","1","01","N","N","0","","0","0","1","0","0","","0514","0","1","0","0","0","0","0","1","0","1","N","","","","","","","","","","","","03","  ","","",""
"0007","1","0","0","0","0","0","0","0","0","7","0","","36","11","2016","2016117303","1","40.2294","-76.4282","2341","08","0","0","1","0","0","0","0","0","","0","0","0","23","2","0","00","0","40 13:45.850","","00","76 25:41.750","0","0","0","0","36230","0","0","0","","0","0","0","1","68T06","0","","3","01","N","N","0","","0","0","0","0","0","","2339","0","1","0","0","0","0","0","1","0","1","N","","","","","","","","","","","","03","  ","","",""
"0726","1","0","0","0","0","0","0","0","0","5","1","","36","11","2016","2016117307","2","40.2231","-76.4183","0709","08","0","0","0","0","0","1","0","0","","0","1","0","07","1","1","00","0","40 13:23.176","","00","76 25:06.179","4","0","0","0","36227","0","0","0","","0","0","0","2","68T06","1","","1","01","N","N","0","","0","0","0","0","0","","0705","1","2","0","0","0","0","0","1","0","2","N","","","","","","","","","","","","03","  ","","",""
"1429","0","0","0","0","0","0","0","0","0","7","0","","36","11","2016","2016117424","4","40.023","-76.2751","1424","08","0","0","0","0","0","0","0","0","2","0","0","0","14","1","0","00","1","40 01:22.681","6","00","76 16:30.225","0","0","0","0","36240","0","0","0","N","0","0","0","2","36240","0","","5","09","N","N","0","","0","0","1","0","0","Y","1418","0","1","0","0","0","0","0","1","0","1","N","","","","","","","","","","","","07","  ","","",""
"1502","0","0","0","0","0","0","0","0","0","6","1","","36","11","2016","2016117460","4","40.236","-76.1337","1500","08","1","0","0","0","0","0","0","0","2","0","1","0","14","1","1","00","2","40 14:09.600","7","00","76 08:01.400","4","0","0","0","36405","0","0","0","N","0","0","0","3","36210","1","","1","09","N","N","0","","0","0","1","0","0","Y","1458","1","2","0","0","0","0","0","1","0","2","N","","","","","","","","","","","","07","  ","","",""
"1227","2","0","0","0","0","0","0","0","0","5","0","","36","11","2016","2016117526","4","40.1522","-76.6064","1223","08","0","0","0","0","0","0","1","1","2","0","0","0","12","1","0","01","1","40 09:07.837","2","00","76 36:23.108","0","0","0","0","36407","0","0","0","N","0","0","0","2","36407","0","","1","09","N","N","0","","0","0","0","3","3","Y","1223","0","2","0","0","0","0","0","2","0","2","N","","","","","","","","","","","","07","  ","","",""
"0910","1","0","0","0","0","0","0","0","0","5","0","","36","11","2016","2016117558","5","40.0402","-76.3017","0908","08","0","0","0","0","0","0","1","0","","0","0","0","09","1","0","00","0","40 02:24.761","","00","76 18:06.049","0","0","0","0","36301","0","0","0","N","0","0","0","1","36301","0","","2","01","N","N","1","","0","0","0","0","0","","0906","0","2","0","0","0","0","0","3","0","2","N","","","","","","","","","","","","03","  ","","",""
"1635","3","0","0","0","0","0","0","0","0","1","0","","36","11","2016","2016117559","4","40.0034","-76.3344","1628","08","0","0","0","0","0","1","0","0","2","0","0","0","16","1","0","00","2","40 00:12.281","5","07","76 20:03.834","0","0","0","0","36220","0","0","0","N","0","0","0","4","36101","0","","1","09","N","N","0","","0","0","0","0","0","Y","1626","0","3","0","0","0","0","0","3","0","3","N","","","","","","","","","","","","07","  ","","",""
"0648","1","0","0","0","0","0","0","0","0","4","0","","36","10","2016","2016117581","6","40.1359","-76.2116","0645","08","0","0","0","0","0","0","0","0","2","0","0","0","06","5","3","02","2","40 08:09.247","5","00","76 12:41.828","3","0","0","0","36238","0","0","0","N","0","0","0","3","36238","2","","1","01","N","N","1","","1","0","0","3","3","Y","0642","3","3","0","0","0","0","0","3","1","3","N","","","","","","","","","","","","03","  ","","",""
"1237","0","0","0","0","0","0","0","0","0","0","0","","36","11","2016","2016117616","5","40.0606","-76.3598","1235","08","0","0","0","0","0","0","0","0","2","0","0","0","12","1","0","00","1","40 03:38.335","3","00","76 21:35.254","0","0","0","0","36214","0","0","0","N","0","0","0","2","36214","0","","1","01","N","N","1","","0","0","0","0","0","N","1230","0","1","0","0","0","0","0","3","0","1","N","","","","","","","","","","","","03","  ","","",""
"1241","4","0","0","0","0","0","0","0","0","1","0","","36","11","2016","2016117624","5","40.06","-76.362","1237","08","0","0","0","1","1","0","0","0","3","0","0","0","12","1","0","00","1","40 03:35.965","3","00","76 21:43.207","0","0","0","0","36214","0","0","0","N","0","0","0","5","36214","0","","1","01","N","N","0","","0","0","0","0","0","N","1235","0","4","0","0","0","0","0","3","0","4","N","","","","","","","","","","","","03","  ","","",""
"1514","2","0","0","0","0","0","0","0","0","1","0","","36","11","2016","2016117641","5","40.1073","-76.4203","1509","08","0","0","0","0","0","1","0","0","2","0","0","0","15","1","1","02","1","40 06:26.222","6","00","76 25:13.008","8","0","0","0","36214","0","0","0","N","0","0","0","2","36214","0","","1","01","N","N","0","","0","0","0","3","8","N","1505","1","2","0","0","0","1","0","3","0","2","N","","","","","","","","","","","","03","  ","","",""
"0752","1","0","0","0","0","0","0","0","0","6","0","","36","10","2016","2016117844","7","39.9697","-76.1255","0747","08","0","0","0","0","0","0","0","0","","0","0","0","07","1","0","00","0","39 58:10.846","","00","76 07:31.740","0","0","0","0","36226","0","0","0","","0","0","0","2","68J01","0","","1","01","N","N","1","","0","0","0","0","0","","0720","0","2","0","0","1","0","0","1","0","2","N","","","","","","","","","","","","03","  ","","",""
"2323","0","0","0","0","0","0","0","0","0","7","0","","36","10","2016","2016117852","3","40.1941","-76.3051","2312","08","0","0","0","0","0","0","0","0","3","1","0","0","23","2","0","00","2","40 11:38.690","5","00","76 18:18.400","1","0","0","0","36217","0","0","0","","0","0","0","1","68J01","0","2","4","01","N","N","1","0","0","0","0","0","0","N","2307","0","1","0","0","0","0","0","1","0","1","N","","","","","","","","","","","","03","  ","","",""
"2115","0","0","0","0","0","0","0","0","0","7","0","","36","10","2016","2016117857","6","39.8806","-76.231","2100","08","0","0","0","0","0","0","0","0","2","0","0","0","21","2","1","00","1","39 52:50.108","1","00","76 13:51.566","4","0","0","0","36229","0","0","0","","0","0","0","1","68J01","1","","5","01","N","N","0","","0","0","1","0","0","N","2115","1","1","0","0","0","0","0","1","0","1","N","","","","","","","","","","","","03","  ","","",""
"2134","0","0","0","0","0","0","0","0","0","9","0","","36","11","2016","2016117934","4","40.2174","-76.0876","2133","08","0","0","0","0","0","0","0","0","1","0","0","0","21","3","0","06","1","40 13:02.765","1","02","76 05:15.222","0","0","0","0","36210","0","0","0","N","0","0","0","2","36210","0","","1","01","N","N","0","","0","0","1","0","0","N","2132","0","1","0","0","0","0","0","1","0","1","N","","","","","","","","","","","","03","  ","","",""