"ARRIVAL_TM","AUTOMOBILE_COUNT","BELTED_DEATH_COUNT","BELTED_SUSP_SERIOUS_INJ_COUNT","BICYCLE_COUNT","BICYCLE_DEATH_COUNT","BICYCLE_SUSP_SERIOUS_INJ_COUNT","BUS_COUNT","CHLDPAS_DEATH_COUNT","CHLDPAS_SUSP_SERIOUS_INJ_COUNT","COLLISION_TYPE","COMM_VEH_COUNT","CONS_ZONE_SPD_LIM","COUNTY","CRASH_MONTH","CRASH_YEAR","CRN","DAY_OF_WEEK","DEC_LAT","DEC_LONG","DISPATCH_TM","DISTRICT","DRIVER_COUNT_16YR","DRIVER_COUNT_17YR","DRIVER_COUNT_18YR","DRIVER_COUNT_19YR","DRIVER_COUNT_20YR","DRIVER_COUNT_50_64YR","DRIVER_COUNT_65_74YR","DRIVER_COUNT_75PLUS","EST_HRS_CLOSED","FATAL_COUNT","HEAVY_TRUCK_COUNT","HORSE_BUGGY_COUNT","HOUR_OF_DAY","ILLUMINATION","INJURY_COUNT","INTERSECT_TYPE","LANE_CLOSED","LATITUDE","LN_CLOSE_DIR","LOCATION_TYPE","LONGITUDE","MAX_SEVERITY_LEVEL","MCYCLE_DEATH_COUNT","MCYCLE_SUSP_SERIOUS_INJ_COUNT","MOTORCYCLE_COUNT","MUNICIPALITY","NONMOTR_COUNT","NONMOTR_DEATH_COUNT","NONMOTR_SUSP_SERIOUS_INJ_COUNT","NTFY_HIWY_MAINT","PED_COUNT","PED_DEATH_COUNT","PED_SUSP_SERIOUS_INJ_COUNT","PERSON_COUNT","POLICE_AGCY","POSSIBLE_INJ_COUNT","RDWY_SURF_TYPE_CD","RELATION_TO_ROAD","ROAD_CONDITION","SCH_BUS_IND","SCH_ZONE_IND","SMALL_TRUCK_COUNT","SPEC_JURIS_CD","SUSP_MINOR_INJ_COUNT","SUSP_SERIOUS_INJ_COUNT","SUV_COUNT","TCD_FUNC_CD","TCD_TYPE","TFC_DETOUR_IND","TIME_OF_DAY","TOT_INJ_COUNT","TOTAL_UNITS","UNB_DEATH_COUNT","UNB_SUSP_SERIOUS_INJ_COUNT","UNBELTED_OCC_COUNT","UNK_INJ_DEG_COUNT","UNK_INJ_PER_COUNT","URBAN_RURAL","VAN_COUNT","VEHICLE_COUNT","WORK_ZONE_IND","WORK_ZONE_LOC","WORK_ZONE_TYPE","WORKERS_PRES","WZ_CLOSE_DETOUR","WZ_FLAGGER","WZ_LAW_OFFCR_IND","WZ_LN_CLOSURE","WZ_MOVING","WZ_OTHER","WZ_SHLDER_MDN","ROADWAY_CLEARED","WEATHER1","WEATHER2","WZ_WORKERS_INJ_KILLED","SECONDARY_CRASH","INTERSECTION_RELATED"
"2016","1","0","0","0","0","0","0","0","0","1","0","","36","11","2016","2016117946","5","40.1057","-76.4292","2011","08","1","0","0","0","0","0","0","0","2","0","0","0","20","2","2","00","1","40 06:20.599","2","00","76 25:45.111","3","0","0","0","36214","0","0","0","N","0","0","0","4","36214","1","","1","01","N","N","1","","1","0","0","0","0","N","2010","2","2","0","0","0","0","0","3","0","2","N","","","","","","","","","","","","03","  ","","",""
"1902","1","0","0","0","0","0","0","0","0","4","0","","36","11","2016","2016117964","4","40.2007","-76.1718","1853","08","0","0","0","0","0","1","0","0","","0","0","0","18","2","1","01","0","40 12:02.510","","00","76 10:18.574","4","0","0","0","36218","0","0","0","N","0","0","0","6","36408","1","","1","01","N","N","0","","0","0","2","3","3","","1850","1","3","0","0","0","0","0","1","0","3","N","","","","","","","","","","","","03","  ","","",""
"1031","0","0","0","0","0","0","0","0","0","7","0","","36","11","2016","2016117980","1","40.0932","-76.1165","1023","08","0","0","0","0","0","0","0","0","","0","0","0","10","1","0","00","0","40 05:35.539","","00","76 06:59.324","0","0","0","0","36209","0","0","0","Y","0","0","0","4","36415","0","","4","01","N","N","0","","0","0","0","0","0","","1023","0","1","0","0","0","0","0","1","1","1","N","","","","","","","","","","","","03","  ","","",""
"1842","1","0","0","0","0","0","0","0","0","7","0","","36","11","2016","2016117989","4","40.2561","-76.1844","1834","08","0","1","0","0","0","0","0","0","2","0","0","0","18","2","0","00","1","40 15:21.893","3","00","76 11:03.933","0","0","0","0","36236","0","0","0","N","0","0","0","1","36408","0","","4","09","N","N","0","","0","0","0","0","0","Y","1834","0","1","0","0","0","0","0","1","0","1","N","","","","","","","","","","","","07","  ","","",""
"0841","1","0","0","0","0","0","0","0","0","1","0","","36","11","2016","2016118073","6","40.051","-76.3535","0836","08","0","0","0","0","0","0","0","0","2","0","0","0","08","1","0","01","1","40 03:03.668","2","00","76 21:12.504","0","0","0","0","36214","0","0","0","N","0","0","0","2","36214","0","","1","01","N","N","1","","0","0","0","3","2","N","0833","0","2","0","0","0","0","0","3","0","2","N","","","","","","","","","","","","03","  ","","",""
"0745","2","0","0","0","0","0","0","0","0","4","0","","36","11","2016","2016118078","6","40.0941","-76.3119","0742","08","0","0","0","0","0","1","0","0","","0","0","0","07","1","0","01","0","40 05:38.590","","00","76 18:42.674","0","0","0","0","36101","0","0","0","N","0","0","0","2","36101","0","","1","01","N","N","0","","0","0","0","0","0","","0741","0","2","0","0","0","0","0","3","0","2","N","","","","","","","","","","","","03","  ","","",""
"1437","2","0","0","0","0","0","0","0","0","4","0","","36","11","2016","2016118085","3","40.0848","-76.2182","1431","08","0","0","0","0","0","2","0","0","3","0","0","0","14","1","0","00","2","40 05:05.361","3","00","76 13:05.412","0","0","0","0","36215","0","0","0","N","0","0","0","3","36215","0","","1","01","N","N","0","","0","0","0","0","0","N","1430","0","2","0","0","0","0","0","1","0","2","N","","","","","","","","","","","","03","  ","","",""
"1738","2","0","0","0","0","0","0","0","0","4","0","","36","11","2016","2016118088","2","40.0362","-76.3356","1736","08","0","0","0","0","0","0","0","0","1","0","0","0","17","3","1","01","2","40 02:10.352","5","00","76 20:08.232","8","0","0","0","36220","0","0","0","N","0","0","0","5","36101","0","","1","01","N","N","0","","0","0","0","3","3","Y","1736","1","2","0","0","0","1","0","3","0","2","N","","","","","","","","","","","","03","  ","","",""
"0721","2","0","0","0","0","0","0","0","0","4","0","","36","11","2016","2016118107","6","40.038","-76.4552","0718","08","0","0","0","0","0","2","0","0","1","0","0","0","07","1","0","01","1","40 02:16.857","2","02","76 27:18.887","0","0","0","0","36239","0","0","0","N","0","0","0","2","36239","0","","1","01","N","N","0","","0","0","0","3","2","N","0716","0","2","0","0","0","0","0","3","0","2","N","","","","","","","","","","","","98","  ","","",""
"1155","1","0","0","0","0","0","0","0","0","4","0","","36","11","2016","2016118111","6","40.0615","-76.3133","1153","08","0","0","0","0","0","0","1","0","2","0","0","0","11","1","3","02","1","40 03:41.238","1","00","76 18:48.148","3","0","0","0","36101","0","0","0","N","0","0","0","3","36101","2","","1","01","N","N","0","","1","0","1","0","0","N","1152","3","2","0","0","0","0","0","3","0","2","N","","","","","","","","","","","","03","  ","","",""
"1649","1","0","0","0","0","0","0","0","0","1","0","","36","11","2016","2016118117","3","40.1218","-76.029","1646","08","0","0","0","0","0","3","0","0","2","0","0","0","16","1","3","03","1","40 07:18.494","3","00","76 01:44.569","8","0","0","0","36213","0","0","0","N","0","0","0","5","36213","0","","1","01","N","N","1","","0","0","1","0","0","N","1644","3","3","0","0","0","3","0","1","0","3","N","","","","","","","","","","","","03","  ","","",""
"1856","0","0","0","0","0","0","0","0","0","4","0","","36","11","2016","2016118137","3","40.1675","-76.2037","1852","08","0","0","0","0","0","1","1","0","2","0","0","0","18","3","3","00","2","40 10:03.098","6","07","76 12:13.405","3","0","0","0","36218","0","0","0","N","0","0","0","3","36408","1","","1","01","N","N","1","","2","0","2","0","0","Y","1845","3","3","0","0","0","0","0","1","0","3","N","","","","","","","","","","","","03","  ","","",""
"1349","1","0","0","0","0","0","0","0","0","5","1","","36","11","2016","2016118140","6","40.0573","-76.272","1342","08","0","0","0","0","0","1","0","0","","0","1","0","13","1","2","00","0","40 03:26.185","","00","76 16:19.155","3","0","0","0","36101","0","0","0","N","0","0","0","3","36101","1","","1","01","N","N","0","","1","0","0","0","0","","1340","2","2","0","0","0","0","0","3","0","2","N","","","","","","","","","","","","03","  ","","",""
"1822","1","0","0","0","0","0","0","0","0","1","0","","36","11","2016","2016118215","5","40.0478","-76.3628","1817","08","0","0","0","0","0","0","0","1","2","0","0","0","18","3","0","00","1","40 02:52.102","1","00","76 21:46.221","0","0","0","0","36214","0","0","0","","0","0","0","7","36214","0","","1","01","N","N","0","","0","0","2","0","0","Y","1813","0","3","0","0","0","0","0","3","0","3","N","","","","","","","","","","","","03","  ","","",""
"1809","0","0","0","0","0","0","0","0","0","1","0","","36","11","2016","2016118238","5","40.148","-76.6037","1809","08","0","0","0","0","0","0","0","0","","0","0","0","17","3","0","02","0","40 08:52.667","","00","76 36:13.149","0","0","0","0","36407","0","0","0","N","0","0","0","2","36407","0","","1","01","N","N","0","","0","0","2","3","2","","1746","0","2","0","0","1","0","0","2","0","2","N","","","","","","","","","","","","03","  ","","",""
"2359","2","0","0","0","0","0","0","0","0","5","0","","36","11","2016","2016118283","2","40.1745","-76.1917","2355","08","0","0","0","0","0","0","0","0","1","0","0","0","23","3","0","00","1","40 10:28.064","2","00","76 11:30.238","0","0","0","0","36408","0","0","0","N","0","0","0","1","36408","0","","2","01","N","N","0","","0","0","0","0","0","N","2353","0","3","0","0","0","0","0","2","1","3","N","","","","","","","","","","","","03","  ","","",""
"1809","1","0","0","0","0","0","0","0","0","8","0","","36","11","2016","2016118290","3","40.1734","-76.1939","1805","08","0","0","0","0","0","1","0","0","1","0","0","0","18","3","1","01","1","40 10:24.160","5","00","76 11:38.086","2","0","0","0","36408","1","0","1","N","1","0","1","2","36408","0","","1","01","N","N","0","","0","1","0","0","0","N","1804","1","2","0","0","1","0","0","2","0","1","N","","","","","","","","","","","","03","  ","","",""
"1400","2","0","0","0","0","0","0","0","0","5","0","","36","11","2016","2016118370","2","40.0463","-76.3029","1359","08","0","0","1","0","0","1","0","0","","0","0","0","13","1","1","01","0","40 02:46.807","","00","76 18:10.378","3","0","0","0","36301","0","0","0","N","0","0","0","2","36301","0","","1","01","N","N","0","","1","0","0","3","2","","1349","1","2","0","0","0","0","0","3","0","2","N","","","","","","","","","","","","03","  ","","",""
"1838","2","0","0","0","0","0","0","0","0","4","0","","36","11","2016","2016118373","6","40.1034","-76.435","1832","08","0","0","0","1","0","0","0","0","1","0","0","0","18","2","0","02","1","40 06:12.170","1","00","76 26:06.087","0","0","0","0","36239","0","0","0","N","0","0","0","2","36239","0","","1","01","N","N","0","","0","0","0","3","3","N","1830","0","2","0","0","0","0","0","3","0","2","N","","","","","","","","","","","","03","  ","","",""
"1255","1","0","0","0","0","0","0","0","0","1","0","","36","11","2016","2016118398","2","40.1558","-76.1314","1247","08","0","0","0","0","0","0","1","0","","0","1","0","12","1","0","00","0","40 09:20.911","","00","76 07:53.024","0","0","0","0","36218","0","0","0","N","0","0","0","2","36408","0","","1","01","N","N","0","","0","0","0","0","0","","1240","0","2","0","0","0","0","0","1","0","2","N","","","","","","","","","","","","03","  ","","",""
"1437","2","0","0","0","0","0","0","0","0","4","0","","36","11","2016","2016118399","3","40.0279","-76.2237","1431","08","0","0","0","0","0","0","0","0","","0","0","0","14","1","0","02","0","40 01:40.475","","00","76 13:25.360","0","0","0","0","36215","0","0","0","N","0","0","0","2","36215","0","","1","01","N","N","0","","0","0","0","3","3","","1430","0","2","0","0","0","0","0","1","0","2","N","","","","","","","","","","","","03","  ","","",""
"1838","2","0","0","0","0","0","0","0","0","4","0","","36","11","2016","2016118410","5","40.1636","-76.1525","1835","08","0","1","0","0","0","0","0","0","2","0","0","0","18","4","0","01","1","40 09:49.023","3","00","76 09:08.899","0","0","0","0","36218","0","0","0","N","0","0","0","2","36408","0","","1","01","N","N","0","","0","0","0","3","2","N","1834","0","2","0","0","0","0","0","1","0","2","N","","","","","","","","","","","","03","  ","","",""
"2129","1","0","0","0","0","0","0","0","0","4","0","","36","11","2016","2016118418","3","40.1964","-76.2012","2125","08","0","1","0","0","0","0","0","0","","0","0","0","21","3","0","01","0","40 11:47.017","","00","76 12:04.285","0","0","0","0","36408","0","0","0","N","0","0","0","2","36408","0","","1","01","N","N","0","","0","0","0","3","2","","2124","0","2","0","0","0","0","0","2","1","2","N","","","","","","","","","","","","03","  ","","",""
"1139","1","0","0","0","0","0","0","0","0","1","0","","36","11","2016","2016118442","7","40.0695","-76.2876","1132","08","0","0","0","0","0","1","0","0","","0","0","0","11","1","0","07","0","40 04:17.668","","02","76 17:14.101","0","0","0","0","36101","0","0","0","N","0","0","0","3","36101","0","","1","01","N","N","0","","0","0","1","0","0","","1129","0","2","0","0","0","0","0","3","0","2","N","","","","","","","","","","","","03","  ","","",""
"1124","1","0","0","0","0","0","0","0","0","1","0","","36","11","2016","2016118443","7","40.1075","-76.2518","1119","08","0","0","0","0","0","1","0","0","1","0","0","0","11","1","1","01","1","40 06:27.073","1","00","76 15:06.604","4","0","0","0","36101","0","0","0","N","0","0","0","2","36101","1","","1","01","N","N","0","","0","0","1","0","0","N","1118","1","2","0","0","0","0","0","3","0","2","N","","","","","","","","","","","","03","  ","","",""
"1759","2","0","0","0","0","0","0","0","0","4","0","","36","11","2016","2016118446","6","40.0626","-76.5496","1754","08","0","0","1","0","0","1","0","0","2","0","0","0","17","3","0","01","2","40 03:45.336","7","00","76 32:58.470","0","0","0","0","36211","0","0","0","N","0","0","0","3","36504","0","","1","01","N","N","0","","0","0","0","3","2","Y","1750","0","2","0","0","0","0","0","1","0","2","N","","","","","","","","","","","","03","  ","","",""
"0755","0","0","0","0","0","0","0","0","0","1","0","","36","11","2016","2016118450","3","40.0753","-76.3355","0744","08","0","0","0","0","0","2","0","0","1","0","0","0","07","1","1","00","1","40 04:31.133","3","00","76 20:07.940","4","0","0","0","36101","0","0","0","N","0","0","0","3","36101","1","","1","01","N","N","1","","0","0","1","0","0","N","0742","1","3","0","0","0","0","1","3","0","3","N","","","","","","","","","","","","03","  ","","",""
"1600","2","0","0","0","0","0","0","0","0","1","0","","36","11","2016","2016118456","2","40.2014","-76.2076","1556","08","0","0","0","0","0","0","0","0","","0","0","0","15","1","0","00","0","40 12:04.901","","00","76 12:27.207","0","0","0","0","36218","0","0","0","N","0","0","0","2","36408","0","","1","01","N","N","0","","0","0","0","0","0","","1553","0","2","0","0","0","0","0","1","0","2","N","","","","","","","","","","","","03","  ","","",""
"1855","2","0","0","0","0","0","0","0","0","1","0","","36","11","2016","2016118462","5","40.1501","-76.6007","1855","08","0","1","0","0","0","1","0","0","3","0","0","0","18","3","0","02","2","40 09:00.262","5","00","76 36:02.466","0","0","0","0","36407","0","0","0","N","0","0","0","2","36407","0","","1","01","N","N","0","","0","0","0","0","0","Y","1855","0","2","0","0","0","0","0","2","0","2","N","","","","","","","","","","","","03","  ","","",""
"0720","2","0","0","0","0","0","0","0","0","1","0","","36","11","2016","2016118487","2","40.162","-76.5799","0715","08","0","0","0","0","0","0","0","0","","0","0","0","07","1","1","00","0","40 09:43.246","","00","76 34:47.485","8","0","0","0","36225","0","0","0","Y","0","0","0","2","36505","0","","1","01","N","N","0","","0","0","0","0","0","","0710","1","2","0","0","0","1","0","2","0","2","N","","","","","","","","","","","","03","  ","","",""
"0313","0","0","0","0","0","0","0","0","0","0","1","","36","10","2016","2016118533","4","40.0296","-76.2956","0313","08","0","0","0","0","0","1","0","0","2","0","1","0","03","3","1","00","1","40 01:46.700","3","00","76 17:44.300","3","0","0","0","36301","0","0","0","N","0","0","0","1","36301","0","","5","01","N","N","0","","1","0","0","0","0","N","0310","1","1","0","0","0","0","0","3","0","1","N","","","","","","","","","","","","03","  ","","",""
"1720","0","0","0","0","0","0","0","0","0","4","0","","36","11","2016","2016118534","6","40.039","-76.3598","1714","08","0","0","0","0","0","1","0","1","","0","0","0","17","3","1","01","0","40 02:20.432","","00","76 21:35.292","8","0","0","0","36214","0","0","0","N","0","0","0","2","36214","0","","1","01","N","N","2","","0","0","0","3","2","","1712","1","2","0","0","0","1","0","3","0","2","N","","","","","","","","","","","","03","  ","","",""
"2105","1","0","0","0","0","0","0","0","0","4","0","","36","11","2016","2016118536","6","40.1683","-76.2025","2059","08","0","0","0","0","0","0","0","0","1","0","0","0","20","3","0","03","1","40 10:05.739","3","00","76 12:08.829","0","0","0","0","36218","0","0","0","N","0","0","0","2","36408","0","","1","01","N","N","0","","0","0","0","3","3","N","2056","0","2","0","0","0","0","0","1","1","2","N","","","","","","","","","","","","03","  ","","",""
"2228","1","0","0","0","0","0","0","0","0","4","0","","36","11","2016","2016118564","7","40.1015","-76.0919","2224","08","1","0","0","0","0","0","0","0","1","0","0","0","22","3","0","01","2","40 06:05.302","7","00","76 05:30.717","0","0","0","0","36415","0","0","0","N","0","0","0","3","36415","0","","1","01","N","N","1","","0","0","0","3","2","N","2224","0","2","0","0","0","0","0","1","0","2","N","","","","","","","","","","","","03","  ","","",""
"2235","1","0","0","0","0","0","0","0","0","4","0","","36","11","2016","2016118576","7","40.2832","-76.1863","2230","08","0","0","0","1","0","0","0","0","2","0","0","0","22","2","1","00","2","40 16:59.693","6","07","76 11:10.708","8","0","0","0","36236","0","0","0","N","0","0","0","4","36408","0","","1","01","N","N","0","","0","0","1","0","0","Y","2228","1","2","0","0","1","1","0","1","0","2","N","","","","","","","","","","","","03","  ","","",""
"1030","0","0","0","0","0","0","0","0","0","4","0","","36","11","2016","2016118651","2","40.1625","-76.2016","1028","08","0","0","0","0","0","0","1","0","","0","0","0","10","1","2","00","0","40 09:44.982","","07","76 12:05.791","3","0","0","0","36218","0","0","0","N","0","0","0","3","36408","1","","1","01","N","N","0","","1","0","0","0","0","","1026","2","2","0","0","0","0","0","1","2","2","N","","","","","","","","","","","","03","  ","","",""
"1825","0","0","0","0","0","0","0","0","0","4","0","","36","11","2016","2016118660","3","40.2007","-76.1718","1807","08","0","0","0","0","0","0","1","0","","0","0","0","18","2","0","01","0","40 12:02.510","","00","76 10:18.574","0","0","0","0","36218","0","0","0","N","0","0","0","4","36408","0","","1","01","N","N","1","","0","0","0","3","3","","1806","0","2","0","0","0","0","0","1","1","2","N","","","","","","","","","","","","03","  ","","",""
"0836","1","0","0","0","0","0","0","0","0","7","0","","36","11","2016","2016118673","5","40.1443","-76.1192","0828","08","0","0","0","0","0","0","0","0","","0","0","0","00","2","0","00","0","40 08:39.400","","00","76 07:09.200","0","0","0","0","36209","0","0","0","N","0","0","0","1","36415","0","","4","01","N","N","0","","0","0","0","0","0","","0000","0","1","0","0","0","0","0","1","0","1","N","","","","","","","","","","","","03","  ","","",""
"1058","1","0","0","0","0","0","0","0","0","2","0","","36","11","2016","2016118712","1","40.0282","-76.4977","1056","08","0","0","0","0","0","1","0","0","1","0","0","0","10","1","1","01","2","40 01:41.343","6","00","76 29:51.604","4","0","0","0","36404","0","0","0","N","0","0","0","4","36404","1","","1","01","N","N","0","","0","0","1","0","0","Y","1054","1","2","0","0","0","0","0","3","0","2","N","","","","","","","","","","","","03","  ","","",""
"1600","2","0","0","0","0","0","0","0","0","9","0","","36","11","2016","2016118725","2","40.1798","-76.1709","1557","08","0","0","0","0","0","0","0","1","","0","0","0","15","1","0","01","0","40 10:47.157","","00","76 10:15.380","0","0","0","0","36408","0","0","0","N","0","0","0","2","36408","0","","1","01","N","N","0","","0","0","0","3","3","","1552","0","2","0","0","0","0","0","2","0","2","N","","","","","","","","","","","","98","  ","","",""
"0659","0","0","0","0","0","0","0","0","0","9","0","","36","11","2016","2016118730","6","40.0979","-76.2592","0653","08","0","0","0","0","0","0","1","0","","0","0","0","06","5","0","00","0","40 05:52.569","","00","76 15:33.151","0","0","0","0","36101","0","0","0","N","0","0","0","1","36101","0","","1","01","N","N","0","","0","0","0","0","0","","0602","0","1","0","0","0","0","0","3","1","1","N","","","","","","","","","","","","03","  ","","",""
"1303","0","0","0","0","0","0","0","0","0","1","0","","36","11","2016","2016118733","1","40.0966","-76.1062","1252","08","0","0","0","1","0","1","0","0","","0","0","0","12","1","1","01","0","40 05:47.922","","00","76 06:22.185","3","0","0","0","36415","0","0","0","N","0","0","0","4","36415","0","","1","01","N","N","0","","1","0","2","3","2","","1252","1","2","0","0","0","0","0","1","0","2","N","","","","","","","","","","","","03","  ","","",""
"2010","1","0","0","0","0","0","0","0","0","9","0","","36","10","2016","2016118740","6","40.021","-76.1852","1959","08","0","0","0","0","0","0","0","0","","0","0","0","19","2","0","00","0","40 01:15.457","","00","76 11:06.559","0","0","0","0","36215","0","0","0","N","0","0","0","3","36215","0","","1","01","N","N","0","","0","0","0","0","0","","1955","0","1","0","0","0","0","0","1","0","1","N","","","","","","","","","","","","03","  ","","",""
"1522","1","0","0","0","0","0","0","0","0","1","0","","36","11","2016","2016118761","7","40.1279","-75.9981","1518","08","0","0","0","0","0","1","0","0","1","0","0","0","15","1","0","02","1","40 07:40.530","3","00","75 59:53.021","0","0","0","0","36213","0","0","0","N","0","0","0","2","36213","0","","1","01","N","N","1","","0","0","0","0","0","N","1516","0","2","0","0","0","0","0","1","0","2","N","","","","","","","","","","","","03","  ","","",""
"1641","0","0","0","1","0","0","0","0","0","4","0","","36","11","2016","2016118766","1","40.1371","-76.2114","1638","08","0","0","0","0","0","0","0","0","","0","0","0","16","1","1","00","0","40 08:13.434","","07","76 12:40.950","8","0","0","0","36238","1","0","0","N","0","0","0","2","36238","0","","2","01","N","N","0","","0","0","1","0","0","","1638","1","2","0","0","0","1","0","3","0","1","N","","","","","","","","","","","","03","  ","","",""
"1749","2","0","0","0","0","0","0","0","0","1","0","","36","11","2016","2016118768","6","40.1583","-76.1531","1730","08","0","0","0","0","0","1","1","0","","0","0","0","17","2","0","00","0","40 09:29.767","","00","76 09:11.233","0","0","0","0","36238","0","0","0","N","0","0","0","3","36238","0","","1","01","N","N","0","","0","0","0","0","0","","1730","0","2","0","0","0","0","0","3","0","2","N","","","","","","","","","","","","03","  ","","",""
"1849","1","0","0","0","0","0","0","0","0","4","0","","36","11","2016","2016118836","1","40.0792","-76.3465","1837","08","0","1","0","1","0","0","0","0","","0","0","0","18","4","0","01","0","40 04:44.998","","02","76 20:47.326","0","0","0","0","36101","0","0","0","N","0","0","0","3","36101","0","","1","01","N","N","0","","0","0","1","3","3","","1822","0","2","0","0","0","0","0","3","0","2","N","","","","","","","","","","","","03","  ","","",""
"2302","1","0","0","0","0","0","0","0","0","7","0","","36","11","2016","2016118846","7","40.0685","-76.3029","2256","08","0","0","0","0","0","0","0","0","1","0","0","0","22","3","0","01","1","40 04:06.491","4","00","76 18:10.333","0","0","0","0","36101","0","0","0","N","0","0","0","1","36101","0","","2","01","N","N","0","","0","0","0","3","2","N","2249","0","1","0","0","0","0","0","3","0","1","N","","","","","","","","","","","","03","  ","","",""
"1826","0","0","0","0","0","0","0","0","0","1","0","","36","11","2016","2016118851","1","40.0402","-76.2363","1815","08","0","0","1","0","0","1","0","0","2","0","0","0","18","3","0","02","1","40 02:24.556","1","00","76 14:10.733","0","0","0","0","36215","0","0","0","N","0","0","0","3","36215","0","","1","01","N","N","0","","0","0","1","3","2","N","1813","0","2","0","0","0","0","0","1","1","2","N","","","","","","","","","","","","03","  ","","",""
"1917","1","0","0","0","0","0","0","0","0","7","0","","36","11","2016","2016118888","1","40.1266","-76.2185","1911","08","0","0","0","0","0","1","0","0","2","0","0","0","19","2","0","00","1","40 07:35.691","1","00","76 13:06.694","0","0","0","0","36238","0","0","0","N","0","0","0","3","36238","0","","5","01","N","N","0","","0","0","0","0","0","N","1910","0","1","0","0","0","0","0","3","0","1","N","","","","","","","","","","","","03","  ","","",""
"1534","1","0","0","0","0","0","0","0","0","5","0","","36","11","2016","2016118976","4","40.068","-76.291","1513","08","0","0","0","0","1","0","0","0","","0","0","0","15","1","0","00","0","40 04:04.731","","00","76 17:27.595","9","0","0","0","36101","0","0","0","N","0","0","0","3","36101","0","","1","09","N","N","0","","0","0","1","0","0","","1505","0","3","0","0","0","0","1","3","1","3","N","","","","","","","","","","","","07","  ","","",""
"0726","3","0","0","0","0","0","0","0","0","4","0","","36","11","2016","2016118984","2","40.0497","-76.2991","0716","08","0","0","0","1","0","0","0","0","","0","0","0","07","1","0","01","0","40 02:59.053","","00","76 17:56.662","0","0","0","0","36301","0","0","0","N","0","0","0","3","36301","0","","1","01","N","N","0","","0","0","0","3","3","","0714","0","3","0","0","0","0","0","3","0","3","N","","","","","","","","","","","","03","  ","","",""
"0733","0","0","0","0","0","0","0","0","0","5","0","","36","11","2016","2016119009","2","40.1002","-76.0838","0730","08","0","0","1","0","0","0","0","0","1","0","0","0","07","1","0","00","1","40 06:00.543","3","00","76 05:01.622","0","0","0","0","36415","0","0","0","N","0","0","0","1","36415","0","","6","01","N","N","0","","0","0","2","0","0","Y","0730","0","2","0","0","0","0","0","1","0","2","N","","","","","","","","","","","","03","  ","","",""
"1653","1","0","0","0","0","0","0","0","0","4","0","","36","11","2016","2016119031","7","40.0408","-76.2935","1648","08","0","0","1","0","0","0","0","0","1","0","0","0","16","1","1","01","1","40 02:26.970","2","00","76 17:36.562","4","0","0","1","36301","0","0","0","N","0","0","0","2","36301","1","","1","01","N","N","0","","0","0","0","3","3","Y","1648","1","2","0","0","0","0","0","3","0","2","N","","","","","","","","","","","","03","  ","","",""
"1545","0","0","0","0","0","0","0","0","0","1","0","","36","11","2016","2016119115","2","40.0524","-76.3063","1528","08","0","0","0","0","0","0","0","0","2","0","0","0","15","1","1","00","2","40 03:08.501","4","00","76 18:22.762","3","0","0","0","36301","0","0","0","N","0","0","0","2","36301","0","","1","01","N","N","1","","1","0","1","3","2","N","1519","1","2","0","0","0","0","0","3","0","2","N","","","","","","","","","","","","03","  ","","",""
"0756","2","0","0","0","0","0","0","0","0","1","0","","36","11","2016","2016119116","2","40.0754","-76.3086","0753","08","0","0","0","0","0","0","0","0","","0","0","0","07","1","0","00","0","40 04:31.355","","00","76 18:30.993","0","0","0","0","36101","0","0","0","N","0","0","0","2","36101","0","","1","01","N","N","0","","0","0","0","0","0","","0750","0","2","0","0","0","0","0","3","0","2","N","","","","","","","","","","","","03","  ","","",""
"1726","0","0","0","1","0","0","0","0","0","4","0","","36","11","2016","2016119213","2","40.0399","-76.3257","1724","08","0","0","0","0","0","0","0","0","","0","0","0","17","3","1","01","0","40 02:23.773","","00","76 19:32.523","3","0","0","0","36220","1","0","0","N","0","0","0","2","36101","0","","1","01","N","N","0","","1","0","1","3","3","","1721","1","2","0","0","0","0","0","3","0","1","N","","","","","","","","","","","","03","  ","","",""
"1317","0","0","0","0","0","0","0","0","0","7","0","","36","11","2016","2016119434","5","40.04","-76.3741","1305","08","0","0","0","0","0","1","0","0","","0","0","0","13","1","1","00","0","40 02:24.027","","00","76 22:26.807","4","0","0","1","36214","0","0","0","N","0","0","0","1","36214","1","","2","01","N","N","0","","0","0","0","0","0","","1300","1","1","0","0","0","0","0","3","0","1","N","","","","","","","","","","","","03","  ","","",""
"1918","0","0","0","0","0","0","0","0","0","1","0","","36","11","2016","2016119447","2","40.1686","-76.1673","1914","08","0","0","0","0","1","0","0","0","2","0","0","0","19","3","3","02","2","40 10:07.002","6","00","76 10:02.157","4","0","0","0","36408","0","0","0","N","0","0","0","4","36408","3","","1","01","N","N","0","","0","0","2","0","0","N","1914","3","2","0","0","0","0","0","2","0","2","N","","","","","","","","","","","","03","  ","","",""
"2358","0","0","0","0","0","0","0","0","0","4","0","","36","11","2016","2016119457","6","40.0398","-76.3039","2358","08","0","0","0","0","0","1","0","0","3","0","0","0","23","3","0","01","2","40 02:23.108","4","00","76 18:14.080","0","0","0","0","36301","0","0","0","N","0","0","0","3","36301","0","","1","01","N","N","0","","0","0","3","3","2","Y","2356","0","3","0","0","0","0","0","3","0","3","N","","","","","","","","","","","","03","  ","","",""