"ARRIVAL_TM","AUTOMOBILE_COUNT","BELTED_DEATH_COUNT","BELTED_SUSP_SERIOUS_INJ_COUNT","BICYCLE_COUNT","BICYCLE_DEATH_COUNT","BICYCLE_SUSP_SERIOUS_INJ_COUNT","BUS_COUNT","CHLDPAS_DEATH_COUNT","CHLDPAS_SUSP_SERIOUS_INJ_COUNT","COLLISION_TYPE","COMM_VEH_COUNT","CONS_ZONE_SPD_LIM","COUNTY","CRASH_MONTH","CRASH_YEAR","CRN","DAY_OF_WEEK","DEC_LAT","DEC_LONG","DISPATCH_TM","DISTRICT","DRIVER_COUNT_16YR","DRIVER_COUNT_17YR","DRIVER_COUNT_18YR","DRIVER_COUNT_19YR","DRIVER_COUNT_20YR","DRIVER_COUNT_50_64YR","DRIVER_COUNT_65_74YR","DRIVER_COUNT_75PLUS","EST_HRS_CLOSED","FATAL_COUNT","HEAVY_TRUCK_COUNT","HORSE_BUGGY_COUNT","HOUR_OF_DAY","ILLUMINATION","INJURY_COUNT","INTERSECT_TYPE","LANE_CLOSED","LATITUDE","LN_CLOSE_DIR","LOCATION_TYPE","LONGITUDE","MAX_SEVERITY_LEVEL","MCYCLE_DEATH_COUNT","MCYCLE_SUSP_SERIOUS_INJ_COUNT","MOTORCYCLE_COUNT","MUNICIPALITY","NONMOTR_COUNT","NONMOTR_DEATH_COUNT","NONMOTR_SUSP_SERIOUS_INJ_COUNT","NTFY_HIWY_MAINT","PED_COUNT","PED_DEATH_COUNT","PED_SUSP_SERIOUS_INJ_COUNT","PERSON_COUNT","POLICE_AGCY","POSSIBLE_INJ_COUNT","RDWY_SURF_TYPE_CD","RELATION_TO_ROAD","ROAD_CONDITION","SCH_BUS_IND","SCH_ZONE_IND","SMALL_TRUCK_COUNT","SPEC_JURIS_CD","SUSP_MINOR_INJ_COUNT","SUSP_SERIOUS_INJ_COUNT","SUV_COUNT","TCD_FUNC_CD","TCD_TYPE","TFC_DETOUR_IND","TIME_OF_DAY","TOT_INJ_COUNT","TOTAL_UNITS","UNB_DEATH_COUNT","UNB_SUSP_SERIOUS_INJ_COUNT","UNBELTED_OCC_COUNT","UNK_INJ_DEG_COUNT","UNK_INJ_PER_COUNT","URBAN_RURAL","VAN_COUNT","VEHICLE_COUNT","WORK_ZONE_IND","WORK_ZONE_LOC","WORK_ZONE_TYPE","WORKERS_PRES","WZ_CLOSE_DETOUR","WZ_FLAGGER","WZ_LAW_OFFCR_IND","WZ_LN_CLOSURE","WZ_MOVING","WZ_OTHER","WZ_SHLDER_MDN","ROADWAY_CLEARED","WEATHER1","WEATHER2","WZ_WORKERS_INJ_KILLED","SECONDARY_CRASH","INTERSECTION_RELATED"
"0211","3","0","0","0","0","0","0","0","0","5","0","","36","11","2016","2016119458","1","40.0455","-76.3091","0208","08","0","0","0","0","0","0","0","0","","0","0","0","02","3","0","00","0","40 02:43.954","","00","76 18:32.904","9","0","0","0","36301","0","0","0","N","0","0","0","1","36301","0","","6","01","N","N","0","","0","0","1","0","0","","0206","0","4","0","0","0","0","1","3","0","4","N","","","","","","","","","","","","03","  ","","",""
"1720","1","0","0","0","0","0","0","0","0","1","0","","36","11","2016","2016119461","4","40.0696","-76.3107","1713","08","0","0","1","0","0","0","0","0","","0","0","0","17","4","0","00","0","40 04:10.419","","00","76 18:38.508","0","0","0","0","36101","0","0","0","N","0","0","0","6","36101","0","","1","01","N","N","0","","0","0","1","0","0","","1711","0","2","0","0","0","0","0","3","0","2","N","","","","","","","","","","","","03","  ","","",""
"1225","0","0","0","0","0","0","0","0","0","1","0","","36","11","2016","2016119465","5","40.0684","-76.3301","1220","08","0","0","0","0","0","1","1","0","2","0","0","0","12","1","2","00","1","40 04:06.245","2","01","76 19:48.188","4","0","0","0","36101","0","0","0","N","0","0","0","2","36101","2","","1","01","N","N","0","","0","0","1","0","0","N","1217","2","2","0","0","0","0","0","3","1","2","N","","","","","","","","","","","","03","  ","","",""
"1449","1","0","0","0","0","0","0","0","0","1","0","","36","11","2016","2016119471","4","40.0637","-76.5843","1439","08","0","0","0","0","0","0","0","1","","0","0","0","14","1","0","00","0","40 03:49.376","","00","76 35:03.507","0","0","0","0","36211","0","0","0","N","0","0","0","2","36504","0","","1","09","N","N","0","","0","0","0","0","0","","1431","0","2","0","0","0","0","0","1","1","2","N","","","","","","","","","","","","07","  ","","",""
"1946","1","0","0","0","0","0","0","0","0","8","0","","36","11","2016","2016119477","1","40.036","-76.3082","1946","08","0","0","0","0","0","0","0","0","","0","0","0","19","3","1","00","0","40 02:09.730","","00","76 18:29.580","2","0","0","0","36301","1","0","1","N","1","0","1","2","36301","0","","1","01","N","N","0","","0","1","0","3","3","","1945","1","2","0","0","0","0","0","3","0","1","N","","","","","","","","","","","","03","  ","","",""
"1836","1","0","0","0","0","0","0","0","0","1","0","","36","11","2016","2016119487","5","40.0963","-76.305","1828","08","0","0","0","0","0","1","0","0","2","0","0","0","18","3","1","00","2","40 05:46.797","1","00","76 18:18.050","8","0","0","0","36101","0","0","0","N","0","0","0","2","36101","0","","1","01","N","N","0","","0","0","1","0","0","N","1826","1","2","0","0","0","1","0","3","0","2","N","","","","","","","","","","","","03","  ","","",""
"1442","0","0","0","0","0","0","0","0","0","8","0","","36","11","2016","2016119506","5","40.0441","-76.3089","1440","08","0","0","0","0","0","0","0","0","","0","0","0","14","1","1","01","0","40 02:38.824","","00","76 18:32.014","4","0","0","0","36301","1","0","0","N","1","0","0","2","36301","1","","1","01","N","N","0","","0","0","0","3","2","","1440","1","2","0","0","0","0","1","3","0","1","N","","","","","","","","","","","","03","  ","","",""
"1710","1","0","0","0","0","0","0","0","0","7","0","","36","11","2016","2016119510","2","40.0978","-76.4071","1659","08","0","0","0","0","0","0","0","0","2","0","0","0","16","1","0","00","1","40 05:52.186","3","00","76 24:25.465","0","0","0","0","36214","0","0","0","N","0","0","0","2","36214","0","","3","01","N","N","1","","0","0","0","0","0","N","1655","0","2","0","0","1","0","0","3","0","2","N","","","","","","","","","","","","03","  ","","",""
"1303","0","0","0","0","0","0","0","0","0","4","0","","36","11","2016","2016119528","4","40.0488","-76.3077","1259","08","1","0","0","0","0","0","0","0","2","0","0","0","12","1","1","01","2","40 02:55.795","7","00","76 18:27.890","3","0","0","0","36301","0","0","0","N","0","0","0","3","36301","0","","1","09","N","N","0","","1","0","2","3","3","Y","1258","1","2","0","0","0","0","0","3","0","2","N","","","","","","","","","","","","07","  ","","",""
"0821","1","0","0","0","0","0","0","0","0","1","0","","36","11","2016","2016119555","5","40.0999","-76.2579","0756","08","0","0","0","0","0","0","0","0","","0","0","0","07","1","0","00","0","40 05:59.671","","00","76 15:28.518","0","0","0","0","36101","0","0","0","N","0","0","0","3","36101","0","","1","01","N","N","1","","0","0","0","0","0","","0749","0","2","0","0","0","0","0","3","0","2","N","","","","","","","","","","","","03","  ","","",""
"1541","1","0","0","0","0","0","0","0","0","4","0","","36","11","2016","2016119577","4","40.1559","-76.3435","1538","08","0","0","0","0","0","0","0","0","2","0","0","0","15","1","0","01","1","40 09:21.374","4","00","76 20:36.774","0","0","0","0","36227","0","0","0","","0","0","0","2","36506","0","","1","09","N","N","0","","0","0","1","3","3","N","1538","0","2","0","0","0","0","0","1","0","2","N","","","","","","","","","","","","07","  ","","",""
"1341","1","0","0","0","0","0","0","0","0","1","0","","36","11","2016","2016119578","1","40.14","-76.3035","1331","08","0","0","0","0","0","2","0","0","","0","0","0","13","1","1","00","0","40 08:24.118","","00","76 18:12.726","8","0","0","0","36235","0","0","0","","0","0","0","4","36506","0","","1","01","N","N","0","","0","0","2","0","0","","1330","1","3","0","0","0","1","0","1","0","3","N","","","","","","","","","","","","03","  ","","",""
"1308","0","0","0","0","0","0","0","0","0","4","0","","36","11","2016","2016119596","3","40.1011","-76.0943","1303","08","0","0","0","0","0","1","0","0","1","0","0","0","13","1","1","00","2","40 06:04.020","6","00","76 05:39.548","4","0","0","1","36415","0","0","0","N","0","0","0","2","36415","1","","1","01","N","N","1","","0","0","0","0","0","Y","1300","1","2","0","0","0","0","0","1","0","2","N","","","","","","","","","","","","03","  ","","",""
"1734","2","0","0","0","0","0","0","0","0","1","0","","36","11","2016","2016119639","5","40.1541","-76.6085","1729","08","0","1","0","0","0","0","0","0","","0","0","0","17","4","0","00","0","40 09:14.914","","00","76 36:30.438","0","0","0","0","36407","0","0","0","N","0","0","0","1","36407","0","","1","01","N","N","0","","0","0","0","0","0","","1728","0","2","0","0","0","0","0","2","0","2","N","","","","","","","","","","","","03","  ","","",""
"0335","1","0","0","0","0","0","0","0","0","7","0","","36","11","2016","2016119669","6","40.2169","-76.1189","0332","08","0","0","0","0","0","0","0","0","","0","0","0","03","3","0","00","0","40 13:00.846","","00","76 07:08.185","0","0","0","0","36210","0","0","0","N","0","0","0","1","36210","0","","4","01","N","N","0","","0","0","0","0","0","","0320","0","1","0","0","0","0","0","1","0","1","N","","","","","","","","","","","","03","  ","","",""
"1612","2","0","0","0","0","0","0","0","0","4","0","","36","10","2016","2016119677","5","40.1326","-76.347","1602","08","0","0","0","0","0","1","0","0","","0","0","0","16","1","0","01","0","40 07:57.364","","00","76 20:49.148","0","0","0","0","36227","0","0","0","","0","0","0","2","36506","0","","1","01","N","N","0","","0","0","0","3","3","","1602","0","2","0","0","0","0","0","1","0","2","N","","","","","","","","","","","","03","  ","","",""
"0517","0","0","0","0","0","0","0","0","0","7","0","","36","11","2016","2016119740","2","40.2374","-76.2719","0500","08","0","0","0","0","0","0","0","0","1","0","0","0","04","2","0","00","2","40 14:14.961","4","00","76 16:15.596","0","0","0","0","36204","0","0","0","","0","0","0","1","68T06","0","","3","01","N","N","0","","0","0","1","0","0","N","0458","0","1","0","0","0","0","0","1","0","1","N","","","","","","","","","","","","03","  ","","",""
"1810","1","0","0","0","0","0","0","0","0","9","0","","36","11","2016","2016119777","7","40.2288","-76.3563","1720","08","0","0","0","0","0","1","0","0","","0","0","0","17","2","0","00","0","40 13:43.928","","00","76 21:20.780","0","0","0","0","36227","0","0","0","","0","0","0","1","68T06","0","","1","01","N","N","0","","0","0","0","0","0","","1718","0","1","0","0","0","0","0","1","0","1","N","","","","","","","","","","","","03","  ","","",""
"2347","2","0","0","0","0","0","0","0","0","4","0","","36","11","2016","2016119813","2","40.0729","-76.3057","2343","08","0","0","0","0","0","1","0","0","1","0","0","0","23","2","0","00","1","40 04:22.494","2","00","76 18:20.364","0","0","0","0","36101","0","0","0","N","0","0","0","1","36101","0","","1","01","N","N","0","","0","0","0","0","0","N","2343","0","2","0","0","0","0","0","3","0","2","N","","","","","","","","","","","","03","  ","","",""
"1633","1","0","0","0","0","0","0","0","0","4","0","","36","11","2016","2016119814","3","40.2402","-76.0593","1633","08","0","0","0","0","0","0","0","0","","0","0","0","16","1","0","01","0","40 14:24.690","","00","76 03:33.455","9","0","0","0","36401","0","0","0","N","0","0","0","2","36408","0","","1","01","N","N","1","","0","0","0","3","2","","1633","0","2","0","0","0","0","1","1","0","2","N","","","","","","","","","","","","03","  ","","",""
"1731","1","0","0","0","0","0","0","0","0","1","0","","36","11","2016","2016119815","3","40.0131","-76.3525","1729","08","0","0","0","0","1","1","0","0","2","0","0","0","17","3","1","00","2","40 00:47.066","3","00","76 21:08.996","4","0","0","0","36412","0","0","0","N","0","0","0","2","36412","1","","1","01","N","N","0","","0","0","1","0","0","Y","1726","1","2","0","0","0","0","0","3","0","2","N","","","","","","","","","","","","03","  ","","",""
"1449","1","0","0","0","0","0","0","0","0","4","0","90","36","11","2016","2016119816","3","40.139","-76.5878","1445","08","0","0","0","0","0","1","0","0","2","0","0","0","14","1","1","02","1","40 08:20.508","3","00","76 35:16.114","8","0","0","0","36225","0","0","0","N","0","0","0","2","36505","0","","1","01","N","N","0","","0","0","1","3","3","Y","1443","1","2","0","0","0","1","0","2","0","2","Y","2","1","Y","","Y","N","Y","","","","","03","  ","","",""
"1723","0","0","0","0","0","0","0","0","0","1","0","","36","11","2016","2016119823","3","40.144","-76.5984","1720","08","0","0","0","0","0","0","0","0","","0","0","0","17","3","0","00","0","40 08:38.356","","00","76 35:54.199","0","0","0","0","36407","0","0","0","N","0","0","0","3","36407","0","","1","01","N","N","1","","0","0","1","0","0","","1720","0","2","0","0","1","0","0","2","0","2","N","","","","","","","","","","","","03","  ","","",""
"2037","1","0","0","0","0","0","0","0","0","6","0","","36","11","2016","2016119832","3","40.2209","-76.099","2035","08","0","0","0","1","0","0","1","0","","0","0","0","20","3","0","01","0","40 13:20.821","","00","76 05:48.707","0","0","0","0","36210","0","0","0","N","0","0","0","2","36210","0","","1","01","N","N","1","","0","0","0","3","2","","2034","0","2","0","0","0","0","0","1","0","2","N","","","","","","","","","","","","03","  ","","",""
"2215","1","0","0","0","0","0","0","0","0","7","0","","36","11","2016","2016119842","3","40.1717","-76.411","2211","08","0","0","0","0","0","0","0","0","","0","0","0","22","2","0","00","0","40 10:18.100","","03","76 24:39.600","0","0","0","0","36230","0","0","0","N","0","0","0","1","36410","0","","2","01","N","N","0","","0","0","0","0","0","","2209","0","1","0","0","0","0","0","1","0","1","N","","","","","","","","","","","","03","  ","","",""
"0508","1","0","0","0","0","0","0","0","0","9","0","","36","11","2016","2016119867","3","40.0671","-76.6173","0508","08","0","0","0","0","0","0","0","0","","0","0","0","05","2","0","00","0","40 04:01.443","","00","76 37:02.424","0","0","0","0","36207","0","0","0","N","0","0","0","1","36504","0","","1","01","N","N","0","","0","0","0","0","0","","0508","0","1","0","0","0","0","0","1","0","1","N","","","","","","","","","","","","03","  ","","",""
"0937","2","0","0","0","0","0","0","0","0","4","0","","36","10","2016","2016119868","6","40.1046","-76.5474","0926","08","0","0","0","0","0","1","0","0","2","0","0","0","09","1","1","02","1","40 06:16.434","3","00","76 32:50.491","8","0","0","0","36211","0","0","0","N","0","0","0","5","36504","0","","1","01","N","N","0","","0","0","1","0","0","N","0924","1","3","0","0","0","1","0","1","0","3","N","","","","","","","","","","","","03","  ","","",""
"0648","1","0","0","0","0","0","0","0","0","4","0","","36","11","2016","2016119890","2","40.0437","-76.3912","0646","08","0","0","0","0","0","0","0","0","2","0","0","0","06","5","0","02","2","40 02:37.348","1","00","76 23:28.449","0","0","0","0","36214","0","0","0","","0","0","0","2","36214","0","","1","01","N","N","0","","0","0","1","3","2","N","0640","0","2","0","0","0","0","0","3","0","2","N","","","","","","","","","","","","03","  ","","",""
"0655","1","0","0","0","0","0","0","0","0","8","0","","36","11","2016","2016119904","4","40.1129","-76.2462","0650","08","0","0","0","0","0","0","0","0","","0","0","0","06","5","1","00","0","40 06:46.323","","07","76 14:46.220","3","0","0","0","36101","1","0","0","N","1","0","0","2","36101","0","","2","01","N","N","0","","1","0","0","0","0","","0650","1","2","0","0","0","0","0","3","0","1","N","","","","","","","","","","","","03","  ","","",""
"2007","0","0","0","0","0","0","0","0","0","7","0","","36","10","2016","2016119909","1","40.027","-76.2489","2007","08","0","0","0","0","0","0","0","0","","0","0","0","20","2","0","00","0","40 01:37.324","","00","76 14:56.092","0","0","0","0","36215","0","0","0","N","0","0","0","1","36215","0","","2","09","N","N","1","","0","0","0","0","0","","2000","0","1","0","0","0","0","0","1","0","1","N","","","","","","","","","","","","03","  ","","",""
"0638","0","0","0","0","0","0","0","0","0","9","0","","36","11","2016","2016119917","4","40.0438","-76.513","0631","08","0","0","0","0","0","1","0","0","","0","0","0","06","1","0","00","0","40 02:37.595","","00","76 30:46.774","0","0","0","0","36239","0","0","0","N","0","0","0","1","36239","0","","1","01","N","N","0","","0","0","1","0","0","","0627","0","1","0","0","0","0","0","3","0","1","N","","","","","","","","","","","","03","  ","","",""
"1543","1","0","0","0","0","0","0","0","0","4","0","","36","11","2016","2016119921","6","40.0371","-76.2619","1537","08","0","1","0","0","0","1","0","0","1","0","0","0","15","1","0","00","1","40 02:13.397","4","07","76 15:42.708","0","0","0","0","36215","0","0","0","N","0","0","0","3","36215","0","","1","01","N","N","0","","0","0","1","0","0","N","1533","0","2","0","0","0","0","0","1","0","2","N","","","","","","","","","","","","03","  ","","",""
"1738","0","0","0","0","0","0","0","0","0","4","0","","36","11","2016","2016119932","3","40.0268","-76.3278","1735","08","0","0","0","0","1","1","0","0","1","0","0","0","17","3","2","02","2","40 01:36.533","7","00","76 19:40.229","2","0","0","0","36220","0","0","0","N","0","0","0","3","36101","0","","1","01","N","N","1","","1","1","1","3","3","Y","1732","2","2","0","1","2","0","0","3","0","2","N","","","","","","","","","","","","03","  ","","",""
"0752","2","0","2","0","0","0","0","0","0","1","0","","36","11","2016","2016119991","3","40.0753","-76.3355","0744","08","0","0","0","0","0","1","0","0","1","0","0","0","07","1","3","00","1","40 04:31.133","3","00","76 20:07.940","2","0","0","0","36101","0","0","0","N","0","0","0","3","36101","1","","1","01","N","N","0","","0","2","1","0","0","N","0742","3","3","0","0","0","0","0","3","0","3","N","","","","","","","","","","","","03","  ","","",""
"2022","3","0","0","0","0","0","0","0","0","1","0","","36","10","2016","2016120021","5","40.0695","-76.3078","2021","08","0","0","0","1","0","0","0","0","","0","0","0","20","2","0","00","0","40 04:10.178","","00","76 18:27.977","0","0","0","0","36101","0","0","0","N","0","0","0","4","36101","0","","1","01","N","N","0","","0","0","1","0","0","","2020","0","4","0","0","0","0","0","3","0","4","N","","","","","","","","","","","","03","  ","","",""
"1727","2","0","0","0","0","0","0","0","0","1","0","","36","11","2016","2016120033","4","40.0682","-76.271","1718","08","0","0","0","0","0","0","0","0","","0","0","0","17","2","0","00","0","40 04:05.376","","00","76 16:15.681","9","0","0","0","36101","0","0","0","N","0","0","0","3","36101","0","","1","01","N","N","0","","0","0","0","0","0","","1716","0","3","0","0","0","0","1","3","1","3","N","","","","","","","","","","","","03","  ","","",""
"1048","1","0","0","0","0","0","0","0","0","4","0","","36","10","2016","2016120094","7","40.0381","-76.1067","1029","08","0","0","0","0","0","2","0","0","","0","0","0","10","1","0","01","0","40 02:17.153","","00","76 06:24.081","0","0","0","0","36221","0","0","0","","0","0","0","4","68J01","0","","1","01","N","N","1","","0","0","1","3","3","","1028","0","3","0","0","0","0","0","1","0","3","N","","","","","","","","","","","","03","  ","","",""
"1855","0","0","0","0","0","0","0","0","0","1","0","","36","11","2016","2016120185","4","40.0379","-76.2745","1841","08","0","0","0","0","0","0","0","0","2","0","0","0","18","3","1","02","2","40 02:16.615","3","00","76 16:28.361","4","0","0","0","36220","0","0","0","N","0","0","0","3","36101","1","","1","09","N","N","1","","0","0","1","3","2","N","1824","1","2","0","0","0","0","0","3","0","2","N","","","","","","","","","","","","03","  ","","",""
"1942","0","0","0","0","0","0","0","0","0","7","0","","36","11","2016","2016120196","4","40.058","-76.4038","1942","08","0","0","0","0","0","0","0","0","1","0","0","0","19","2","0","00","1","40 03:28.843","2","00","76 24:13.853","0","0","0","0","36239","0","0","0","N","0","0","0","1","36239","0","","5","09","N","N","0","","0","0","1","0","0","N","1920","0","1","0","0","1","0","0","3","0","1","N","","","","","","","","","","","","07","  ","","",""
"1927","2","0","0","0","0","0","0","0","0","1","0","","36","11","2016","2016120223","3","40.034","-76.3162","1927","08","0","0","0","0","0","0","0","0","2","0","0","0","19","1","1","00","1","40 02:02.517","6","00","76 18:58.232","4","0","0","0","36301","0","0","0","N","0","0","0","1","36301","1","","2","01","N","N","0","","0","0","0","0","0","Y","1927","1","2","0","0","0","0","0","3","0","2","N","","","","","","","","","","","","03","  ","","",""
"1305","2","0","0","0","0","0","0","0","0","5","0","","36","11","2016","2016120235","3","39.9747","-76.2795","1300","08","0","1","0","0","0","0","0","0","","0","0","0","12","1","1","01","0","39 58:29.089","","00","76 16:46.344","8","0","0","0","36228","0","0","0","N","0","0","0","3","36503","0","","1","01","N","N","0","","0","0","0","0","0","","1247","1","2","0","0","0","1","0","1","0","2","N","","","","","","","","","","","","03","  ","","",""
"1216","1","0","0","0","0","0","0","0","0","1","0","","36","11","2016","2016120236","1","40.0427","-76.3066","1215","08","0","0","0","0","0","2","0","0","1","0","0","0","12","1","1","00","1","40 02:33.832","1","00","76 18:23.741","3","0","0","0","36301","0","0","0","N","0","0","0","3","36301","0","","1","01","N","N","1","","1","0","0","0","0","N","1214","1","2","0","0","0","0","0","3","0","2","N","","","","","","","","","","","","03","  ","","",""
"1630","2","0","0","0","0","0","0","0","0","1","0","","36","11","2016","2016120237","4","40.0536","-76.3086","1624","08","0","0","0","0","1","0","0","0","","0","0","0","16","1","1","00","0","40 03:12.971","","00","76 18:31.015","4","0","0","0","36101","0","0","0","N","0","0","0","2","36101","1","","1","01","N","N","0","","0","0","0","0","0","","1624","1","2","0","0","0","0","0","3","0","2","N","","","","","","","","","","","","03","  ","","",""
"2040","0","0","1","0","0","0","0","0","0","0","0","","36","10","2016","2016120323","2","39.9888","-76.2393","2039","08","0","0","0","0","0","1","0","0","3","0","0","0","20","3","2","00","2","39 59:19.787","5","00","76 14:21.479","2","0","0","0","36240","0","0","0","N","0","0","0","2","36240","0","","1","01","N","N","1","","0","2","0","0","0","Y","2039","2","1","0","0","0","0","0","1","0","1","N","","","","","","","","","","","","03","  ","","",""
"0755","2","0","0","0","0","0","0","0","0","1","0","","36","11","2016","2016120324","5","40.099","-76.4124","0740","08","0","1","0","0","0","0","0","0","","0","0","0","07","1","0","00","0","40 05:56.553","","00","76 24:44.588","0","0","0","0","36214","0","0","0","N","0","0","0","2","36214","0","","1","01","N","N","0","","0","0","0","0","0","","0740","0","2","0","0","0","0","0","3","0","2","N","","","","","","","","","","","","03","  ","","",""
"1221","1","0","0","0","0","0","0","0","0","7","0","","36","11","2016","2016120431","5","40.0394","-76.4771","1216","08","0","0","1","0","0","0","0","0","1","0","0","0","12","1","1","00","1","40 02:21.943","3","00","76 28:37.552","4","0","0","0","36239","0","0","0","N","0","0","0","1","36239","1","","4","01","N","N","0","","0","0","0","0","0","N","1213","1","1","0","0","0","0","0","3","0","1","N","","","","","","","","","","","","03","  ","","",""
"1519","0","0","0","0","0","0","0","0","0","4","0","","36","11","2016","2016120451","5","40.1027","-76.4328","1510","08","0","0","0","0","0","0","0","0","","0","0","0","15","1","0","01","0","40 06:09.637","","00","76 25:57.928","0","0","0","0","36239","0","0","0","N","0","0","0","2","36239","0","","1","01","N","N","1","","0","0","1","3","3","","1509","0","2","0","0","1","0","0","3","0","2","N","","","","","","","","","","","","03","  ","","",""
"1600","0","0","0","0","0","0","0","0","0","1","0","","36","11","2016","2016120455","5","40.0957","-76.2725","1550","08","0","0","0","0","0","0","1","0","3","0","0","0","15","1","0","00","1","40 05:44.550","1","00","76 16:21.076","0","0","0","0","36101","0","0","0","N","0","0","0","2","36101","0","","1","01","N","N","0","","0","0","1","0","0","N","1543","0","2","0","0","0","0","0","3","1","2","N","","","","","","","","","","","","03","  ","","",""
"2359","2","0","0","0","0","0","0","0","0","4","0","","36","11","2016","2016120565","7","40.0251","-76.3177","2347","08","0","0","1","0","1","0","0","0","","0","0","0","23","3","0","01","0","40 01:30.460","","00","76 19:03.550","0","0","0","0","36301","0","0","0","","0","0","0","3","36301","0","","1","01","","","0","","0","0","0","3","3","","2347","0","2","0","0","0","0","0","3","0","2","N","","","","","","","","","","","","03","  ","","",""
"1733","1","0","0","0","0","0","0","0","0","1","0","","36","11","2016","2016120700","5","40.0721","-76.3278","1721","08","0","0","0","0","0","1","0","0","2","0","0","0","17","3","1","00","1","40 04:19.420","3","00","76 19:39.930","3","0","0","0","36101","0","0","0","N","0","0","0","2","36101","0","","1","01","N","N","0","","1","0","1","0","0","N","1719","1","2","0","0","0","0","0","3","0","2","N","","","","","","","","","","","","03","  ","","",""
"1536","1","0","0","0","0","0","0","0","0","4","0","","36","11","2016","2016120791","5","40.1559","-76.0434","1532","08","0","0","0","0","0","0","0","1","2","0","0","0","15","1","0","01","1","40 09:21.104","7","00","76 02:36.199","0","0","0","0","36418","0","0","0","N","0","0","0","2","36213","0","","1","01","N","N","1","","0","0","0","3","3","N","1530","0","2","0","0","0","0","0","1","0","2","N","","","","","","","","","","","","03","  ","","",""
"2210","0","0","0","0","0","0","0","0","0","9","0","","36","11","2016","2016120808","5","40.2018","-76.12","2205","08","0","0","0","0","0","1","0","0","","0","0","0","22","2","0","00","0","40 12:06.329","","00","76 07:11.863","0","0","0","0","36210","0","0","0","N","0","0","0","1","36210","0","","1","01","N","N","0","","0","0","1","0","0","","2201","0","1","0","0","0","0","0","1","0","1","N","","","","","","","","","","","","03","  ","","",""
"0615","1","0","0","0","0","0","0","0","0","1","0","","36","11","2016","2016120837","5","40.0178","-76.302","0607","08","0","0","0","0","0","0","0","0","1","0","0","0","06","5","0","00","1","40 01:04.112","2","00","76 18:07.120","0","0","0","0","36240","0","0","0","N","0","0","0","2","36240","0","","1","01","N","N","1","","0","0","0","0","0","N","0607","0","2","0","0","0","0","0","1","0","2","N","","","","","","","","","","","","03","  ","","",""
"1154","3","0","0","0","0","0","0","0","0","1","0","","36","11","2016","2016120887","2","40.0234","-76.3625","1131","08","0","0","0","0","0","1","1","0","","0","0","0","11","1","2","00","0","40 01:24.268","","00","76 21:45.085","4","0","0","0","36223","0","0","0","","0","0","0","4","36223","2","","1","01","N","N","0","","0","0","0","0","0","","1130","2","3","0","0","0","0","0","1","0","3","N","","","","","","","","","","","","03","  ","","",""
"0922","0","0","0","0","0","0","0","0","0","4","0","","36","11","2016","2016120888","5","40.1079","-76.4952","0915","08","0","0","0","0","1","0","0","0","","0","0","0","09","1","0","00","0","40 06:28.500","","07","76 29:42.650","0","0","0","0","36413","0","0","0","","0","0","0","2","36413","0","","5","01","N","N","0","","0","0","2","0","0","","0910","0","2","0","0","0","0","0","2","0","2","N","","","","","","","","","","","","03","  ","","",""
"1732","4","0","0","0","0","0","0","0","0","1","0","","36","11","2016","2016120894","3","40.0809","-76.3275","1716","08","0","0","0","0","0","2","0","0","2","0","0","0","17","2","0","00","2","40 04:51.127","1","00","76 19:39.136","0","0","0","0","36101","0","0","0","N","0","0","0","4","36101","0","","1","01","N","N","0","","0","0","0","0","0","N","1710","0","4","0","0","0","0","0","3","0","4","N","","","","","","","","","","","","03","  ","","",""
"0757","4","0","0","0","0","0","0","0","0","1","0","","36","11","2016","2016120937","6","40.0677","-76.2895","0757","08","0","0","0","0","0","2","0","0","3","0","0","0","07","1","1","00","2","40 04:03.754","4","00","76 17:22.159","4","0","0","0","36101","0","0","0","N","0","0","0","5","36101","1","","1","01","N","N","0","","0","0","0","0","0","N","0756","1","4","0","0","0","0","0","3","0","4","N","","","","","","","","","","","","03","  ","","",""
"1233","2","0","0","0","0","0","0","0","0","4","0","","36","11","2016","2016120939","3","40.0289","-76.2977","1228","08","0","0","0","1","0","0","0","0","2","0","0","0","12","1","1","01","1","40 01:43.910","4","00","76 17:51.792","4","0","0","0","36301","0","0","0","N","0","0","0","3","36301","1","","1","01","N","N","0","","0","0","0","3","3","N","1228","1","3","0","0","0","0","0","3","1","3","N","","","","","","","","","","","","03","  ","","",""
"1002","2","0","0","0","0","0","0","0","0","1","0","","36","11","2016","2016120944","6","40.163","-76.2013","0957","08","0","0","0","0","0","0","0","0","","0","0","0","09","1","0","02","0","40 09:46.841","","00","76 12:04.836","0","0","0","0","36402","0","0","0","N","0","0","0","2","36402","0","","1","01","N","N","0","","0","0","0","0","0","","0955","0","2","0","0","0","0","0","2","0","2","N","","","","","","","","","","","","03","  ","","",""
"1457","0","0","0","0","0","0","0","0","0","4","1","","36","11","2016","2016121011","6","40.133","-76.1129","1450","08","0","0","0","0","0","0","0","0","2","0","1","0","14","1","1","01","2","40 07:58.926","5","00","76 06:46.330","8","0","0","0","36209","0","0","0","N","0","0","0","2","36415","0","","1","01","N","N","0","","0","0","0","3","3","Y","1450","1","2","0","0","0","1","0","1","1","2","N","","","","","","","","","","","","03","  ","","",""