"ARRIVAL_TM","AUTOMOBILE_COUNT","BELTED_DEATH_COUNT","BELTED_SUSP_SERIOUS_INJ_COUNT","BICYCLE_COUNT","BICYCLE_DEATH_COUNT","BICYCLE_SUSP_SERIOUS_INJ_COUNT","BUS_COUNT","CHLDPAS_DEATH_COUNT","CHLDPAS_SUSP_SERIOUS_INJ_COUNT","COLLISION_TYPE","COMM_VEH_COUNT","CONS_ZONE_SPD_LIM","COUNTY","CRASH_MONTH","CRASH_YEAR","CRN","DAY_OF_WEEK","DEC_LAT","DEC_LONG","DISPATCH_TM","DISTRICT","DRIVER_COUNT_16YR","DRIVER_COUNT_17YR","DRIVER_COUNT_18YR","DRIVER_COUNT_19YR","DRIVER_COUNT_20YR","DRIVER_COUNT_50_64YR","DRIVER_COUNT_65_74YR","DRIVER_COUNT_75PLUS","EST_HRS_CLOSED","FATAL_COUNT","HEAVY_TRUCK_COUNT","HORSE_BUGGY_COUNT","HOUR_OF_DAY","ILLUMINATION","INJURY_COUNT","INTERSECT_TYPE","LANE_CLOSED","LATITUDE","LN_CLOSE_DIR","LOCATION_TYPE","LONGITUDE","MAX_SEVERITY_LEVEL","MCYCLE_DEATH_COUNT","MCYCLE_SUSP_SERIOUS_INJ_COUNT","MOTORCYCLE_COUNT","MUNICIPALITY","NONMOTR_COUNT","NONMOTR_DEATH_COUNT","NONMOTR_SUSP_SERIOUS_INJ_COUNT","NTFY_HIWY_MAINT","PED_COUNT","PED_DEATH_COUNT","PED_SUSP_SERIOUS_INJ_COUNT","PERSON_COUNT","POLICE_AGCY","POSSIBLE_INJ_COUNT","RDWY_SURF_TYPE_CD","RELATION_TO_ROAD","ROAD_CONDITION","SCH_BUS_IND","SCH_ZONE_IND","SMALL_TRUCK_COUNT","SPEC_JURIS_CD","SUSP_MINOR_INJ_COUNT","SUSP_SERIOUS_INJ_COUNT","SUV_COUNT","TCD_FUNC_CD","TCD_TYPE","TFC_DETOUR_IND","TIME_OF_DAY","TOT_INJ_COUNT","TOTAL_UNITS","UNB_DEATH_COUNT","UNB_SUSP_SERIOUS_INJ_COUNT","UNBELTED_OCC_COUNT","UNK_INJ_DEG_COUNT","UNK_INJ_PER_COUNT","URBAN_RURAL","VAN_COUNT","VEHICLE_COUNT","WORK_ZONE_IND","WORK_ZONE_LOC","WORK_ZONE_TYPE","WORKERS_PRES","WZ_CLOSE_DETOUR","WZ_FLAGGER","WZ_LAW_OFFCR_IND","WZ_LN_CLOSURE","WZ_MOVING","WZ_OTHER","WZ_SHLDER_MDN","ROADWAY_CLEARED","WEATHER1","WEATHER2","WZ_WORKERS_INJ_KILLED","SECONDARY_CRASH","INTERSECTION_RELATED"
"1221","2","0","0","0","0","0","0","0","0","1","0","","36","09","2016","2016121040","2","39.984","-76.0971","1207","08","0","0","0","0","0","0","0","0","1","0","0","0","12","1","1","00","1","39 59:02.426","6","00","76 05:49.473","3","0","0","0","36226","0","0","0","","0","0","0","7","68J01","0","","1","01","N","N","0","","1","0","0","0","0","Y","1205","1","3","0","0","0","0","0","1","1","3","N","","","","","","","","","","","","03","  ","","",""
"1753","2","0","0","0","0","0","0","0","0","2","0","","36","11","2016","2016121074","6","40.039","-76.3598","1734","08","0","0","1","0","0","0","0","0","","0","0","0","17","3","1","01","0","40 02:20.436","","00","76 21:35.317","4","0","0","0","36223","0","0","0","","0","0","0","4","36223","1","","1","01","N","N","0","","0","0","0","3","2","","1730","1","2","0","0","0","0","0","1","0","2","N","","","","","","","","","","","","03","  ","","",""
"1947","1","0","0","0","0","0","0","0","0","7","0","","36","11","2016","2016121075","1","39.9843","-76.3972","1938","08","0","0","0","0","0","0","0","0","","0","0","0","19","3","1","00","0","39 59:03.517","","00","76 23:50.095","3","0","0","0","36223","0","0","0","","0","0","0","1","36223","0","","4","01","N","N","0","","1","0","0","0","0","","1937","1","1","0","0","0","0","0","1","0","1","N","","","","","","","","","","","","03","  ","","",""
"1638","2","0","0","0","0","0","0","0","0","4","0","","36","11","2016","2016121076","4","40.0264","-76.3945","1634","08","0","0","0","0","0","0","0","0","3","0","0","0","16","4","0","00","2","40 01:34.981","5","00","76 23:40.050","0","0","0","0","36223","0","0","0","","0","0","0","2","36223","0","","1","09","N","N","0","","0","0","0","0","0","N","1632","0","2","0","0","0","0","0","1","0","2","N","","","","","","","","","","","","07","  ","","",""
"1814","1","0","0","0","0","0","0","0","0","2","0","","36","11","2016","2016121096","3","39.8692","-76.2276","1810","08","0","0","1","1","0","0","0","0","2","0","0","0","17","3","0","01","1","39 52:09.170","7","00","76 13:39.333","0","0","0","0","36208","0","0","0","","0","0","0","2","68J01","0","","1","01","N","N","0","","0","0","1","3","2","N","1759","0","2","0","0","0","0","0","1","0","2","N","","","","","","","","","","","","03","  ","","",""
"1603","1","0","0","0","0","0","0","0","0","4","0","","36","11","2016","2016121097","4","39.8732","-76.2273","1547","08","0","0","0","0","0","0","0","0","","0","0","0","15","1","0","02","0","39 52:23.536","","00","76 13:38.319","0","0","0","0","36212","0","0","0","","0","0","0","2","68J01","0","","1","09","N","N","0","","0","0","0","0","0","","1544","0","2","0","0","0","0","0","1","1","2","N","","","","","","","","","","","","07","  ","","",""
"2052","1","0","0","0","0","0","0","0","0","4","1","","36","11","2016","2016121108","4","39.9171","-76.3095","2035","08","0","0","0","0","1","0","0","0","3","0","1","0","20","2","0","00","2","39 55:01.675","5","00","76 18:34.079","0","0","0","0","36224","0","0","0","","0","0","0","3","68J01","0","","1","09","N","N","0","","0","0","0","0","0","Y","2034","0","2","0","0","0","0","0","1","0","2","N","","","","","","","","","","","","05","  ","","",""
"1722","0","0","0","0","0","0","0","0","0","1","0","","36","11","2016","2016121130","6","40.0603","-76.3615","1710","08","0","0","1","0","0","0","0","0","2","0","0","0","17","4","0","00","1","40 03:37.188","4","00","76 21:41.576","0","0","0","0","36214","0","0","0","N","0","0","0","3","36214","0","","1","01","N","N","0","","0","0","2","3","8","N","1700","0","2","0","0","0","0","0","3","0","2","N","","","","","","","","","","","","03","  ","","",""
"1828","1","0","0","0","0","0","0","0","0","4","0","","36","11","2016","2016121132","6","40.1782","-76.1961","1827","08","0","0","0","0","0","0","0","0","","0","0","0","18","3","0","01","0","40 10:49.119","","00","76 11:42.137","0","0","0","0","36408","0","0","0","N","0","0","0","6","36408","0","","1","01","N","N","0","","0","0","1","3","2","","1826","0","2","0","0","0","0","0","2","0","2","N","","","","","","","","","","","","03","  ","","",""
"1845","2","0","0","0","0","0","0","0","0","1","0","","36","11","2016","2016121138","6","40.0581","-76.2805","1838","08","0","0","0","0","0","0","0","0","","0","0","0","18","2","0","00","0","40 03:29.119","","00","76 16:49.896","0","0","0","0","36101","0","0","0","N","0","0","0","3","36101","0","","1","01","N","N","0","","0","0","0","0","0","","1830","0","2","0","0","1","0","0","3","0","2","N","","","","","","","","","","","","03","  ","","",""
"0543","3","0","0","0","0","0","0","0","0","1","0","","36","11","2016","2016121142","4","40.0175","-76.1675","0538","08","0","0","0","0","0","0","0","0","2","0","0","0","05","2","1","00","1","40 01:02.848","3","00","76 10:03.094","4","0","0","0","36215","0","0","0","N","0","0","0","4","36215","1","","1","01","N","N","0","","0","0","0","0","0","N","0533","1","3","0","0","0","0","0","1","0","3","N","","","","","","","","","","","","03","  ","","",""
"1742","2","0","0","0","0","0","0","0","0","1","0","","36","11","2016","2016121146","3","40.1057","-76.2528","1742","08","0","0","0","0","0","0","0","0","2","0","0","0","17","2","1","00","1","40 06:20.502","2","02","76 15:09.990","8","0","0","0","36101","0","0","0","N","0","0","0","3","36101","0","","1","01","N","N","0","","0","0","0","0","0","N","1710","1","2","0","0","0","1","0","3","0","2","N","","","","","","","","","","","","03","  ","","",""
"2035","1","0","0","0","0","0","0","0","0","9","0","","36","11","2016","2016121165","6","40.0821","-76.2753","2024","08","0","0","0","0","0","0","0","0","","0","0","0","20","2","0","00","0","40 04:55.687","","00","76 16:31.001","0","0","0","0","36101","0","0","0","N","0","0","0","1","36101","0","","1","01","N","N","0","","0","0","0","0","0","","2022","0","1","0","0","0","0","0","3","0","1","N","","","","","","","","","","","","03","  ","","",""
"1753","1","0","0","0","0","0","0","0","0","4","0","","36","11","2016","2016121169","6","40.2416","-76.1413","1749","08","0","0","0","0","1","0","0","0","","0","0","0","17","2","0","02","0","40 14:29.633","","00","76 08:28.838","0","0","0","0","36236","0","0","0","N","0","0","0","2","36408","0","","1","01","N","N","1","","0","0","0","0","0","","1746","0","2","0","0","0","0","0","1","0","2","N","","","","","","","","","","","","03","  ","","",""
"0105","1","0","0","0","0","0","0","0","0","9","0","","36","11","2016","2016121187","7","40.2142","-76.0963","0100","08","0","0","0","0","0","0","0","0","","0","0","0","00","2","0","00","0","40 12:51.066","","00","76 05:46.668","0","0","0","0","36210","0","0","0","N","0","0","0","1","36210","0","","1","01","N","N","0","","0","0","0","0","0","","0056","0","1","0","0","0","0","0","1","0","1","N","","","","","","","","","","","","03","  ","","",""
"2025","2","0","0","0","0","0","0","0","0","1","0","","36","11","2016","2016121192","7","39.9743","-76.2746","2020","08","0","0","0","0","0","1","0","0","","0","0","0","20","3","0","00","0","39 58:27.469","","07","76 16:28.558","0","0","0","0","36240","0","0","0","N","0","0","0","3","36240","0","","1","01","N","N","0","","0","0","0","0","0","","2020","0","2","0","0","0","0","0","1","0","2","N","","","","","","","","","","","","03","  ","","",""
"1347","1","0","0","0","0","0","0","0","0","7","0","","36","11","2016","2016121219","4","40.174","-75.9605","1342","08","0","0","0","0","0","0","0","0","1","0","0","0","13","1","0","00","1","40 10:26.492","3","00","75 57:38.284","0","0","0","0","36203","0","0","0","","0","0","0","1","68T06","0","","2","09","N","N","0","","0","0","0","0","0","N","1340","0","1","0","0","0","0","0","1","0","1","N","","","","","","","","","","","","07","  ","","",""
"1152","2","0","0","0","0","0","0","0","0","4","0","","36","11","2016","2016121292","5","40.0444","-76.2902","1150","08","0","0","1","0","0","0","0","0","2","0","0","0","11","1","0","01","1","40 02:39.753","3","00","76 17:24.593","0","0","0","0","36301","0","0","0","N","0","0","0","2","36301","0","","1","01","N","N","0","","0","0","0","3","3","N","1150","0","2","0","0","0","0","0","3","0","2","N","","","","","","","","","","","","03","  ","","",""
"1523","0","0","0","0","0","0","0","0","0","4","0","","36","11","2016","2016121246","2","40.0691","-76.392","1516","08","0","0","0","0","0","1","0","1","","0","0","0","15","1","1","01","0","40 04:08.850","","00","76 23:31.020","3","0","0","0","36214","0","0","0","","0","0","0","2","36214","0","","1","01","N","N","1","","1","0","1","3","3","","1512","1","2","0","0","0","0","0","3","0","2","N","","","","","","","","","","","","03","  ","","",""
"1203","1","0","0","0","0","0","0","0","0","4","0","","36","11","2016","2016121247","3","40.1139","-76.3862","1158","08","0","0","0","1","0","0","0","1","1","0","0","0","11","1","2","01","1","40 06:49.942","5","00","76 23:10.399","4","0","0","0","36214","0","0","0","","0","0","0","2","36214","2","","1","01","N","N","0","","0","0","1","3","3","Y","1156","2","2","0","0","1","0","0","3","0","2","N","","","","","","","","","","","","03","  ","","",""
"2036","1","0","0","0","0","0","0","0","0","7","0","","36","10","2016","2016121248","1","40.0201","-76.4683","1923","08","0","0","0","0","0","0","0","0","1","0","0","0","19","2","0","00","1","40 01:12.316","6","00","76 28:05.955","0","0","0","0","36223","0","0","0","","0","0","0","1","36223","0","","4","01","N","N","0","","0","0","0","3","8","N","1922","0","1","0","0","0","0","0","1","0","1","N","","","","","","","","","","","","03","  ","","",""
"0855","0","0","0","0","0","0","0","0","0","7","0","","36","11","2016","2016121249","4","40.009","-76.4293","0849","08","0","0","0","0","0","0","0","0","1","0","0","0","08","1","0","01","1","40 00:32.544","5","00","76 25:45.623","0","0","0","0","36223","0","0","0","","0","0","0","1","36223","0","","4","09","N","N","0","","0","0","0","3","8","Y","0845","0","1","0","0","0","0","0","1","1","1","N","","","","","","","","","","","","07","  ","","",""
"1415","0","0","0","0","0","0","0","0","0","1","0","","36","11","2016","2016121250","4","40.006","-76.3705","1411","08","0","0","0","1","0","1","0","0","1","0","0","0","14","8","2","00","1","40 00:21.434","6","00","76 22:13.921","4","0","0","0","36223","0","0","0","","0","0","0","3","36223","2","","1","09","N","N","1","","0","0","1","0","0","Y","1409","2","2","0","0","0","0","0","1","0","2","N","","","","","","","","","","","","07","  ","","",""
"1617","1","0","0","0","0","0","0","0","0","7","0","","36","11","2016","2016121262","6","40.0396","-76.1824","1607","08","0","0","0","0","0","0","0","1","3","0","0","0","16","4","0","00","1","40 02:22.650","5","00","76 10:56.816","0","0","0","0","36215","0","0","0","N","0","0","0","2","36215","0","","5","01","N","N","0","","0","0","0","0","0","Y","1607","0","1","0","0","0","0","0","1","0","1","N","","","","","","","","","","","","03","  ","","",""
"0843","1","0","0","0","0","0","0","0","0","1","1","","36","11","2016","2016121270","6","","","0842","08","0","0","0","0","0","0","0","0","2","0","1","0","08","1","0","00","2","40 01:55.2","7","00","76 30:14.3","0","0","0","0","36404","0","0","0","N","0","0","0","2","36404","0","","1","01","N","N","0","","0","0","0","0","0","Y","0840","0","2","0","0","0","0","0","3","0","2","N","","","","","","","","","","","","03","  ","","",""
"0807","1","0","0","0","0","0","0","0","0","1","0","","36","11","2016","2016121275","2","40.0747","-76.2659","0803","08","0","0","0","0","0","1","0","0","2","0","0","0","07","1","0","00","1","40 04:28.891","2","00","76 15:57.378","0","0","0","0","36101","0","0","0","N","0","0","0","3","36101","0","","1","01","N","N","0","","0","0","2","0","0","N","0748","0","3","0","0","0","0","0","3","0","3","N","","","","","","","","","","","","03","  ","","",""
"1255","2","0","0","0","0","0","0","0","0","1","0","","36","11","2016","2016121277","6","40.0569","-76.3312","1246","08","0","0","0","0","0","2","0","0","2","0","0","0","12","1","1","00","2","40 03:24.769","4","00","76 19:52.247","4","0","0","0","36101","0","0","0","N","0","0","0","6","36101","1","","1","01","N","N","0","","0","0","1","0","0","N","1245","1","3","0","0","0","0","0","3","0","3","N","","","","","","","","","","","","03","  ","","",""
"1621","0","0","0","0","0","0","0","0","0","4","0","","36","11","2016","2016121279","3","40.057","-76.3058","1613","08","0","0","0","0","0","0","0","0","","0","0","0","16","1","0","00","0","40 03:25.273","","07","76 18:20.816","0","0","0","0","36101","0","0","0","N","0","0","0","2","36101","0","","1","01","N","N","0","","0","0","2","0","0","","1608","0","2","0","0","0","0","0","3","0","2","N","","","","","","","","","","","","03","  ","","",""
"1330","0","0","0","0","0","0","0","0","0","1","0","","36","11","2016","2016121288","2","40.1356","-76.5773","1328","08","0","0","0","0","0","0","0","1","","0","0","0","13","1","0","00","0","40 08:08.064","","00","76 34:38.130","0","0","0","0","36225","0","0","0","N","0","0","0","2","36505","0","","1","01","N","N","0","","0","0","1","0","0","","1325","0","2","0","0","0","0","0","2","1","2","N","","","","","","","","","","","","03","  ","","",""
"0656","2","0","0","0","0","0","0","0","0","4","0","","36","11","2016","2016121291","3","40.2057","-76.1752","0652","08","0","0","0","0","0","0","0","0","1","0","0","0","06","1","0","01","1","40 12:20.434","4","00","76 10:30.803","0","0","0","0","36218","0","0","0","N","0","0","0","2","36408","0","","1","01","N","N","0","","0","0","0","3","3","N","0652","0","2","0","0","0","0","0","1","0","2","N","","","","","","","","","","","","03","  ","","",""
"1552","0","0","0","0","0","0","0","0","0","4","0","","36","11","2016","2016121297","6","40.1381","-76.5852","1546","08","0","0","0","0","0","0","0","0","","0","0","0","15","1","0","01","0","40 08:17.335","","00","76 35:06.671","0","0","0","0","36225","0","0","0","N","0","0","0","2","36505","0","","1","01","N","N","1","","0","0","1","3","2","","1544","0","2","0","0","0","0","0","2","0","2","N","","","","","","","","","","","","03","  ","","",""
"1530","1","0","0","0","0","0","0","0","0","8","0","","36","11","2016","2016121298","4","40.0412","-76.2897","1519","08","0","0","0","0","0","0","1","0","1","0","0","0","15","1","1","01","1","40 02:28.402","3","00","76 17:22.762","3","0","0","0","36301","1","0","0","N","1","0","0","2","36301","0","","1","09","N","N","0","","1","0","0","0","0","N","1519","1","2","0","0","0","0","0","3","0","1","N","","","","","","","","","","","","07","  ","","",""
"0658","2","0","0","0","0","0","0","0","0","4","0","","36","11","2016","2016121301","6","40.163","-76.2014","0654","08","0","0","1","0","0","0","0","0","1","0","0","0","06","1","0","02","1","40 09:46.703","2","00","76 12:04.905","0","0","0","0","36218","0","0","0","N","0","0","0","2","36408","0","","1","01","N","N","0","","0","0","0","3","3","N","0654","0","2","0","0","0","0","0","1","0","2","N","","","","","","","","","","","","03","  ","","",""
"1218","0","0","0","0","0","0","0","0","0","7","0","","36","11","2016","2016121340","5","39.9929","-76.2753","1213","08","0","0","0","0","0","1","1","0","2","0","0","0","11","1","0","00","2","39 59:34.430","7","00","76 16:30.936","0","0","0","0","36240","0","0","0","N","0","0","0","3","36240","0","","4","01","N","N","0","","0","0","2","0","0","Y","1144","0","2","0","0","0","0","0","1","0","2","N","","","","","","","","","","","","03","  ","","",""
"1645","1","0","0","0","0","0","0","0","0","1","0","","36","11","2016","2016121350","4","40.0502","-76.305","1643","08","0","0","0","0","0","0","0","0","1","0","0","0","16","1","0","00","1","40 03:00.651","3","00","76 18:18.091","0","0","0","0","36301","0","0","0","N","0","0","0","1","36301","0","","6","01","N","Y","0","","0","0","1","0","0","N","1643","0","2","0","0","0","0","0","3","0","2","N","","","","","","","","","","","","03","  ","","",""
"1603","2","0","0","0","0","0","0","0","0","4","0","","36","11","2016","2016121378","7","40.016","-76.3061","1558","08","0","0","0","0","0","1","0","0","2","0","0","0","15","1","1","02","2","40 00:57.640","5","00","76 18:21.983","4","0","0","0","36220","0","0","0","N","0","0","0","2","36101","1","","1","01","N","N","0","","0","0","0","3","3","Y","1556","1","2","0","0","0","0","0","3","0","2","N","","","","","","","","","","","","03","  ","","",""
"0436","1","0","0","0","0","0","0","0","0","4","1","","36","11","2016","2016121489","5","40.1602","-76.3076","0434","08","0","0","0","0","0","1","0","0","1","0","1","0","04","3","0","01","1","40 09:36.663","2","00","76 18:27.476","0","0","0","0","36409","0","0","0","N","0","0","0","2","36409","0","","1","01","N","N","0","","0","0","0","3","2","N","0433","0","2","0","0","0","0","0","3","0","2","N","","","","","","","","","","","","03","  ","","",""
"0053","2","0","0","0","0","0","0","0","0","7","0","","36","11","2016","2016121493","4","40.0911","-76.3164","0050","08","0","0","0","0","1","0","0","0","","0","0","0","00","2","1","00","0","40 05:27.800","","00","76 18:59.100","4","0","0","0","36101","0","0","0","N","0","0","0","2","36101","1","","4","01","N","N","0","","0","0","0","0","0","","0048","1","2","0","0","0","0","0","3","0","2","N","","","","","","","","","","","","03","  ","","",""
"1810","1","0","0","0","0","0","0","0","0","5","0","","36","11","2016","2016121498","6","40.0545","-76.2892","1802","08","0","0","0","0","0","0","0","0","2","0","0","0","18","3","0","00","2","40 03:16.100","5","00","76 17:21.100","0","0","0","0","36101","0","0","0","N","0","0","0","1","36101","0","","6","01","N","N","1","","0","0","0","0","0","Y","1801","0","2","0","0","0","0","0","3","0","2","N","","","","","","","","","","","","03","  ","","",""
"2212","2","0","0","0","0","0","0","0","0","1","0","","36","11","2016","2016121500","1","40.1646","-76.308","2212","08","0","0","0","0","0","0","0","0","1","0","0","0","22","3","0","00","1","40 09:52.516","1","00","76 18:28.847","0","0","0","0","36409","0","0","0","N","0","0","0","2","36409","0","","1","01","N","N","0","","0","0","0","0","0","N","2212","0","2","0","0","0","0","0","3","0","2","N","","","","","","","","","","","","03","  ","","",""
"1813","1","0","0","0","0","0","0","0","0","1","0","","36","11","2016","2016121525","3","40.0675","-76.3317","1809","08","0","0","0","0","0","0","0","0","1","0","0","0","18","2","0","00","1","40 04:02.872","4","00","76 19:53.980","0","0","0","0","36101","0","0","0","N","0","0","0","2","36101","0","","1","01","N","N","0","","0","0","1","0","0","N","1804","0","2","0","0","0","0","0","3","0","2","N","","","","","","","","","","","","03","  ","","",""
"1338","1","0","0","0","0","0","0","0","0","7","0","","36","10","2016","2016121531","4","40.0215","-76.3796","1335","08","0","0","0","0","0","1","0","0","1","0","0","0","13","1","1","00","2","40 01:17.430","6","00","76 22:46.660","4","0","0","0","36223","0","0","0","","0","0","0","1","36223","1","","4","01","N","N","0","","0","0","0","0","0","N","1332","1","1","0","0","0","0","0","1","0","1","N","","","","","","","","","","","","03","  ","","",""
"1655","2","0","0","0","0","0","0","0","0","1","0","","36","11","2016","2016121573","7","40.0954","-76.1099","1652","08","0","0","0","0","0","0","0","1","1","0","0","0","16","4","0","00","1","40 05:43.314","3","07","76 06:35.516","0","0","0","0","36209","0","0","0","N","0","0","0","4","36415","0","","1","01","N","N","0","","0","0","0","0","0","N","1650","0","2","0","0","0","0","0","1","0","2","N","","","","","","","","","","","","03","  ","","",""
"1030","1","0","0","0","0","0","0","0","0","1","0","","36","11","2016","2016121579","7","40.0709","-76.3176","1018","08","0","0","0","0","0","1","0","0","","0","0","0","10","1","1","00","0","40 04:15.222","","00","76 19:03.216","4","0","0","0","36101","0","0","0","N","0","0","0","4","36101","1","","1","01","N","N","0","","0","0","1","3","2","","1016","1","2","0","0","0","0","0","3","0","2","N","","","","","","","","","","","","03","  ","","",""
"1639","1","0","0","0","0","0","0","0","0","4","0","","36","11","2016","2016121580","4","40.214","-76.1583","1631","08","0","0","0","0","0","1","0","0","2","0","0","0","16","4","0","01","1","40 12:50.259","1","00","76 09:29.735","0","0","0","0","36210","0","0","0","N","0","0","0","3","36210","0","","1","01","N","N","0","","0","0","1","3","3","N","1629","0","2","0","0","0","0","0","1","0","2","N","","","","","","","","","","","","03","  ","","",""
"1538","2","0","0","0","0","0","0","0","0","1","0","","36","11","2016","2016121581","3","40.0349","-76.2428","1536","08","0","0","0","0","0","0","0","0","1","0","0","0","15","1","0","00","1","40 02:05.570","3","00","76 14:33.975","0","0","0","0","36215","0","0","0","N","0","0","0","2","36215","0","","1","01","N","N","0","","0","0","0","0","0","N","1535","0","2","0","0","1","0","0","1","0","2","N","","","","","","","","","","","","03","  ","","",""
"1732","0","0","0","0","0","0","0","0","0","1","0","","36","11","2016","2016121586","6","40.0617","-76.306","1716","08","0","0","0","0","0","0","1","0","2","0","0","0","16","4","0","00","1","40 03:42.083","2","00","76 18:21.433","0","0","0","0","36101","0","0","0","N","0","0","0","2","36101","0","","1","01","N","N","1","","0","0","1","3","2","N","1635","0","2","0","0","0","0","0","3","0","2","N","","","","","","","","","","","","03","  ","","",""
"1726","1","0","0","0","0","0","0","0","0","7","0","","36","11","2016","2016121592","7","40.11","-76.5042","1724","08","0","0","0","0","0","0","0","0","1","0","0","0","17","3","2","00","1","40 06:36.107","3","00","76 30:15.014","4","0","0","0","36413","0","0","0","N","0","0","0","2","36413","2","","4","01","N","N","0","","0","0","0","0","0","N","1724","2","1","0","0","0","0","0","2","0","1","N","","","","","","","","","","","","03","  ","","",""
"1220","0","0","0","0","0","0","0","0","0","4","0","","36","11","2016","2016121602","6","40.2334","-76.0787","1215","08","0","0","0","0","0","0","0","1","2","0","0","0","12","1","1","00","1","40 14:00.258","1","07","76 04:43.452","4","0","0","0","36210","0","0","0","N","0","0","0","3","36210","1","","1","01","N","N","1","","0","0","0","0","0","N","1214","1","2","0","0","0","0","0","1","1","2","N","","","","","","","","","","","","03","  ","","",""
"1544","0","0","0","0","0","0","0","0","0","4","0","","36","11","2016","2016121619","1","40.0346","-76.3072","1544","08","0","0","0","0","0","1","0","0","3","0","0","0","15","1","1","05","2","40 02:04.495","7","00","76 18:25.758","2","0","1","1","36301","0","0","0","N","0","0","0","2","36301","0","","1","01","N","N","0","","0","1","1","3","3","Y","1544","1","2","0","0","0","0","0","3","0","2","N","","","","","","","","","","","","03","  ","","",""
"1647","1","0","0","0","0","0","0","0","0","7","0","","36","11","2016","2016121621","7","39.9968","-76.2746","1641","08","0","0","0","0","0","0","0","0","2","0","0","0","16","2","1","00","2","39 59:48.408","5","00","76 16:28.675","8","0","0","0","36240","0","0","0","N","0","0","0","1","36240","0","","5","01","N","N","0","","0","0","0","0","0","Y","1626","1","1","0","0","1","1","0","1","0","1","N","","","","","","","","","","","","03","  ","","",""
"1358","2","0","0","0","0","0","0","0","0","4","0","","36","11","2016","2016121646","1","40.0488","-76.3077","1355","08","0","0","0","0","0","1","0","0","","0","0","0","13","1","1","01","0","40 02:55.795","","00","76 18:27.890","3","0","0","0","36301","0","0","0","N","0","0","0","4","36301","0","","1","01","N","N","0","","1","0","0","3","3","","1348","1","2","0","0","2","0","0","3","0","2","N","","","","","","","","","","","","03","  ","","",""
"1445","1","0","0","0","0","0","0","0","0","4","0","","36","11","2016","2016121658","1","40.0341","-76.3246","1441","08","0","0","0","0","0","0","0","0","1","0","0","0","14","1","1","02","2","40 02:02.655","7","00","76 19:28.473","3","0","0","0","36220","0","0","0","N","0","0","0","2","36101","0","","1","01","N","N","0","","1","0","1","0","0","Y","1440","1","2","0","0","0","0","0","3","0","2","N","","","","","","","","","","","","03","  ","","",""
"1448","0","0","0","0","0","0","0","0","0","1","0","","36","11","2016","2016121734","4","40.0225","-76.2747","1448","08","0","0","0","1","0","1","0","0","2","0","0","0","14","1","0","00","1","40 01:21.051","6","00","76 16:29.082","0","0","0","0","36240","0","0","0","N","0","0","0","2","36240","0","","1","09","N","N","0","","0","0","2","3","7","Y","1448","0","2","0","0","0","0","0","1","0","2","N","","","","","","","","","","","","07","  ","","",""
"1858","2","0","0","0","0","0","0","0","0","2","0","","36","11","2016","2016121739","7","39.9713","-76.2704","1855","08","0","0","0","1","0","0","0","0","2","0","0","0","18","3","0","01","2","39 58:16.618","7","00","76 16:13.300","0","0","0","0","36240","0","0","0","N","0","0","0","2","36240","0","","1","01","N","N","0","","0","0","0","3","3","Y","1853","0","2","0","0","0","0","0","1","0","2","N","","","","","","","","","","","","03","  ","","",""
"1900","1","0","0","0","0","0","0","0","0","7","0","","36","11","2016","2016121740","7","40.0142","-76.263","1842","08","0","0","0","0","0","0","0","0","2","0","0","0","18","2","0","00","1","40 00:51.062","6","00","76 15:46.730","0","0","0","0","36240","0","0","0","N","0","0","0","1","36240","0","","4","09","N","N","0","","0","0","0","0","0","N","1840","0","1","0","0","0","0","0","1","0","1","N","","","","","","","","","","","","09","  ","","",""
"2144","2","0","0","0","0","0","0","0","0","5","0","","36","11","2016","2016121741","7","40.045","-76.4263","2135","08","0","0","0","0","0","1","0","0","","0","0","0","21","2","0","00","0","40 02:41.851","","00","76 25:34.509","0","0","0","0","36239","0","0","0","N","0","0","0","2","36239","0","","1","01","N","N","0","","0","0","0","0","0","","2135","0","2","0","0","0","0","0","3","0","2","N","","","","","","","","","","","","03","  ","","",""
"1832","1","0","0","0","0","0","0","0","0","5","0","","36","11","2016","2016121745","1","40.0646","-76.3422","1817","08","0","0","0","0","0","2","0","0","1","0","0","0","18","3","2","00","1","40 03:52.668","3","07","76 20:32.063","4","0","0","0","36101","0","0","0","N","0","0","0","5","36101","2","","1","01","N","N","0","","0","0","1","3","2","N","1810","2","2","0","0","0","0","0","3","0","2","N","","","","","","","","","","","","03","  ","","",""
"1624","4","0","0","0","0","0","0","0","0","4","0","","36","11","2016","2016121747","5","40.1476","-76.6044","1622","08","0","0","0","0","0","0","0","1","","0","0","0","16","4","0","01","0","40 08:51.331","","00","76 36:15.746","0","0","0","0","36407","0","0","0","N","0","0","0","5","36407","0","","1","01","N","N","0","","0","0","0","3","3","","1619","0","4","0","0","0","0","0","2","0","4","N","","","","","","","","","","","","03","  ","","",""
"2014","1","0","0","0","0","0","0","0","0","7","0","","36","11","2016","2016121759","7","40.0534","-76.5193","1959","08","0","0","0","0","1","0","0","0","","0","0","0","19","2","0","00","0","40 03:12.370","","00","76 31:09.611","0","0","0","0","36239","0","0","0","N","0","0","0","1","36239","0","","2","09","N","N","0","","0","0","0","0","0","","1956","0","1","0","0","0","0","0","3","0","1","N","","","","","","","","","","","","03","  ","","",""