"ARRIVAL_TM","AUTOMOBILE_COUNT","BELTED_DEATH_COUNT","BELTED_SUSP_SERIOUS_INJ_COUNT","BICYCLE_COUNT","BICYCLE_DEATH_COUNT","BICYCLE_SUSP_SERIOUS_INJ_COUNT","BUS_COUNT","CHLDPAS_DEATH_COUNT","CHLDPAS_SUSP_SERIOUS_INJ_COUNT","COLLISION_TYPE","COMM_VEH_COUNT","CONS_ZONE_SPD_LIM","COUNTY","CRASH_MONTH","CRASH_YEAR","CRN","DAY_OF_WEEK","DEC_LAT","DEC_LONG","DISPATCH_TM","DISTRICT","DRIVER_COUNT_16YR","DRIVER_COUNT_17YR","DRIVER_COUNT_18YR","DRIVER_COUNT_19YR","DRIVER_COUNT_20YR","DRIVER_COUNT_50_64YR","DRIVER_COUNT_65_74YR","DRIVER_COUNT_75PLUS","EST_HRS_CLOSED","FATAL_COUNT","HEAVY_TRUCK_COUNT","HORSE_BUGGY_COUNT","HOUR_OF_DAY","ILLUMINATION","INJURY_COUNT","INTERSECT_TYPE","LANE_CLOSED","LATITUDE","LN_CLOSE_DIR","LOCATION_TYPE","LONGITUDE","MAX_SEVERITY_LEVEL","MCYCLE_DEATH_COUNT","MCYCLE_SUSP_SERIOUS_INJ_COUNT","MOTORCYCLE_COUNT","MUNICIPALITY","NONMOTR_COUNT","NONMOTR_DEATH_COUNT","NONMOTR_SUSP_SERIOUS_INJ_COUNT","NTFY_HIWY_MAINT","PED_COUNT","PED_DEATH_COUNT","PED_SUSP_SERIOUS_INJ_COUNT","PERSON_COUNT","POLICE_AGCY","POSSIBLE_INJ_COUNT","RDWY_SURF_TYPE_CD","RELATION_TO_ROAD","ROAD_CONDITION","SCH_BUS_IND","SCH_ZONE_IND","SMALL_TRUCK_COUNT","SPEC_JURIS_CD","SUSP_MINOR_INJ_COUNT","SUSP_SERIOUS_INJ_COUNT","SUV_COUNT","TCD_FUNC_CD","TCD_TYPE","TFC_DETOUR_IND","TIME_OF_DAY","TOT_INJ_COUNT","TOTAL_UNITS","UNB_DEATH_COUNT","UNB_SUSP_SERIOUS_INJ_COUNT","UNBELTED_OCC_COUNT","UNK_INJ_DEG_COUNT","UNK_INJ_PER_COUNT","URBAN_RURAL","VAN_COUNT","VEHICLE_COUNT","WORK_ZONE_IND","WORK_ZONE_LOC","WORK_ZONE_TYPE","WORKERS_PRES","WZ_CLOSE_DETOUR","WZ_FLAGGER","WZ_LAW_OFFCR_IND","WZ_LN_CLOSURE","WZ_MOVING","WZ_OTHER","WZ_SHLDER_MDN","ROADWAY_CLEARED","WEATHER1","WEATHER2","WZ_WORKERS_INJ_KILLED","SECONDARY_CRASH","INTERSECTION_RELATED"
"1411","0","0","0","0","0","0","0","0","0","7","0","","36","11","2016","2016121762","7","40.1512","-76.6011","1409","08","0","0","0","0","0","1","0","0","","0","0","0","14","1","1","01","0","40 09:04.240","","00","76 36:04.114","2","0","1","1","36407","0","0","0","N","0","0","0","1","36407","0","","4","01","N","N","0","","0","1","0","3","3","","1409","1","1","0","0","0","0","0","2","0","1","N","","","","","","","","","","","","03","  ","","",""
"0351","1","0","0","0","0","0","0","0","0","5","0","","36","11","2016","2016121778","1","40.0411","-76.2827","0343","08","0","0","0","0","0","0","0","0","2","0","0","0","03","3","0","00","2","40 02:27.813","6","00","76 16:57.802","0","0","0","0","36220","0","0","0","N","0","0","0","2","36101","0","","6","01","N","N","0","","0","0","0","0","0","N","0343","0","2","0","0","0","0","0","3","1","2","N","","","","","","","","","","","","03","  ","","",""
"1320","1","0","0","0","0","0","0","0","0","1","0","","36","11","2016","2016121918","4","40.0676","-76.3432","1312","08","0","0","0","0","0","0","0","1","","0","0","0","13","1","0","00","0","40 04:03.489","","00","76 20:35.584","0","0","0","0","36301","0","0","0","N","0","0","0","2","36301","0","","1","01","N","N","0","","0","0","0","0","0","","1312","0","2","0","0","0","0","0","3","1","2","N","","","","","","","","","","","","03","  ","","",""
"0955","0","0","0","0","0","0","0","0","0","0","0","","36","11","2016","2016121949","6","40.2165","-76.4219","0946","08","0","0","0","0","0","1","0","0","","0","0","0","09","1","0","00","0","40 12:59.513","","00","76 25:18.777","0","0","0","0","36227","0","0","0","","0","0","0","1","36506","0","","5","01","N","N","0","","0","0","1","0","0","","0946","0","1","0","0","0","0","0","1","0","1","N","","","","","","","","","","","","03","  ","","",""
"1444","2","0","0","0","0","0","0","0","0","2","0","","36","11","2016","2016121950","7","40.1791","-76.3598","1440","08","0","0","0","0","0","0","0","1","1","0","0","0","14","1","1","02","1","40 10:44.735","6","00","76 21:35.383","8","0","0","0","36227","0","0","0","","0","0","0","2","36506","0","","1","01","N","N","0","","0","0","0","3","3","N","1438","1","2","0","0","0","1","0","1","0","2","N","","","","","","","","","","","","03","  ","","",""
"1503","1","0","0","0","0","0","0","0","0","1","0","","36","11","2016","2016121993","3","40.0999","-76.3043","1452","08","0","0","0","0","0","1","0","0","","0","0","0","14","1","0","00","0","40 05:59.679","","00","76 18:15.616","0","0","0","0","36101","0","0","0","N","0","0","0","2","36101","0","","1","01","N","N","0","","0","0","1","0","0","","1444","0","2","0","0","0","0","0","3","0","2","N","","","","","","","","","","","","03","  ","","",""
"0242","0","0","0","0","0","0","0","0","0","1","0","","36","10","2016","2016122073","7","39.9869","-76.2159","0229","08","0","0","0","0","0","0","0","0","3","0","0","0","02","3","1","00","2","39 59:12.718","6","00","76 12:57.368","2","0","0","0","36233","0","0","0","","0","0","0","1","68J01","0","","5","01","N","N","1","","0","1","1","0","0","Y","0212","1","4","0","1","1","0","0","1","1","4","N","","","","","","","","","","","","03","  ","","",""
"0848","0","0","0","0","0","0","0","0","0","7","0","","36","11","2016","2016122116","5","39.9887","-75.9843","0829","08","0","0","0","0","0","0","0","0","","0","0","0","08","3","1","00","0","39 59:19.140","","00","75 59:03.539","8","0","0","0","36232","0","0","0","","0","0","0","2","68J01","0","","4","01","N","N","0","","0","0","1","0","0","","0827","1","1","0","0","2","1","1","1","0","1","N","","","","","","","","","","","","03","  ","","",""
"0750","1","0","0","0","0","0","0","0","0","4","0","","36","11","2016","2016122118","6","39.907","-76.2309","0732","08","0","0","0","0","0","1","0","0","1","0","0","0","07","1","1","00","2","39 54:25.230","6","00","76 13:51.220","3","0","0","0","36229","0","0","0","","0","0","0","2","68J01","0","","1","01","N","N","1","","1","0","0","0","0","Y","0722","1","2","0","0","1","0","0","1","0","2","N","","","","","","","","","","","","03","  ","","",""
"1708","1","0","0","0","0","0","0","0","0","1","0","","36","11","2016","2016122155","4","39.9839","-76.1149","1654","08","0","0","0","0","0","0","0","0","2","0","0","0","16","2","0","02","1","39 59:01.931","4","00","76 06:53.718","0","0","0","0","36226","0","0","0","","0","0","0","2","68J01","0","","1","09","N","N","0","","0","0","1","0","0","N","1648","0","2","0","0","0","0","0","1","0","2","N","","","","","","","","","","","","07","  ","","",""
"1448","1","0","0","0","0","0","0","0","0","1","0","","36","11","2016","2016122256","1","40.0417","-76.3638","1442","08","0","0","0","0","0","1","0","0","1","0","0","0","14","1","0","01","1","40 02:30.029","2","00","76 21:49.816","0","0","0","0","36214","0","0","0","","0","0","0","4","36214","0","","1","01","N","N","0","","0","0","2","3","2","Y","1439","0","3","0","0","0","0","0","3","0","3","N","","","","","","","","","","","","03","  ","","",""
"1757","1","0","0","0","0","0","0","0","0","8","0","","36","11","2016","2016122266","2","40.0444","-76.3586","1749","08","0","0","0","0","0","1","0","0","","0","0","0","17","3","1","02","0","40 02:39.775","","00","76 21:30.852","4","0","0","0","36214","1","0","0","","1","0","0","2","36214","1","","1","01","","","0","","0","0","0","0","0","","1746","1","2","0","0","0","0","0","3","0","1","N","","","","","","","","","","","","03","  ","","",""
"1640","1","0","0","0","0","0","0","0","0","4","0","","36","11","2016","2016122272","2","39.9904","-76.2936","1627","08","0","0","0","0","0","1","0","0","2","0","0","0","16","1","0","01","2","39 59:25.618","6","00","76 17:36.829","0","0","0","0","36228","0","0","0","N","0","0","0","2","36503","0","","1","01","N","N","1","","0","0","0","3","3","Y","1625","0","2","0","0","1","0","0","1","0","2","N","","","","","","","","","","","","03","  ","","",""
"1056","3","0","0","0","0","0","0","0","0","1","0","","36","11","2016","2016122291","6","","","1051","08","0","0","0","1","0","0","0","0","","0","0","0","10","1","0","00","0","","","00","","0","0","0","0","36215","0","0","0","N","0","0","0","3","36215","0","","1","01","N","N","0","","0","0","0","0","0","","1049","0","3","0","0","0","0","0","1","0","3","N","","","","","","","","","","","","03","  ","","",""
"0040","1","0","0","0","0","0","0","0","0","7","0","","36","11","2016","2016122309","3","40.1948","-76.1482","0036","08","0","0","0","0","1","0","0","0","2","0","0","0","00","2","0","02","1","40 11:41.350","2","00","76 08:53.445","0","0","0","0","36218","0","0","0","N","0","0","0","1","36408","0","","5","01","N","N","0","","0","0","0","0","0","N","0035","0","1","0","0","0","0","0","1","0","1","N","","","","","","","","","","","","03","  ","","",""
"1655","2","0","0","0","0","0","0","0","0","4","0","","36","11","2016","2016122323","6","40.0486","-76.256","1649","08","0","0","0","1","0","0","0","0","1","0","0","0","16","3","1","01","2","40 02:55.076","2","02","76 15:21.577","3","0","0","0","36215","0","0","0","N","0","0","0","3","36215","0","","1","01","N","N","0","","1","0","0","3","2","Y","1645","1","2","0","0","0","0","0","1","0","2","N","","","","","","","","","","","","03","  ","","",""
"1632","1","0","0","0","0","0","0","0","0","0","0","","36","11","2016","2016122328","3","40.0191","-76.176","1622","08","0","0","0","0","0","0","0","0","","0","0","0","16","1","0","00","0","40 01:08.916","","00","76 10:33.663","0","0","0","0","36215","0","0","0","N","0","0","0","2","36215","0","","1","01","N","N","0","","0","0","0","0","0","","1620","0","2","0","0","0","0","0","1","1","2","N","","","","","","","","","","","","03","  ","","",""
"2350","1","0","0","0","0","0","0","0","0","5","0","","36","11","2016","2016122329","2","40.1429","-76.3017","2345","08","0","0","0","0","0","0","0","0","","0","0","0","23","3","0","00","0","40 08:34.522","","00","76 18:06.199","0","0","0","0","36409","0","0","0","N","0","0","0","1","36409","0","","1","01","N","N","1","","0","0","0","0","0","","2345","0","2","0","0","0","0","0","3","0","2","N","","","","","","","","","","","","03","  ","","",""
"2057","1","0","0","1","0","0","0","0","0","5","0","","36","11","2016","2016122343","7","40.1404","-76.299","2057","08","0","0","0","0","0","0","1","0","1","0","0","0","20","2","1","00","2","40 08:25.400","6","00","76 17:56.500","8","0","0","0","36235","1","0","0","","0","0","0","2","36506","0","","1","01","N","N","0","","0","0","0","0","0","N","2057","1","2","0","0","0","1","0","1","0","1","N","","","","","","","","","","","","03","  ","","",""
"1354","2","0","0","0","0","0","0","0","0","4","0","","36","11","2016","2016122503","2","40.1184","-76.5835","1347","08","0","0","0","0","0","1","0","1","2","0","0","0","13","1","2","01","1","40 07:06.128","4","00","76 35:00.456","3","0","0","0","36237","0","0","0","N","0","0","0","2","36505","1","","1","01","N","N","0","","1","0","0","0","0","N","1340","2","2","0","0","0","0","0","1","0","2","N","","","","","","","","","","","","03","  ","","",""
"1627","0","0","0","0","0","0","0","0","0","1","0","","36","11","2016","2016122529","6","40.0699","-76.3143","1619","08","0","0","0","0","0","0","1","0","3","0","0","0","16","1","1","00","1","40 04:11.574","3","00","76 18:51.576","3","0","0","0","36101","0","0","0","N","0","0","0","2","36101","0","","1","01","N","N","0","","1","0","2","0","0","N","1617","1","2","0","0","0","0","0","3","0","2","N","","","","","","","","","","","","03","  ","","",""
"1846","3","0","0","0","0","0","0","0","0","1","0","","36","11","2016","2016122530","6","40.07","-76.3112","1842","08","0","0","0","2","0","0","0","0","2","0","0","0","18","3","3","03","1","40 04:10.907","4","00","76 18:32.152","8","0","0","0","36101","0","0","0","N","0","0","0","3","36101","0","","1","01","N","N","0","","0","0","0","0","0","N","1835","3","3","0","0","0","3","0","3","0","3","N","","","","","","","","","","","","03","  ","","",""
"0757","2","0","0","0","0","0","0","0","0","1","0","","36","11","2016","2016122532","3","40.1045","-76.426","0749","08","0","0","0","0","0","1","0","0","1","0","0","0","07","1","0","00","1","40 06:16.127","3","00","76 25:33.573","0","0","0","0","36214","0","0","0","N","0","0","0","3","36214","0","","1","01","N","N","0","","0","0","1","0","0","N","0745","0","3","0","0","0","0","0","3","0","3","N","","","","","","","","","","","","03","  ","","",""
"1353","1","0","0","0","0","0","0","0","0","4","0","","36","11","2016","2016122545","2","40.0792","-76.3465","1343","08","0","0","0","0","0","0","1","0","2","0","0","0","13","1","2","02","1","40 04:44.998","3","02","76 20:47.326","4","0","0","0","36101","0","0","0","N","0","0","0","2","36101","2","","1","01","N","N","1","","0","0","0","0","0","N","1341","2","2","0","0","0","0","0","3","0","2","N","","","","","","","","","","","","03","  ","","",""
"1047","0","0","0","0","0","0","0","0","0","4","0","","36","11","2016","2016122554","2","40.0622","-76.3064","1043","08","0","0","0","0","0","1","0","0","","0","0","0","10","1","0","00","0","40 03:43.828","","07","76 18:23.188","0","0","0","0","36101","0","0","0","N","0","0","0","2","36101","0","","1","01","N","N","0","","0","0","0","0","0","","1040","0","2","0","0","0","0","0","3","2","2","N","","","","","","","","","","","","03","  ","","",""
"1758","2","0","0","0","0","0","0","0","0","1","0","","36","11","2016","2016122592","2","40.1806","-76.3788","1749","08","0","0","0","0","0","1","1","0","","0","0","0","17","2","1","02","0","40 10:50.073","","00","76 22:43.536","4","0","0","0","36227","0","0","0","","0","0","0","2","36506","1","","1","01","N","N","0","","0","0","0","0","0","","1749","1","2","0","0","0","0","0","1","0","2","N","","","","","","","","","","","","03","  ","","",""
"1545","1","0","0","0","0","0","0","0","0","6","0","","36","11","2016","2016122675","4","40.1266","-76.3163","1539","08","0","0","0","0","0","0","0","0","2","0","0","0","15","1","1","00","1","40 07:35.900","5","00","76 18:58.600","4","0","0","0","36235","0","0","0","","0","0","0","2","36506","1","","1","09","N","N","1","","0","0","0","0","0","N","1539","1","2","0","0","0","0","0","1","0","2","N","","","","","","","","","","","","07","  ","","",""
"1410","1","0","0","0","0","0","0","0","0","1","0","","36","11","2016","2016122676","2","40.1329","-76.333","1400","08","0","0","1","0","0","0","0","0","","0","0","0","14","1","2","00","0","40 07:58.469","","00","76 19:58.720","8","0","0","0","36227","0","0","0","","0","0","0","3","36506","0","","1","01","N","N","0","","0","0","2","0","0","","1400","2","3","0","0","0","2","0","1","0","3","N","","","","","","","","","","","","03","  ","","",""
"0736","0","0","0","0","0","0","0","0","0","9","0","","36","11","2016","2016122749","2","39.8605","-76.2934","0700","08","0","0","0","0","0","0","0","0","","0","0","0","07","1","0","00","0","39 51:37.955","","00","76 17:36.201","0","0","0","0","36224","0","0","0","","0","0","0","1","68J01","0","","1","01","N","N","0","","0","0","1","0","0","","0700","0","1","0","0","0","0","0","1","0","1","N","","","","","","","","","","","","03","  ","","",""
"1113","1","0","0","0","0","0","0","0","0","4","0","","36","11","2016","2016122760","7","40.0384","-76.109","1106","08","0","0","0","0","0","1","0","0","","0","0","0","11","1","0","01","0","40 02:18.347","","00","76 06:32.465","0","0","0","0","36221","0","0","0","","0","0","0","3","68J01","0","","1","01","N","N","0","","0","0","1","0","0","","1104","0","2","0","0","0","0","0","1","0","2","N","","","","","","","","","","","","03","  ","","",""
"0219","1","0","0","0","0","0","0","0","0","7","0","","36","11","2016","2016122774","6","39.818","-76.0424","0158","08","0","0","0","0","0","0","0","0","","0","0","0","01","2","0","00","0","39 49:04.795","","00","76 02:32.813","0","0","0","0","36205","0","0","0","","0","0","0","1","68J01","0","","4","01","N","N","0","","0","0","0","0","0","","0154","0","1","0","0","0","0","0","1","0","1","N","","","","","","","","","","","","03","  ","","",""
"0641","1","0","0","0","0","0","0","0","0","1","0","","36","11","2016","2016122826","3","40.1259","-76.2239","0638","08","0","0","0","0","0","0","1","0","","0","0","0","06","1","0","01","0","40 07:33.060","","00","76 13:26.197","0","0","0","0","36238","0","0","0","N","0","0","0","2","36238","0","","1","01","N","N","0","","0","0","0","0","0","","0635","0","2","0","0","0","0","0","3","1","2","N","","","","","","","","","","","","03","  ","","",""
"1934","1","0","0","0","0","0","0","0","0","1","0","","36","11","2016","2016122846","3","40.0528","-76.3967","1926","08","0","0","0","0","1","1","0","0","","0","0","0","19","3","0","02","0","40 03:10.172","","00","76 23:48.153","0","0","0","0","36214","0","0","0","N","0","0","0","2","36214","0","","1","01","N","N","0","","0","0","1","0","0","","1926","0","2","0","0","0","0","0","3","0","2","N","","","","","","","","","","","","03","  ","","",""
"0411","1","0","0","0","0","0","0","0","0","9","0","","36","11","2016","2016122865","1","40.2112","-76.1037","0404","08","0","0","0","0","0","1","0","0","","0","0","0","04","2","0","00","0","40 12:40.215","","00","76 06:13.217","0","0","0","0","36210","0","0","0","N","0","0","0","1","36210","0","","1","01","N","N","0","","0","0","0","0","0","","0404","0","1","0","0","0","0","0","1","0","1","N","","","","","","","","","","","","03","  ","","",""
"0853","0","0","0","0","0","0","0","0","0","1","0","","36","11","2016","2016122963","3","40.0609","-76.568","0848","08","0","0","0","0","0","0","0","0","2","0","0","0","08","1","0","01","1","40 03:39.357","1","00","76 34:04.694","9","0","0","0","36211","0","0","0","N","0","0","0","3","36504","0","","1","01","N","N","0","","0","0","0","3","2","Y","0843","0","2","0","0","0","0","1","1","2","2","N","","","","","","","","","","","","03","  ","","",""
"1805","1","0","0","0","0","0","0","0","0","1","0","","36","11","2016","2016122993","3","40.0642","-76.3414","1742","08","0","0","0","0","0","1","0","0","","0","0","0","17","3","0","00","0","40 03:51.082","","00","76 20:28.917","0","0","0","0","36101","0","0","0","N","0","0","0","3","36101","0","","1","01","N","N","0","","0","0","2","0","0","","1740","0","3","0","0","0","0","0","3","0","3","N","","","","","","","","","","","","03","  ","","",""
"1656","1","0","0","0","0","0","0","0","0","4","0","","36","11","2016","2016123003","4","40.0493","-76.3256","1649","08","0","0","0","0","0","0","1","0","","0","0","0","16","4","0","01","0","40 02:57.465","","00","76 19:32.296","0","0","0","0","36301","0","0","0","N","0","0","0","2","36301","0","","1","09","N","N","0","","0","0","1","3","3","","1647","0","2","0","0","0","0","0","3","0","2","N","","","","","","","","","","","","07","  ","","",""
"1408","1","0","0","0","0","0","0","0","0","7","0","","36","11","2016","2016123075","4","40.0712","-76.3224","1405","08","0","0","0","0","1","0","0","0","2","0","0","0","14","1","3","00","1","40 04:16.422","4","00","76 19:20.604","3","0","0","0","36101","0","0","0","N","0","0","0","3","36101","0","","3","01","N","N","0","","3","0","0","0","0","N","1400","3","1","0","0","0","0","0","3","0","1","N","","","","","","","","","","","","03","  ","","",""
"1920","1","0","0","1","0","0","0","0","0","8","0","","36","11","2016","2016123121","6","40.0384","-76.0824","1852","08","0","0","0","0","0","0","0","0","","0","0","0","13","1","1","02","0","40 02:18.302","","00","76 04:56.783","3","0","0","0","36221","1","0","0","","0","0","0","2","68J01","0","","1","01","N","N","0","","1","0","0","3","3","","1330","1","2","0","0","0","0","1","1","0","1","N","","","","","","","","","","","","03","  ","","",""
"0255","0","0","0","0","0","0","0","0","0","9","0","","36","11","2016","2016123237","5","40.0136","-76.3003","0245","08","0","0","0","0","0","0","0","0","","0","0","0","02","3","0","00","0","40 00:48.947","","00","76 18:01.067","0","0","0","0","36240","0","0","0","N","0","0","0","2","36240","0","","1","01","N","N","1","","0","0","0","0","0","","0245","0","1","0","0","0","0","0","1","0","1","N","","","","","","","","","","","","03","  ","","",""
"0036","0","0","0","0","0","0","0","0","0","1","0","","36","11","2016","2016123242","5","40.0389","-76.2798","0031","08","0","0","0","0","0","0","0","0","1","0","0","0","00","3","0","02","1","40 02:20.025","3","00","76 16:47.209","0","0","0","0","36220","0","0","0","N","0","0","0","2","36101","0","","1","01","N","N","0","","0","0","2","0","0","N","0030","0","2","0","0","0","0","0","3","0","2","N","","","","","","","","","","","","03","  ","","",""
"1337","2","0","0","0","0","0","0","0","0","4","0","","36","11","2016","2016123243","6","40.1293","-76.2191","1327","08","0","0","0","0","0","0","0","0","2","0","0","0","13","1","0","01","1","40 07:51.556","2","00","76 13:01.609","0","0","0","0","36238","0","0","0","N","0","0","0","4","36238","0","","1","01","N","N","0","","0","0","0","3","2","N","1320","0","2","0","0","0","0","0","3","0","2","N","","","","","","","","","","","","03","  ","","",""
"1332","1","0","0","0","0","0","0","0","0","9","0","","36","11","2016","2016123250","7","40.1266","-76.2185","1330","08","0","0","0","0","0","1","0","0","","0","0","0","13","1","0","00","0","40 07:35.931","","00","76 13:06.464","0","0","0","0","36238","0","0","0","N","0","0","0","2","36238","0","","1","01","N","N","0","","0","0","0","0","0","","1323","0","1","0","0","0","0","0","3","0","1","N","","","","","","","","","","","","03","  ","","",""
"1549","1","0","0","0","0","0","0","0","0","1","0","","36","11","2016","2016123318","4","40.0406","-76.2521","1533","08","0","0","0","0","0","1","1","0","2","0","0","0","15","1","0","00","1","40 02:26.277","4","00","76 15:07.529","0","0","0","0","36215","0","0","0","N","0","0","0","3","36215","0","","1","01","N","N","0","","0","0","2","0","0","N","1530","0","3","0","0","0","0","0","1","0","3","N","","","","","","","","","","","","03","  ","","",""
"1720","1","0","0","0","0","0","0","0","0","1","0","","36","11","2016","2016123323","1","40.0685","-76.3074","1720","08","0","0","0","0","0","1","0","0","2","0","0","0","17","3","0","01","1","40 04:06.605","2","00","76 18:27.559","0","0","0","0","36101","0","0","0","N","0","0","0","6","36101","0","","1","01","N","N","0","","0","0","2","3","2","N","1713","0","3","0","0","0","0","0","3","0","3","N","","","","","","","","","","","","03","  ","","",""
"1725","1","0","0","0","0","0","0","0","0","7","0","","36","11","2016","2016123331","6","40.0565","-76.5271","1721","08","0","0","0","0","0","1","0","0","","0","0","0","17","1","0","00","0","40 03:23.388","","00","76 31:37.602","9","0","0","0","36211","0","0","0","Y","0","0","0","2","36504","0","","4","01","N","N","0","","0","0","1","0","0","","1720","0","2","0","0","0","0","1","1","0","2","N","","","","","","","","","","","","03","  ","","",""
"1618","2","0","3","0","0","0","0","0","0","2","0","","36","11","2016","2016123349","6","40.1874","-76.1593","1613","08","0","0","0","0","0","2","0","0","3","0","0","0","16","1","4","00","2","40 11:14.800","7","00","76 09:33.600","2","0","0","0","36218","0","0","0","N","0","0","0","4","36408","1","","1","01","N","N","0","","0","3","0","0","0","Y","1610","4","2","0","0","0","0","0","1","0","2","N","","","","","","","","","","","","03","  ","","",""
"1546","1","0","0","0","0","0","0","0","0","1","0","","36","11","2016","2016123361","4","40.1698","-76.3853","1540","08","0","0","0","0","0","0","0","0","","0","0","0","15","1","1","00","0","40 10:11.305","","00","76 23:07.088","8","0","0","0","36227","0","0","0","","0","0","0","3","36506","0","","1","01","N","N","0","","0","0","1","0","0","","1540","1","2","0","0","0","1","0","1","0","2","N","","","","","","","","","","","","03","  ","","",""
"0550","1","0","0","0","0","0","0","0","0","7","0","","36","11","2016","2016123371","5","40.0632","-76.459","0546","08","0","0","0","0","0","0","0","0","3","0","0","0","05","2","1","00","2","40 03:47.607","5","00","76 27:32.226","8","0","0","0","36239","0","0","0","N","0","0","0","2","36239","0","","5","01","N","N","0","","0","0","0","0","0","Y","0546","1","1","0","0","0","1","1","3","0","1","N","","","","","","","","","","","","03","  ","","",""
"1700","0","0","0","0","0","0","0","0","0","1","0","","36","11","2016","2016123373","4","40.0223","-76.3179","1638","08","0","0","0","0","0","1","0","0","","0","0","0","16","3","1","00","0","40 01:20.428","","00","76 19:04.386","3","0","0","0","36301","0","0","0","N","0","0","0","2","36301","0","","1","01","N","N","1","","1","0","0","0","0","","1638","1","2","0","0","0","0","0","3","1","2","N","","","","","","","","","","","","03","  ","","",""
"1721","1","0","0","0","0","0","0","0","0","1","0","","36","11","2016","2016123384","4","40.0162","-76.3243","1719","08","0","0","0","0","0","0","0","0","2","0","0","0","17","3","0","02","1","40 00:58.441","3","00","76 19:27.320","0","0","0","0","36220","0","0","0","N","0","0","0","2","36101","0","","1","01","N","N","0","","0","0","1","0","0","N","1718","0","2","0","0","0","0","0","3","0","2","N","","","","","","","","","","","","03","  ","","",""
"1445","1","0","0","0","0","0","0","0","0","7","0","","36","11","2016","2016123410","7","40.1025","-76.0892","1439","08","0","0","0","0","0","0","0","0","","0","0","0","14","1","0","00","0","40 06:08.902","","00","76 05:20.944","0","0","0","0","36415","0","0","0","N","0","0","0","1","36415","0","","4","01","N","N","0","","0","0","0","0","0","","1434","0","1","0","0","0","0","0","1","0","1","N","","","","","","","","","","","","03","  ","","",""
"1358","1","0","0","0","0","0","0","0","0","4","0","","36","11","2016","2016123415","5","40.0393","-76.3081","1356","08","0","0","0","0","0","0","0","0","3","0","0","0","13","1","1","01","2","40 02:21.538","2","00","76 18:29.063","3","0","0","0","36301","0","0","0","N","0","0","0","3","36301","0","","1","01","N","N","0","","1","0","0","3","2","Y","1356","1","3","0","0","0","0","0","3","2","3","N","","","","","","","","","","","","03","  ","","",""
"1334","0","0","0","0","0","0","0","0","0","4","0","","36","11","2016","2016123417","5","40.1604","-76.3025","1331","08","0","0","0","0","0","1","0","0","2","0","0","0","13","1","1","01","1","40 09:37.339","1","00","76 18:08.877","8","0","0","0","36409","0","0","0","N","0","0","0","5","36409","0","","1","01","N","N","0","","0","0","2","3","3","N","1329","1","2","0","0","0","1","0","3","0","2","N","","","","","","","","","","","","03","  ","","",""
"1813","1","0","0","0","0","0","0","0","0","4","0","","36","11","2016","2016123455","4","40.032","-76.4688","1803","08","0","1","0","0","0","0","0","0","1","0","0","0","18","3","1","03","1","40 01:55.131","6","00","76 28:07.596","3","0","0","0","36239","0","0","0","N","0","0","0","3","36239","0","","1","01","N","N","0","","1","0","1","3","3","N","1802","1","2","0","0","0","0","0","3","0","2","N","","","","","","","","","","","","03","  ","","",""
"2208","1","0","0","0","0","0","0","0","0","7","0","","36","11","2016","2016123491","1","40.2659","-76.1842","2201","08","0","1","0","0","0","0","0","0","","0","0","0","21","2","0","00","0","40 15:57.090","","00","76 11:03.198","0","0","0","0","36236","0","0","0","N","0","0","0","1","36408","0","","4","01","N","N","0","","0","0","0","0","0","","2159","0","1","0","0","0","0","0","1","0","1","N","","","","","","","","","","","","03","  ","","",""
"0106","0","0","0","0","0","0","0","0","0","7","0","","36","11","2016","2016123497","1","40.2724","-76.1005","0101","08","0","0","0","0","0","1","0","0","4","0","0","0","00","3","1","00","2","40 16:20.587","5","00","76 06:01.725","8","0","0","0","36236","0","0","0","N","0","0","0","1","36408","0","","4","02","N","N","1","","0","0","0","0","0","Y","0059","1","1","0","0","0","1","0","1","0","1","N","","","","","","","","","","","","09","  ","","",""
"1802","0","0","0","0","0","0","0","0","0","1","0","","36","11","2016","2016123502","7","40.0373","-76.3121","1753","08","0","0","0","0","0","1","0","0","1","0","0","0","17","4","2","00","1","40 02:14.171","3","00","76 18:43.663","4","0","0","0","36301","0","0","0","N","0","0","0","5","36301","2","","1","09","N","N","0","","0","0","2","0","0","N","1753","2","3","0","0","0","0","0","3","0","2","N","","","","","","","","","","","","07","  ","","",""
"1605","1","0","0","0","0","0","0","0","0","9","0","","36","11","2016","2016123512","7","40.1205","-76.2248","1557","08","0","0","0","0","0","0","0","0","","0","0","0","15","1","0","00","0","40 07:13.718","","00","76 13:29.373","0","0","0","0","36238","0","0","0","N","0","0","0","1","36238","0","","1","01","N","N","0","","0","0","0","0","0","","1534","0","1","0","0","0","0","0","3","0","1","N","","","","","","","","","","","","03","  ","","",""
"0550","2","0","0","0","0","0","0","0","0","1","0","","36","11","2016","2016123520","2","40.1795","-76.6004","0545","08","0","0","0","0","0","1","0","0","","0","0","0","05","5","0","06","0","40 10:46.176","","02","76 36:01.501","0","0","0","0","36225","0","0","0","N","0","0","0","2","36505","0","","1","01","N","N","0","","0","0","0","3","4","","0541","0","2","0","0","0","0","0","2","0","2","N","","","","","","","","","","","","03","  ","","",""