"ARRIVAL_TM","AUTOMOBILE_COUNT","BELTED_DEATH_COUNT","BELTED_SUSP_SERIOUS_INJ_COUNT","BICYCLE_COUNT","BICYCLE_DEATH_COUNT","BICYCLE_SUSP_SERIOUS_INJ_COUNT","BUS_COUNT","CHLDPAS_DEATH_COUNT","CHLDPAS_SUSP_SERIOUS_INJ_COUNT","COLLISION_TYPE","COMM_VEH_COUNT","CONS_ZONE_SPD_LIM","COUNTY","CRASH_MONTH","CRASH_YEAR","CRN","DAY_OF_WEEK","DEC_LAT","DEC_LONG","DISPATCH_TM","DISTRICT","DRIVER_COUNT_16YR","DRIVER_COUNT_17YR","DRIVER_COUNT_18YR","DRIVER_COUNT_19YR","DRIVER_COUNT_20YR","DRIVER_COUNT_50_64YR","DRIVER_COUNT_65_74YR","DRIVER_COUNT_75PLUS","EST_HRS_CLOSED","FATAL_COUNT","HEAVY_TRUCK_COUNT","HORSE_BUGGY_COUNT","HOUR_OF_DAY","ILLUMINATION","INJURY_COUNT","INTERSECT_TYPE","LANE_CLOSED","LATITUDE","LN_CLOSE_DIR","LOCATION_TYPE","LONGITUDE","MAX_SEVERITY_LEVEL","MCYCLE_DEATH_COUNT","MCYCLE_SUSP_SERIOUS_INJ_COUNT","MOTORCYCLE_COUNT","MUNICIPALITY","NONMOTR_COUNT","NONMOTR_DEATH_COUNT","NONMOTR_SUSP_SERIOUS_INJ_COUNT","NTFY_HIWY_MAINT","PED_COUNT","PED_DEATH_COUNT","PED_SUSP_SERIOUS_INJ_COUNT","PERSON_COUNT","POLICE_AGCY","POSSIBLE_INJ_COUNT","RDWY_SURF_TYPE_CD","RELATION_TO_ROAD","ROAD_CONDITION","SCH_BUS_IND","SCH_ZONE_IND","SMALL_TRUCK_COUNT","SPEC_JURIS_CD","SUSP_MINOR_INJ_COUNT","SUSP_SERIOUS_INJ_COUNT","SUV_COUNT","TCD_FUNC_CD","TCD_TYPE","TFC_DETOUR_IND","TIME_OF_DAY","TOT_INJ_COUNT","TOTAL_UNITS","UNB_DEATH_COUNT","UNB_SUSP_SERIOUS_INJ_COUNT","UNBELTED_OCC_COUNT","UNK_INJ_DEG_COUNT","UNK_INJ_PER_COUNT","URBAN_RURAL","VAN_COUNT","VEHICLE_COUNT","WORK_ZONE_IND","WORK_ZONE_LOC","WORK_ZONE_TYPE","WORKERS_PRES","WZ_CLOSE_DETOUR","WZ_FLAGGER","WZ_LAW_OFFCR_IND","WZ_LN_CLOSURE","WZ_MOVING","WZ_OTHER","WZ_SHLDER_MDN","ROADWAY_CLEARED","WEATHER1","WEATHER2","WZ_WORKERS_INJ_KILLED","SECONDARY_CRASH","INTERSECTION_RELATED"
"1808","1","0","0","0","0","0","0","0","0","1","0","","36","11","2016","2016123523","5","39.9847","-76.3133","1805","08","0","0","0","0","0","1","0","0","","0","0","0","18","3","0","02","0","39 59:04.794","","00","76 18:47.799","0","0","0","0","36228","0","0","0","N","0","0","0","2","36503","0","","1","01","N","N","0","","0","0","1","0","0","","1804","0","2","0","0","0","0","0","1","0","2","N","","","","","","","","","","","","03","  ","","",""
"1504","1","0","0","0","0","0","0","0","0","4","0","","36","11","2016","2016123543","4","40.0413","-76.3859","1500","08","0","0","0","0","0","0","0","0","","0","0","0","15","1","1","00","0","40 02:28.815","","00","76 23:09.175","4","0","0","0","36223","0","0","0","","0","0","0","1","36223","1","","6","01","N","N","0","","0","0","2","0","0","","1500","1","3","0","0","0","0","0","1","0","3","N","","","","","","","","","","","","03","  ","","",""
"1648","2","0","0","0","0","0","0","0","0","5","0","","36","11","2016","2016123544","3","40.0911","-76.304","1640","08","0","0","0","0","0","0","0","0","","0","0","0","16","4","1","00","0","40 05:27.913","","00","76 18:14.502","4","0","0","0","36101","0","0","0","N","0","0","0","2","36101","1","","1","01","N","N","0","","0","0","0","0","0","","1637","1","2","0","0","0","0","0","3","0","2","N","","","","","","","","","","","","03","  ","","",""
"0757","2","0","0","0","0","0","0","0","0","1","0","","36","11","2016","2016123560","3","40.1612","-76.1521","0750","08","0","0","0","0","0","0","0","0","","0","0","0","07","1","0","06","0","40 09:34.580","","02","76 09:09.569","0","0","0","0","36238","0","0","0","N","0","0","0","2","36238","0","","1","01","N","N","0","","0","0","0","3","4","","0730","0","2","0","0","0","0","0","3","0","2","N","","","","","","","","","","","","03","  ","","",""
"1108","0","0","0","0","0","0","0","0","0","1","0","","36","11","2016","2016123568","3","40.246","-76.1768","1101","08","0","1","0","0","0","1","0","0","2","0","0","0","11","1","1","00","1","40 14:45.776","1","07","76 10:36.570","3","0","0","0","36236","0","0","0","N","0","0","0","3","36408","0","","1","01","N","N","2","","1","0","0","0","0","N","1100","1","2","0","0","0","0","0","1","0","2","N","","","","","","","","","","","","03","  ","","",""
"1503","1","0","0","0","0","0","0","0","0","1","0","","36","11","2016","2016123574","3","40.1637","-76.1524","1503","08","0","0","0","0","0","0","0","0","","0","0","0","15","1","0","03","0","40 09:48.200","","00","76 09:08.700","0","0","0","0","36218","0","0","0","N","0","0","0","3","36408","0","","1","01","Y","N","0","","0","0","0","3","4","","1502","0","2","0","0","0","0","0","1","1","2","N","","","","","","","","","","","","03","  ","","",""
"1605","2","0","0","0","0","0","0","0","0","4","0","","36","11","2016","2016123578","3","40.0268","-76.3279","1605","08","0","0","1","0","0","0","0","1","","0","0","0","16","1","0","02","0","40 01:36.495","","00","76 19:40.291","0","0","0","0","36220","0","0","0","N","0","0","0","2","36101","0","","1","01","N","N","0","","0","0","0","3","3","","1605","0","2","0","0","0","0","0","3","0","2","N","","","","","","","","","","","","03","  ","","",""
"0949","2","0","0","0","0","0","0","0","0","5","0","","36","11","2016","2016123605","6","40.0395","-76.2072","0945","08","0","0","0","0","0","2","0","0","2","0","0","0","09","1","0","00","1","40 02:22.251","3","00","76 12:26.055","0","0","0","0","36215","0","0","0","N","0","0","0","2","36215","0","","1","01","N","N","0","","0","0","0","0","0","N","0944","0","2","0","0","0","0","0","1","0","2","N","","","","","","","","","","","","03","  ","","",""
"0940","1","0","0","0","0","0","0","0","0","1","0","","36","11","2016","2016123625","3","39.9904","-76.24","0925","08","0","0","0","0","0","0","0","0","","0","0","0","09","1","0","00","0","39 59:25.359","","00","76 14:24.057","0","0","0","0","36240","0","0","0","N","0","0","0","2","36240","0","","1","09","N","N","0","","0","0","0","0","0","","0920","0","2","0","0","0","0","0","1","1","2","N","","","","","","","","","","","","03","  ","","",""
"1723","1","0","0","0","0","0","0","0","0","2","0","","36","11","2016","2016123673","2","40.0382","-76.354","1719","08","0","0","0","0","0","1","0","0","2","0","0","0","17","2","0","02","2","40 02:17.511","6","00","76 21:14.278","0","0","0","0","36223","0","0","0","","0","0","0","3","36223","0","","1","01","N","N","0","","0","0","1","0","0","N","1717","0","2","0","0","0","0","0","1","0","2","N","","","","","","","","","","","","03","  ","","",""
"1700","2","0","0","0","0","0","0","0","0","4","0","","36","11","2016","2016123674","1","40.0058","-76.3679","1652","08","0","0","0","0","0","0","1","0","","0","0","0","16","3","0","02","0","40 00:20.918","","00","76 22:04.466","0","0","0","0","36223","0","0","0","","0","0","0","2","36223","0","","1","01","N","N","0","","0","0","0","3","2","","1649","0","2","0","0","0","0","0","1","0","2","N","","","","","","","","","","","","03","  ","","",""
"0910","2","0","0","0","0","0","0","0","0","1","0","90","36","11","2016","2016123692","2","39.9943","-76.1821","0902","08","0","0","0","0","0","1","0","1","","0","0","0","08","1","1","00","0","39 59:39.577","","00","76 10:55.482","3","0","0","0","36233","0","0","0","","0","0","0","2","68J01","0","","1","01","N","N","0","","1","0","0","3","7","","0847","1","2","0","0","0","0","0","1","0","2","Y","8","3","Y","N","Y","N","N","N","N","N","","03","  ","","",""
"1614","0","0","0","0","0","0","0","0","0","7","0","","36","11","2016","2016123701","3","39.9915","-76.1542","1557","08","0","0","0","0","0","0","0","0","3","0","0","0","15","1","1","00","2","39 59:29.490","5","00","76 09:14.940","8","0","0","0","36226","0","0","0","","0","0","0","1","68J01","0","","4","01","N","N","0","","0","0","1","0","0","Y","1542","1","2","0","0","1","1","0","1","0","1","N","","","","","","","","","","","","03","  ","","",""
"0936","2","0","0","0","0","0","0","0","0","1","0","","36","11","2016","2016123707","4","40.0393","-76.134","0927","08","0","0","0","0","0","0","0","1","1","0","0","0","09","1","0","02","1","40 02:21.510","6","00","76 08:02.410","0","0","0","0","36221","0","0","0","","0","0","0","4","68J01","0","","1","01","N","N","0","","0","0","0","0","0","N","0926","0","3","0","0","0","0","0","1","1","3","N","","","","","","","","","","","","03","  ","","",""
"1808","1","0","0","0","0","0","0","0","0","0","0","","36","11","2016","2016123736","2","39.8091","-76.1867","1807","08","0","0","0","0","0","3","0","0","1","0","1","0","18","6","0","00","1","39 48:32.603","2","00","76 11:12.179","0","0","0","0","36212","0","0","0","","0","0","0","3","68J01","0","","1","01","N","N","0","","0","0","1","0","0","N","1807","0","3","0","0","0","0","0","1","0","3","N","","","","","","","","","","","","03","  ","","",""
"1117","0","0","0","0","0","0","0","0","0","7","0","","36","11","2016","2016123753","5","40.1738","-75.9691","1048","08","0","0","0","1","0","0","0","0","","0","0","0","10","1","1","00","0","40 10:25.510","","00","75 58:08.910","3","0","0","0","36203","0","0","0","","0","0","0","1","68J01","0","","4","09","N","N","1","","1","0","0","0","0","","1038","1","1","0","0","0","0","0","1","0","1","N","","","","","","","","","","","","03","  ","","",""
"2107","1","0","0","0","0","0","0","0","0","1","0","","36","11","2016","2016123776","6","40.0372","-76.417","2102","08","0","0","0","0","0","0","0","0","2","0","0","0","21","3","1","02","2","40 02:14.048","7","00","76 25:01.250","8","0","0","0","36239","0","0","0","N","0","0","0","4","36239","0","","1","01","N","N","0","","0","0","1","0","0","Y","2100","1","2","0","0","1","1","0","3","0","2","N","","","","","","","","","","","","03","  ","","",""
"1544","2","0","0","0","0","0","0","0","0","4","0","","36","11","2016","2016123784","6","40.0319","-76.2398","1540","08","0","0","0","0","0","0","1","1","","0","0","0","15","1","0","02","0","40 01:54.765","","02","76 14:23.331","0","0","0","0","36215","0","0","0","N","0","0","0","2","36215","0","","1","01","N","N","0","","0","0","0","9","2","","1535","0","2","0","0","0","0","0","1","0","2","N","","","","","","","","","","","","03","  ","","",""
"1405","0","0","0","0","0","0","0","0","0","0","1","","36","11","2016","2016123816","6","40.216","-76.0902","1401","08","0","0","0","0","0","0","0","0","4","0","1","0","14","1","0","01","1","40 12:57.429","6","00","76 05:24.644","0","0","0","0","36210","0","0","0","Y","0","0","0","1","36210","0","","1","01","N","N","0","","0","0","0","3","2","N","1400","0","1","0","0","0","0","0","1","0","1","N","","","","","","","","","","","","03","  ","","",""
"1500","1","0","0","0","0","0","0","0","0","1","0","","36","11","2016","2016123818","6","40.0387","-76.3573","1458","08","0","0","0","0","0","1","0","1","2","0","0","0","14","1","1","00","1","40 02:19.187","4","00","76 21:26.419","3","0","0","0","36214","0","0","0","N","0","0","0","2","36214","0","","1","01","N","N","0","","1","0","1","0","0","N","1455","1","2","0","0","0","0","0","3","0","2","N","","","","","","","","","","","","03","  ","","",""
"1227","0","0","0","0","0","0","0","0","0","4","0","","36","11","2016","2016123819","6","40.0099","-76.1625","1222","08","0","0","0","0","0","1","0","0","","0","0","0","12","1","0","02","0","40 00:35.812","","00","76 09:45.161","0","0","0","0","36215","0","0","0","N","0","0","0","7","36215","0","","1","01","N","N","0","","0","0","1","0","0","","1219","0","2","0","0","0","0","0","1","1","2","N","","","","","","","","","","","","03","  ","","",""
"1628","2","0","0","0","0","0","0","0","0","1","0","","36","11","2016","2016123826","6","40.0591","-76.3206","1628","08","0","0","0","0","0","0","0","0","","0","0","0","16","4","1","00","0","40 03:32.796","","07","76 19:14.095","3","0","0","0","36301","0","0","0","N","0","0","0","4","36301","0","","1","01","N","N","0","","1","0","0","3","8","","1628","1","2","0","0","1","0","0","3","0","2","N","","","","","","","","","","","","03","  ","","",""
"1528","2","0","0","0","0","0","0","0","0","1","0","","36","11","2016","2016123830","6","40.0748","-76.3366","1520","08","0","0","0","0","0","1","0","0","","0","0","0","15","1","2","00","0","40 04:29.119","","00","76 20:11.670","4","0","0","0","36101","0","0","0","N","0","0","0","2","36101","2","","1","01","N","N","0","","0","0","0","0","0","","1517","2","2","0","0","0","0","0","3","0","2","N","","","","","","","","","","","","03","  ","","",""
"1151","0","0","0","0","0","0","0","0","0","7","0","","36","11","2016","2016123838","3","40.196","-76.2008","1148","08","0","0","0","0","0","0","0","1","2","0","0","0","11","1","1","00","1","40 11:45.726","4","00","76 12:02.919","4","0","0","0","36408","0","0","0","N","0","0","0","1","36408","1","","4","01","N","N","0","","0","0","1","0","0","Y","1148","1","1","0","0","0","0","0","2","0","1","N","","","","","","","","","","","","03","  ","","",""
"1656","1","0","0","0","0","0","0","0","0","4","0","","36","11","2016","2016123891","7","40.0317","-76.2944","1654","08","0","0","0","0","0","0","0","0","3","0","0","0","16","1","2","01","2","40 01:54.055","7","00","76 17:39.674","3","0","0","0","36301","0","0","0","N","0","0","0","4","36301","1","","1","01","N","N","0","","1","0","1","3","3","Y","1639","2","2","0","0","0","0","0","3","0","2","N","","","","","","","","","","","","03","  ","","",""
"1835","2","0","0","0","0","0","0","0","0","2","0","","36","11","2016","2016123991","1","40.0236","-76.2832","1824","08","0","0","0","0","0","0","0","0","2","0","0","0","18","4","0","02","1","40 01:24.858","1","00","76 16:59.585","0","0","0","0","36301","0","0","0","N","0","0","0","2","36301","0","","1","01","N","N","0","","0","0","0","3","3","N","1824","0","2","0","0","0","0","0","3","0","2","N","","","","","","","","","","","","03","  ","","",""
"2042","0","0","0","0","0","0","0","0","0","7","0","","36","11","2016","2016123999","7","40.0534","-76.4941","2037","08","0","0","0","0","0","0","0","0","1","0","0","0","20","3","1","00","2","40 03:12.200","3","00","76 29:38.800","3","0","0","0","36239","0","0","0","","0","0","0","1","36239","0","","4","01","N","N","1","","1","0","0","0","0","N","2036","1","1","0","0","0","0","0","3","0","1","N","","","","","","","","","","","","03","  ","","",""
"1644","3","0","0","0","0","0","0","0","0","4","0","","36","11","2016","2016124018","4","40.0945","-76.2155","1626","08","0","0","0","0","0","0","0","0","3","0","0","0","16","1","1","01","2","40 05:40.302","5","00","76 12:55.752","4","0","0","0","36234","0","0","0","N","0","0","0","7","36215","1","","1","09","N","N","0","","0","0","0","3","3","N","1626","1","3","0","0","2","0","0","1","0","3","N","","","","","","","","","","","","03","  ","","",""
"1704","2","0","0","0","0","0","0","0","0","4","0","","36","11","2016","2016124029","7","40.0711","-76.3406","1643","08","0","0","0","2","0","0","0","0","","0","0","0","16","1","1","00","0","40 04:16.000","","07","76 20:26.000","3","0","0","0","36301","0","0","0","N","0","0","0","3","36301","0","","1","01","N","N","0","","1","0","0","0","0","","1643","1","2","0","0","0","0","0","3","0","2","N","","","","","","","","","","","","03","  ","","",""
"1048","1","0","0","0","0","0","0","0","0","7","0","","36","11","2016","2016124034","6","40.0312","-76.3204","1040","08","0","0","0","0","0","0","0","0","1","0","0","0","10","1","0","00","2","40 01:52.482","5","00","76 19:13.287","9","0","0","0","36301","0","0","0","Y","0","0","0","2","36301","0","","4","01","N","N","0","","0","0","0","0","0","Y","1039","0","1","0","0","0","0","2","3","0","1","N","","","","","","","","","","","","03","  ","","",""
"1002","1","0","0","0","0","0","0","0","0","7","0","","36","11","2016","2016124043","3","40.1591","-76.6232","0957","08","0","0","0","0","0","0","0","0","","0","0","0","09","1","1","00","0","40 09:32.737","","00","76 37:23.515","8","0","0","0","36225","0","0","0","N","0","0","0","1","36505","0","","4","01","N","N","0","","0","0","0","0","0","","0952","1","1","0","0","0","1","0","2","0","1","N","","","","","","","","","","","","03","  ","","",""
"1145","0","0","0","0","0","0","0","0","0","0","0","","36","11","2016","2016124058","7","40.0277","-76.3261","1142","08","0","0","0","0","0","0","0","0","1","0","0","0","11","1","0","00","2","40 01:39.700","1","07","76 19:34.000","0","0","0","0","36220","0","0","0","N","0","0","0","1","36101","0","","1","01","N","N","0","","0","0","0","0","0","Y","1135","0","1","0","0","0","0","0","3","1","1","N","","","","","","","","","","","","03","  ","","",""
"1326","0","0","0","1","0","0","0","0","0","4","0","","36","11","2016","2016124084","1","40.0524","-76.3097","1320","08","0","0","0","0","0","0","0","0","1","0","0","0","13","1","1","00","2","40 03:08.776","5","00","76 18:34.808","8","0","0","0","36101","1","0","0","N","0","0","0","2","36101","0","","1","01","N","N","0","","0","0","1","0","0","N","1317","1","2","0","0","0","1","0","3","0","1","N","","","","","","","","","","","","03","  ","","",""
"1856","0","0","0","0","0","0","0","0","0","7","0","","36","11","2016","2016124101","5","39.9899","-76.2224","1850","08","0","0","0","0","0","0","0","0","2","0","0","0","18","2","1","00","2","39 59:23.793","6","00","76 13:20.618","8","0","0","0","36240","0","0","0","N","0","0","0","1","36240","0","","4","01","N","N","0","","0","0","1","0","0","Y","1845","1","1","0","0","0","1","0","1","0","1","N","","","","","","","","","","","","03","  ","","",""
"1643","2","0","0","0","0","0","0","0","0","4","0","","36","11","2016","2016124120","1","40.1423","-76.591","1640","08","0","0","0","0","0","0","0","0","2","0","0","0","16","1","0","01","1","40 08:32.355","4","00","76 35:27.506","0","0","0","0","36407","0","0","0","N","0","0","0","2","36407","0","","1","01","N","N","0","","0","0","0","3","3","N","1639","0","2","0","0","0","0","0","2","0","2","N","","","","","","","","","","","","03","  ","","",""
"1433","1","0","0","0","0","0","0","0","0","2","0","","36","11","2016","2016124164","3","40.1359","-76.2116","1427","08","0","0","0","0","0","1","0","0","2","0","0","0","14","1","1","02","1","40 08:09.247","1","00","76 12:41.828","8","0","0","0","36238","0","0","0","N","0","0","0","2","36238","0","","1","01","N","N","2","","0","0","0","3","3","Y","1425","1","3","0","0","0","1","0","3","0","3","N","","","","","","","","","","","","03","  ","","",""
"0801","1","0","0","0","0","0","0","0","0","4","0","","36","11","2016","2016124185","3","40.1216","-76.06","0754","08","0","0","0","0","0","1","0","1","2","0","0","0","07","1","1","01","2","40 07:17.779","2","00","76 03:36.077","4","0","0","0","36213","0","0","0","N","0","0","0","3","36213","1","","1","01","N","N","0","","0","0","1","3","2","Y","0750","1","2","0","0","1","0","0","1","0","2","N","","","","","","","","","","","","03","  ","","",""
"1749","0","0","0","0","0","0","0","0","0","4","0","","36","11","2016","2016124263","4","40.0201","-76.3854","1740","08","0","0","0","0","0","0","2","0","1","0","0","0","17","2","0","00","2","40 01:12.430","7","07","76 23:07.430","0","0","0","0","36223","0","0","0","","0","0","0","2","36223","0","","1","09","N","N","1","","0","0","1","0","0","Y","1739","0","2","0","0","0","0","0","1","0","2","N","","","","","","","","","","","","03","  ","","",""
"1721","2","0","0","0","0","0","0","0","0","4","0","","36","11","2016","2016124264","4","40.1333","-76.3992","1714","08","0","0","0","0","1","0","0","0","","0","0","0","17","2","1","01","0","40 07:59.775","","00","76 23:57.051","8","0","0","0","36227","0","0","0","","0","0","0","2","36506","0","","1","01","N","N","0","","0","0","0","3","3","","1714","1","2","0","0","0","1","0","1","0","2","N","","","","","","","","","","","","03","  ","","",""
"1234","1","0","0","0","0","0","0","0","0","4","0","","36","11","2016","2016124265","5","40.1346","-76.3322","1229","08","0","0","0","0","0","0","0","2","2","0","0","0","12","1","2","03","2","40 08:04.591","7","00","76 19:55.800","4","0","0","0","36235","0","0","0","","0","0","0","2","36506","2","","1","09","N","N","0","","0","0","1","3","3","N","1229","2","2","0","0","0","0","0","1","0","2","N","","","","","","","","","","","","03","  ","","",""
"1800","1","0","0","0","0","0","0","0","0","7","0","","36","11","2016","2016124266","6","40.217","-76.2505","1745","08","0","0","0","0","0","0","0","1","","0","0","0","17","2","0","02","0","40 13:01.073","","00","76 15:01.638","0","0","0","0","36204","0","0","0","","0","0","0","1","36506","0","","4","01","N","N","0","","0","0","0","3","2","","1745","0","1","0","0","0","0","0","1","0","1","N","","","","","","","","","","","","03","  ","","",""
"0918","1","0","0","0","0","0","0","0","0","4","0","","36","11","2016","2016124384","2","40.1555","-76.3089","0913","08","0","0","0","0","0","1","0","0","1","0","0","0","09","1","0","01","1","40 09:19.722","6","00","76 18:32.121","0","0","0","0","36409","0","0","0","N","0","0","0","3","36409","0","","1","01","N","N","0","","0","0","0","3","3","N","0913","0","2","0","0","0","0","0","3","1","2","N","","","","","","","","","","","","03","  ","","",""
"1747","1","0","0","0","0","0","0","0","0","7","0","","36","11","2016","2016124451","7","40.2045","-76.2131","1737","08","0","0","0","0","0","0","0","1","","0","0","0","17","3","0","00","0","40 12:16.183","","00","76 12:47.142","0","0","0","0","36204","0","0","0","","0","0","0","1","36506","0","","2","01","N","N","0","","0","0","0","0","0","","1737","0","1","0","0","0","0","0","1","0","1","N","","","","","","","","","","","","03","  ","","",""
"2108","1","0","0","0","0","0","0","0","0","7","0","","36","09","2016","2016124472","7","39.988","-76.034","2045","08","0","0","0","0","0","1","0","0","","0","0","0","20","2","0","00","0","39 59:16.770","","00","76 02:02.290","0","0","0","0","36232","0","0","0","","0","0","0","1","68J01","0","","2","01","N","N","0","","0","0","0","0","0","","2012","0","1","0","0","0","0","0","1","0","1","N","","","","","","","","","","","","03","  ","","",""
"1846","0","0","0","0","0","0","0","0","0","2","0","","36","11","2016","2016124505","1","39.9933","-76.029","1830","08","0","0","0","0","0","1","0","0","","0","0","0","18","3","1","01","0","39 59:35.937","","00","76 01:44.572","3","0","0","0","36232","0","0","0","","0","0","0","2","68J01","0","","1","01","N","N","0","","1","0","1","3","2","","1826","1","2","0","0","0","0","1","1","1","2","N","","","","","","","","","","","","03","  ","","",""
"2143","1","0","0","0","0","0","0","0","0","7","0","","36","11","2016","2016124507","1","39.9728","-76.1306","2127","08","0","0","0","0","0","1","0","0","2","0","0","0","21","2","1","00","2","39 58:22.229","5","00","76 07:50.049","3","0","0","0","36226","0","0","0","","0","0","0","1","68J01","0","","4","01","N","N","0","","1","0","0","3","8","Y","2125","1","1","0","0","1","0","0","1","0","1","N","","","","","","","","","","","","03","  ","","",""
"1520","1","0","0","0","0","0","0","0","0","1","0","","36","11","2016","2016124520","4","39.9922","-76.0215","1458","08","0","0","0","0","0","0","1","0","","0","0","0","14","1","1","01","0","39 59:31.891","","00","76 01:17.277","4","0","0","0","36232","0","0","0","","0","0","0","2","68J01","1","","1","01","N","N","0","","0","0","0","3","2","","1437","1","2","0","0","0","0","0","1","1","2","N","","","","","","","","","","","","03","  ","","",""
"1342","0","0","0","0","0","0","0","0","0","2","0","90","36","11","2016","2016124521","5","39.8743","-76.1253","1333","08","0","0","0","0","0","1","0","1","3","0","0","0","13","1","3","00","2","39 52:27.561","7","00","76 07:31.187","8","0","0","0","36205","0","0","0","","0","0","0","4","68J01","0","","1","01","N","N","2","","0","0","0","0","0","Y","1333","3","2","0","0","1","3","0","1","0","2","Y","5","2","Y","N","Y","N","Y","N","N","N","","03","  ","","",""
"0919","0","0","0","0","0","0","0","0","0","4","0","","36","11","2016","2016124528","7","40.0089","-76.1242","0915","08","0","0","1","0","0","0","0","0","","0","0","0","09","1","0","00","0","40 00:31.907","","00","76 07:27.066","0","0","0","0","36226","0","0","0","","0","0","0","2","68J01","0","","1","01","N","N","1","","0","0","1","0","0","","0910","0","2","0","0","0","0","0","1","0","2","N","","","","","","","","","","","","03","  ","","",""
"1948","1","0","0","0","0","0","0","0","0","6","1","45","36","11","2016","2016124536","2","39.9204","-76.1894","1941","08","0","0","0","0","0","1","0","1","3","0","1","0","19","2","0","00","2","39 55:13.492","5","03","76 11:21.986","0","0","0","0","36233","0","0","0","","0","0","0","2","68J01","0","","1","01","N","N","0","","0","0","0","3","8","Y","1941","0","2","0","0","0","0","0","1","0","2","Y","4","1","N","N","N","N","N","N","N","Y","","03","  ","","",""
"1644","1","0","0","0","0","0","0","0","0","6","0","","36","11","2016","2016124542","3","40.2228","-76.3038","1553","08","0","0","0","0","0","1","1","0","2","0","0","0","15","1","0","00","1","40 13:22.122","1","00","76 18:13.601","0","0","0","0","36217","0","0","0","","0","0","0","2","68J01","0","","1","01","N","N","0","","0","0","1","0","0","Y","1548","0","2","0","0","0","0","0","1","0","2","N","","","","","","","","","","","","03","  ","","",""
"1706","1","0","0","0","0","0","0","0","0","1","0","","36","11","2016","2016124544","3","40.2255","-76.3005","1705","08","0","0","0","0","0","0","1","1","2","0","0","0","16","2","3","00","2","40 13:31.799","6","00","76 18:01.621","3","0","0","0","36217","0","0","0","","0","0","0","3","68J01","0","","1","01","N","N","0","","3","0","1","0","0","Y","1654","3","2","0","0","0","0","0","1","0","2","N","","","","","","","","","","","","03","  ","","",""
"1610","1","0","0","0","0","0","0","0","0","7","0","","36","11","2016","2016124549","4","40.2221","-76.2864","1551","08","0","0","0","0","0","0","0","0","","0","0","0","15","1","0","00","0","40 13:19.694","","00","76 17:11.211","0","0","0","0","36217","0","0","0","","0","0","0","1","68J01","0","","4","01","N","N","0","","0","0","0","0","0","","1542","0","1","0","0","0","0","0","1","0","1","N","","","","","","","","","","","","03","  ","","",""
"1633","1","0","0","0","0","0","0","0","0","4","0","","36","11","2016","2016124550","4","40.2236","-76.2918","1633","08","0","0","0","0","0","0","0","0","","0","0","0","16","1","0","02","0","40 13:24.883","","00","76 17:30.473","0","0","0","0","36217","0","0","0","","0","0","0","3","68J01","0","","1","01","N","N","1","","0","0","0","0","0","","1633","0","2","0","0","0","0","0","1","0","2","N","","","","","","","","","","","","03","  ","","",""
"1534","1","0","0","0","0","0","0","0","0","7","0","","36","11","2016","2016124588","2","40.0919","-76.1349","1524","08","0","0","0","0","0","1","0","0","","0","0","0","15","1","1","00","0","40 05:31.016","","00","76 08:05.707","4","0","0","0","36238","0","0","0","N","0","0","0","1","36238","1","","4","01","N","N","0","","0","0","0","0","0","","1524","1","1","0","0","0","0","0","3","0","1","N","","","","","","","","","","","","03","  ","","",""
"1828","3","0","0","0","0","0","0","0","0","1","0","","36","11","2016","2016124604","2","40.1293","-76.2191","1826","08","0","0","0","0","0","0","2","0","","0","0","0","18","2","2","01","0","40 07:45.579","","00","76 13:08.729","3","0","0","0","36238","0","0","0","N","0","0","0","4","36238","1","","1","01","N","N","0","","1","0","0","3","2","","1824","2","3","0","0","0","0","0","3","0","3","N","","","","","","","","","","","","03","  ","","",""
"0115","0","0","0","0","0","0","0","0","0","7","0","","36","11","2016","2016124612","7","40.2073","-76.0402","0115","08","0","0","0","0","0","0","0","0","3","0","0","0","01","2","1","00","2","40 12:26.439","5","00","76 02:24.892","3","0","0","0","36202","0","0","0","N","0","0","0","1","36210","0","","5","01","N","N","0","","1","0","1","0","0","Y","0115","1","1","0","0","1","0","0","1","0","1","N","","","","","","","","","","","","03","  ","","",""
"0054","1","0","0","0","0","0","0","0","0","7","0","","36","11","2016","2016124620","7","40.0242","-76.3052","0047","08","0","0","0","0","0","0","0","0","","0","0","0","00","3","1","00","0","40 01:27.099","","07","76 18:18.555","8","0","0","0","36301","0","0","0","N","0","0","0","1","36301","0","","4","01","N","N","0","","0","0","0","0","0","","0045","1","1","0","0","0","1","0","3","0","1","N","","","","","","","","","","","","03","  ","","",""
"0101","1","0","0","0","0","0","0","0","0","9","0","","36","11","2016","2016124625","3","40.1002","-76.2577","0056","08","0","0","0","0","1","0","0","0","","0","0","0","00","2","0","00","0","40 06:00.840","","00","76 15:27.762","0","0","0","0","36101","0","0","0","N","0","0","0","2","36101","0","","1","01","N","N","0","","0","0","0","0","0","","0050","0","1","0","0","0","0","0","3","0","1","N","","","","","","","","","","","","03","  ","","",""
"2041","1","0","0","0","0","0","0","0","0","1","0","","36","11","2016","2016124633","1","40.0346","-76.308","2039","08","0","0","0","0","0","0","0","0","","0","0","0","20","3","1","00","0","40 02:04.736","","00","76 18:28.724","3","0","0","0","36301","0","0","0","N","0","0","0","1","36301","0","","6","01","N","N","0","","1","0","0","0","0","","2036","1","2","0","0","1","0","0","3","1","2","N","","","","","","","","","","","","03","  ","","",""