"ARRIVAL_TM","AUTOMOBILE_COUNT","BELTED_DEATH_COUNT","BELTED_SUSP_SERIOUS_INJ_COUNT","BICYCLE_COUNT","BICYCLE_DEATH_COUNT","BICYCLE_SUSP_SERIOUS_INJ_COUNT","BUS_COUNT","CHLDPAS_DEATH_COUNT","CHLDPAS_SUSP_SERIOUS_INJ_COUNT","COLLISION_TYPE","COMM_VEH_COUNT","CONS_ZONE_SPD_LIM","COUNTY","CRASH_MONTH","CRASH_YEAR","CRN","DAY_OF_WEEK","DEC_LAT","DEC_LONG","DISPATCH_TM","DISTRICT","DRIVER_COUNT_16YR","DRIVER_COUNT_17YR","DRIVER_COUNT_18YR","DRIVER_COUNT_19YR","DRIVER_COUNT_20YR","DRIVER_COUNT_50_64YR","DRIVER_COUNT_65_74YR","DRIVER_COUNT_75PLUS","EST_HRS_CLOSED","FATAL_COUNT","HEAVY_TRUCK_COUNT","HORSE_BUGGY_COUNT","HOUR_OF_DAY","ILLUMINATION","INJURY_COUNT","INTERSECT_TYPE","LANE_CLOSED","LATITUDE","LN_CLOSE_DIR","LOCATION_TYPE","LONGITUDE","MAX_SEVERITY_LEVEL","MCYCLE_DEATH_COUNT","MCYCLE_SUSP_SERIOUS_INJ_COUNT","MOTORCYCLE_COUNT","MUNICIPALITY","NONMOTR_COUNT","NONMOTR_DEATH_COUNT","NONMOTR_SUSP_SERIOUS_INJ_COUNT","NTFY_HIWY_MAINT","PED_COUNT","PED_DEATH_COUNT","PED_SUSP_SERIOUS_INJ_COUNT","PERSON_COUNT","POLICE_AGCY","POSSIBLE_INJ_COUNT","RDWY_SURF_TYPE_CD","RELATION_TO_ROAD","ROAD_CONDITION","SCH_BUS_IND","SCH_ZONE_IND","SMALL_TRUCK_COUNT","SPEC_JURIS_CD","SUSP_MINOR_INJ_COUNT","SUSP_SERIOUS_INJ_COUNT","SUV_COUNT","TCD_FUNC_CD","TCD_TYPE","TFC_DETOUR_IND","TIME_OF_DAY","TOT_INJ_COUNT","TOTAL_UNITS","UNB_DEATH_COUNT","UNB_SUSP_SERIOUS_INJ_COUNT","UNBELTED_OCC_COUNT","UNK_INJ_DEG_COUNT","UNK_INJ_PER_COUNT","URBAN_RURAL","VAN_COUNT","VEHICLE_COUNT","WORK_ZONE_IND","WORK_ZONE_LOC","WORK_ZONE_TYPE","WORKERS_PRES","WZ_CLOSE_DETOUR","WZ_FLAGGER","WZ_LAW_OFFCR_IND","WZ_LN_CLOSURE","WZ_MOVING","WZ_OTHER","WZ_SHLDER_MDN","ROADWAY_CLEARED","WEATHER1","WEATHER2","WZ_WORKERS_INJ_KILLED","SECONDARY_CRASH","INTERSECTION_RELATED"
"1938","0","0","0","0","0","0","0","0","0","4","0","","36","11","2016","2016124641","4","40.0377","-76.3085","1936","08","0","0","0","0","0","0","0","0","","0","0","0","19","3","0","01","0","40 02:15.572","","00","76 18:30.512","0","0","0","0","36301","0","0","0","N","0","0","0","4","36301","0","","1","09","N","N","0","","0","0","2","3","2","","1920","0","2","0","0","0","0","0","3","0","2","N","","","","","","","","","","","","07","  ","","",""
"1510","0","0","0","0","0","0","0","0","0","7","0","","36","11","2016","2016124644","2","40.0394","-76.2029","1507","08","0","0","0","0","0","1","0","0","","0","0","0","15","1","0","00","0","40 02:21.900","","00","76 12:10.407","0","0","0","0","36215","0","0","0","N","0","0","0","1","36215","0","","4","01","N","N","0","","0","0","0","0","0","","1508","0","1","0","0","0","0","0","1","1","1","N","","","","","","","","","","","","03","  ","","",""
"1812","1","0","0","1","0","0","0","0","0","4","0","","36","11","2016","2016124653","2","40.1697","-76.2985","1808","08","0","1","0","0","0","0","0","0","","0","0","0","18","2","1","02","0","40 10:10.923","","00","76 17:54.520","4","0","0","0","36235","1","0","0","","0","0","0","2","36506","1","","1","01","N","N","0","","0","0","0","3","3","","1805","1","2","0","0","0","0","0","1","0","1","N","","","","","","","","","","","","03","  ","","",""
"1729","2","0","0","0","0","0","0","0","0","1","0","","36","11","2016","2016124685","2","40.1075","-76.3336","1722","08","0","0","0","0","0","1","0","0","","0","0","0","17","2","0","00","0","40 06:27.108","","00","76 20:00.861","0","0","0","0","36101","0","0","0","N","0","0","0","2","36101","0","","1","01","N","N","0","","0","0","0","0","0","","1719","0","2","0","0","0","0","0","3","0","2","N","","","","","","","","","","","","03","  ","","",""
"2337","1","0","0","0","0","0","0","0","0","4","0","","36","11","2016","2016124687","2","40.1113","-76.2835","2323","08","0","0","1","0","0","0","0","0","2","0","0","0","23","2","1","01","1","40 06:40.818","3","00","76 17:00.459","4","0","0","0","36101","0","0","0","N","0","0","0","2","36101","1","","1","01","N","N","0","","0","0","1","3","2","N","2322","1","2","0","0","0","0","0","3","0","2","N","","","","","","","","","","","","03","  ","","",""
"0837","1","0","0","0","0","0","0","0","0","1","0","","36","11","2016","2016124802","3","40.0551","-76.3594","0831","08","0","0","0","0","0","0","0","0","2","0","0","0","08","1","0","00","1","40 03:18.274","2","00","76 21:33.813","0","0","0","0","36214","0","0","0","N","0","0","0","3","36214","0","","1","09","N","N","1","","0","0","0","0","0","N","0828","0","3","0","0","0","0","0","3","1","3","N","","","","","","","","","","","","07","  ","","",""
"0812","0","0","0","0","0","0","0","0","0","1","0","","36","11","2016","2016124861","3","40.2169","-76.1189","0808","08","0","1","0","0","0","1","0","0","","0","0","0","08","1","0","00","0","40 13:00.902","","00","76 07:07.952","0","0","0","0","36210","0","0","0","N","0","0","0","4","36210","0","","1","09","N","N","0","","0","0","2","0","0","","0807","0","3","0","0","1","0","0","1","1","3","N","","","","","","","","","","","","07","  ","","",""
"1852","1","0","0","0","0","0","0","0","0","7","0","","36","11","2016","2016124867","2","40.2334","-76.2725","1845","08","0","0","0","0","0","0","0","0","1","0","0","0","18","2","0","00","1","40 14:00.100","1","00","76 16:21.100","0","0","0","0","36204","0","0","0","","0","0","0","1","36506","0","","4","01","N","N","0","","0","0","0","0","0","N","1845","0","1","0","0","0","0","0","1","0","1","N","","","","","","","","","","","","03","  ","","",""
"1103","1","0","0","0","0","0","0","0","0","4","0","","36","11","2016","2016124881","7","40.0415","-76.3252","1100","08","0","0","0","0","0","0","0","1","","0","0","0","11","1","1","01","0","40 02:29.263","","00","76 19:30.576","3","0","0","1","36301","0","0","0","N","0","0","0","2","36301","0","","1","01","N","N","0","","1","0","0","3","2","","1100","1","2","0","0","0","0","0","3","0","2","N","","","","","","","","","","","","03","  ","","",""
"1705","1","0","0","0","0","0","0","0","0","1","0","","36","11","2016","2016124893","5","40.0422","-76.3113","1703","08","0","0","0","0","0","0","1","0","1","0","0","0","17","3","1","01","1","40 02:32.038","1","00","76 18:40.770","4","0","0","0","36301","0","0","0","N","0","0","0","3","36301","1","","1","01","N","N","1","","0","0","1","3","2","N","1702","1","3","0","0","0","0","1","3","0","3","N","","","","","","","","","","","","03","  ","","",""
"1407","1","0","0","0","0","0","0","0","0","5","1","","36","11","2016","2016124927","3","40.2033","-76.1193","1401","08","0","0","1","0","0","0","0","0","1","0","0","0","14","1","0","00","1","40 12:11.868","2","00","76 07:09.498","0","0","0","0","36210","0","0","0","N","0","0","0","2","36210","0","","1","09","N","N","1","","0","0","0","0","0","N","1400","0","2","0","0","0","0","0","1","0","2","N","","","","","","","","","","","","07","  ","","",""
"1257","1","0","0","0","0","0","0","0","0","1","0","","36","11","2016","2016124944","3","40.047","-76.2553","1254","08","0","0","1","0","0","0","0","0","","0","0","0","12","1","1","02","0","40 02:49.261","","00","76 15:19.152","4","0","0","0","36215","0","0","0","N","0","0","0","3","36215","1","","1","09","N","N","0","","0","0","1","0","0","","1252","1","2","0","0","0","0","0","1","0","2","N","","","","","","","","","","","","07","  ","","",""
"1704","0","0","0","1","0","0","0","0","0","4","0","","36","11","2016","2016124970","5","40.1724","-76.2785","1703","08","0","0","0","0","0","0","0","1","","0","0","0","17","1","1","01","0","40 10:20.560","","00","76 16:42.477","3","0","0","0","36235","1","0","0","","0","0","0","2","36506","0","","1","01","N","N","0","","1","0","1","3","3","","1703","1","2","0","0","0","0","0","1","0","1","N","","","","","","","","","","","","03","  ","","",""
"1248","2","0","0","0","0","0","0","0","0","1","0","","36","11","2016","2016124971","1","40.1535","-76.3695","1244","08","0","1","0","0","0","0","0","0","","0","0","0","12","1","0","02","0","40 09:12.525","","00","76 22:10.135","0","0","0","0","36227","0","0","0","","0","0","0","3","36506","0","","1","01","N","N","0","","0","0","0","0","0","","1244","0","2","0","0","0","0","0","1","0","2","N","","","","","","","","","","","","03","  ","","",""
"0636","1","0","0","0","0","0","0","0","0","9","0","","36","11","2016","2016125050","2","40.2417","-76.1445","0612","08","0","0","0","0","0","0","0","0","","0","0","0","06","5","0","00","0","40 14:30.164","","00","76 08:41.386","0","0","0","0","36236","0","0","0","","0","0","0","1","68T06","0","","1","01","N","N","0","","0","0","0","0","0","","0612","0","1","0","0","0","0","0","1","0","1","N","","","","","","","","","","","","03","  ","","",""
"1203","0","0","1","0","0","0","0","0","0","1","2","55","36","11","2016","2016125051","2","40.19","-76.0022","1157","08","0","0","0","0","0","0","0","0","2","0","2","0","11","1","2","00","2","40 11:24.790","4","00","76 00:08.639","2","0","0","0","36202","0","0","0","","0","0","0","2","68T06","0","","1","01","N","N","0","","1","1","0","0","0","N","1155","2","2","0","0","0","0","0","1","0","2","Y","4","2","Y","N","N","N","Y","Y","N","N","","03","  ","","",""
"1848","1","0","0","0","0","0","0","0","0","7","0","","36","11","2016","2016125147","3","40.1075","-76.3371","1837","08","0","0","0","0","0","0","0","0","","0","0","0","18","2","0","00","0","40 06:27.100","","00","76 20:13.700","0","0","0","0","36101","0","0","0","N","0","0","0","1","36101","0","","2","09","N","N","0","","0","0","0","0","0","","1832","0","1","0","0","0","0","0","3","0","1","N","","","","","","","","","","","","07","05","","",""
"2025","2","0","0","0","0","0","0","0","0","4","0","","36","11","2016","2016125173","2","40.0404","-76.2463","2022","08","0","0","0","0","0","0","0","0","2","0","0","0","20","3","0","01","1","40 02:25.433","4","02","76 14:46.845","0","0","0","0","36215","0","0","0","N","0","0","0","2","36215","0","","1","01","N","N","0","","0","0","0","3","2","Y","2020","0","2","0","0","0","0","0","1","0","2","N","","","","","","","","","","","","03","  ","","",""
"2018","1","0","0","0","0","0","0","0","0","4","0","","36","11","2016","2016125175","1","40.0265","-76.2154","2016","08","0","0","1","0","1","0","0","0","3","0","0","0","20","3","0","00","1","40 01:35.566","6","07","76 12:55.329","0","0","0","0","36215","0","0","0","Y","0","0","0","2","36215","0","","1","01","N","N","0","","0","0","1","0","0","N","2016","0","2","0","0","0","0","0","1","0","2","N","","","","","","","","","","","","03","  ","","",""
"2220","1","0","0","0","0","0","0","0","0","6","0","","36","11","2016","2016125189","3","40.059","-76.463","2214","08","0","0","0","0","0","0","0","0","1","0","0","0","22","3","0","00","1","40 03:32.536","5","00","76 27:46.893","0","0","0","0","36239","0","0","0","N","0","0","0","3","36239","0","","1","09","N","N","1","","0","0","0","3","8","Y","2212","0","2","0","0","0","0","0","3","0","2","N","","","","","","","","","","","","07","05","","",""
"0211","0","0","0","0","0","0","0","0","0","0","0","","36","11","2016","2016125202","4","40.04","-76.2866","0205","08","0","0","0","0","0","0","0","0","1","0","0","0","01","3","1","00","1","40 02:24.140","3","00","76 17:11.704","3","0","0","1","36220","0","0","0","N","0","0","0","1","36101","0","","1","09","N","N","0","","1","0","0","0","0","N","0155","1","1","0","0","0","0","0","3","0","1","N","","","","","","","","","","","","07","05","","",""
"0943","1","0","0","0","0","0","0","0","0","7","0","","36","11","2016","2016125272","3","39.9034","-76.1658","0943","08","0","0","0","0","0","0","0","0","1","0","0","0","09","1","1","00","1","39 54:12.188","2","00","76 09:56.947","3","0","0","0","36416","0","0","0","N","0","0","0","1","36416","0","","4","09","N","N","0","","1","0","0","3","8","N","0942","1","1","0","0","0","0","0","1","0","1","N","","","","","","","","","","","","07","  ","","",""
"0935","1","0","0","0","0","0","0","0","0","1","0","","36","11","2016","2016125289","4","40.0895","-76.3804","0930","08","0","0","0","0","0","1","1","0","","0","0","0","09","1","0","02","0","40 05:22.052","","02","76 22:49.588","0","0","0","0","36214","0","0","0","N","0","0","0","2","36214","0","","1","09","N","N","1","","0","0","0","3","2","","0930","0","2","0","0","0","0","0","3","0","2","N","","","","","","","","","","","","07","  ","","",""
"0915","0","0","0","0","0","0","0","0","0","4","0","","36","11","2016","2016125306","4","40.1766","-76.1831","0914","08","0","0","0","0","0","0","0","0","2","0","0","0","09","1","2","00","2","40 10:35.601","5","00","76 10:59.192","8","0","0","0","36408","0","0","0","N","0","0","0","2","36408","0","","1","09","N","N","1","","0","0","1","0","0","Y","0914","2","2","0","0","0","2","0","2","0","2","N","","","","","","","","","","","","07","  ","","",""
"0205","1","0","0","0","0","0","0","0","0","7","0","","36","11","2016","2016125389","5","40.1132","-76.5039","0147","08","0","0","0","0","0","0","0","0","1","0","0","0","01","3","0","00","1","40 06:47.630","2","00","76 30:14.199","0","0","0","0","36413","0","0","0","N","0","0","0","1","36413","0","","4","01","N","N","0","","0","0","0","0","0","N","0147","0","1","0","0","0","0","0","2","0","1","N","","","","","","","","","","","","03","  ","","",""
"1430","1","0","0","0","0","0","0","0","0","7","0","","36","11","2016","2016125396","4","40.0589","-76.4038","1422","08","0","0","0","0","0","0","0","0","1","0","0","0","14","1","0","00","1","40 03:31.946","5","00","76 24:13.610","0","0","0","0","36239","0","0","0","N","0","0","0","1","36214","0","","2","09","N","N","0","","0","0","0","0","0","Y","1415","0","1","0","0","0","0","0","3","0","1","N","","","","","","","","","","","","07","  ","","",""
"0655","2","0","0","0","0","0","0","0","0","1","0","","36","11","2016","2016125397","4","40.0245","-76.3309","0650","08","0","0","0","0","0","1","0","0","1","0","0","0","06","5","0","00","2","40 01:28.021","3","00","76 19:51.111","0","0","0","0","36220","0","0","0","N","0","0","0","5","36101","0","","1","09","N","N","0","","0","0","1","3","2","N","0648","0","3","0","0","0","0","0","3","0","3","N","","","","","","","","","","","","07","  ","","",""
"1437","2","0","0","0","0","0","0","0","0","4","0","","36","11","2016","2016125409","4","40.0231","-76.2754","1429","08","0","0","0","0","0","0","0","0","","0","0","0","14","1","0","00","0","40 01:23.205","","00","76 16:31.310","0","0","0","0","36240","0","0","0","N","0","0","0","2","36240","0","","1","09","N","N","0","","0","0","0","0","0","","1426","0","2","0","0","0","0","0","1","0","2","N","","","","","","","","","","","","07","  ","","",""
"1305","2","0","0","0","0","0","0","0","0","4","0","","36","11","2016","2016125416","4","40.0397","-76.4959","1301","08","0","0","0","0","0","1","0","1","1","0","0","0","12","1","0","01","1","40 02:22.974","2","00","76 29:45.222","0","0","0","0","36404","0","0","0","N","0","0","0","4","36404","0","","1","09","N","N","0","","0","0","0","3","3","N","1258","0","2","0","0","0","0","0","3","0","2","N","","","","","","","","","","","","07","  ","","",""
"1735","1","0","0","0","0","0","0","0","0","1","0","","36","11","2016","2016125457","4","40.0523","-76.3963","1711","08","0","0","0","0","0","2","0","0","","0","0","0","17","2","1","00","0","40 03:08.287","","00","76 23:46.718","8","0","0","0","36214","0","0","0","N","0","0","0","3","36214","0","","1","09","N","N","0","","0","0","2","0","0","","1709","1","3","0","0","0","1","0","3","0","3","N","","","","","","","","","","","","07","  ","","",""
"1731","1","0","0","0","0","0","0","0","0","1","0","","36","11","2016","2016125459","4","40.0705","-76.3203","1708","08","0","0","0","0","0","0","0","0","","0","0","0","17","3","0","00","0","40 04:13.896","","00","76 19:13.099","0","0","0","0","36101","0","0","0","N","0","0","0","2","36101","0","","1","09","N","N","0","","0","0","1","0","0","","1706","0","2","0","0","0","0","0","3","0","2","N","","","","","","","","","","","","07","  ","","",""
"1103","2","0","0","0","0","0","0","0","0","1","0","","36","11","2016","2016125573","4","40.195","-76.006","1051","08","0","0","0","0","1","0","0","0","1","0","0","0","10","1","1","00","1","40 11:42.685","4","00","76 00:22.157","3","0","0","0","36202","0","0","0","","0","0","0","2","68T06","0","","1","01","N","N","0","","1","0","0","0","0","N","1049","1","2","0","0","0","0","0","1","0","2","N","","","","","","","","","","","","03","  ","","",""
"1128","0","0","0","0","0","0","0","0","0","1","0","","36","11","2016","2016125604","1","40.2101","-76.0418","1128","08","0","0","0","0","0","1","0","0","","0","0","0","11","1","0","00","0","40 12:36.379","","00","76 02:28.566","0","0","0","0","36202","0","0","0","","0","0","0","3","68T06","0","","1","01","N","N","0","","0","0","1","0","0","","1128","0","2","0","0","0","0","0","1","1","2","N","","","","","","","","","","","","03","  ","","",""
"1833","1","0","0","0","0","0","0","0","0","4","0","","36","11","2016","2016125685","4","40.0412","-76.3902","1830","08","0","0","0","0","0","0","0","0","1","0","0","0","18","3","0","01","1","40 02:28.220","1","00","76 23:24.681","0","0","0","0","36214","0","0","0","","0","0","0","3","36223","0","","1","01","N","N","0","","0","0","1","3","2","N","1827","0","2","0","0","0","0","0","3","0","2","N","","","","","","","","","","","","03","  ","","",""
"0344","1","0","0","0","0","0","0","0","0","7","0","","36","11","2016","2016125686","5","40.0396","-76.3643","0344","08","0","0","0","0","0","0","0","0","3","0","0","0","03","3","0","00","1","40 02:22.519","1","00","76 21:51.600","0","0","0","0","36223","0","0","0","","0","0","0","1","36223","0","","4","01","N","N","0","","0","0","0","0","0","N","0340","0","1","0","0","0","0","0","1","0","1","N","","","","","","","","","","","","03","  ","","",""
"0525","0","0","0","0","0","0","0","0","0","8","0","","36","11","2016","2016125702","2","39.9887","-76.2833","0523","08","0","0","0","0","0","0","0","0","3","1","0","0","05","3","0","00","2","39 59:19.323","1","00","76 16:59.886","1","0","0","0","36240","1","1","0","N","1","1","0","2","36240","0","2","1","01","N","N","0","0","0","0","1","0","0","Y","0521","0","2","0","0","0","0","0","1","0","1","N","","","","","","","","","","","","03","  ","","",""
"1926","2","0","0","0","0","0","0","0","0","4","0","","36","11","2016","2016125705","4","","","1924","08","0","0","0","0","0","1","0","0","2","0","0","0","19","3","0","01","2","40 10:43.9","1","00","76 10:51.8","0","0","0","0","36408","0","0","0","N","0","0","0","4","36408","0","","1","09","N","N","0","","0","0","0","0","0","Y","1920","0","2","0","0","0","0","0","2","0","2","N","","","","","","","","","","","","07","  ","","",""
"0433","1","0","0","0","0","0","0","0","0","7","0","","36","11","2016","2016125742","1","40.0574","-76.3161","0429","08","0","0","0","0","0","1","0","0","","0","0","0","20","3","0","00","0","40 03:26.649","","00","76 18:57.795","0","0","0","0","36101","0","0","0","N","0","0","0","1","36101","0","","4","01","N","N","0","","0","0","0","0","0","","2000","0","1","0","0","0","0","0","3","0","1","N","","","","","","","","","","","","03","  ","","",""
"2204","1","0","0","0","0","0","0","0","0","7","0","","36","11","2016","2016125752","4","40.1537","-76.2066","2204","08","0","0","0","0","0","1","0","0","","0","0","0","22","3","0","00","0","40 09:13.190","","00","76 12:23.666","0","0","0","0","36402","0","0","0","N","0","0","0","1","36402","0","","5","09","N","Y","0","","0","0","0","0","0","","2203","0","1","0","0","0","0","0","2","0","1","N","","","","","","","","","","","","07","  ","","",""
"1957","2","0","0","0","0","0","0","0","0","1","0","","36","11","2016","2016125754","4","40.033","-76.2555","1949","08","0","0","0","0","0","1","0","0","","0","0","0","19","3","0","00","0","40 01:58.900","","00","76 15:19.800","0","0","0","0","36215","0","0","0","N","0","0","0","1","36215","0","","6","09","N","N","0","","0","0","0","0","0","","1948","0","2","0","0","0","0","0","1","0","2","N","","","","","","","","","","","","07","  ","","",""
"0207","0","0","1","0","0","0","0","0","0","7","0","","36","12","2016","2016125780","5","40.0888","-76.3932","0204","08","0","0","0","0","0","0","0","0","","0","0","0","01","2","1","00","0","40 05:19.738","","00","76 23:35.569","2","0","0","0","36214","0","0","0","N","0","0","0","1","36214","0","","5","09","N","N","0","","0","1","1","0","0","","0155","1","1","0","0","0","0","0","3","0","1","N","","","","","","","","","","","","07","  ","","",""
"1111","1","0","0","0","0","0","0","0","0","9","0","","36","11","2016","2016125787","6","40.0245","-76.4924","1111","08","0","0","0","0","0","1","0","0","2","0","0","0","11","1","1","00","2","40 01:28.100","7","07","76 29:32.500","8","0","0","0","36404","0","0","0","","0","0","0","2","36404","0","","1","01","N","N","0","","0","0","0","2","3","N","1111","1","2","0","0","0","1","0","3","1","2","N","","","","","","","","","","","","03","  ","","",""
"1515","1","0","0","0","0","0","0","0","0","6","0","","36","11","2016","2016125879","4","40.0448","-76.4127","1508","08","0","0","1","0","0","1","0","0","2","0","0","0","15","1","2","00","2","40 02:41.314","6","00","76 24:45.660","4","0","0","0","36239","0","0","0","N","0","0","0","3","36239","2","","1","09","N","N","0","","0","0","0","0","0","Y","1508","2","2","0","0","0","0","0","3","1","2","N","","","","","","","","","","","","07","  ","","",""
"1745","1","0","0","0","0","0","0","0","0","4","0","","36","11","2016","2016125892","4","40.1442","-76.3021","1741","08","0","0","0","0","0","0","1","0","","0","0","0","17","3","0","01","0","40 08:39.130","","00","76 18:07.653","0","0","0","0","36409","0","0","0","N","0","0","0","3","36409","0","","1","09","N","N","0","","0","0","1","3","3","","1735","0","2","0","0","0","0","0","3","0","2","N","","","","","","","","","","","","07","  ","","",""
"1805","2","0","0","0","0","0","0","0","0","1","0","","36","11","2016","2016125917","7","40.0684","-76.3067","1756","08","0","1","0","0","0","0","0","0","2","0","0","0","17","3","0","00","1","40 04:06.166","3","00","76 18:24.254","0","0","0","0","36101","0","0","0","N","0","0","0","2","36101","0","","1","01","N","N","0","","0","0","0","0","0","N","1719","0","2","0","0","0","0","0","3","0","2","N","","","","","","","","","","","","03","  ","","",""
"0926","1","0","0","0","0","0","0","0","0","1","0","","36","12","2016","2016125918","5","40.0791","-76.3272","0919","08","0","0","0","0","0","0","1","0","2","0","0","0","09","1","2","00","1","40 04:44.597","2","00","76 19:37.951","3","0","0","0","36101","0","0","0","N","0","0","0","3","36101","1","","1","01","N","N","0","","1","0","1","0","0","N","0915","2","2","0","0","0","0","0","3","0","2","N","","","","","","","","","","","","03","  ","","",""
"1514","1","0","0","0","0","0","0","0","0","7","0","","36","11","2016","2016125958","4","40.1168","-76.2511","1502","08","0","0","0","1","0","0","0","0","2","0","0","0","14","1","0","00","1","40 07:00.598","1","00","76 15:03.859","0","0","0","0","36101","0","0","0","N","0","0","0","1","36101","0","","5","09","N","N","0","","0","0","0","0","0","N","1433","0","1","0","0","0","0","0","3","0","1","N","","","","","","","","","","","","07","  ","","",""
"0905","2","0","0","0","0","0","0","0","0","1","0","","36","11","2016","2016125965","2","40.0608","-76.5367","0901","08","0","0","0","0","0","1","0","0","2","0","0","0","09","1","0","01","1","40 03:39.018","4","00","76 32:12.028","0","0","0","0","36211","0","0","0","N","0","0","0","2","36504","0","","1","01","N","N","0","","0","0","0","3","2","N","0900","0","2","0","0","0","0","0","1","0","2","N","","","","","","","","","","","","03","  ","","",""
"1654","1","0","0","0","0","0","0","0","0","1","0","","36","11","2016","2016126006","4","40.1963","-76.1699","1650","08","0","0","0","0","0","0","0","0","","0","0","0","16","1","0","00","0","40 11:46.803","","00","76 10:11.527","0","0","0","0","36218","0","0","0","N","0","0","0","6","36408","0","","1","09","N","N","0","","0","0","1","0","0","","1649","0","3","0","0","2","0","0","1","1","3","N","","","","","","","","","","","","07","  ","","",""
"0627","0","0","0","0","0","0","0","0","0","9","0","","36","11","2016","2016126113","5","40.0812","-76.6571","0622","08","0","0","0","0","0","1","0","0","","0","0","0","06","3","0","02","0","40 04:52.167","","00","76 39:25.529","0","0","0","0","36207","0","0","0","N","0","0","0","1","36504","0","","1","01","N","N","0","","0","0","1","0","0","","0620","0","1","0","0","0","0","0","1","0","1","N","","","","","","","","","","","","03","  ","","",""
"0338","0","0","0","0","0","0","0","0","0","7","0","","36","11","2016","2016126342","3","","","0333","08","0","0","0","0","0","0","0","0","","0","0","0","03","3","0","00","0","","","00","","0","0","0","0","36225","0","0","0","Y","0","0","0","2","36505","0","","4","01","N","N","0","","0","0","1","0","0","","0329","0","1","0","0","0","0","0","2","0","1","N","","","","","","","","","","","","03","  ","","",""
"1353","0","0","0","0","0","0","0","0","0","7","0","","36","12","2016","2016126331","5","40.0538","-76.5207","1349","08","0","0","0","0","0","0","0","0","","0","0","0","13","1","0","03","0","40 03:13.736","","00","76 31:14.616","0","0","0","0","36239","0","0","0","N","0","0","0","1","36239","0","","4","01","N","N","1","","0","0","0","0","0","","1341","0","1","0","0","0","0","0","3","0","1","N","","","","","","","","","","","","03","  ","","",""
"1558","1","0","0","0","0","0","0","0","0","4","0","","36","12","2016","2016126338","5","40.0646","-76.4655","1554","08","0","0","0","0","0","1","0","0","3","0","0","0","15","1","8","01","2","40 03:52.700","7","00","76 27:55.854","8","0","0","0","36239","0","0","0","N","0","0","0","8","36239","0","","1","01","N","N","0","","0","0","1","3","3","Y","1546","8","2","0","0","0","8","0","3","0","2","N","","","","","","","","","","","","03","  ","","",""
"1810","2","0","0","0","0","0","0","0","0","4","0","","36","12","2016","2016126366","5","40.0936","-76.3557","1805","08","0","1","0","0","0","0","0","0","","0","0","0","18","2","3","02","0","40 05:37.050","","00","76 21:20.602","4","0","0","0","36214","0","0","0","N","0","0","0","4","36214","3","","1","01","N","N","0","","0","0","0","3","3","","1800","3","2","0","0","0","0","0","3","0","2","N","","","","","","","","","","","","03","  ","","",""
"1730","1","0","0","0","0","0","0","0","0","4","0","","36","11","2016","2016126383","4","40.0296","-76.2292","1725","08","0","0","0","0","0","0","0","0","1","0","0","0","17","3","0","00","1","40 01:46.695","4","07","76 13:45.264","0","0","0","0","36215","0","0","0","N","0","0","0","2","36215","0","","1","09","N","N","1","","0","0","0","0","0","N","1721","0","2","0","0","0","0","0","1","0","2","N","","","","","","","","","","","","07","  ","","",""
"1958","0","0","0","0","0","0","0","0","0","9","0","","36","12","2016","2016126394","5","40.0379","-76.4621","1954","08","0","0","0","0","0","1","0","0","","0","0","0","19","2","0","00","0","40 02:16.558","","00","76 27:43.643","0","0","0","0","36239","0","0","0","N","0","0","0","1","36239","0","","1","01","N","N","0","","0","0","1","0","0","","1940","0","1","0","0","0","0","0","3","0","1","N","","","","","","","","","","","","03","  ","","",""
"0719","1","0","0","0","0","0","0","0","0","9","0","","36","11","2016","2016126511","5","40.0869","-76.5227","0719","08","0","0","0","0","0","0","0","0","2","0","0","0","07","1","0","00","1","40 05:12.878","1","00","76 31:21.859","0","0","0","0","36211","0","0","0","N","0","0","0","1","36504","0","","1","01","N","N","0","","0","0","0","0","0","N","0700","0","1","0","0","0","0","0","1","0","1","N","","","","","","","","","","","","03","  ","","",""
"1652","2","0","0","0","0","0","0","0","0","4","0","","36","11","2016","2016126520","4","40.0541","-76.2189","1644","08","0","1","0","0","0","0","0","0","1","0","0","0","16","2","0","03","1","40 03:14.737","5","00","76 13:08.083","0","0","0","0","36215","0","0","0","N","0","0","0","4","36215","0","","1","09","N","N","0","","0","0","0","3","3","Y","1642","0","2","0","0","0","0","0","1","0","2","N","","","","","","","","","","","","07","  ","","",""
"0653","2","0","0","0","0","0","0","0","0","4","0","","36","12","2016","2016126526","6","40.1636","-76.1525","0648","08","0","0","0","0","0","2","0","0","1","0","0","0","06","1","3","01","1","40 09:49.441","3","02","76 09:08.800","8","0","0","0","36218","0","0","0","Y","0","0","0","3","36408","0","","1","01","N","N","0","","0","0","1","3","2","Y","0646","3","3","0","0","0","3","0","1","0","3","N","","","","","","","","","","","","03","  ","","",""
"1212","2","0","0","0","0","0","0","0","0","4","0","","36","11","2016","2016126546","2","40.0334","-76.3135","1205","08","0","0","0","0","0","1","0","0","","0","0","0","12","1","1","01","0","40 02:00.114","","00","76 18:48.456","3","0","0","0","36301","0","0","0","N","0","0","0","3","36301","0","","1","01","N","N","0","","1","0","0","3","3","","1212","1","2","0","0","0","0","0","3","0","2","N","","","","","","","","","","","","03","  ","","",""