"ARRIVAL_TM","AUTOMOBILE_COUNT","BELTED_DEATH_COUNT","BELTED_SUSP_SERIOUS_INJ_COUNT","BICYCLE_COUNT","BICYCLE_DEATH_COUNT","BICYCLE_SUSP_SERIOUS_INJ_COUNT","BUS_COUNT","CHLDPAS_DEATH_COUNT","CHLDPAS_SUSP_SERIOUS_INJ_COUNT","COLLISION_TYPE","COMM_VEH_COUNT","CONS_ZONE_SPD_LIM","COUNTY","CRASH_MONTH","CRASH_YEAR","CRN","DAY_OF_WEEK","DEC_LAT","DEC_LONG","DISPATCH_TM","DISTRICT","DRIVER_COUNT_16YR","DRIVER_COUNT_17YR","DRIVER_COUNT_18YR","DRIVER_COUNT_19YR","DRIVER_COUNT_20YR","DRIVER_COUNT_50_64YR","DRIVER_COUNT_65_74YR","DRIVER_COUNT_75PLUS","EST_HRS_CLOSED","FATAL_COUNT","HEAVY_TRUCK_COUNT","HORSE_BUGGY_COUNT","HOUR_OF_DAY","ILLUMINATION","INJURY_COUNT","INTERSECT_TYPE","LANE_CLOSED","LATITUDE","LN_CLOSE_DIR","LOCATION_TYPE","LONGITUDE","MAX_SEVERITY_LEVEL","MCYCLE_DEATH_COUNT","MCYCLE_SUSP_SERIOUS_INJ_COUNT","MOTORCYCLE_COUNT","MUNICIPALITY","NONMOTR_COUNT","NONMOTR_DEATH_COUNT","NONMOTR_SUSP_SERIOUS_INJ_COUNT","NTFY_HIWY_MAINT","PED_COUNT","PED_DEATH_COUNT","PED_SUSP_SERIOUS_INJ_COUNT","PERSON_COUNT","POLICE_AGCY","POSSIBLE_INJ_COUNT","RDWY_SURF_TYPE_CD","RELATION_TO_ROAD","ROAD_CONDITION","SCH_BUS_IND","SCH_ZONE_IND","SMALL_TRUCK_COUNT","SPEC_JURIS_CD","SUSP_MINOR_INJ_COUNT","SUSP_SERIOUS_INJ_COUNT","SUV_COUNT","TCD_FUNC_CD","TCD_TYPE","TFC_DETOUR_IND","TIME_OF_DAY","TOT_INJ_COUNT","TOTAL_UNITS","UNB_DEATH_COUNT","UNB_SUSP_SERIOUS_INJ_COUNT","UNBELTED_OCC_COUNT","UNK_INJ_DEG_COUNT","UNK_INJ_PER_COUNT","URBAN_RURAL","VAN_COUNT","VEHICLE_COUNT","WORK_ZONE_IND","WORK_ZONE_LOC","WORK_ZONE_TYPE","WORKERS_PRES","WZ_CLOSE_DETOUR","WZ_FLAGGER","WZ_LAW_OFFCR_IND","WZ_LN_CLOSURE","WZ_MOVING","WZ_OTHER","WZ_SHLDER_MDN","ROADWAY_CLEARED","WEATHER1","WEATHER2","WZ_WORKERS_INJ_KILLED","SECONDARY_CRASH","INTERSECTION_RELATED"
"1648","2","0","0","0","0","0","0","0","0","4","0","","36","11","2016","2016126598","3","40.214","-76.1583","1641","08","0","0","1","0","0","0","0","0","","0","0","0","16","4","0","01","0","40 12:50.259","","00","76 09:29.735","0","0","0","0","36236","0","0","0","N","0","0","0","3","36408","0","","1","09","N","N","0","","0","0","0","0","0","","1636","0","2","0","0","0","0","0","1","0","2","N","","","","","","","","","","","","03","  ","","",""
"0832","0","0","0","0","0","0","0","0","0","7","0","","36","11","2016","2016126606","3","40.2423","-76.1787","0829","08","0","0","0","0","0","0","0","0","","0","0","0","08","1","0","00","0","40 14:32.271","","00","76 10:43.320","0","0","0","0","36236","0","0","0","N","0","0","0","1","36408","0","","4","09","N","N","1","","0","0","0","0","0","","0821","0","1","0","0","0","0","0","1","0","1","N","","","","","","","","","","","","03","  ","","",""
"1742","2","0","0","0","0","0","0","0","0","4","0","","36","11","2016","2016126611","7","40.0422","-76.2956","1739","08","0","0","0","0","0","1","0","0","","0","0","0","17","3","2","01","0","40 02:31.984","","00","76 17:44.246","8","0","0","0","36301","0","0","0","N","0","0","0","4","36301","0","","1","01","N","N","0","","0","0","0","3","3","","1737","2","2","0","0","0","2","1","3","0","2","N","","","","","","","","","","","","03","  ","","",""
"0816","1","0","0","0","0","0","0","0","0","2","0","","36","12","2016","2016126618","6","","","0815","08","0","0","0","0","0","1","0","0","","0","0","0","08","1","1","02","0","40 10:33.2","","00","76 10:54.5","3","0","0","0","36408","0","0","0","N","0","0","0","3","36408","0","","1","01","N","N","0","","1","0","1","0","0","","0814","1","2","0","0","0","0","0","2","0","2","N","","","","","","","","","","","","03","  ","","",""
"0642","1","0","0","0","0","0","0","0","0","2","0","","36","12","2016","2016126641","6","40.1525","-76.2305","0631","08","0","0","0","0","0","0","0","0","","0","0","0","06","2","0","00","0","40 09:09.100","","00","76 13:49.700","0","0","0","0","36235","0","0","0","","0","0","0","1","36506","0","","4","01","N","N","0","","0","0","1","0","0","","0628","0","2","0","0","0","0","0","1","0","2","N","","","","","","","","","","","","03","  ","","",""
"1951","3","0","0","0","0","0","0","0","0","6","0","","36","12","2016","2016126773","6","40.1832","-76.1837","1949","08","0","0","0","0","0","1","0","0","1","0","0","0","19","3","1","00","1","40 10:59.379","1","00","76 11:01.478","8","0","0","0","36408","0","0","0","N","0","0","0","4","36408","0","","1","01","N","N","0","","0","0","1","0","0","N","1949","1","4","0","0","0","1","0","2","0","4","N","","","","","","","","","","","","03","  ","","",""
"1805","1","0","0","0","0","0","0","0","0","1","0","","36","12","2016","2016126777","6","40.1475","-76.5963","1802","08","0","0","0","0","0","0","0","0","","0","0","0","18","3","0","00","0","40 08:50.900","","00","76 35:46.600","0","0","0","0","36407","0","0","0","N","0","0","0","1","36407","0","","6","01","N","N","0","","0","0","1","0","0","","1800","0","2","0","0","0","0","0","2","0","2","N","","","","","","","","","","","","03","  ","","",""
"1848","0","0","0","0","0","0","0","0","0","8","0","","36","11","2016","2016126817","1","40.0421","-76.3134","1832","08","0","0","0","0","0","0","0","0","","0","0","0","18","3","1","01","0","40 02:31.405","","00","76 18:48.239","4","0","0","0","36301","1","0","0","N","1","0","0","2","36301","1","","1","01","N","N","0","","0","0","1","3","2","","1830","1","2","0","0","0","0","0","3","0","1","N","","","","","","","","","","","","03","  ","","",""
"1941","3","0","0","0","0","0","0","0","0","1","0","","36","12","2016","2016126827","5","40.1597","-76.2693","1936","08","0","0","0","0","0","0","0","0","2","0","0","0","19","2","1","00","2","40 09:34.800","6","07","76 16:09.400","3","0","0","0","36235","0","0","0","","0","0","0","4","36506","0","","1","01","N","N","0","","1","0","0","0","0","Y","1936","1","3","0","0","1","0","0","1","0","3","N","","","","","","","","","","","","03","  ","","",""
"1740","0","0","0","0","0","0","0","0","0","1","0","","36","11","2016","2016126884","3","40.0776","-76.338","1738","08","0","0","0","0","0","1","0","0","2","0","0","0","17","3","2","00","1","40 04:39.299","2","00","76 20:16.781","4","0","0","0","36101","0","0","0","N","0","0","0","3","36101","2","","1","09","N","N","0","","0","0","2","0","0","N","1738","2","3","0","0","0","0","0","3","1","3","N","","","","","","","","","","","","07","  ","","",""
"1434","1","0","0","0","0","0","0","0","0","1","0","","36","11","2016","2016126889","3","40.0359","-76.5222","1430","08","0","0","0","0","0","0","0","0","3","0","0","0","14","1","3","00","1","40 02:09.092","3","03","76 31:19.779","3","0","0","0","36239","0","0","0","N","0","0","0","5","36239","2","","2","01","N","N","0","","1","0","1","0","0","N","1427","3","2","0","0","0","0","0","3","0","2","N","","","","","","","","","","","","03","  ","","",""
"1324","1","0","0","0","0","0","0","0","0","4","0","","36","12","2016","2016126901","6","40.1947","-76.1722","1318","08","0","0","0","0","0","1","0","0","","0","0","0","13","1","0","00","0","40 11:40.984","","07","76 10:20.096","0","0","0","0","36218","0","0","0","N","0","0","0","2","36408","0","","1","01","N","N","0","","0","0","1","0","0","","1315","0","2","0","0","0","0","0","1","0","2","N","","","","","","","","","","","","03","  ","","",""
"1713","2","0","0","0","0","0","0","0","0","4","0","","36","11","2016","2016126925","2","40.1353","-76.2118","1708","08","0","0","0","0","0","0","0","0","","0","0","0","17","2","0","00","0","40 08:07.115","","07","76 12:42.647","0","0","0","0","36238","0","0","0","N","0","0","0","3","36238","0","","1","01","N","N","0","","0","0","0","0","0","","1704","0","2","0","0","0","0","0","3","0","2","N","","","","","","","","","","","","03","  ","","",""
"1135","0","0","0","0","0","0","0","0","0","4","0","","36","12","2016","2016126933","7","40.0747","-76.0739","1128","08","0","1","0","0","0","0","1","0","1","0","0","0","11","1","0","01","1","40 04:28.922","2","00","76 04:25.954","0","0","0","0","36209","0","0","0","N","0","0","0","3","36415","0","","1","01","N","N","0","","0","0","1","3","3","N","1120","0","2","0","0","0","0","0","1","1","2","N","","","","","","","","","","","","03","  ","","",""
"1305","0","0","0","0","0","0","0","0","0","4","1","","36","11","2016","2016126993","4","40.1164","-76.3794","1256","08","0","0","0","0","0","0","1","0","","0","1","0","12","1","0","03","0","40 06:59.095","","00","76 22:45.727","0","0","0","0","36214","0","0","0","","0","0","0","2","36214","0","","1","01","N","N","0","","0","0","1","3","3","","1255","0","2","0","0","0","0","0","3","0","2","N","","","","","","","","","","","","03","  ","","",""
"1708","0","0","0","0","0","0","0","0","0","7","0","","36","11","2016","2016126994","3","40.0613","-76.3538","1702","08","0","0","1","0","0","0","0","0","2","0","0","0","17","2","1","00","2","40 03:40.710","1","03","76 21:13.700","8","0","0","0","36214","0","0","0","","0","0","0","2","36214","0","","2","09","N","N","0","","0","0","1","0","0","N","1700","1","1","0","0","2","1","0","3","0","1","N","","","","","","","","","","","","07","  ","","",""
"1825","1","0","0","0","0","0","0","0","0","7","0","","36","12","2016","2016127011","7","40.0241","-76.4545","1825","08","0","0","0","1","0","0","0","0","1","0","0","0","18","3","1","00","2","40 01:26.927","5","04","76 27:16.288","4","0","0","0","36239","0","0","0","N","0","0","0","2","36239","1","","2","01","N","N","0","","0","0","0","0","0","Y","1820","1","1","0","0","0","0","0","3","0","1","N","","","","","","","","","","","","03","  ","","",""
"1741","1","0","0","0","0","0","0","0","0","1","0","","36","12","2016","2016127012","6","40.063","-76.3412","1737","08","0","0","0","0","0","1","0","0","2","0","0","0","17","3","2","00","1","40 03:46.903","4","00","76 20:28.435","4","0","0","0","36101","0","0","0","N","0","0","0","3","36101","2","","1","01","N","N","0","","0","0","1","0","0","N","1733","2","3","0","0","0","0","0","3","1","3","N","","","","","","","","","","","","03","  ","","",""
"2259","0","0","0","0","0","0","0","0","0","7","0","","36","12","2016","2016127042","7","39.9991","-76.2647","2254","08","0","0","0","0","0","0","0","0","","0","0","0","21","3","0","02","0","39 59:56.924","","00","76 15:52.767","0","0","0","0","36240","0","0","0","N","0","0","0","1","36240","0","","4","01","N","N","0","","0","0","1","0","0","","2154","0","1","0","0","0","0","0","1","0","1","N","","","","","","","","","","","","03","  ","","",""
"0222","2","0","0","0","0","0","0","0","0","4","0","","36","11","2016","2016127052","3","40.0387","-76.2986","0218","08","0","0","0","0","0","0","0","0","1","0","0","0","02","3","0","00","2","40 02:19.423","3","00","76 17:54.818","0","0","0","0","36301","0","0","0","N","0","0","0","1","36301","0","","2","01","N","N","0","","0","0","1","0","0","N","0215","0","3","0","0","0","0","0","3","0","3","N","","","","","","","","","","","","03","  ","","",""
"1426","0","0","0","0","0","0","0","0","0","4","0","","36","12","2016","2016127058","6","40.0685","-76.3074","1423","08","0","0","0","1","0","0","2","0","2","0","0","0","14","1","2","01","1","40 04:06.605","2","00","76 18:27.559","4","0","0","0","36101","0","0","0","N","0","0","0","3","36101","2","","1","01","N","N","1","","0","0","2","3","2","N","1418","2","3","0","0","0","0","0","3","0","3","N","","","","","","","","","","","","03","  ","","",""
"1650","1","0","0","0","0","0","0","0","0","4","0","","36","12","2016","2016127061","6","40.0404","-76.3641","1641","08","0","0","0","0","0","1","0","0","","0","0","0","16","4","0","00","0","40 02:25.465","","00","76 21:50.888","0","0","0","0","36214","0","0","0","N","0","0","0","2","36214","0","","1","01","N","N","0","","0","0","1","0","0","","1640","0","2","0","0","0","0","0","3","0","2","N","","","","","","","","","","","","03","  ","","",""
"1457","0","0","0","0","0","0","0","0","0","4","0","","36","11","2016","2016127069","4","40.244","-76.1311","1453","08","0","0","0","0","0","0","0","0","1","0","0","0","14","1","0","02","1","40 14:38.465","5","00","76 07:51.938","0","0","0","0","36236","0","0","0","N","0","0","0","3","36408","0","","1","01","N","N","1","","0","0","1","3","3","N","1453","0","2","0","0","0","0","0","1","0","2","N","","","","","","","","","","","","03","  ","","",""
"1231","1","0","0","0","0","0","0","0","0","1","0","","36","12","2016","2016127074","7","40.109","-76.3551","1227","08","1","0","0","0","0","0","0","0","2","0","0","0","12","1","1","00","2","40 06:32.511","2","00","76 21:18.407","3","0","0","0","36214","0","0","0","N","0","0","0","3","36214","0","","1","01","N","N","1","","1","0","0","0","0","N","1225","1","2","0","0","0","0","0","3","0","2","N","","","","","","","","","","","","03","  ","","",""
"1707","1","0","0","0","0","0","0","0","0","1","0","","36","12","2016","2016127076","6","40.077","-76.2636","1655","08","0","1","0","0","0","1","0","0","2","0","0","0","16","2","0","00","1","40 04:37.117","4","00","76 15:48.925","0","0","0","0","36101","0","0","0","N","0","0","0","2","36101","0","","1","01","N","N","0","","0","0","1","0","0","N","1643","0","2","0","0","0","0","0","3","0","2","N","","","","","","","","","","","","03","  ","","",""
"1206","2","0","0","0","0","0","0","0","0","1","0","","36","12","2016","2016127080","7","40.0967","-76.305","1200","08","0","0","1","0","0","1","0","0","","0","0","0","11","1","0","00","0","40 05:48.081","","00","76 18:18.146","0","0","0","0","36101","0","0","0","N","0","0","0","2","36101","0","","1","01","N","N","0","","0","0","0","0","0","","1151","0","2","0","0","0","0","0","3","0","2","N","","","","","","","","","","","","03","  ","","",""
"1037","0","0","0","0","0","0","0","0","0","4","0","","36","12","2016","2016127089","1","40.0924","-76.41","1035","08","0","0","0","0","0","0","0","0","","0","0","0","10","1","0","01","0","40 05:32.678","","00","76 24:35.883","0","0","0","0","36214","0","0","0","N","0","0","0","6","36214","0","","1","01","N","N","0","","0","0","2","3","3","","1034","0","2","0","0","0","0","0","3","0","2","N","","","","","","","","","","","","03","  ","","",""
"1625","0","0","0","0","0","0","0","0","0","1","0","","36","12","2016","2016127114","7","40.0697","-76.3167","1621","08","0","0","0","0","0","0","0","0","1","0","0","0","16","1","1","00","1","40 04:10.899","1","00","76 19:00.166","4","0","0","0","36101","0","0","0","N","0","0","0","2","36101","1","","1","01","N","N","1","","0","0","1","3","2","N","1618","1","2","0","0","0","0","0","3","0","2","N","","","","","","","","","","","","03","  ","","",""
"1413","1","0","0","0","0","0","0","0","0","1","0","","36","12","2016","2016127125","6","40.1396","-76.5507","1406","08","0","0","0","0","0","2","0","0","","0","0","0","14","1","1","00","0","40 08:22.457","","03","76 33:02.386","3","0","0","0","36225","0","0","0","N","0","0","0","4","36505","0","","1","01","N","N","0","","1","0","0","0","0","","1400","1","2","0","0","0","0","0","2","1","2","N","","","","","","","","","","","","03","  ","","",""
"1337","1","0","0","0","0","0","0","0","0","1","1","","36","12","2016","2016127131","1","40.1757","-76.598","1325","08","0","0","0","0","0","0","0","0","","0","1","0","13","1","0","00","0","40 10:32.414","","00","76 35:52.781","9","0","0","0","36225","0","0","0","N","0","0","0","2","36505","0","","1","01","N","N","0","","0","0","0","0","0","","1320","0","2","0","0","0","0","1","2","0","2","N","","","","","","","","","","","","03","  ","","",""
"1921","1","0","0","0","0","0","0","0","0","4","0","","36","12","2016","2016127141","6","40.1312","-76.5638","1917","08","0","0","0","0","0","1","0","0","2","0","0","0","19","3","1","01","1","40 07:52.428","3","00","76 33:49.564","3","0","0","0","36225","0","0","0","N","0","0","0","2","36505","0","","1","01","N","N","0","","1","0","1","3","2","N","1915","1","2","0","0","0","0","0","2","0","2","N","","","","","","","","","","","","03","  ","","",""
"1800","0","0","0","0","0","0","0","0","0","7","0","","36","12","2016","2016127143","1","40.0241","-76.4545","1755","08","0","0","0","0","0","0","0","0","2","0","0","0","17","2","0","00","2","40 01:26.927","5","04","76 27:16.288","0","0","0","0","36239","0","0","0","N","0","0","0","1","36239","0","","2","01","N","N","0","","0","0","1","0","0","Y","1750","0","1","0","0","0","0","0","3","0","1","N","","","","","","","","","","","","03","  ","","",""
"1725","1","0","0","0","0","0","0","0","0","4","0","","36","11","2016","2016127243","4","40.1481","-76.5515","1720","08","0","0","0","0","0","1","0","0","2","0","0","0","07","2","1","02","2","40 08:53.137","7","00","76 33:05.272","4","0","0","0","36225","0","0","0","N","0","0","0","2","36505","1","","1","01","N","N","1","","0","0","0","3","3","Y","0715","1","2","0","0","0","0","0","2","0","2","N","","","","","","","","","","","","03","  ","","",""
"0706","0","0","0","0","0","0","0","0","0","2","0","","36","11","2016","2016127252","4","40.1489","-76.6536","0655","08","0","0","0","0","0","1","0","0","2","0","0","0","06","5","3","02","2","40 08:56.216","5","00","76 39:13.122","3","0","0","0","36237","0","0","0","N","0","0","0","3","36505","1","","1","09","N","N","1","","1","0","1","0","0","Y","0650","3","2","0","0","1","1","0","1","0","2","N","","","","","","","","","","","","05","  ","","",""
"1558","2","0","0","0","0","0","0","0","0","4","0","","36","11","2016","2016127261","3","40.1084","-76.5031","1552","08","0","0","0","0","0","0","1","1","1","0","0","0","15","1","1","02","1","40 06:30.091","4","00","76 30:11.100","4","0","0","0","36413","0","0","0","N","0","0","0","2","36413","1","","1","01","N","N","1","","0","0","0","3","3","N","1552","1","3","0","0","0","0","0","2","0","3","N","","","","","","","","","","","","03","  ","","",""
"1115","1","0","0","0","0","0","0","0","0","1","0","","36","12","2016","2016127279","2","40.0388","-76.3584","1112","08","0","0","0","0","0","1","1","0","2","0","0","0","11","1","1","02","1","40 02:19.705","4","00","76 21:30.332","4","0","0","0","36223","0","0","0","N","0","0","0","3","36214","1","","1","01","N","N","1","","0","0","1","0","0","N","1110","1","3","0","0","0","0","0","1","0","3","N","","","","","","","","","","","","03","  ","","",""
"1341","1","0","0","0","0","0","0","0","0","7","0","","36","12","2016","2016127290","2","40.0559","-76.3304","1332","08","0","0","0","0","0","0","0","0","","0","0","0","13","1","0","00","0","40 03:21.300","","00","76 19:49.500","0","0","0","0","36101","0","0","0","N","0","0","0","2","36101","0","","4","01","N","N","0","","0","0","0","0","0","","1330","0","1","0","0","0","0","0","3","0","1","N","","","","","","","","","","","","03","  ","","",""
"1529","0","0","0","0","0","0","1","0","0","7","1","","36","11","2016","2016127295","4","40.1609","-76.6337","1521","08","0","0","0","0","0","0","0","0","3","0","0","0","15","1","0","00","2","40 09:39.276","6","00","76 38:01.411","0","0","0","0","36225","0","0","0","N","0","0","0","1","36505","0","","4","09","N","N","0","","0","0","0","0","0","Y","1520","0","1","0","0","0","0","0","2","0","1","N","","","","","","","","","","","","07","  ","","",""
"2139","2","0","0","0","0","0","0","0","0","1","0","","36","12","2016","2016127307","5","40.0306","-76.2343","2136","08","0","0","0","0","0","1","0","0","2","0","0","0","21","1","2","05","2","40 01:50.123","6","00","76 14:03.641","3","0","0","0","36215","0","0","0","N","0","0","0","2","36215","0","","1","01","N","N","0","","2","0","0","3","2","Y","2135","2","2","0","0","1","0","0","1","0","2","N","","","","","","","","","","","","03","  ","","",""
"2114","2","0","0","0","0","0","0","0","0","4","0","","36","12","2016","2016127347","5","40.1572","-76.3069","2114","08","0","0","0","0","0","0","0","0","2","0","0","0","21","3","0","00","2","40 09:25.740","4","00","76 18:24.991","0","0","0","0","36409","0","0","0","N","0","0","0","1","36409","0","","1","01","N","N","0","","0","0","0","0","0","Y","2112","0","2","0","0","0","0","0","3","0","2","N","","","","","","","","","","","","03","  ","","",""
"1323","1","0","0","0","0","0","0","0","0","4","0","","36","11","2016","2016127362","1","40.0157","-76.3496","1322","08","0","0","0","0","0","0","0","0","2","0","0","0","13","1","0","01","1","40 00:56.470","2","00","76 20:58.524","0","0","0","0","36412","0","0","0","N","0","0","0","4","36412","0","","1","01","N","N","0","","0","0","1","3","2","N","1318","0","2","0","0","0","0","0","3","0","2","N","","","","","","","","","","","","03","  ","","",""
"1548","2","0","0","0","0","0","0","0","0","1","0","","36","11","2016","2016127364","4","40.0123","-76.3533","1544","08","0","0","0","1","0","0","0","0","2","0","0","0","15","1","1","01","1","40 00:44.397","4","00","76 21:12.016","4","0","0","0","36412","0","0","0","N","0","0","0","2","36412","1","","1","09","N","N","0","","0","0","0","3","2","N","1543","1","2","0","0","0","0","0","3","0","2","N","","","","","","","","","","","","03","  ","","",""
"1129","0","0","0","0","0","0","0","0","0","0","0","","36","12","2016","2016127377","5","40.1987","-76.1664","1125","08","0","0","0","0","0","0","0","1","","0","0","0","11","1","0","02","0","40 11:55.178","","00","76 09:59.058","0","0","0","0","36218","0","0","0","N","0","0","0","2","36408","0","","1","01","N","N","2","","0","0","0","0","0","","1122","0","2","0","0","0","0","0","1","0","2","N","","","","","","","","","","","","03","  ","","",""
"1748","1","0","0","0","0","0","0","0","0","1","0","","36","12","2016","2016127388","2","40.1041","-76.0823","1741","08","0","0","0","0","1","0","0","0","1","0","0","0","17","3","0","00","1","40 06:14.840","3","00","76 04:56.337","0","0","0","0","36415","0","0","0","N","0","0","0","2","36415","0","","1","01","N","N","1","","0","0","0","0","0","N","1741","0","2","0","0","1","0","0","1","0","2","N","","","","","","","","","","","","03","  ","","",""
"0904","1","0","0","0","0","0","0","0","0","4","0","","36","11","2016","2016127405","7","40.044","-76.294","0903","08","0","0","0","0","0","1","0","0","1","0","0","0","09","1","1","01","1","40 02:38.288","2","00","76 17:38.561","3","0","0","0","36301","0","0","0","N","0","0","0","2","36301","0","","1","01","N","N","0","","1","0","0","3","2","N","0903","1","2","0","0","0","0","0","3","1","2","N","","","","","","","","","","","","03","  ","","",""
"0804","1","0","0","0","0","0","0","0","0","7","0","","36","12","2016","2016127414","3","40.0686","-76.2885","0759","08","0","0","0","0","0","0","0","0","","0","0","0","07","1","0","00","0","40 04:06.795","","02","76 17:18.611","0","0","0","0","36101","0","0","0","N","0","0","0","1","36101","0","","5","01","N","N","0","","0","0","0","0","0","","0756","0","1","0","0","0","0","0","3","0","1","N","","","","","","","","","","","","03","  ","","",""
"1317","1","0","0","0","0","0","0","0","0","1","0","","36","12","2016","2016127417","2","39.9913","-76.319","1306","08","0","0","0","0","0","0","1","0","","0","0","0","13","1","0","00","0","39 59:28.680","","00","76 19:08.317","0","0","0","0","36228","0","0","0","N","0","0","0","2","36503","0","","1","01","N","","1","","0","0","0","0","0","","1304","0","2","0","0","0","0","0","1","0","2","N","","","","","","","","","","","","03","  ","","",""
"0752","2","0","0","0","0","0","0","0","0","1","0","","36","12","2016","2016127434","2","39.9911","-76.2603","0749","08","0","0","0","0","1","0","1","0","2","0","0","0","07","1","1","02","1","39 59:28.076","6","00","76 15:37.017","8","0","0","0","36240","0","0","0","N","0","0","0","4","36240","0","","1","09","N","N","0","","0","0","1","0","0","Y","0749","1","3","0","0","0","1","1","1","0","3","N","","","","","","","","","","","","07","  ","","",""
"1502","2","0","0","0","0","0","0","0","0","4","0","","36","12","2016","2016127523","3","40.049","-76.3735","1455","08","0","0","0","0","0","1","0","1","","0","0","0","14","1","0","01","0","40 02:56.511","","00","76 22:24.628","0","0","0","0","36214","0","0","0","N","0","0","0","3","36214","0","","1","09","N","N","0","","0","0","0","3","3","","1453","0","2","0","0","0","0","0","3","0","2","N","","","","","","","","","","","","07","  ","","",""
"1605","0","0","0","0","0","0","0","0","0","7","0","","36","12","2016","2016127557","3","39.9582","-76.3337","1600","08","0","1","0","0","0","0","0","0","","0","0","0","15","1","0","00","0","39 57:29.631","","00","76 20:01.269","0","0","0","0","36206","0","0","0","N","0","0","0","1","36503","0","","5","09","N","N","0","","0","0","1","0","0","","1545","0","1","0","0","0","0","0","1","0","1","N","","","","","","","","","","","","07","  ","","",""
"1835","2","0","0","0","0","0","0","0","0","1","0","","36","11","2016","2016127567","7","","","1828","08","0","0","0","0","0","1","0","0","3","0","0","0","18","3","0","00","1","","4","00","","0","0","0","0","36301","0","0","0","N","0","0","0","4","36301","0","","1","01","N","N","0","","0","0","1","0","0","N","1828","0","3","0","0","0","0","0","3","0","3","N","","","","","","","","","","","","03","  ","","",""
"1909","0","0","0","0","0","0","0","0","0","7","0","","36","12","2016","2016127599","3","39.9986","-76.3081","1842","08","0","0","0","0","0","0","0","0","2","0","0","0","18","2","0","00","2","39 59:54.836","3","00","76 18:29.236","0","0","0","0","36220","0","0","0","N","0","0","0","1","36101","0","","5","09","N","N","1","","0","0","0","0","0","N","1834","0","1","0","0","0","0","0","3","0","1","N","","","","","","","","","","","","07","  ","","",""
"0115","0","0","0","0","0","0","0","0","0","7","0","","36","12","2016","2016127601","3","40.0398","-76.409","0108","08","0","0","0","0","0","0","0","0","2","0","0","0","01","2","1","00","2","40 02:23.300","1","00","76 24:32.500","8","0","0","0","36239","0","0","0","N","0","0","0","1","36239","0","","5","01","N","N","1","","0","0","0","0","0","N","0108","1","1","0","0","1","1","0","3","0","1","N","","","","","","","","","","","","03","  ","","",""
"1745","1","0","0","0","0","0","0","0","0","7","0","","36","12","2016","2016127606","3","40.073","-76.3511","1736","08","0","0","0","0","0","0","0","0","","0","0","0","17","2","0","02","0","40 04:22.946","","00","76 21:03.968","0","0","0","0","36214","0","0","0","Y","0","0","0","1","36214","0","","4","09","N","N","0","","0","0","0","3","3","","1735","0","1","0","0","0","0","0","3","0","1","N","","","","","","","","","","","","07","  ","","",""
"1352","1","0","0","0","0","0","0","0","0","1","0","","36","12","2016","2016127619","2","40.1108","-76.4649","1349","08","0","0","0","0","0","1","0","0","1","0","0","0","13","1","1","00","1","40 06:39.000","6","07","76 27:53.606","8","0","0","0","36230","0","0","0","N","0","0","0","2","36410","0","","1","01","N","N","0","","0","0","1","0","0","N","1346","1","2","0","0","0","1","0","1","0","2","N","","","","","","","","","","","","03","  ","","",""
"0849","0","0","0","0","0","0","0","0","0","1","0","","36","12","2016","2016127621","5","40.0843","-76.3525","0842","08","0","0","0","0","0","0","1","1","2","0","0","0","08","1","0","02","1","40 05:03.400","1","00","76 21:09.140","0","0","0","0","36214","0","0","0","N","0","0","0","2","36214","0","","1","01","N","N","0","","0","0","2","3","2","N","0835","0","2","0","0","0","0","0","3","0","2","N","","","","","","","","","","","","03","  ","","",""
"1437","0","0","0","0","0","0","0","0","0","4","0","","36","12","2016","2016127622","2","40.1827","-76.4639","1433","08","0","0","0","0","0","0","1","0","","0","0","0","14","1","1","01","0","40 10:57.666","","00","76 27:50.180","8","0","0","0","36230","0","0","0","N","0","0","0","5","36410","0","","1","01","N","N","1","","0","0","0","3","3","","1431","1","2","0","0","0","1","0","1","1","2","N","","","","","","","","","","","","03","  ","","",""
"2031","0","0","0","0","0","0","0","0","0","7","0","","36","12","2016","2016127626","2","39.9745","-76.25","2022","08","0","0","0","0","0","0","1","0","2","0","0","0","20","2","1","00","2","39 58:28.150","6","00","76 14:59.890","8","0","0","0","36240","0","0","0","N","0","0","0","1","36240","0","","4","01","N","N","0","","0","0","1","0","0","Y","2021","1","1","0","0","0","1","0","1","0","1","N","","","","","","","","","","","","03","  ","","",""
"2244","0","0","0","0","0","0","0","0","0","6","0","","36","12","2016","2016127639","2","40.1093","-76.5001","2243","08","0","0","0","0","0","1","0","0","1","0","0","0","22","3","1","03","2","40 06:33.616","7","00","76 30:00.523","3","0","0","1","36413","0","0","0","","0","0","0","2","36413","0","","1","01","","","0","","1","0","1","3","3","Y","2241","1","2","0","0","0","0","0","2","0","2","N","","","","","","","","","","","","03","  ","","",""
"1734","2","0","0","0","0","0","0","0","0","1","0","","36","12","2016","2016127661","1","40.0341","-76.3161","1728","08","0","0","0","0","0","0","0","0","1","0","0","0","17","3","1","00","1","40 02:02.791","2","00","76 18:57.865","3","0","0","0","36301","0","0","0","N","0","0","0","3","36301","0","","1","01","N","N","0","","1","0","0","0","0","N","1728","1","2","0","0","0","0","0","3","0","2","N","","","","","","","","","","","","03","  ","","",""