"ARRIVAL_TM","AUTOMOBILE_COUNT","BELTED_DEATH_COUNT","BELTED_SUSP_SERIOUS_INJ_COUNT","BICYCLE_COUNT","BICYCLE_DEATH_COUNT","BICYCLE_SUSP_SERIOUS_INJ_COUNT","BUS_COUNT","CHLDPAS_DEATH_COUNT","CHLDPAS_SUSP_SERIOUS_INJ_COUNT","COLLISION_TYPE","COMM_VEH_COUNT","CONS_ZONE_SPD_LIM","COUNTY","CRASH_MONTH","CRASH_YEAR","CRN","DAY_OF_WEEK","DEC_LAT","DEC_LONG","DISPATCH_TM","DISTRICT","DRIVER_COUNT_16YR","DRIVER_COUNT_17YR","DRIVER_COUNT_18YR","DRIVER_COUNT_19YR","DRIVER_COUNT_20YR","DRIVER_COUNT_50_64YR","DRIVER_COUNT_65_74YR","DRIVER_COUNT_75PLUS","EST_HRS_CLOSED","FATAL_COUNT","HEAVY_TRUCK_COUNT","HORSE_BUGGY_COUNT","HOUR_OF_DAY","ILLUMINATION","INJURY_COUNT","INTERSECT_TYPE","LANE_CLOSED","LATITUDE","LN_CLOSE_DIR","LOCATION_TYPE","LONGITUDE","MAX_SEVERITY_LEVEL","MCYCLE_DEATH_COUNT","MCYCLE_SUSP_SERIOUS_INJ_COUNT","MOTORCYCLE_COUNT","MUNICIPALITY","NONMOTR_COUNT","NONMOTR_DEATH_COUNT","NONMOTR_SUSP_SERIOUS_INJ_COUNT","NTFY_HIWY_MAINT","PED_COUNT","PED_DEATH_COUNT","PED_SUSP_SERIOUS_INJ_COUNT","PERSON_COUNT","POLICE_AGCY","POSSIBLE_INJ_COUNT","RDWY_SURF_TYPE_CD","RELATION_TO_ROAD","ROAD_CONDITION","SCH_BUS_IND","SCH_ZONE_IND","SMALL_TRUCK_COUNT","SPEC_JURIS_CD","SUSP_MINOR_INJ_COUNT","SUSP_SERIOUS_INJ_COUNT","SUV_COUNT","TCD_FUNC_CD","TCD_TYPE","TFC_DETOUR_IND","TIME_OF_DAY","TOT_INJ_COUNT","TOTAL_UNITS","UNB_DEATH_COUNT","UNB_SUSP_SERIOUS_INJ_COUNT","UNBELTED_OCC_COUNT","UNK_INJ_DEG_COUNT","UNK_INJ_PER_COUNT","URBAN_RURAL","VAN_COUNT","VEHICLE_COUNT","WORK_ZONE_IND","WORK_ZONE_LOC","WORK_ZONE_TYPE","WORKERS_PRES","WZ_CLOSE_DETOUR","WZ_FLAGGER","WZ_LAW_OFFCR_IND","WZ_LN_CLOSURE","WZ_MOVING","WZ_OTHER","WZ_SHLDER_MDN","ROADWAY_CLEARED","WEATHER1","WEATHER2","WZ_WORKERS_INJ_KILLED","SECONDARY_CRASH","INTERSECTION_RELATED"
"0752","1","0","0","0","0","0","0","0","0","1","0","","36","12","2016","2016127673","4","40.0623","-76.3531","0749","08","0","0","0","0","0","1","0","0","1","0","0","0","07","1","1","00","1","40 03:44.355","1","00","76 21:11.246","3","0","0","0","36214","0","0","0","N","0","0","0","2","36214","0","","1","09","N","N","1","","1","0","0","0","0","Y","0745","1","2","0","0","0","0","0","3","0","2","N","","","","","","","","","","","","03","  ","","",""
"0959","1","0","0","0","0","0","0","0","0","4","0","","36","12","2016","2016127712","4","40.0739","-76.3499","0956","08","0","0","0","0","0","1","0","0","","0","0","0","09","1","2","02","0","40 04:25.939","","00","76 20:59.786","4","0","0","0","36214","0","0","0","N","0","0","0","4","36214","2","","1","09","N","N","0","","0","0","1","3","3","","0954","2","2","0","0","0","0","0","3","0","2","N","","","","","","","","","","","","03","  ","","",""
"1703","2","0","0","0","0","0","0","0","0","1","0","","36","11","2016","2016127726","3","40.0498","-76.3175","1659","08","0","0","0","0","0","0","1","0","","0","0","0","16","3","0","01","0","40 02:59.122","","00","76 19:02.958","0","0","0","0","36301","0","0","0","N","0","0","0","2","36301","0","","1","09","N","N","0","","0","0","0","3","2","","1652","0","3","0","0","0","0","0","3","0","2","N","","","","","","","","","","","","07","  ","","",""
"1234","0","0","0","0","0","0","0","0","0","1","0","","36","12","2016","2016127750","4","40.2587","-76.0929","1228","08","0","0","0","0","0","1","0","0","","0","0","0","12","1","0","00","0","40 15:31.458","","07","76 05:34.519","0","0","0","0","36210","0","0","0","N","0","0","0","2","36210","0","","1","01","N","","1","","0","0","0","0","0","","1228","0","2","0","0","0","0","0","1","1","2","N","","","","","","","","","","","","03","  ","","",""
"0742","2","0","0","0","0","0","0","0","0","4","0","","36","12","2016","2016127762","4","40.0383","-76.3214","0738","08","0","0","0","0","0","0","0","0","","0","0","0","07","1","0","00","0","40 02:17.930","","00","76 19:17.069","0","0","0","0","36301","0","0","0","N","0","0","0","1","36301","0","","1","09","N","N","0","","0","0","0","0","0","","0735","0","2","0","0","0","0","0","3","0","2","N","","","","","","","","","","","","03","  ","","",""
"1145","1","0","0","0","0","0","0","0","0","1","0","","36","12","2016","2016127774","4","40.0322","-76.3246","1134","08","0","0","0","0","0","0","0","1","","0","0","0","11","1","1","02","0","40 01:56.067","","00","76 19:28.466","4","0","0","0","36220","0","0","0","N","0","0","0","3","36101","1","","1","01","N","N","0","","0","0","1","0","0","","1131","1","2","0","0","0","0","0","3","0","2","N","","","","","","","","","","","","03","  ","","",""
"0819","1","0","0","0","0","0","0","0","0","3","1","","36","12","2016","2016127780","4","40.0333","-76.3342","0816","08","0","0","0","0","0","1","0","0","2","0","1","0","08","1","0","00","1","40 01:59.826","6","00","76 20:03.255","0","0","0","0","36220","0","0","0","N","0","0","0","2","36101","0","","1","01","N","N","0","","0","0","0","0","0","N","0813","0","2","0","0","0","0","0","3","0","2","N","","","","","","","","","","","","03","  ","","",""
"1528","2","0","0","0","0","0","0","0","0","1","0","","36","12","2016","2016127783","4","40.1503","-76.1704","1521","08","0","0","0","0","0","0","0","0","","0","0","0","15","1","0","00","0","40 09:00.971","","00","76 10:13.296","0","0","0","0","36238","0","0","0","N","0","0","0","3","36238","0","","1","01","N","N","0","","0","0","0","0","0","","1516","0","2","0","0","0","0","0","3","0","2","N","","","","","","","","","","","","03","  ","","",""
"1555","1","0","0","0","0","0","0","0","0","1","0","","36","12","2016","2016127848","4","40.0402","-76.236","1550","08","0","0","0","0","0","1","1","0","2","0","0","0","15","1","1","00","1","40 02:24.548","3","00","76 14:09.707","4","0","0","0","36215","0","0","0","N","0","0","0","2","36215","1","","1","01","N","N","0","","0","0","1","0","0","N","1548","1","2","0","0","0","0","0","1","0","2","N","","","","","","","","","","","","03","  ","","",""
"1659","1","0","1","0","0","0","0","0","0","7","0","","36","12","2016","2016127943","3","40.1202","-76.5617","1652","08","0","0","0","0","0","0","0","0","2","0","0","0","16","2","1","00","2","40 07:12.777","5","00","76 33:42.112","2","0","0","0","36211","0","0","0","N","0","0","0","2","36504","0","","2","09","N","N","0","","0","1","0","0","0","N","1650","1","1","0","0","0","0","0","1","0","1","N","","","","","","","","","","","","07","  ","","",""
"1636","1","0","0","0","0","0","0","0","0","4","0","","36","12","2016","2016127944","4","40.1344","-76.6448","1629","08","0","1","0","0","0","0","1","0","1","0","0","0","16","1","0","01","1","40 08:03.948","1","00","76 38:41.136","0","0","0","0","36237","0","0","0","N","0","0","0","2","36505","0","","1","01","N","N","0","","0","0","1","3","3","N","1626","0","2","0","0","0","0","0","1","0","2","N","","","","","","","","","","","","03","  ","","",""
"1547","1","0","0","0","0","0","0","0","0","4","0","","36","12","2016","2016127959","2","40.1288","-76.3118","1542","08","0","0","0","0","0","1","1","0","2","0","1","0","15","1","1","02","1","40 07:43.500","7","00","76 18:42.300","8","0","0","0","36235","0","0","0","","0","0","0","3","36506","0","","1","01","N","N","1","","0","0","0","3","2","Y","1542","1","3","0","0","0","1","0","1","0","3","N","","","","","","","","","","","","03","  ","","",""
"1450","1","0","0","0","0","0","0","0","0","1","0","","36","12","2016","2016127960","2","40.2042","-76.3649","1442","08","0","0","0","0","0","0","2","0","","0","0","0","14","1","1","00","0","40 12:15.094","","00","76 21:53.662","8","0","0","0","36227","0","0","0","","0","0","0","2","36506","0","","1","01","N","N","1","","0","0","0","0","0","","1442","1","2","0","0","0","1","0","1","0","2","N","","","","","","","","","","","","03","  ","","",""
"0340","0","0","0","0","0","0","0","0","0","0","0","","36","07","2016","2016128073","7","39.9816","-76.0246","0328","08","0","0","0","0","0","0","0","0","3","1","0","0","03","2","0","00","2","39 58:53.700","6","00","76 01:28.700","1","1","0","1","36232","0","0","0","","0","0","0","1","68J01","0","2","1","01","N","N","0","0","0","0","0","0","0","Y","0327","0","1","0","0","0","0","0","1","0","1","N","","","","","","","","","","","","03","  ","","",""
"1007","0","0","1","0","0","0","0","0","0","2","0","","36","11","2016","2016128094","6","40.2077","-76.0179","0934","08","0","0","0","0","0","1","0","1","3","0","0","0","09","1","3","02","2","40 12:27.708","5","00","76 01:04.296","2","0","0","0","36202","0","0","0","","0","0","0","3","68J01","1","","1","01","N","N","0","","1","1","1","0","0","Y","0933","3","2","0","0","0","0","0","1","1","2","N","","","","","","","","","","","","03","  ","","",""
"0718","0","0","0","0","0","0","0","0","0","7","0","","36","11","2016","2016128096","7","40.0089","-76.1244","0713","08","0","0","0","0","0","0","0","0","3","0","0","0","07","5","2","00","2","40 00:32.075","6","00","76 07:27.873","8","0","0","0","36226","0","0","0","","0","0","0","2","68J01","0","","4","01","N","N","0","","0","0","1","0","0","N","0708","2","1","0","0","0","2","0","1","0","1","N","","","","","","","","","","","","03","  ","","",""
"1310","1","0","0","0","0","0","0","0","0","4","0","","36","11","2016","2016128098","7","39.9931","-76.0277","1310","08","0","0","0","0","0","0","0","0","","0","0","0","11","1","0","00","0","39 59:35.249","","00","76 01:39.617","0","0","0","0","36232","0","0","0","","0","0","0","2","68J01","0","","1","01","N","N","1","","0","0","0","0","0","","1143","0","2","0","0","0","0","0","1","0","2","N","","","","","","","","","","","","03","  ","","",""
"2049","1","0","0","0","0","0","0","0","0","4","0","","36","11","2016","2016128112","6","40.0049","-76.1051","2044","08","0","0","1","1","0","0","0","0","","0","0","0","20","3","3","01","0","40 00:17.506","","00","76 06:18.451","3","0","0","0","36226","0","0","0","","0","0","0","3","68J01","1","","1","01","N","N","1","","2","0","0","3","2","","2043","3","2","0","0","0","0","0","1","0","2","N","","","","","","","","","","","","03","  ","","",""
"1121","1","0","0","0","0","0","0","0","0","7","0","","36","11","2016","2016128128","6","39.963","-75.9968","1106","08","0","0","0","0","0","0","0","0","","0","0","0","11","1","1","00","0","39 57:46.930","","00","75 59:48.398","3","0","0","0","36231","0","0","0","","0","0","0","2","68J01","0","","4","01","N","N","0","","1","0","0","0","0","","1100","1","1","0","0","1","0","0","1","0","1","N","","","","","","","","","","","","03","  ","","",""
"0028","0","0","0","0","0","0","0","0","0","9","0","","36","10","2016","2016128224","1","40.2255","-76.0606","2351","08","0","0","0","0","0","0","0","0","","0","0","0","23","2","0","00","0","40 13:31.666","","00","76 03:38.110","0","0","0","0","36202","0","0","0","","0","0","0","1","68J01","0","","1","01","N","N","0","","0","0","0","0","0","","2350","0","1","0","0","0","0","0","1","1","1","N","","","","","","","","","","","","03","  ","","",""
"1824","2","0","0","0","0","0","0","0","0","1","0","","36","11","2016","2016128235","6","40.2231","-76.279","1807","08","0","0","0","0","0","0","0","0","1","0","0","0","18","4","1","02","2","40 13:22.985","6","00","76 16:44.415","8","0","0","0","36217","0","0","0","","0","0","0","2","68J01","0","","1","01","N","N","0","","0","0","0","0","0","Y","1804","1","2","0","0","0","1","0","1","0","2","N","","","","","","","","","","","","03","  ","","",""
"2229","1","0","0","0","0","0","0","0","0","7","0","","36","11","2016","2016128236","6","40.2311","-76.2915","2209","08","0","0","1","0","0","0","0","0","","0","0","0","22","2","0","00","0","40 13:51.965","","00","76 17:29.254","0","0","0","0","36217","0","0","0","","0","0","0","1","68J01","0","","4","01","N","N","0","","0","0","0","0","0","","2208","0","1","0","0","0","0","0","1","0","1","N","","","","","","","","","","","","03","  ","","",""
"1530","0","0","0","0","0","0","0","0","0","1","0","","36","11","2016","2016128240","7","40.236","-76.0455","1510","08","0","0","0","0","0","0","0","0","3","0","0","0","15","1","0","00","1","40 14:09.524","1","00","76 02:43.816","0","0","0","0","36202","0","0","0","","0","0","0","2","68J01","0","","1","01","N","N","0","","0","0","1","0","0","N","1507","0","2","0","0","0","0","0","1","1","2","N","","","","","","","","","","","","03","  ","","",""
"2014","1","0","0","0","0","0","0","0","0","7","0","35","36","11","2016","2016128247","1","39.9198","-76.1891","2006","08","0","0","0","0","0","0","0","0","1","0","0","0","19","2","0","00","2","39 55:11.165","5","03","76 11:20.659","0","0","0","0","36229","0","0","0","","0","0","0","1","68J01","0","","4","01","N","N","0","","0","0","0","0","0","Y","1953","0","1","0","0","0","0","0","1","0","1","Y","4","1","N","N","N","N","N","N","N","Y","","03","  ","","",""
"0946","0","0","0","0","0","0","0","0","0","0","0","","36","11","2016","2016128283","7","39.9219","-76.2808","0938","08","1","0","0","0","0","0","0","0","2","0","0","0","09","1","1","00","1","39 55:18.880","6","07","76 16:50.740","3","0","0","0","36229","0","0","0","","0","0","0","2","68J01","0","","4","01","N","N","0","","1","0","1","0","0","N","0928","1","1","0","0","0","0","0","1","0","1","N","","","","","","","","","","","","03","  ","","",""
"1759","2","0","0","0","0","0","0","0","0","1","0","","36","11","2016","2016128470","1","40.1649","-76.3125","1757","08","0","0","0","0","0","0","0","0","1","0","0","0","17","6","1","00","2","40 09:53.611","6","00","76 18:45.021","4","0","0","0","36409","0","0","0","N","0","0","0","1","36409","1","","1","01","N","N","0","","0","0","0","0","0","Y","1756","1","2","0","0","0","0","0","3","0","2","N","","","","","","","","","","","","03","  ","","",""
"2306","1","0","0","0","0","0","0","0","0","7","0","","36","12","2016","2016128473","1","40.2789","-76.1383","2306","08","0","0","0","0","0","0","0","0","","0","0","0","23","2","0","00","0","40 16:43.913","","00","76 08:17.909","9","0","0","0","36236","0","0","0","N","0","0","0","1","36408","0","","4","09","N","N","0","","0","0","0","0","0","","2305","0","1","0","0","0","0","1","1","0","1","N","","","","","","","","","","","","07","  ","","",""
"1831","0","0","0","0","0","0","0","0","0","7","0","","36","10","2016","2016128512","1","39.9832","-75.9831","1823","08","0","0","0","0","0","0","0","0","2","0","0","0","18","2","0","00","1","39 58:59.610","1","00","75 58:59.100","0","0","0","0","36231","0","0","0","","0","0","0","1","68J01","0","","4","09","N","N","0","","0","0","1","0","0","N","1819","0","1","0","0","0","0","0","1","0","1","N","","","","","","","","","","","","07","  ","","",""
"1530","2","0","0","0","0","0","0","0","0","1","0","","36","11","2016","2016128531","7","40.236","-76.0454","1510","08","0","0","0","0","0","1","0","0","3","0","0","0","15","1","0","00","2","40 14:09.718","1","00","76 02:43.617","0","0","0","0","36202","0","0","0","","0","0","0","4","68J01","0","","1","01","N","N","0","","0","0","0","0","0","N","1510","0","2","0","0","0","0","0","1","0","2","N","","","","","","","","","","","","03","  ","","",""
"1700","1","0","0","0","0","0","0","0","0","1","0","","36","11","2016","2016128538","2","39.9269","-76.0643","1652","08","0","0","0","0","0","0","0","0","2","0","0","1","16","4","1","00","1","39 55:36.896","4","00","76 03:51.511","4","0","0","0","36201","1","0","0","","0","0","0","2","68J01","1","","1","01","N","N","0","","0","0","0","0","0","N","1649","1","2","0","0","0","0","0","1","0","1","N","","","","","","","","","","","","03","  ","","",""
"0512","1","0","0","0","0","0","0","0","0","1","1","65","36","11","2016","2016128542","3","40.0915","-76.386","0512","08","0","0","0","0","1","0","0","0","1","0","1","0","05","2","1","00","2","40 05:29.370","4","00","76 23:09.720","3","0","0","0","36214","0","0","0","","0","0","0","1","68J01","0","","1","01","N","N","0","","1","0","0","3","1","N","0510","1","2","0","0","0","0","0","3","0","2","Y","2","2","Y","N","N","Y","Y","Y","N","N","","03","  ","","",""
"1653","1","0","0","0","0","0","0","0","0","1","0","","36","11","2016","2016128544","3","39.8901","-76.2379","1635","08","0","0","0","0","0","1","0","0","1","0","0","0","16","1","0","00","1","39 53:24.400","5","00","76 14:16.456","0","0","0","0","36229","0","0","0","","0","0","0","3","68J01","0","","1","01","N","N","0","","0","0","1","0","0","N","1630","0","2","0","0","0","0","0","1","0","2","N","","","","","","","","","","","","03","  ","","",""
"1004","2","0","0","0","0","0","0","0","0","4","0","","36","11","2016","2016128562","6","39.9887","-75.9845","0959","08","0","1","0","0","0","0","0","0","2","0","0","0","09","1","1","01","1","39 59:19.228","3","00","75 59:04.409","3","0","0","0","36232","0","0","0","","0","0","0","2","68J01","0","","1","01","N","N","0","","1","0","0","3","3","N","0959","1","2","0","0","0","0","0","1","0","2","N","","","","","","","","","","","","03","  ","","",""
"1626","1","0","0","0","0","0","0","0","0","4","0","","36","11","2016","2016128582","1","39.9256","-76.2612","1625","08","0","0","0","0","0","2","0","0","4","1","0","0","16","1","1","02","2","39 55:32.199","7","00","76 15:40.183","1","0","0","0","36229","0","0","0","","0","0","0","2","68J01","0","2","1","01","N","N","0","0","1","0","1","3","3","Y","1619","1","2","1","0","1","0","0","1","0","2","N","","","","","","","","","","","","03","  ","","",""
"2035","1","0","0","0","0","0","0","0","0","4","0","","36","12","2016","2016128753","1","40.0599","-76.2777","2028","08","0","0","0","0","0","1","0","0","2","0","0","0","20","3","1","01","2","40 03:35.856","3","00","76 16:40.025","8","0","0","0","36101","0","0","0","N","0","0","0","3","36101","0","","1","01","N","N","0","","0","0","1","3","2","Y","2026","1","2","0","0","0","1","0","3","0","2","N","","","","","","","","","","","","03","  ","","",""
"0926","1","0","0","0","0","0","0","0","0","1","0","","36","11","2016","2016128795","3","39.7828","-76.1806","0903","08","0","0","0","0","0","1","0","0","2","0","0","0","08","1","1","00","1","39 46:58.122","1","00","76 10:50.313","8","0","0","0","36219","0","0","0","","0","0","0","3","68J01","0","","1","01","N","N","2","","0","0","0","0","0","N","0853","1","3","0","0","0","1","0","1","0","3","N","","","","","","","","","","","","03","  ","","",""
"1632","1","0","0","0","0","0","0","0","0","8","0","","36","11","2016","2016128807","7","39.9472","-76.1951","1621","08","0","0","0","0","1","0","0","0","3","1","0","0","16","1","0","00","2","39 56:49.829","6","00","76 11:42.433","1","0","0","0","36233","1","1","0","","1","1","0","4","68J01","0","2","1","01","N","N","0","0","0","0","0","0","0","N","1620","0","2","0","0","0","0","0","1","0","1","N","","","","","","","","","","","","03","  ","","",""
"0116","1","0","0","0","0","0","0","0","0","7","0","","36","11","2016","2016128833","4","40.1905","-76.0322","0027","08","0","0","0","0","1","0","0","0","","0","0","0","00","2","1","00","0","40 11:25.938","","00","76 01:55.832","3","0","0","0","36202","0","0","0","","0","0","0","1","68J01","0","","4","01","N","N","0","","1","0","0","0","0","","0024","1","1","0","0","1","0","0","1","0","1","N","","","","","","","","","","","","03","  ","","",""
"1641","0","0","0","0","0","0","0","0","0","7","0","","36","11","2016","2016128863","3","40.097","-75.9463","1628","08","0","1","0","0","0","0","0","0","","0","0","0","16","1","1","00","0","40 05:49.090","","00","75 56:46.580","4","0","0","0","36232","0","0","0","","0","0","0","1","68J01","1","","4","09","N","N","1","","0","0","0","0","0","","1627","1","1","0","0","0","0","0","1","0","1","N","","","","","","","","","","","","07","  ","","",""
"2004","1","0","0","0","0","0","0","0","0","7","0","","36","11","2016","2016128944","1","39.9808","-76.4626","1954","08","0","0","0","0","0","0","0","0","2","0","0","0","19","3","0","00","2","39 58:51.006","2","00","76 27:45.480","0","0","0","0","36223","0","0","0","","0","0","0","1","36223","0","","5","01","N","N","0","","0","0","0","0","0","N","1950","0","1","0","0","0","0","0","1","0","1","N","","","","","","","","","","","","03","  ","","",""
"1657","2","0","0","0","0","0","0","0","0","4","0","","36","08","2016","2016128945","3","39.983","-76.1852","1654","08","0","1","0","0","0","0","0","0","2","0","0","0","16","1","1","02","2","39 58:58.873","6","00","76 11:06.695","4","0","0","0","36417","0","0","0","","0","0","0","3","36417","1","","1","01","N","N","0","","0","0","0","3","3","Y","1653","1","2","0","0","0","0","0","1","0","2","N","","","","","","","","","","","","03","  ","","",""
"1824","0","0","0","0","0","0","0","0","0","1","0","","36","12","2016","2016128974","6","40.0748","-76.3366","1814","08","0","0","0","0","0","1","0","0","","0","0","0","17","4","1","06","0","40 04:27.673","","02","76 20:10.949","4","0","0","0","36101","0","0","0","N","0","0","0","3","36101","1","","1","01","N","N","0","","0","0","1","3","4","","1740","1","2","0","0","0","0","0","3","1","2","N","","","","","","","","","","","","03","  ","","",""
"2233","1","0","0","0","0","0","0","0","0","0","0","","36","12","2016","2016128990","1","40.0698","-76.3136","2228","08","0","0","0","0","0","0","0","0","2","0","0","0","22","3","1","03","1","40 04:11.211","3","00","76 18:49.039","3","0","0","0","36101","0","0","0","N","0","0","0","1","36101","0","","1","01","N","N","0","","1","0","0","0","0","N","2227","1","1","0","0","0","0","0","3","0","1","N","","","","","","","","","","","","03","  ","","",""
"1800","0","0","0","0","0","0","0","0","0","1","0","","36","12","2016","2016129076","4","40.0813","-76.2933","1741","08","0","0","0","0","0","1","0","0","","0","0","0","17","2","1","00","0","40 04:52.705","","00","76 17:35.745","4","0","0","0","36101","0","0","0","N","0","0","0","2","36101","1","","1","01","N","N","0","","0","0","1","0","0","","1741","1","2","0","0","0","0","0","3","1","2","N","","","","","","","","","","","","03","  ","","",""
"1612","2","0","0","0","0","0","0","0","0","4","0","","36","12","2016","2016129080","4","40.036","-76.3082","1610","08","0","0","0","0","0","2","0","0","","0","0","0","16","1","1","01","0","40 02:09.754","","00","76 18:29.372","4","0","0","0","36301","0","0","0","N","0","0","0","2","36301","1","","1","01","N","N","0","","0","0","0","3","3","","1610","1","2","0","0","0","0","0","3","0","2","N","","","","","","","","","","","","03","  ","","",""
"0711","1","0","0","0","0","0","0","0","0","1","0","","36","12","2016","2016129083","5","40.0819","-76.351","0703","08","0","0","0","0","0","1","0","0","","0","0","0","06","1","0","01","0","40 04:54.975","","02","76 21:03.454","0","0","0","0","36214","0","0","0","N","0","0","0","2","36214","0","","1","01","N","N","0","","0","0","1","3","2","","0655","0","2","0","0","0","0","0","3","0","2","N","","","","","","","","","","","","03","  ","","",""
"1625","2","0","0","0","0","0","0","0","0","2","0","","36","12","2016","2016129092","4","40.0687","-76.3428","1615","08","0","0","0","0","0","1","1","0","2","0","0","0","15","1","1","01","1","40 04:07.161","2","00","76 20:34.220","4","0","0","0","36301","0","0","0","N","0","0","0","3","36301","1","","1","01","N","N","0","","0","0","1","3","2","N","1538","1","3","0","0","1","0","0","3","0","3","N","","","","","","","","","","","","03","  ","","",""
"1545","1","0","0","0","0","0","0","0","0","4","0","","36","12","2016","2016129101","4","40.0062","-76.248","1542","08","0","0","0","0","0","0","1","0","","0","0","0","15","1","1","02","0","40 00:22.236","","00","76 14:52.792","4","0","0","0","36240","0","0","0","N","0","0","0","2","36240","1","","1","01","N","N","0","","0","0","1","3","3","","1540","1","2","0","0","0","0","0","1","0","2","N","","","","","","","","","","","","03","  ","","",""
"0828","0","0","0","0","0","0","0","0","0","9","0","","36","12","2016","2016129106","5","40.2192","-76.1042","0823","08","0","0","0","0","0","1","0","0","","0","0","0","08","1","0","00","0","40 13:09.264","","00","76 06:15.264","0","0","0","0","36210","0","0","0","N","0","0","0","1","36210","0","","1","01","N","N","0","","0","0","1","0","0","","0822","0","1","0","0","0","0","0","1","0","1","N","","","","","","","","","","","","03","  ","","",""
"1701","1","0","0","0","0","0","0","0","0","1","0","","36","12","2016","2016129135","4","40.2336","-76.2604","1652","08","0","0","0","0","0","0","0","0","1","0","0","0","16","2","0","00","1","40 14:00.983","4","07","76 15:37.282","0","0","0","0","36204","0","0","0","","0","0","0","7","36506","0","","1","01","N","N","0","","0","0","0","0","0","N","1652","0","2","0","0","0","0","0","1","1","2","N","","","","","","","","","","","","03","  ","","",""
"1814","1","0","0","0","0","0","0","0","0","4","1","","36","11","2016","2016129136","3","40.0326","-76.2709","1812","08","0","0","0","0","1","1","0","0","2","0","1","0","18","3","3","02","2","40 01:57.378","7","07","76 16:15.193","2","0","0","0","36240","0","0","0","N","0","0","0","4","36240","1","","1","09","N","N","0","","0","2","0","3","3","Y","1809","3","2","0","1","1","0","0","1","0","2","N","","","","","","","","","","","","07","05","","",""
"0147","0","0","0","0","0","0","0","0","0","7","0","","36","12","2016","2016129137","5","40.146","-76.2783","0143","08","0","0","0","0","0","0","0","0","","0","0","0","01","2","0","00","0","40 08:45.486","","00","76 16:41.864","0","0","0","0","36235","0","0","0","","0","0","0","1","36506","0","","4","01","N","N","0","","0","0","1","0","0","","0138","0","1","0","0","0","0","0","1","0","1","N","","","","","","","","","","","","03","  ","","",""
"1704","1","0","0","0","0","0","0","0","0","1","0","","36","12","2016","2016129167","4","40.0582","-76.2803","1656","08","0","0","0","0","0","1","0","0","3","0","0","0","16","4","0","00","1","40 03:29.427","3","00","76 16:48.914","0","0","0","0","36101","0","0","0","N","0","0","0","3","36101","0","","1","01","N","N","0","","0","0","1","0","0","N","1647","0","3","0","0","0","0","0","3","1","3","N","","","","","","","","","","","","03","  ","","",""
"1941","0","0","0","0","0","0","0","0","0","4","0","","36","12","2016","2016129208","4","40.1568","-76.6015","1935","08","0","0","0","0","0","1","0","0","","0","0","0","19","2","0","01","0","40 09:24.300","","00","76 36:05.223","0","0","0","0","36407","0","0","0","Y","0","0","0","2","36407","0","","1","01","N","N","1","","0","0","1","3","3","","1935","0","2","0","0","0","0","0","2","0","2","N","","","","","","","","","","","","03","  ","","",""
"2009","1","0","0","0","0","0","0","0","0","1","0","","36","09","2016","2016129582","3","39.903","-76.1823","2004","08","0","1","0","0","0","0","1","0","","0","0","0","20","2","2","02","0","39 54:10.978","","00","76 10:56.230","8","0","0","0","36229","0","0","0","","0","0","0","2","68J01","0","","1","01","N","N","1","","0","0","0","0","0","","2004","2","2","0","0","1","2","0","1","0","2","N","","","","","","","","","","","","03","  ","","",""
"1534","3","0","0","0","0","0","0","0","0","1","0","","36","11","2016","2016129599","7","40.227","-76.056","1534","08","0","0","1","0","0","2","0","0","2","0","0","0","15","1","0","00","1","40 13:37.247","1","00","76 03:21.462","0","0","0","0","36202","0","0","0","","0","0","0","4","68J01","0","","1","01","N","N","0","","0","0","0","0","0","N","1533","0","3","0","0","0","0","0","1","0","3","N","","","","","","","","","","","","03","  ","","",""
"0858","1","0","0","0","0","0","0","0","0","4","0","","36","11","2016","2016129615","5","39.9379","-76.0759","0858","08","0","0","0","0","0","0","1","0","","0","0","0","08","1","0","02","0","39 56:16.335","","00","76 04:33.305","0","0","0","0","36201","0","0","0","","0","0","0","2","68J01","0","","1","01","N","N","0","","0","0","0","3","3","","0858","0","2","0","0","0","0","0","1","1","2","N","","","","","","","","","","","","03","  ","","",""
"1152","1","0","0","0","0","0","0","0","0","4","0","","36","11","2016","2016129627","2","39.9855","-76.0178","1148","08","0","0","0","0","0","1","0","0","","0","0","0","11","1","0","01","0","39 59:07.866","","00","76 01:04.009","0","0","0","0","36232","0","0","0","","0","0","0","2","68J01","0","","1","01","N","N","0","","0","0","0","3","2","","1145","0","2","0","0","0","0","0","1","1","2","N","","","","","","","","","","","","03","  ","","",""
"2118","1","0","0","0","0","0","0","0","0","7","0","45","36","11","2016","2016129636","5","39.9197","-76.1891","2102","08","0","0","0","0","0","0","0","1","2","0","0","0","20","2","0","00","2","39 55:11.037","5","03","76 11:20.593","0","0","0","0","36229","0","0","0","","0","0","0","1","68J01","0","","2","01","N","N","0","","0","0","0","0","0","Y","2057","0","1","0","0","0","0","0","1","0","1","Y","4","2","N","N","N","N","N","N","N","Y","","03","  ","","",""
"1740","0","0","0","0","0","0","0","0","0","7","0","","36","11","2016","2016129639","6","39.8602","-76.0691","1730","08","0","0","0","0","0","0","0","1","","0","0","0","17","2","0","00","0","39 51:36.636","","00","76 04:08.811","0","0","0","0","36205","0","0","0","","0","0","0","1","68J01","0","","4","01","N","N","0","","0","0","0","0","0","","1729","0","1","0","0","1","0","0","1","1","1","N","","","","","","","","","","","","03","  ","","",""