"ARRIVAL_TM","AUTOMOBILE_COUNT","BELTED_DEATH_COUNT","BELTED_SUSP_SERIOUS_INJ_COUNT","BICYCLE_COUNT","BICYCLE_DEATH_COUNT","BICYCLE_SUSP_SERIOUS_INJ_COUNT","BUS_COUNT","CHLDPAS_DEATH_COUNT","CHLDPAS_SUSP_SERIOUS_INJ_COUNT","COLLISION_TYPE","COMM_VEH_COUNT","CONS_ZONE_SPD_LIM","COUNTY","CRASH_MONTH","CRASH_YEAR","CRN","DAY_OF_WEEK","DEC_LAT","DEC_LONG","DISPATCH_TM","DISTRICT","DRIVER_COUNT_16YR","DRIVER_COUNT_17YR","DRIVER_COUNT_18YR","DRIVER_COUNT_19YR","DRIVER_COUNT_20YR","DRIVER_COUNT_50_64YR","DRIVER_COUNT_65_74YR","DRIVER_COUNT_75PLUS","EST_HRS_CLOSED","FATAL_COUNT","HEAVY_TRUCK_COUNT","HORSE_BUGGY_COUNT","HOUR_OF_DAY","ILLUMINATION","INJURY_COUNT","INTERSECT_TYPE","LANE_CLOSED","LATITUDE","LN_CLOSE_DIR","LOCATION_TYPE","LONGITUDE","MAX_SEVERITY_LEVEL","MCYCLE_DEATH_COUNT","MCYCLE_SUSP_SERIOUS_INJ_COUNT","MOTORCYCLE_COUNT","MUNICIPALITY","NONMOTR_COUNT","NONMOTR_DEATH_COUNT","NONMOTR_SUSP_SERIOUS_INJ_COUNT","NTFY_HIWY_MAINT","PED_COUNT","PED_DEATH_COUNT","PED_SUSP_SERIOUS_INJ_COUNT","PERSON_COUNT","POLICE_AGCY","POSSIBLE_INJ_COUNT","RDWY_SURF_TYPE_CD","RELATION_TO_ROAD","ROAD_CONDITION","SCH_BUS_IND","SCH_ZONE_IND","SMALL_TRUCK_COUNT","SPEC_JURIS_CD","SUSP_MINOR_INJ_COUNT","SUSP_SERIOUS_INJ_COUNT","SUV_COUNT","TCD_FUNC_CD","TCD_TYPE","TFC_DETOUR_IND","TIME_OF_DAY","TOT_INJ_COUNT","TOTAL_UNITS","UNB_DEATH_COUNT","UNB_SUSP_SERIOUS_INJ_COUNT","UNBELTED_OCC_COUNT","UNK_INJ_DEG_COUNT","UNK_INJ_PER_COUNT","URBAN_RURAL","VAN_COUNT","VEHICLE_COUNT","WORK_ZONE_IND","WORK_ZONE_LOC","WORK_ZONE_TYPE","WORKERS_PRES","WZ_CLOSE_DETOUR","WZ_FLAGGER","WZ_LAW_OFFCR_IND","WZ_LN_CLOSURE","WZ_MOVING","WZ_OTHER","WZ_SHLDER_MDN","ROADWAY_CLEARED","WEATHER1","WEATHER2","WZ_WORKERS_INJ_KILLED","SECONDARY_CRASH","INTERSECTION_RELATED"
"2109","0","0","0","0","0","0","0","0","0","1","0","","36","11","2016","2016129641","6","40.0346","-76.1063","2107","08","0","0","1","0","0","0","0","0","3","1","0","0","21","3","0","00","2","40 02:04.500","5","00","76 06:22.600","1","1","0","1","36221","0","0","0","","0","0","0","3","68J01","0","2","1","01","Y","Y","0","0","0","0","1","0","0","Y","2107","0","2","0","0","0","0","0","1","0","2","N","","","","","","","","","","","","03","  ","","",""
"1717","0","0","0","0","0","0","0","0","0","0","0","","36","11","2016","2016129645","1","39.8904","-76.1424","1707","08","0","0","0","0","0","0","0","0","","0","0","0","17","1","0","00","0","39 53:25.476","","00","76 08:32.614","0","0","0","0","36216","0","0","0","","0","0","0","1","68J01","0","","4","01","N","N","0","","0","0","1","0","0","","1706","0","1","0","0","0","0","0","1","0","1","N","","","","","","","","","","","","03","  ","","",""
"0652","2","0","0","0","0","0","0","0","0","7","0","","36","11","2016","2016129648","3","40.0052","-75.9797","0636","08","0","0","0","1","0","0","0","0","2","0","0","0","06","2","0","00","2","40 00:18.540","2","00","75 58:46.810","0","0","0","0","36232","0","0","0","","0","0","0","1","68J01","0","","4","09","N","N","0","","0","0","0","0","0","N","0635","0","2","0","0","0","0","0","1","0","2","N","","","","","","","","","","","","07","  ","","",""
"1154","1","0","0","0","0","0","0","0","1","7","0","","36","11","2016","2016129651","3","40.1943","-76.0503","1136","08","0","0","0","0","0","0","0","0","","0","0","0","11","1","3","00","0","40 11:39.394","","00","76 03:01.015","2","0","0","0","36202","0","0","0","","0","0","0","3","68J01","0","","4","09","N","N","0","","2","1","0","0","0","","1134","3","1","0","0","1","0","0","1","0","1","N","","","","","","","","","","","","07","  ","","",""
"1827","1","0","0","0","0","0","0","0","0","7","0","","36","11","2016","2016129662","4","39.8338","-76.1794","1818","08","0","0","0","0","0","0","0","0","2","0","0","0","18","2","0","00","2","39 50:01.810","6","00","76 10:45.760","0","0","0","0","36212","0","0","0","","0","0","0","1","68J01","0","","4","09","N","N","0","","0","0","0","0","0","N","1817","0","1","0","0","0","0","0","1","0","1","N","","","","","","","","","","","","05","  ","","",""
"0306","0","0","0","0","0","0","0","0","0","7","0","","36","12","2016","2016129666","6","40.0115","-76.1375","0256","08","0","0","0","0","0","0","0","0","4","0","0","0","02","3","0","02","2","40 00:41.546","6","00","76 08:15.004","0","0","0","0","36226","0","0","0","","0","0","0","1","68J01","0","","4","01","N","N","1","","0","0","0","0","0","Y","0256","0","1","0","0","0","0","0","1","0","1","N","","","","","","","","","","","","03","  ","","",""
"1618","1","0","0","0","0","0","0","0","0","1","0","","36","12","2016","2016129670","6","40.0105","-76.1322","1608","08","0","0","0","0","0","1","0","0","2","0","0","0","15","1","1","00","1","40 00:37.734","3","00","76 07:55.838","4","0","0","0","36226","0","0","0","","0","0","0","8","68J01","1","","1","01","N","N","1","","0","0","0","0","0","N","1552","1","2","0","0","0","0","0","1","0","2","N","","","","","","","","","","","","03","  ","","",""
"1652","1","0","0","0","0","0","0","0","0","4","0","","36","12","2016","2016129684","1","40.0716","-76.0996","1638","08","0","1","0","0","0","0","0","0","2","0","0","0","16","1","1","03","1","40 04:17.624","5","00","76 05:58.550","4","0","0","0","36221","0","0","0","","0","0","0","4","68J01","1","","1","01","N","N","1","","0","0","0","0","0","N","1638","1","2","0","0","0","0","0","1","0","2","N","","","","","","","","","","","","03","  ","","",""
"0138","0","0","0","0","0","0","0","0","0","5","1","","36","12","2016","2016129687","2","39.9922","-76.0218","0123","08","0","0","0","0","0","2","0","0","","0","1","0","01","3","1","01","0","39 59:32.056","","00","76 01:18.338","3","0","0","0","36232","0","0","0","","0","0","0","2","68J01","0","","1","09","N","N","1","","1","0","0","3","2","","0121","1","2","0","0","0","0","0","1","0","2","N","","","","","","","","","","","","07","  ","","",""
"0344","0","0","0","0","0","0","0","0","0","7","0","","36","12","2016","2016129689","2","39.8855","-76.2883","0316","08","0","0","0","0","0","0","0","0","3","0","0","0","03","2","0","03","1","39 53:07.894","4","00","76 17:17.718","0","0","0","0","36224","0","0","0","","0","0","0","1","68J01","0","","4","09","N","N","1","","0","0","0","0","0","N","0316","0","1","0","0","0","0","0","1","0","1","N","","","","","","","","","","","","07","  ","","",""
"2008","0","0","0","0","0","0","0","0","0","0","0","","36","12","2016","2016129696","2","39.9113","-76.3107","2008","08","0","1","0","0","0","0","0","0","","0","0","0","20","2","3","00","0","39 54:40.588","","00","76 18:38.385","3","0","0","0","36224","0","0","0","","0","0","0","3","68J01","0","","5","01","N","N","0","","3","0","1","0","0","","2006","3","1","0","0","3","0","0","1","0","1","N","","","","","","","","","","","","03","  ","","",""
"0943","0","0","0","0","0","0","0","0","0","4","0","","36","12","2016","2016129703","3","39.928","-76.253","0943","08","0","0","0","0","0","1","1","0","1","0","0","0","09","1","0","01","1","39 55:40.932","2","00","76 15:10.898","0","0","0","0","36229","0","0","0","","0","0","0","4","68J01","0","","1","01","N","N","2","","0","0","0","0","0","N","0943","0","2","0","0","0","0","0","1","0","2","N","","","","","","","","","","","","03","  ","","",""
"1828","1","0","0","0","0","0","0","0","0","2","0","","36","11","2016","2016129741","2","40.0566","-76.5493","1824","08","1","0","0","0","0","0","0","0","","0","0","0","18","3","2","00","0","40 03:23.670","","00","76 32:57.620","3","0","0","0","36411","0","0","0","N","0","0","0","2","36504","0","","6","01","N","N","0","","2","0","2","0","0","","1820","2","3","0","0","0","0","0","1","0","3","N","","","","","","","","","","","","03","  ","","",""
"1911","2","0","0","0","0","0","0","0","0","4","0","","36","12","2016","2016129746","5","40.0403","-76.245","1904","08","0","0","0","0","0","0","0","0","2","0","0","0","19","3","1","02","1","40 02:25.231","4","02","76 14:41.992","8","0","0","0","36215","0","0","0","N","0","0","0","2","36215","0","","1","01","N","N","0","","0","0","0","0","0","Y","1904","1","2","0","0","0","1","0","1","0","2","N","","","","","","","","","","","","03","  ","","",""
"2031","1","0","0","0","0","0","0","0","0","7","0","","36","12","2016","2016129758","5","40.1668","-76.0518","2018","08","0","0","0","0","1","0","0","0","2","0","0","0","20","2","0","00","2","40 10:00.398","1","00","76 03:06.368","0","0","0","0","36213","0","0","0","N","0","0","0","2","36213","0","","5","01","N","N","0","","0","0","0","0","0","N","2018","0","1","0","0","1","0","0","1","0","1","N","","","","","","","","","","","","03","  ","","",""
"2106","2","0","0","0","0","0","0","0","0","4","0","","36","12","2016","2016129787","5","40.0387","-76.2787","2059","08","0","0","0","0","0","1","0","0","2","0","0","0","20","3","2","02","2","40 02:19.284","6","00","76 16:43.281","4","0","0","0","36220","0","0","0","N","0","0","0","4","36101","2","","1","01","N","N","0","","0","0","0","3","3","Y","2057","2","2","0","0","0","0","0","3","0","2","N","","","","","","","","","","","","03","  ","","",""
"2103","1","0","0","0","0","0","0","0","0","1","0","","36","12","2016","2016129800","4","40.0522","-76.2623","2049","08","0","0","0","0","0","0","0","0","","0","0","0","20","3","1","00","0","40 03:07.958","","00","76 15:44.433","8","0","0","0","36301","0","0","0","N","0","0","0","6","36301","0","","1","01","N","N","0","","0","0","1","0","0","","2039","1","2","0","0","0","1","0","3","0","2","N","","","","","","","","","","","","03","  ","","",""
"0124","1","0","0","0","0","0","0","0","0","9","0","","36","11","2016","2016129818","7","40.2309","-76.3433","0045","08","0","0","0","0","0","0","0","0","","0","0","0","00","2","0","00","0","40 13:51.355","","00","76 20:34.555","0","0","0","0","36217","0","0","0","","0","0","0","3","68T06","0","","1","01","N","N","0","","0","0","0","0","0","","0045","0","1","0","0","0","0","0","1","0","1","N","","","","","","","","","","","","03","  ","","",""
"1059","0","0","0","0","0","0","0","0","0","9","0","","36","11","2016","2016129819","7","40.2131","-76.0584","1048","08","0","0","0","0","0","0","1","0","","0","0","0","10","1","0","00","0","40 12:46.964","","00","76 03:29.315","0","0","0","0","36202","0","0","0","","0","0","0","2","68T06","0","","1","01","N","N","0","","0","0","1","0","0","","1048","0","1","0","0","0","0","0","1","0","1","N","","","","","","","","","","","","03","  ","","",""
"1640","1","0","0","0","0","0","0","0","0","1","0","","36","12","2016","2016129854","5","40.063","-76.3414","1637","08","0","0","0","0","0","3","0","0","3","0","0","0","16","1","0","00","1","40 03:46.667","4","00","76 20:29.005","0","0","0","0","36101","0","0","0","N","0","0","0","6","36101","0","","1","01","N","N","4","","0","0","1","0","0","N","1632","0","6","0","0","0","0","0","3","0","6","N","","","","","","","","","","","","03","  ","","",""
"0943","1","0","0","0","0","0","0","0","0","7","0","","36","12","2016","2016129882","6","40.0387","-76.3573","0938","08","0","0","0","0","0","0","0","0","3","0","0","0","09","1","0","00","2","40 02:19.187","6","00","76 21:26.419","0","0","0","0","36214","0","0","0","N","0","0","0","2","36214","0","","5","01","N","N","0","","0","0","0","0","0","Y","0935","0","1","0","0","0","0","0","3","0","1","N","","","","","","","","","","","","03","  ","","",""
"1247","0","0","0","0","0","0","0","0","0","4","0","","36","12","2016","2016129891","3","40.0625","-76.2439","1240","08","0","0","0","0","0","1","1","0","3","0","0","0","12","1","0","02","1","40 03:45.154","2","00","76 14:37.942","0","0","0","0","36215","0","0","0","N","0","0","0","2","36215","0","","1","09","N","N","0","","0","0","1","3","3","N","1240","0","2","0","0","0","0","0","1","1","2","N","","","","","","","","","","","","07","  ","","",""
"1807","0","0","0","0","0","0","0","0","0","1","0","","36","12","2016","2016129918","5","40.07","-76.3119","1758","08","0","0","0","0","0","0","0","1","3","0","0","0","17","3","1","00","1","40 04:12.144","4","00","76 18:43.005","4","0","0","0","36101","0","0","0","N","0","0","0","4","36101","1","","1","01","N","N","1","","0","0","2","0","0","N","1733","1","3","0","0","0","0","0","3","0","3","N","","","","","","","","","","","","03","  ","","",""
"1205","0","0","0","1","0","0","0","0","0","4","0","","36","12","2016","2016129934","6","40.036","-76.3082","1205","08","0","0","0","0","0","1","0","0","","0","0","0","12","1","1","01","0","40 02:09.754","","00","76 18:29.372","3","0","0","0","36301","1","0","0","N","0","0","0","2","36301","0","","1","01","N","N","0","","1","0","0","3","3","","1205","1","2","0","0","0","0","0","3","1","1","N","","","","","","","","","","","","03","  ","","",""
"0912","0","0","0","0","0","0","0","0","0","7","0","","36","11","2016","2016130069","7","39.816","-76.036","0833","08","0","0","0","0","0","0","0","0","","0","0","0","08","1","0","00","0","39 48:57.642","","00","76 02:09.600","0","0","0","0","36205","0","0","0","","0","0","0","2","68J01","0","","4","01","N","N","0","","0","0","0","0","0","","0819","0","1","0","0","0","0","0","1","1","1","N","","","","","","","","","","","","03","  ","","",""
"1623","2","0","0","0","0","0","0","0","0","1","0","","36","12","2016","2016130086","6","40.1584","-76.591","1620","08","0","0","0","0","0","1","0","0","1","0","0","0","16","1","0","00","1","40 09:30.169","3","00","76 35:27.509","0","0","0","0","36407","0","0","0","N","0","0","0","3","36407","0","","1","01","N","N","0","","0","0","0","0","0","N","1620","0","2","0","0","0","0","0","2","0","2","N","","","","","","","","","","","","03","  ","","",""
"1900","1","0","0","0","0","0","0","0","0","5","0","","36","11","2016","2016130087","4","40.1741","-75.9696","1855","08","0","0","0","0","0","1","0","0","1","0","0","0","18","2","0","00","2","40 10:27.074","4","00","75 58:10.309","0","0","0","0","36203","0","0","0","","0","0","0","2","68T06","0","","1","01","N","N","0","","0","0","0","0","0","N","1838","0","2","0","0","0","0","0","1","1","2","N","","","","","","","","","","","","03","  ","","",""
"2140","1","0","0","0","0","0","0","0","0","9","0","","36","11","2016","2016130092","7","40.2452","-76.1726","2131","08","0","0","0","1","0","0","0","0","1","0","0","0","21","2","0","00","1","40 14:42.389","4","00","76 10:19.239","0","0","0","0","36236","0","0","0","","0","0","0","2","68T06","0","","1","01","N","N","0","","0","0","0","0","0","N","2130","0","1","0","0","0","0","0","1","0","1","N","","","","","","","","","","","","03","  ","","",""
"1230","2","0","0","0","0","0","0","0","0","1","0","","36","11","2016","2016130094","1","40.2077","-76.0216","1230","08","0","0","0","0","1","0","0","0","1","0","0","0","12","1","2","00","1","40 12:28.443","4","00","76 01:18.602","3","0","0","0","36202","0","0","0","","0","0","0","4","68T06","0","","1","01","N","N","0","","2","0","0","0","0","N","1225","2","2","0","0","0","0","0","1","0","2","N","","","","","","","","","","","","03","  ","","",""
"0053","1","0","0","0","0","0","0","0","0","7","0","","36","11","2016","2016130102","4","40.1741","-75.9696","0046","08","0","0","0","0","0","0","0","0","1","0","0","0","00","2","2","00","1","40 10:26.969","3","00","75 58:10.602","4","0","0","0","36203","0","0","0","","0","0","0","2","68T06","2","","3","09","N","N","0","","0","0","0","0","0","N","0045","2","1","0","0","0","0","0","1","0","1","N","","","","","","","","","","","","05","  ","","",""
"1304","1","0","0","0","0","0","0","0","0","9","1","","36","11","2016","2016130106","4","40.2131","-76.0584","1252","08","0","0","0","0","0","1","0","1","2","0","1","0","12","1","1","00","1","40 12:47.380","4","00","76 03:31.472","3","0","0","0","36202","0","0","0","","0","0","0","2","68T06","0","","1","09","N","N","0","","1","0","0","0","0","N","1252","1","2","0","0","0","0","0","1","0","2","N","","","","","","","","","","","","07","  ","","",""
"2040","1","0","0","0","0","0","0","0","0","7","0","","36","11","2016","2016130107","4","40.2245","-76.0991","2028","08","0","0","0","0","0","0","0","0","","0","0","0","20","2","0","00","0","40 13:28.340","","00","76 05:58.114","0","0","0","0","36210","0","0","0","","0","0","0","1","68T06","0","","4","08","N","N","0","","0","0","0","0","0","","2028","0","1","0","0","0","0","0","1","0","1","N","","","","","","","","","","","","07","  ","","",""
"2150","1","0","0","0","0","0","0","0","0","7","0","","36","12","2016","2016130148","7","40.266","-76.1129","2143","08","0","0","0","0","1","0","0","0","","0","0","0","21","3","0","00","0","40 15:57.526","","00","76 06:46.387","0","0","0","0","36236","0","0","0","N","0","0","0","1","36408","0","","5","01","N","N","0","","0","0","0","0","0","","2140","0","1","0","0","0","0","0","1","0","1","N","","","","","","","","","","","","03","  ","","",""
"1515","2","0","0","0","0","0","0","0","0","4","0","","36","12","2016","2016130154","6","40.1265","-76.0423","1508","08","1","0","0","0","0","0","1","0","","0","0","0","15","1","0","02","0","40 07:35.491","","00","76 02:32.426","0","0","0","0","36213","0","0","0","N","0","0","0","3","36213","0","","1","01","N","N","0","","0","0","0","3","3","","1508","0","2","0","0","0","0","0","1","0","2","N","","","","","","","","","","","","03","  ","","",""
"1812","0","0","0","0","0","0","0","0","0","6","0","","36","12","2016","2016130161","6","40.0591","-76.4629","1802","08","1","0","0","0","0","0","0","0","2","0","0","0","18","2","0","00","2","40 03:32.781","5","00","76 27:46.519","0","0","0","0","36239","0","0","0","N","0","0","0","3","36239","0","","1","01","N","N","0","","0","0","1","0","0","Y","1802","0","2","0","0","0","0","0","3","1","2","N","","","","","","","","","","","","03","  ","","",""
"1721","1","0","0","0","0","0","0","0","0","1","0","","36","12","2016","2016130185","4","40.0403","-76.245","1720","08","0","0","0","0","1","0","0","0","","0","0","0","17","3","0","02","0","40 02:25.231","","02","76 14:41.992","0","0","0","0","36215","0","0","0","N","0","0","0","2","36215","0","","1","01","N","N","0","","0","0","1","0","0","","1718","0","2","0","0","0","0","0","1","0","2","N","","","","","","","","","","","","03","  ","","",""
"1558","0","0","0","0","0","0","0","0","0","1","0","","36","12","2016","2016130250","6","40.0698","-76.3128","1548","08","1","0","0","0","0","1","0","0","2","0","0","0","15","1","0","00","1","40 04:11.434","4","00","76 18:46.169","0","0","0","0","36101","0","0","0","N","0","0","0","3","36101","0","","1","01","N","N","1","","0","0","0","0","0","N","1545","0","2","0","0","0","0","0","3","1","2","N","","","","","","","","","","","","03","  ","","",""
"1342","0","0","0","0","0","0","0","0","0","4","0","","36","12","2016","2016130276","6","40.1535","-76.128","1332","08","0","0","0","0","0","0","0","1","2","0","0","0","13","1","2","02","2","40 09:12.745","4","00","76 07:40.970","8","0","0","0","36218","0","0","0","N","0","0","0","3","36408","0","","1","01","N","N","0","","0","0","2","3","2","Y","1332","2","2","0","0","0","2","0","1","0","2","N","","","","","","","","","","","","03","  ","","",""
"1111","2","0","0","0","0","0","0","0","0","1","0","","36","12","2016","2016130300","7","40.1353","-76.2118","1108","08","0","1","0","0","0","0","0","0","","0","0","0","11","1","0","00","0","40 08:07.115","","07","76 12:42.647","0","0","0","0","36238","0","0","0","N","0","0","0","3","36238","0","","1","01","N","N","0","","0","0","0","0","0","","1107","0","2","0","0","0","0","0","3","0","2","N","","","","","","","","","","","","03","  ","","",""
"1815","1","0","0","0","0","0","0","0","0","9","0","","36","11","2016","2016130302","3","39.9722","-76.2467","1755","08","0","0","0","0","0","0","0","0","","0","0","0","17","2","0","00","0","39 58:20.090","","00","76 14:48.193","0","0","0","0","36240","0","0","0","N","0","0","0","1","36240","0","","1","01","N","N","0","","0","0","0","0","0","","1753","0","1","0","0","0","0","0","1","0","1","N","","","","","","","","","","","","03","  ","","",""
"0800","0","0","0","0","0","0","0","0","0","4","0","","36","12","2016","2016130307","4","40.0232","-76.2794","0754","08","0","0","0","0","0","1","0","0","2","0","0","0","07","1","1","02","1","40 01:23.555","7","00","76 16:45.844","3","0","0","0","36240","0","0","0","N","0","0","0","2","36240","0","","1","09","N","N","1","","1","0","1","3","3","N","0752","1","2","0","0","0","0","0","1","0","2","N","","","","","","","","","","","","07","  ","","",""
"0625","0","0","0","0","0","0","0","0","0","4","2","","36","12","2016","2016130310","2","40.0791","-76.3468","0618","08","0","0","0","1","1","0","0","0","1","0","2","0","06","5","1","02","1","40 04:44.931","5","00","76 20:48.496","3","0","0","0","36101","0","0","0","N","0","0","0","3","36101","0","","1","01","N","N","1","","1","0","0","3","3","Y","0616","1","3","0","0","0","0","0","3","0","3","N","","","","","","","","","","","","03","  ","","",""
"0725","0","0","0","0","0","0","0","0","0","7","0","","36","12","2016","2016130320","7","40.089","-76.1797","0715","08","0","0","0","0","0","0","0","0","3","0","0","0","07","1","1","00","2","40 05:20.487","6","00","76 10:46.800","8","0","0","0","36234","0","0","0","N","0","0","0","3","36215","0","","5","01","N","N","0","","0","0","0","0","0","Y","0715","1","1","0","0","0","1","0","1","1","1","N","","","","","","","","","","","","03","  ","","",""
"1246","1","0","0","0","0","0","0","0","0","4","0","","36","12","2016","2016130340","7","40.1312","-76.5726","1241","08","0","0","0","0","0","1","1","0","","0","0","0","12","1","0","02","0","40 07:52.144","","00","76 34:21.280","0","0","0","0","36237","0","0","0","N","0","0","0","3","36505","0","","1","01","N","N","0","","0","0","1","3","3","","1230","0","2","0","0","0","0","0","1","0","2","N","","","","","","","","","","","","03","  ","","",""
"1729","0","0","0","0","0","0","0","0","0","1","0","","36","12","2016","2016130346","6","40.0385","-76.3271","1724","08","0","0","0","0","0","0","0","0","2","0","0","0","17","3","0","00","2","40 02:18.716","4","00","76 19:37.610","0","0","0","0","36220","0","0","0","N","0","0","0","4","36101","0","","1","01","N","N","0","","0","0","2","0","0","Y","1718","0","2","0","0","0","0","0","3","0","2","N","","","","","","","","","","","","03","  ","","",""
"0141","1","0","0","0","0","0","0","0","0","4","0","","36","12","2016","2016130386","7","40.0395","-76.306","0141","08","0","0","0","0","0","0","0","0","1","0","0","0","01","3","1","01","1","40 02:22.325","7","00","76 18:21.503","3","0","0","0","36301","0","0","0","N","0","0","0","3","36301","0","","1","01","N","N","0","","1","0","1","3","2","N","0141","1","2","0","0","0","0","0","3","0","2","N","","","","","","","","","","","","03","  ","","",""
"1816","0","0","0","0","0","0","0","0","0","1","0","","36","12","2016","2016130509","6","40.0706","-76.3191","1813","08","0","0","1","0","0","1","0","0","","0","0","0","17","1","0","00","0","40 04:13.992","","00","76 19:08.842","0","0","0","0","36101","0","0","0","N","0","0","0","3","36101","0","","1","01","N","N","1","","0","0","2","0","0","","1733","0","3","0","0","0","0","0","3","0","3","N","","","","","","","","","","","","03","  ","","",""
"1558","2","0","0","0","0","0","0","0","0","5","0","","36","12","2016","2016130510","6","40.0382","-76.2967","1550","08","0","0","0","0","0","0","0","0","1","0","0","0","15","1","0","00","1","40 02:17.440","2","00","76 17:48.207","0","0","0","0","36301","0","0","0","N","0","0","0","3","36301","0","","6","01","N","N","0","","0","0","0","0","0","N","1550","0","2","0","0","0","0","0","3","0","2","N","","","","","","","","","","","","03","  ","","",""
"1535","0","0","0","0","0","0","0","0","0","4","0","","36","12","2016","2016130515","5","40.0689","-76.3305","1529","08","0","0","0","0","0","1","0","0","2","0","0","0","15","1","1","02","1","40 04:08.219","2","02","76 19:49.756","4","0","0","0","36101","0","0","0","N","0","0","0","3","36101","1","","1","01","N","N","0","","0","0","2","3","2","N","1529","1","2","0","0","0","0","0","3","0","2","N","","","","","","","","","","","","03","  ","","",""
"0701","1","0","0","0","0","0","0","0","0","1","0","","36","12","2016","2016130522","3","40.0889","-76.1801","0648","08","0","0","1","0","0","0","1","0","1","0","0","0","06","1","0","03","1","40 05:20.180","4","00","76 10:48.323","0","0","0","0","36234","0","0","0","N","0","0","0","2","36215","0","","1","01","N","N","0","","0","0","0","0","0","Y","0645","0","2","0","0","0","0","0","1","1","2","N","","","","","","","","","","","","03","  ","","",""
"1724","2","0","0","0","0","0","0","0","0","1","0","","36","12","2016","2016130529","4","40.085","-76.2878","1716","08","0","1","0","0","0","0","1","0","","0","0","0","17","2","2","00","0","40 05:06.112","","00","76 17:16.096","3","0","0","0","36101","0","0","0","N","0","0","0","3","36101","0","","1","01","N","N","0","","2","0","1","3","2","","1705","2","3","0","0","0","0","0","3","0","3","N","","","","","","","","","","","","03","  ","","",""
"0710","2","0","0","0","0","0","0","0","0","6","0","","36","12","2016","2016130545","1","39.9722","-76.2467","0705","08","0","0","1","0","0","1","0","0","2","0","0","0","07","1","1","00","2","39 58:20.090","5","00","76 14:48.193","3","0","0","0","36240","0","0","0","N","0","0","0","3","36240","0","","1","01","N","N","0","","1","0","0","0","0","Y","0703","1","2","0","0","0","0","0","1","0","2","N","","","","","","","","","","","","03","  ","","",""
"1535","1","0","0","0","0","0","0","0","0","7","0","","36","12","2016","2016130560","7","40.0789","-76.4597","1528","08","0","1","0","0","0","0","0","0","","0","0","0","15","1","0","00","0","40 04:49.978","","00","76 27:33.529","0","0","0","0","36239","0","0","0","N","0","0","0","1","36239","0","","4","01","N","N","0","","0","0","0","0","0","","1525","0","1","0","0","0","0","0","3","0","1","N","","","","","","","","","","","","03","  ","","",""
"1230","1","0","0","0","0","0","0","0","0","1","0","","36","12","2016","2016130572","1","40.076","-76.3087","1220","08","0","0","0","1","0","0","0","0","2","0","0","0","12","1","0","00","1","40 04:33.587","1","00","76 18:31.319","0","0","0","0","36101","0","0","0","N","0","0","0","3","36101","0","","1","01","N","N","1","","0","0","0","0","0","N","1220","0","2","0","0","0","0","0","3","0","2","N","","","","","","","","","","","","03","  ","","",""
"2349","2","0","0","0","0","0","0","0","0","1","0","","36","12","2016","2016130598","7","40.0485","-76.2941","2346","08","0","0","0","0","0","1","0","0","2","0","0","0","23","3","0","01","2","40 02:54.464","3","00","76 17:38.681","0","0","0","0","36301","0","0","0","N","0","0","0","3","36301","0","","1","01","N","N","0","","0","0","0","3","2","Y","2346","0","2","0","0","0","0","0","3","0","2","N","","","","","","","","","","","","03","  ","","",""
"1622","1","0","0","0","0","0","0","0","0","7","0","","36","11","2016","2016130713","2","40.0921","-76.4964","1617","08","0","0","0","0","0","0","0","0","1","0","0","0","11","1","1","00","1","40 05:31.492","1","00","76 29:46.932","4","0","0","0","36230","0","0","0","N","0","0","0","1","36410","1","","4","01","N","N","0","","0","0","0","0","0","Y","1110","1","1","0","0","0","0","0","1","0","1","N","","","","","","","","","","","","99","  ","","",""
"1958","1","0","0","0","0","0","0","0","0","1","0","","36","12","2016","2016130717","6","40.138","-76.5486","1951","08","0","0","0","0","0","1","0","0","3","0","0","0","19","3","4","00","2","40 08:16.933","3","00","76 32:54.973","3","0","0","0","36225","0","0","0","N","0","0","0","12","36505","3","","1","01","N","N","0","","1","0","1","0","0","Y","1945","4","3","0","0","0","0","0","2","1","3","N","","","","","","","","","","","","03","  ","","",""
"0215","1","0","0","0","0","0","0","0","0","7","0","","36","12","2016","2016130737","7","40.0591","-76.4628","0207","08","0","0","0","0","0","0","0","0","2","0","0","0","02","2","0","00","2","40 03:32.925","5","00","76 27:45.908","0","0","0","0","36239","0","0","0","Y","0","0","0","1","36239","0","","4","01","N","N","0","","0","0","0","0","0","Y","0207","0","1","0","0","0","0","0","3","0","1","N","","","","","","","","","","","","03","  ","","",""
"0500","1","0","0","0","0","0","0","0","0","7","0","","36","12","2016","2016130745","1","40.0614","-76.5078","0449","08","0","0","0","0","0","0","0","0","2","0","0","0","04","2","0","00","2","40 03:40.938","6","00","76 30:28.099","0","0","0","0","36239","0","0","0","N","0","0","0","1","36239","0","","4","01","N","N","0","","0","0","0","0","0","Y","0449","0","1","0","0","0","0","0","3","0","1","N","","","","","","","","","","","","03","  ","","",""
"0126","1","0","0","0","0","0","0","0","0","7","0","","36","12","2016","2016130789","7","39.9957","-76.3629","0124","08","0","1","0","0","0","0","0","0","2","0","0","0","01","3","0","02","1","39 59:44.393","4","00","76 21:46.512","0","0","0","0","36412","0","0","0","N","0","0","0","2","36412","0","","2","01","N","N","0","","0","0","0","0","0","N","0120","0","1","0","0","0","0","0","3","0","1","N","","","","","","","","","","","","03","  ","","",""