"ARRIVAL_TM","AUTOMOBILE_COUNT","BELTED_DEATH_COUNT","BELTED_SUSP_SERIOUS_INJ_COUNT","BICYCLE_COUNT","BICYCLE_DEATH_COUNT","BICYCLE_SUSP_SERIOUS_INJ_COUNT","BUS_COUNT","CHLDPAS_DEATH_COUNT","CHLDPAS_SUSP_SERIOUS_INJ_COUNT","COLLISION_TYPE","COMM_VEH_COUNT","CONS_ZONE_SPD_LIM","COUNTY","CRASH_MONTH","CRASH_YEAR","CRN","DAY_OF_WEEK","DEC_LAT","DEC_LONG","DISPATCH_TM","DISTRICT","DRIVER_COUNT_16YR","DRIVER_COUNT_17YR","DRIVER_COUNT_18YR","DRIVER_COUNT_19YR","DRIVER_COUNT_20YR","DRIVER_COUNT_50_64YR","DRIVER_COUNT_65_74YR","DRIVER_COUNT_75PLUS","EST_HRS_CLOSED","FATAL_COUNT","HEAVY_TRUCK_COUNT","HORSE_BUGGY_COUNT","HOUR_OF_DAY","ILLUMINATION","INJURY_COUNT","INTERSECT_TYPE","LANE_CLOSED","LATITUDE","LN_CLOSE_DIR","LOCATION_TYPE","LONGITUDE","MAX_SEVERITY_LEVEL","MCYCLE_DEATH_COUNT","MCYCLE_SUSP_SERIOUS_INJ_COUNT","MOTORCYCLE_COUNT","MUNICIPALITY","NONMOTR_COUNT","NONMOTR_DEATH_COUNT","NONMOTR_SUSP_SERIOUS_INJ_COUNT","NTFY_HIWY_MAINT","PED_COUNT","PED_DEATH_COUNT","PED_SUSP_SERIOUS_INJ_COUNT","PERSON_COUNT","POLICE_AGCY","POSSIBLE_INJ_COUNT","RDWY_SURF_TYPE_CD","RELATION_TO_ROAD","ROAD_CONDITION","SCH_BUS_IND","SCH_ZONE_IND","SMALL_TRUCK_COUNT","SPEC_JURIS_CD","SUSP_MINOR_INJ_COUNT","SUSP_SERIOUS_INJ_COUNT","SUV_COUNT","TCD_FUNC_CD","TCD_TYPE","TFC_DETOUR_IND","TIME_OF_DAY","TOT_INJ_COUNT","TOTAL_UNITS","UNB_DEATH_COUNT","UNB_SUSP_SERIOUS_INJ_COUNT","UNBELTED_OCC_COUNT","UNK_INJ_DEG_COUNT","UNK_INJ_PER_COUNT","URBAN_RURAL","VAN_COUNT","VEHICLE_COUNT","WORK_ZONE_IND","WORK_ZONE_LOC","WORK_ZONE_TYPE","WORKERS_PRES","WZ_CLOSE_DETOUR","WZ_FLAGGER","WZ_LAW_OFFCR_IND","WZ_LN_CLOSURE","WZ_MOVING","WZ_OTHER","WZ_SHLDER_MDN","ROADWAY_CLEARED","WEATHER1","WEATHER2","WZ_WORKERS_INJ_KILLED","SECONDARY_CRASH","INTERSECTION_RELATED"
"1856","0","0","0","0","0","0","0","0","0","1","0","","36","12","2016","2016130798","6","40.0715","-76.3259","1841","08","0","0","0","0","0","0","0","0","","0","0","0","17","6","0","00","0","40 04:17.469","","00","76 19:33.383","0","0","0","0","36301","0","0","0","N","0","0","0","3","36301","0","","1","01","N","N","0","","0","0","2","0","0","","1754","0","2","0","0","0","0","0","3","0","2","N","","","","","","","","","","","","03","  ","","",""
"1835","1","0","0","0","0","0","0","0","0","4","0","","36","11","2016","2016130801","5","40.0378","-76.2707","1835","08","0","0","0","0","0","0","0","0","","0","0","0","18","3","0","03","0","40 02:16.133","","00","76 16:14.670","0","0","0","0","36215","0","0","0","N","0","0","0","5","36215","0","","1","01","N","N","1","","0","0","0","3","2","","1835","0","2","0","0","0","0","0","1","0","2","N","","","","","","","","","","","","03","  ","","",""
"0327","1","0","0","0","0","0","0","0","0","7","0","","36","12","2016","2016130805","3","40.0157","-76.1902","0320","08","0","0","0","0","0","0","0","0","","0","0","0","03","2","1","00","0","40 00:56.433","","00","76 11:24.614","3","0","0","0","36215","0","0","0","N","0","0","0","1","36215","0","","4","01","N","N","0","","1","0","0","0","0","","0320","1","1","0","0","0","0","0","1","0","1","N","","","","","","","","","","","","03","  ","","",""
"1741","2","0","0","0","0","0","0","0","0","1","0","","36","12","2016","2016130813","5","40.056","-76.2697","1708","08","0","0","0","0","0","0","0","0","","0","0","0","17","3","0","00","0","40 03:21.750","","00","76 16:10.937","0","0","0","0","36215","0","0","0","N","0","0","0","2","36215","0","","1","01","N","N","0","","0","0","0","0","0","","1705","0","2","0","0","0","0","0","1","0","2","N","","","","","","","","","","","","03","  ","","",""
"1519","2","0","0","0","0","0","0","0","0","1","0","","36","12","2016","2016130867","4","40.2309","-76.0809","1516","08","0","0","0","0","0","1","0","0","2","0","0","0","15","1","1","00","1","40 13:51.143","1","00","76 04:51.333","3","0","0","0","36210","0","0","0","N","0","0","0","4","36210","0","","1","01","N","N","0","","1","0","1","3","2","N","1514","1","3","0","0","0","0","0","1","0","3","N","","","","","","","","","","","","03","  ","","",""
"1722","2","0","0","0","0","0","0","0","0","1","0","","36","12","2016","2016130882","4","40.0705","-76.3196","1716","08","0","0","0","0","0","1","0","0","2","0","0","0","17","2","1","00","1","40 04:13.834","3","00","76 19:10.644","4","0","0","0","36101","0","0","0","N","0","0","0","4","36101","1","","1","01","N","N","1","","0","0","1","0","0","N","1713","1","4","0","0","0","0","0","3","0","4","N","","","","","","","","","","","","03","  ","","",""
"0710","2","0","0","0","0","0","0","0","0","4","0","","36","12","2016","2016130899","6","40.165","-76.6426","0657","08","0","0","0","0","0","0","1","0","","0","0","0","06","1","1","02","0","40 09:53.844","","00","76 38:33.321","8","0","0","0","36237","0","0","0","N","0","0","0","2","36505","0","","1","01","N","N","0","","0","0","0","0","0","","0655","1","2","0","0","0","1","0","1","0","2","N","","","","","","","","","","","","03","  ","","",""
"1614","1","0","0","0","0","0","0","0","0","1","0","","36","12","2016","2016130903","5","40.2171","-76.091","1610","08","0","0","0","0","0","0","0","0","1","0","0","0","16","1","1","01","1","40 13:01.736","3","02","76 05:27.697","3","0","0","0","36210","0","0","0","N","0","0","0","2","36210","0","","1","01","N","N","0","","1","0","1","3","2","N","1607","1","2","0","0","0","0","0","1","0","2","N","","","","","","","","","","","","03","  ","","",""
"1722","2","0","0","0","0","0","0","0","0","1","0","","36","12","2016","2016130905","4","40.0705","-76.3197","1716","08","0","0","0","1","0","1","1","0","2","0","0","0","17","2","0","00","1","40 04:13.841","3","00","76 19:10.867","0","0","0","0","36101","0","0","0","N","0","0","0","4","36101","0","","1","01","N","N","0","","0","0","1","0","0","N","1713","0","3","0","0","0","0","0","3","0","3","N","","","","","","","","","","","","03","  ","","",""
"1759","0","0","0","0","0","0","0","0","0","4","0","","36","11","2016","2016130918","3","40.0377","-76.3085","1755","08","0","0","0","0","1","1","0","0","","0","0","0","17","3","0","01","0","40 02:15.572","","00","76 18:30.512","0","0","0","0","36301","0","0","0","N","0","0","0","3","36301","0","","1","09","N","N","0","","0","0","2","3","2","","1739","0","2","0","0","0","0","0","3","0","2","N","","","","","","","","","","","","03","  ","","",""
"0906","0","0","0","0","0","0","0","0","0","7","0","","36","12","2016","2016130929","5","40.0772","-76.603","0903","08","0","0","0","0","0","0","0","0","4","0","0","0","08","1","1","00","2","40 04:37.936","5","00","76 36:10.894","3","0","0","0","36211","0","0","0","N","0","0","0","1","36504","0","","4","01","N","N","0","","1","0","1","0","0","Y","0855","1","1","0","0","0","0","0","1","0","1","N","","","","","","","","","","","","03","  ","","",""
"1005","1","0","0","0","0","0","0","0","0","7","0","","36","12","2016","2016130945","2","40.0716","-76.3904","1001","08","0","0","0","0","0","0","0","1","2","0","0","0","09","1","0","00","1","40 04:17.684","2","00","76 23:25.569","0","0","0","0","36214","0","0","0","N","0","0","0","1","36214","0","","2","09","N","N","0","","0","0","0","0","0","N","0956","0","1","0","0","0","0","0","3","0","1","N","","","","","","","","","","","","03","  ","","",""
"1518","2","0","0","0","0","0","0","0","0","4","0","","36","12","2016","2016130968","5","40.1377","-76.3033","1514","08","0","0","0","1","0","0","0","1","","0","0","0","15","1","0","03","0","40 08:15.854","","00","76 18:11.964","0","0","0","0","36235","0","0","0","","0","0","0","2","36506","0","","1","01","N","N","0","","0","0","0","3","2","","1514","0","2","0","0","0","0","0","1","0","2","N","","","","","","","","","","","","03","  ","","",""
"1654","2","0","0","0","0","0","0","0","0","1","0","","36","11","2016","2016130996","7","40.0559","-76.2694","1646","08","0","0","0","0","1","1","0","0","","0","0","0","16","3","0","00","0","40 03:21.205","","00","76 16:09.884","0","0","0","0","36215","0","0","0","N","0","0","0","4","36215","0","","1","01","N","N","0","","0","0","1","0","0","","1640","0","4","0","0","0","0","0","1","1","4","N","","","","","","","","","","","","03","  ","","",""
"1426","1","0","0","0","0","0","0","0","0","1","0","","36","12","2016","2016131031","2","40.0447","-76.287","1426","08","0","0","0","0","0","1","1","0","","0","0","0","14","1","2","00","0","40 02:40.992","","00","76 17:13.363","3","0","0","0","36301","0","0","0","N","0","0","0","3","36301","0","","1","09","N","N","0","","2","0","1","0","0","","1410","2","2","0","0","0","0","0","3","0","2","N","","","","","","","","","","","","03","  ","","",""
"1738","2","0","0","0","0","0","0","0","0","1","0","","36","12","2016","2016131036","6","40.0393","-76.2943","1728","08","0","0","0","0","0","0","1","0","","0","0","0","17","3","1","00","0","40 02:21.394","","00","76 17:39.484","4","0","0","0","36301","0","0","0","N","0","0","0","2","36301","1","","1","01","N","N","0","","0","0","0","0","0","","1727","1","2","0","0","0","0","0","3","0","2","N","","","","","","","","","","","","03","  ","","",""
"1555","2","0","0","0","0","0","0","0","0","4","0","","36","12","2016","2016131050","2","40.0412","-76.3898","1547","08","0","0","0","0","0","0","0","0","","0","0","0","15","1","1","00","0","40 02:28.402","","00","76 23:23.419","4","0","0","0","36214","0","0","0","N","0","0","0","8","36214","1","","1","01","N","N","0","","0","0","1","0","0","","1544","1","3","0","0","0","0","0","3","0","3","N","","","","","","","","","","","","03","  ","","",""
"1830","0","0","0","0","0","0","0","0","0","7","0","","36","12","2016","2016131293","4","40.0513","-76.3757","1823","08","0","0","0","0","1","0","0","0","1","0","0","0","18","3","0","09","1","40 03:04.680","1","00","76 22:32.510","0","0","0","0","36214","0","0","0","","0","0","0","1","36214","0","","4","01","N","N","0","","0","0","0","3","5","N","1821","0","1","0","0","0","0","0","3","1","1","N","","","","","","","","","","","","03","  ","","",""
"1721","3","0","0","0","0","0","0","0","0","1","0","","36","12","2016","2016131294","5","40.0822","-76.3575","1714","08","0","0","0","0","1","0","1","0","2","0","0","0","17","3","0","00","1","40 04:55.874","4","00","76 21:27.055","0","0","0","0","36214","0","0","0","","0","0","0","6","36214","0","","1","01","N","N","0","","0","0","3","0","0","N","1700","0","6","0","0","0","0","0","3","0","6","N","","","","","","","","","","","","03","  ","","",""
"1711","1","0","0","0","0","0","0","0","0","4","0","","36","11","2016","2016131295","5","40.001","-76.4215","1706","08","0","0","1","0","0","1","0","0","2","0","0","0","17","3","3","01","2","40 00:03.498","6","00","76 25:17.439","4","0","0","0","36223","0","0","0","","0","0","0","4","36223","2","","1","01","N","N","0","","0","0","1","3","3","U","1706","3","2","0","0","0","1","0","1","0","2","N","","","","","","","","","","","","03","  ","","",""
"1958","1","0","0","0","0","0","0","0","0","2","0","","36","11","2016","2016131297","4","40.04","-76.3961","1954","08","0","0","0","0","1","0","0","1","3","0","0","0","19","3","2","02","2","40 02:23.843","6","00","76 23:46.108","3","0","0","0","36223","0","0","0","","0","0","0","2","36223","1","","1","01","N","N","0","","1","0","1","0","0","Y","1953","2","2","0","0","0","0","0","1","0","2","N","","","","","","","","","","","","03","  ","","",""
"2155","0","0","0","0","0","0","0","0","0","7","0","","36","11","2016","2016131298","5","40.04","-76.3682","2151","08","0","0","1","0","0","0","0","0","2","0","0","0","21","3","2","00","2","40 02:23.853","6","00","76 22:05.412","4","0","0","0","36223","0","0","0","","0","0","0","2","36223","2","","4","01","N","N","0","","0","0","1","0","0","Y","2148","2","1","0","0","0","0","0","1","0","1","N","","","","","","","","","","","","03","  ","","",""
"1749","1","0","0","0","0","0","0","0","0","7","0","","36","11","2016","2016131299","2","40.0381","-76.4039","1729","08","0","0","0","0","0","0","0","0","1","0","0","0","17","3","1","00","1","40 02:17.067","3","00","76 24:13.968","8","0","0","0","36223","0","0","0","","0","0","0","1","36223","0","","4","01","N","N","0","","0","0","0","0","0","N","1729","1","1","0","0","0","1","0","1","0","1","N","","","","","","","","","","","","03","  ","","",""
"1800","1","0","0","0","0","0","0","0","0","7","0","","36","11","2016","2016131300","4","40.0247","-76.3974","1746","08","0","0","0","0","0","0","0","0","2","0","0","0","17","2","1","03","1","40 01:29.003","2","00","76 23:50.785","4","0","0","0","36223","0","0","0","","0","0","0","1","36223","1","","5","09","N","N","0","","0","0","0","0","0","N","1739","1","1","0","0","0","0","0","1","0","1","N","","","","","","","","","","","","05","  ","","",""
"0917","0","0","0","0","0","0","1","0","0","1","1","","36","12","2016","2016131301","5","40.0002","-76.3655","0906","08","0","0","0","0","0","1","0","0","","0","0","0","09","1","0","02","0","40 00:00.630","","00","76 21:55.710","0","0","0","0","36223","0","0","0","","0","0","0","2","36223","0","","1","01","Y","N","0","","0","0","1","0","0","","0900","0","2","0","0","0","0","0","1","0","2","N","","","","","","","","","","","","03","  ","","",""
"1733","2","0","0","0","0","0","0","0","0","1","0","","36","12","2016","2016131302","5","40.04","-76.367","1730","08","0","0","0","0","0","0","0","0","","0","0","0","17","2","0","00","0","40 02:23.860","","00","76 22:01.225","0","0","0","0","36223","0","0","0","","0","0","0","2","36223","0","","1","01","N","N","0","","0","0","0","0","0","","1720","0","2","0","0","0","0","0","1","0","2","N","","","","","","","","","","","","03","  ","","",""
"1130","2","0","0","0","0","0","0","0","0","4","0","","36","12","2016","2016131303","1","40.0365","-76.3612","1124","08","0","0","0","0","0","0","1","0","1","0","0","0","11","1","0","02","1","40 02:11.569","7","00","76 21:40.298","0","0","0","0","36223","0","0","0","","0","0","0","2","36223","0","","1","01","N","N","0","","0","0","0","3","3","N","1122","0","2","0","0","0","0","0","1","0","2","N","","","","","","","","","","","","03","  ","","",""
"1421","2","0","0","0","0","0","0","0","0","4","0","","36","12","2016","2016131304","4","40.0228","-76.3671","1420","08","0","0","0","0","0","0","0","0","1","0","0","0","14","1","0","01","1","40 01:21.946","6","00","76 22:01.509","0","0","0","0","36223","0","0","0","","0","0","0","2","36223","0","","1","01","N","N","0","","0","0","0","9","3","N","1418","0","2","0","0","0","0","0","1","0","2","N","","","","","","","","","","","","03","  ","","",""
"0621","0","0","0","0","0","0","0","0","0","7","0","","36","12","2016","2016131305","7","40.0301","-76.3543","0617","08","0","0","0","0","0","0","0","0","1","0","0","0","06","5","1","00","1","40 01:48.520","3","00","76 21:15.430","4","0","0","0","36223","0","0","0","","0","0","0","1","36223","1","","4","01","N","N","0","","0","0","1","0","0","N","0615","1","1","0","0","0","0","0","1","0","1","N","","","","","","","","","","","","03","  ","","",""
"1833","0","0","0","0","0","0","0","0","0","4","0","","36","12","2016","2016131306","7","39.9887","-76.367","1820","08","0","0","0","0","1","1","0","0","","0","0","0","18","2","0","02","0","39 59:19.400","","00","76 22:01.109","0","0","0","0","36223","0","0","0","","0","0","0","3","36223","0","","1","01","N","N","1","","0","0","1","3","3","","1818","0","2","0","0","0","0","0","1","0","2","N","","","","","","","","","","","","03","  ","","",""
"1250","0","0","0","0","0","0","0","0","0","0","0","","36","11","2016","2016131307","5","40.121","-76.4862","1250","08","0","0","0","0","0","0","0","0","","0","0","0","12","1","1","00","0","40 07:15.625","","99","76 29:10.240","8","0","0","1","36230","0","0","0","","0","0","0","1","36410","0","","5","01","N","N","0","","0","0","0","0","0","","1250","1","1","0","0","0","1","0","1","0","1","N","","","","","","","","","","","","03","  ","","",""
"1444","1","0","0","0","0","0","0","0","0","4","0","","36","11","2016","2016131308","6","40.1133","-76.4512","1432","08","0","0","0","0","0","1","0","1","2","0","0","0","14","1","1","01","1","40 06:47.840","6","00","76 27:04.140","8","0","0","0","36230","0","0","0","","0","0","0","2","36410","0","","1","01","N","N","0","","0","0","0","3","2","N","1430","1","2","0","0","0","1","0","1","1","2","N","","","","","","","","","","","","03","  ","","",""
"1436","0","0","0","0","0","0","0","0","0","7","0","","36","11","2016","2016131309","3","40.2054","-76.3961","1427","08","0","0","0","0","0","0","0","0","","0","0","0","14","1","0","00","0","40 12:19.522","","00","76 23:45.848","0","0","0","0","36230","0","0","0","","0","0","0","1","36410","0","","4","09","N","N","0","","0","0","0","0","0","","1422","0","1","0","0","0","0","0","1","1","1","N","","","","","","","","","","","","07","  ","","",""
"1444","0","0","0","0","0","0","0","0","0","4","0","","36","12","2016","2016131310","7","40.1679","-76.3994","1439","08","0","0","0","0","0","1","0","0","2","0","0","0","14","1","0","01","2","40 10:04.413","1","00","76 23:57.777","0","0","0","0","36410","0","0","0","","0","0","0","4","36410","0","","1","01","N","N","0","","0","0","2","3","3","N","1437","0","2","0","0","0","0","0","2","0","2","N","","","","","","","","","","","","03","  ","","",""
"1634","2","0","0","0","0","0","0","0","0","4","0","","36","12","2016","2016131427","5","40.0478","-76.3406","1622","08","0","0","0","0","0","0","0","0","3","0","0","0","16","4","1","01","2","40 02:51.921","3","00","76 20:26.112","8","0","0","0","36220","0","0","0","N","0","0","0","2","36101","0","","1","01","N","N","0","","0","0","0","0","0","Y","1618","1","2","0","0","0","1","0","3","0","2","N","","","","","","","","","","","","03","  ","","",""
"2052","1","0","0","0","0","0","0","0","0","4","0","","36","12","2016","2016131435","3","40.1421","-76.5665","2049","08","0","0","0","0","0","0","0","0","2","0","0","0","20","2","0","01","2","40 08:31.700","7","00","76 33:59.500","0","0","0","0","36225","0","0","0","N","0","0","0","2","36505","0","","1","09","N","N","0","","0","0","1","3","3","N","2048","0","2","0","0","0","0","0","2","0","2","N","","","","","","","","","","","","07","  ","","",""
"1917","0","0","0","0","0","0","0","0","0","0","0","","36","12","2016","2016131473","6","40.128","-76.5179","1910","08","0","0","0","0","0","0","0","0","2","0","0","0","19","2","0","00","2","40 07:40.779","3","00","76 31:04.610","0","0","0","0","36225","0","0","0","N","0","0","0","2","36505","0","","2","01","N","N","0","","0","0","1","0","0","N","1908","0","1","0","0","0","0","0","2","0","1","N","","","","","","","","","","","","03","  ","","",""
"1841","0","0","0","0","0","0","0","0","0","1","0","","36","12","2016","2016131533","6","40.0301","-76.2441","1834","08","0","0","0","0","0","0","0","0","2","0","0","0","18","3","0","00","1","40 01:48.391","1","00","76 14:38.818","0","0","0","0","36215","0","0","0","N","0","0","0","6","36215","0","","1","01","N","N","0","","0","0","2","0","0","N","1833","0","3","0","0","0","0","0","1","1","3","N","","","","","","","","","","","","03","  ","","",""
"1709","1","0","0","0","0","0","0","0","0","1","0","","36","12","2016","2016131541","2","","","1659","08","0","0","0","0","0","0","0","0","1","0","0","0","16","2","0","00","1","","4","00","","0","0","0","0","36215","0","0","0","N","0","0","0","2","36215","0","","1","01","N","N","1","","0","0","0","0","0","N","1655","0","2","0","0","0","0","0","1","0","2","N","","","","","","","","","","","","03","  ","","",""
"0737","1","0","0","0","0","0","0","0","0","5","1","","36","12","2016","2016131546","3","40.0412","-76.2975","0734","08","0","0","0","0","0","0","0","0","","0","1","0","07","1","0","01","0","40 02:28.370","","00","76 17:51.144","0","0","0","0","36301","0","0","0","N","0","0","0","1","36301","0","","1","01","N","N","0","","0","0","0","3","3","","0732","0","2","0","0","0","0","0","3","0","2","N","","","","","","","","","","","","03","  ","","",""
"0919","1","0","0","0","0","0","0","0","0","6","0","","36","12","2016","2016131563","2","40.0087","-76.343","0915","08","0","0","0","1","0","0","1","0","","0","0","0","09","1","0","01","0","40 00:31.485","","00","76 20:34.745","0","0","0","0","36412","0","0","0","N","0","0","0","2","36412","0","","1","09","N","N","1","","0","0","0","3","2","","0915","0","2","0","0","0","0","0","3","0","2","N","","","","","","","","","","","","03","  ","","",""
"1035","0","0","0","0","0","0","0","0","0","1","0","","36","12","2016","2016131804","4","40.2057","-76.1752","1032","08","0","0","0","0","0","1","0","0","","0","0","0","10","1","0","01","0","40 12:20.434","","00","76 10:30.803","0","0","0","0","36218","0","0","0","N","0","0","0","3","36408","0","","1","01","N","N","1","","0","0","0","3","3","","1028","0","2","0","0","0","0","0","1","1","2","N","","","","","","","","","","","","03","  ","","",""
"0245","1","0","0","0","0","0","0","0","0","1","0","","36","12","2016","2016131821","5","40.039","-76.308","0232","08","0","0","0","0","0","0","0","0","","0","0","0","02","3","0","00","0","40 02:20.367","","00","76 18:28.844","0","0","0","0","36301","0","0","0","N","0","0","0","1","36301","0","","1","01","N","N","0","","0","0","2","0","0","","0232","0","3","0","0","0","0","0","3","0","3","N","","","","","","","","","","","","03","  ","","",""
"1748","2","0","0","0","0","0","0","0","0","1","0","","36","12","2016","2016131825","3","40.109","-76.4919","1746","08","0","0","0","0","0","1","0","0","2","0","0","0","17","4","1","01","1","40 06:32.493","4","00","76 29:31.001","3","0","0","0","36413","0","0","0","N","0","0","0","2","36413","0","","1","01","N","N","0","","1","0","0","0","0","N","1734","1","2","0","0","0","0","0","2","0","2","N","","","","","","","","","","","","03","  ","","",""
"2138","1","0","0","0","0","0","0","0","0","7","0","","36","12","2016","2016131954","1","40.0923","-76.0211","2135","08","1","0","0","0","0","0","0","0","2","0","0","0","21","2","1","00","2","40 05:32.191","5","00","76 01:15.826","8","0","0","0","36213","0","0","0","N","0","0","0","1","36213","0","","4","01","N","N","0","","0","0","0","0","0","Y","2133","1","1","0","0","0","1","0","1","0","1","N","","","","","","","","","","","","03","  ","","",""
"1735","0","0","1","0","0","0","0","0","0","1","0","","36","12","2016","2016131964","7","40.1617","-76.202","1728","08","0","0","0","0","0","1","0","0","1","0","0","0","17","3","1","03","2","40 09:42.176","7","00","76 12:07.319","2","0","0","0","36218","0","0","0","N","0","0","0","4","36408","0","","1","01","N","N","0","","0","1","2","0","0","Y","1728","1","2","0","0","0","0","0","1","0","2","N","","","","","","","","","","","","03","  ","","",""
"1518","2","0","0","0","0","0","0","0","0","6","0","","36","12","2016","2016131979","3","40.0309","-76.321","1518","08","0","0","0","0","0","0","0","0","","0","0","0","15","1","1","01","0","40 01:51.178","","00","76 19:15.562","8","0","0","0","36301","1","0","0","N","1","0","0","3","36301","0","","1","09","N","N","0","","0","0","0","3","2","","1518","1","3","0","0","0","1","0","3","0","2","N","","","","","","","","","","","","07","  ","","",""
"0755","2","0","0","0","0","0","0","0","0","1","0","","36","12","2016","2016131983","4","39.9642","-76.2626","0746","08","0","1","0","0","0","0","0","0","","0","0","0","07","1","0","00","0","39 57:51.100","","00","76 15:45.400","0","0","0","0","36240","0","0","0","N","0","0","0","2","36240","0","","6","01","N","N","0","","0","0","0","0","0","","0746","0","2","0","0","0","0","0","1","0","2","N","","","","","","","","","","","","03","  ","","",""
"0820","3","0","0","0","0","0","0","0","0","5","0","","36","12","2016","2016131989","7","40.0381","-76.3211","0816","08","0","0","0","0","0","0","0","0","2","0","0","0","08","1","0","00","1","40 02:16.987","3","00","76 19:16.051","0","0","0","0","36301","0","0","0","N","0","0","0","1","36301","0","","6","01","N","N","0","","0","0","0","0","0","N","0813","0","3","0","0","0","0","0","3","0","3","N","","","","","","","","","","","","03","  ","","",""
"0929","0","0","0","0","0","0","1","0","0","8","1","","36","12","2016","2016132003","6","40.0377","-76.2947","0920","08","0","0","0","0","0","1","0","0","","0","0","0","07","1","1","01","0","40 02:15.745","","00","76 17:41.082","3","0","0","0","36301","1","0","0","N","1","0","0","2","36301","0","","1","01","Y","N","0","","1","0","0","3","3","","0705","1","2","0","0","0","0","0","3","0","1","N","","","","","","","","","","","","03","  ","","",""
"1018","1","0","0","0","0","0","0","0","0","4","0","","36","12","2016","2016132053","4","40.0052","-76.305","1011","08","0","0","0","0","0","1","1","0","3","0","0","0","10","1","2","02","2","40 00:18.747","5","00","76 18:18.078","8","0","0","0","36220","0","0","0","N","0","0","0","4","36101","0","","1","01","N","N","0","","0","0","0","3","3","Y","1011","2","2","0","0","2","2","0","3","1","2","N","","","","","","","","","","","","03","  ","","",""
"1755","2","0","0","0","0","0","0","0","0","2","0","","36","12","2016","2016132059","3","40.1066","-76.0676","1749","08","0","0","0","0","0","2","0","0","1","0","0","0","17","2","0","01","2","40 06:23.763","7","00","76 04:03.457","0","0","0","0","36209","0","0","0","N","0","0","0","2","36415","0","","1","09","N","N","0","","0","0","0","0","0","Y","1749","0","2","0","0","2","0","0","1","0","2","N","","","","","","","","","","","","07","  ","","",""
"2242","1","0","0","0","0","0","0","0","0","7","0","","36","12","2016","2016132076","1","40.1076","-76.6807","2241","08","0","0","0","0","0","0","0","0","3","1","0","0","22","2","0","00","1","40 06:27.460","5","00","76 40:50.406","1","0","0","0","36207","0","0","0","N","0","0","0","1","36504","0","2","2","09","N","N","0","0","0","0","0","0","0","Y","2241","0","1","1","0","1","0","0","1","0","1","N","","","","","","","","","","","","07","  ","","",""
"1550","1","0","0","0","0","0","0","0","0","4","0","","36","12","2016","2016132091","3","40.0054","-76.2192","1545","08","0","0","0","0","0","0","0","0","","0","0","0","15","1","3","00","0","40 00:19.578","","07","76 13:09.245","8","0","0","0","36240","0","0","0","N","0","0","0","3","36240","0","","4","01","N","N","1","","0","0","0","0","0","","1540","3","2","0","0","0","3","0","1","0","2","N","","","","","","","","","","","","03","  ","","",""
"1852","1","0","0","0","0","0","0","0","0","7","0","","36","12","2016","2016132097","3","40.1179","-76.5354","1848","08","0","0","0","0","0","0","0","0","3","0","0","0","18","2","0","00","1","40 07:04.590","4","00","76 32:07.413","0","0","0","0","36225","0","0","0","N","0","0","0","2","36505","0","","2","01","N","N","0","","0","0","0","0","0","N","1848","0","1","0","0","1","0","0","2","0","1","N","","","","","","","","","","","","03","  ","","",""
"1732","2","0","0","0","0","0","0","0","0","1","0","","36","12","2016","2016132258","4","40.1663","-76.3081","1728","08","0","0","0","0","0","1","1","0","","0","0","0","17","3","0","02","0","40 09:58.611","","00","76 18:29.129","0","0","0","0","36235","0","0","0","","0","0","0","3","36506","0","","1","01","N","N","1","","0","0","0","3","2","","1728","0","3","0","0","0","0","0","1","0","3","N","","","","","","","","","","","","03","  ","","",""
"1607","0","0","0","0","0","0","0","0","0","9","0","","36","12","2016","2016132463","7","39.9416","-76.4005","1607","08","0","0","0","0","0","0","0","0","","0","0","0","16","1","0","00","0","39 56:29.716","","00","76 24:01.812","0","0","0","0","36223","0","0","0","","0","0","0","3","36223","0","","1","01","N","N","0","","0","0","1","0","0","","1600","0","1","0","0","0","0","0","1","0","1","N","","","","","","","","","","","","03","  ","","",""
"2257","2","0","0","0","0","0","0","0","0","2","0","","36","12","2016","2016132478","3","40.04","-76.2873","2252","08","0","0","0","0","0","1","0","0","3","0","0","0","22","3","0","01","1","40 02:24.011","3","00","76 17:14.418","0","0","0","0","36301","0","0","0","N","0","0","0","2","36301","0","","1","09","N","N","0","","0","0","0","3","2","N","2248","0","2","0","0","0","0","0","3","0","2","N","","","","","","","","","","","","07","  ","","",""
"2045","0","0","0","0","0","0","0","0","0","7","0","","36","12","2016","2016132497","4","40.0865","-76.061","2042","08","0","0","0","0","0","1","0","0","","0","0","0","20","2","0","00","0","40 05:11.500","","00","76 03:39.600","0","0","0","0","36209","0","0","0","N","0","0","0","1","36415","0","","4","01","N","N","1","","0","0","0","1","8","","2040","0","1","0","0","1","0","0","1","0","1","N","","","","","","","","","","","","03","  ","","",""
"0537","1","0","0","0","0","0","0","0","0","7","0","","36","12","2016","2016132564","7","40.1534","-76.372","0534","08","0","0","0","0","0","0","0","0","2","0","0","0","05","5","0","00","2","40 09:12.229","5","00","76 22:19.379","0","0","0","0","36227","0","0","0","","0","0","0","2","36506","0","","2","01","N","N","0","","0","0","0","0","0","Y","0532","0","1","0","0","0","0","0","1","0","1","N","","","","","","","","","","","","03","  ","","",""