"ARRIVAL_TM","AUTOMOBILE_COUNT","BELTED_DEATH_COUNT","BELTED_SUSP_SERIOUS_INJ_COUNT","BICYCLE_COUNT","BICYCLE_DEATH_COUNT","BICYCLE_SUSP_SERIOUS_INJ_COUNT","BUS_COUNT","CHLDPAS_DEATH_COUNT","CHLDPAS_SUSP_SERIOUS_INJ_COUNT","COLLISION_TYPE","COMM_VEH_COUNT","CONS_ZONE_SPD_LIM","COUNTY","CRASH_MONTH","CRASH_YEAR","CRN","DAY_OF_WEEK","DEC_LAT","DEC_LONG","DISPATCH_TM","DISTRICT","DRIVER_COUNT_16YR","DRIVER_COUNT_17YR","DRIVER_COUNT_18YR","DRIVER_COUNT_19YR","DRIVER_COUNT_20YR","DRIVER_COUNT_50_64YR","DRIVER_COUNT_65_74YR","DRIVER_COUNT_75PLUS","EST_HRS_CLOSED","FATAL_COUNT","HEAVY_TRUCK_COUNT","HORSE_BUGGY_COUNT","HOUR_OF_DAY","ILLUMINATION","INJURY_COUNT","INTERSECT_TYPE","LANE_CLOSED","LATITUDE","LN_CLOSE_DIR","LOCATION_TYPE","LONGITUDE","MAX_SEVERITY_LEVEL","MCYCLE_DEATH_COUNT","MCYCLE_SUSP_SERIOUS_INJ_COUNT","MOTORCYCLE_COUNT","MUNICIPALITY","NONMOTR_COUNT","NONMOTR_DEATH_COUNT","NONMOTR_SUSP_SERIOUS_INJ_COUNT","NTFY_HIWY_MAINT","PED_COUNT","PED_DEATH_COUNT","PED_SUSP_SERIOUS_INJ_COUNT","PERSON_COUNT","POLICE_AGCY","POSSIBLE_INJ_COUNT","RDWY_SURF_TYPE_CD","RELATION_TO_ROAD","ROAD_CONDITION","SCH_BUS_IND","SCH_ZONE_IND","SMALL_TRUCK_COUNT","SPEC_JURIS_CD","SUSP_MINOR_INJ_COUNT","SUSP_SERIOUS_INJ_COUNT","SUV_COUNT","TCD_FUNC_CD","TCD_TYPE","TFC_DETOUR_IND","TIME_OF_DAY","TOT_INJ_COUNT","TOTAL_UNITS","UNB_DEATH_COUNT","UNB_SUSP_SERIOUS_INJ_COUNT","UNBELTED_OCC_COUNT","UNK_INJ_DEG_COUNT","UNK_INJ_PER_COUNT","URBAN_RURAL","VAN_COUNT","VEHICLE_COUNT","WORK_ZONE_IND","WORK_ZONE_LOC","WORK_ZONE_TYPE","WORKERS_PRES","WZ_CLOSE_DETOUR","WZ_FLAGGER","WZ_LAW_OFFCR_IND","WZ_LN_CLOSURE","WZ_MOVING","WZ_OTHER","WZ_SHLDER_MDN","ROADWAY_CLEARED","WEATHER1","WEATHER2","WZ_WORKERS_INJ_KILLED","SECONDARY_CRASH","INTERSECTION_RELATED"
"0656","0","0","0","0","0","0","0","0","0","7","0","","36","12","2016","2016132605","4","39.9953","-76.321","0654","08","0","0","0","0","0","0","0","0","2","0","0","0","06","5","0","00","1","39 59:43.196","5","00","76 19:15.543","0","0","0","0","36228","0","0","0","Y","0","0","0","1","36503","0","","2","01","N","N","0","","0","0","0","0","0","N","0652","0","1","0","0","0","0","0","1","1","1","N","","","","","","","","","","","","03","  ","","",""
"0911","0","0","0","0","0","0","0","0","0","8","0","","36","12","2016","2016132664","4","40.0259","-76.3101","0903","08","0","0","0","0","0","0","0","0","","0","0","0","08","1","1","03","0","40 01:33.258","","00","76 18:36.291","4","0","0","0","36301","1","0","0","N","1","0","0","1","36301","1","","1","01","N","Y","0","","0","0","1","3","4","","0830","1","2","0","0","0","0","0","3","0","1","N","","","","","","","","","","","","03","  ","","",""
"1543","2","0","0","0","0","0","0","0","0","4","0","","36","12","2016","2016132717","1","40.0687","-76.3428","1533","08","0","0","0","0","1","0","0","0","","0","0","0","15","1","1","01","0","40 04:07.161","","00","76 20:34.220","4","0","0","0","36301","0","0","0","N","0","0","0","3","36301","1","","1","01","N","N","0","","0","0","0","3","2","","1523","1","2","0","0","0","0","0","3","0","2","N","","","","","","","","","","","","03","  ","","",""
"1615","2","0","0","0","0","0","0","0","0","1","0","","36","12","2016","2016132741","4","40.035","-76.2428","1605","08","0","0","0","0","0","0","0","0","","0","0","0","16","1","0","00","0","40 02:06.080","","00","76 14:34.251","0","0","0","0","36215","0","0","0","N","0","0","0","4","36215","0","","1","01","N","N","0","","0","0","1","0","0","","1605","0","3","0","0","0","0","0","1","0","3","N","","","","","","","","","","","","03","  ","","",""
"0750","2","0","0","0","0","0","0","0","0","2","0","","36","12","2016","2016132744","5","40.0529","-76.36","0742","08","0","0","0","0","0","0","0","0","2","0","0","0","07","1","1","01","2","40 03:10.313","4","00","76 21:36.142","3","0","0","0","36214","0","0","0","N","0","0","0","2","36214","0","","1","01","N","N","0","","1","0","0","3","2","Y","0742","1","2","0","0","0","0","0","3","0","2","N","","","","","","","","","","","","03","  ","","",""
"1236","2","0","0","0","0","0","0","0","0","4","0","","36","12","2016","2016132756","4","40.2786","-76.1381","1231","08","0","0","0","0","0","1","0","0","","0","0","0","12","1","0","01","0","40 16:42.907","","00","76 08:17.267","0","0","0","0","36236","0","0","0","N","0","0","0","2","36408","0","","1","01","N","N","0","","0","0","0","3","3","","1233","0","2","0","0","0","0","0","1","0","2","N","","","","","","","","","","","","03","  ","","",""
"1431","1","0","0","0","0","0","0","0","0","4","0","","36","12","2016","2016132766","5","40.1065","-76.3051","1428","08","0","0","0","0","1","1","0","0","","0","0","0","14","1","0","00","0","40 06:23.287","","00","76 18:18.494","0","0","0","0","36101","0","0","0","N","0","0","0","2","36101","0","","1","01","N","N","0","","0","0","1","0","0","","1423","0","2","0","0","0","0","0","3","0","2","N","","","","","","","","","","","","03","  ","","",""
"0934","1","0","0","0","0","0","0","0","0","7","0","","36","12","2016","2016132795","5","40.0758","-76.461","0853","08","0","0","1","0","0","0","0","0","1","0","0","0","08","1","0","00","2","40 04:32.892","2","00","76 27:39.548","0","0","0","0","36239","0","0","0","","0","0","0","1","36239","0","","2","01","","","0","","0","0","0","0","0","N","0853","0","1","0","0","0","0","0","3","0","1","N","","","","","","","","","","","","03","  ","","",""
"1811","0","0","0","0","0","0","0","0","0","4","0","","36","12","2016","2016132837","5","40.1113","-76.2835","1751","08","0","0","0","0","0","1","0","0","","0","0","0","17","2","0","01","0","40 06:40.818","","00","76 17:00.459","0","0","0","0","36101","0","0","0","N","0","0","0","3","36101","0","","1","01","N","N","2","","0","0","0","3","2","","1747","0","2","0","0","0","0","0","3","0","2","N","","","","","","","","","","","","03","  ","","",""
"1907","0","0","0","0","0","0","0","0","0","1","0","","36","12","2016","2016132949","5","40.0144","-76.3266","1856","08","0","0","0","0","0","1","0","0","2","0","0","0","18","3","1","00","1","40 00:51.823","4","00","76 19:35.877","3","0","0","0","36220","0","0","0","N","0","0","0","2","36101","0","","1","01","N","N","0","","1","0","1","0","0","N","1854","1","2","0","0","0","0","0","3","1","2","N","","","","","","","","","","","","03","  ","","",""
"1830","1","0","0","1","0","0","0","0","0","1","0","","36","12","2016","2016132958","6","40.0597","-76.306","1820","08","0","0","0","0","0","0","0","0","","0","0","0","18","3","1","00","0","40 03:34.794","","00","76 18:21.718","4","0","0","0","36101","1","0","0","N","0","0","0","2","36101","1","","1","01","N","N","0","","0","0","0","0","0","","1811","1","2","0","0","0","0","0","3","0","1","N","","","","","","","","","","","","03","  ","","",""
"1954","1","0","0","0","0","0","0","0","0","7","0","","36","12","2016","2016132961","5","40.0599","-76.4124","1952","08","0","0","0","0","0","1","0","0","2","0","0","0","19","3","1","00","2","40 03:35.735","6","00","76 24:44.460","2","0","0","0","36239","0","0","0","N","0","0","0","1","36239","0","","4","01","N","N","0","","0","1","0","0","0","Y","1952","1","1","0","1","1","0","0","3","0","1","N","","","","","","","","","","","","03","  ","","",""
"2156","1","0","0","0","0","0","0","0","0","4","0","","36","12","2016","2016132964","1","40.126","-76.2145","2151","08","0","0","0","0","0","0","0","0","3","0","0","0","21","3","1","00","2","40 07:33.429","6","07","76 12:52.074","3","0","0","0","36238","0","0","0","N","0","0","0","2","36238","0","","1","01","N","N","1","","1","0","0","0","0","Y","2151","1","2","0","0","0","0","0","3","0","2","N","","","","","","","","","","","","03","  ","","",""
"1819","1","0","0","0","0","0","0","0","0","7","0","","36","12","2016","2016132974","3","40.13","-76.4943","1810","08","0","0","1","0","0","0","0","0","2","0","0","0","99","2","2","00","2","40 07:47.903","3","00","76 29:39.564","4","0","0","0","36230","0","0","0","N","0","0","0","3","36410","1","","2","09","N","N","0","","0","0","0","0","0","N","9999","2","1","0","0","0","1","0","1","0","1","N","","","","","","","","","","","","07","  ","","",""
"0804","1","0","0","1","0","0","0","0","0","5","0","","36","12","2016","2016133073","6","40.0376","-76.3085","0757","08","0","0","0","0","0","0","0","0","1","0","0","0","07","1","1","00","1","40 02:15.264","1","00","76 18:30.472","3","0","0","0","36301","1","0","0","N","0","0","0","2","36301","0","","1","01","N","N","0","","1","0","0","3","2","N","0757","1","2","0","0","0","0","1","3","0","1","N","","","","","","","","","","","","03","  ","","",""
"1725","0","0","0","0","0","0","0","0","0","1","0","","36","12","2016","2016133092","3","40.1101","-76.4771","1724","08","0","0","0","0","0","2","0","0","","0","0","0","17","3","0","00","0","40 06:36.193","","00","76 28:37.609","0","0","0","0","36413","0","0","0","N","0","0","0","2","36413","0","","1","01","N","N","0","","0","0","2","0","0","","1724","0","2","0","0","0","0","0","2","0","2","N","","","","","","","","","","","","03","  ","","",""
"1610","0","0","0","0","0","0","0","0","0","8","0","","36","12","2016","2016133106","3","40.0323","-76.3147","1605","08","0","0","0","0","1","0","0","0","1","0","0","0","16","1","1","00","2","40 01:56.420","3","00","76 18:52.902","3","0","0","0","36301","1","0","0","N","1","0","0","2","36301","0","","1","01","N","N","0","","1","0","1","0","0","N","1605","1","2","0","0","0","0","0","3","0","1","N","","","","","","","","","","","","03","  ","","",""
"1752","2","0","0","0","0","0","0","0","0","1","0","","36","12","2016","2016133112","2","40.1388","-76.3016","1742","08","0","0","0","0","0","0","0","0","1","0","0","0","17","3","0","00","1","40 08:19.600","4","00","76 18:05.600","0","0","0","0","36235","0","0","0","","0","0","0","4","36506","0","","1","01","N","N","0","","0","0","0","0","0","N","1742","0","2","0","0","0","0","0","1","0","2","N","","","","","","","","","","","","03","  ","","",""
"1648","1","0","0","0","0","0","0","0","0","1","0","","36","12","2016","2016133131","5","40.0747","-76.3085","1641","08","0","0","0","0","0","0","0","0","2","0","0","0","16","1","0","00","1","40 04:28.895","1","00","76 18:30.653","9","0","0","0","36101","0","0","0","N","0","0","0","2","36101","0","","1","01","N","N","0","","0","0","1","0","0","N","1640","0","2","0","0","0","0","1","3","0","2","N","","","","","","","","","","","","03","  ","","",""
"0810","2","0","0","0","0","0","0","0","0","1","0","","36","12","2016","2016133134","3","40.0854","-76.3303","0757","08","0","0","0","0","0","0","0","0","","0","0","0","00","2","0","00","0","40 05:07.300","","00","76 19:48.900","0","0","0","0","36101","0","0","0","N","0","0","0","1","36101","0","","6","01","N","N","0","","0","0","0","0","0","","0030","0","2","0","0","0","0","0","3","0","2","N","","","","","","","","","","","","03","  ","","",""
"1751","1","0","0","0","0","0","0","0","0","1","0","","36","12","2016","2016133145","3","40.061","-76.3212","1741","08","0","0","0","0","0","0","0","0","2","0","0","0","17","3","0","00","1","40 03:39.639","1","00","76 19:16.258","0","0","0","0","36301","0","0","0","N","0","0","0","2","36301","0","","1","01","N","N","0","","0","0","1","0","0","Y","1731","0","2","0","0","0","0","0","3","0","2","N","","","","","","","","","","","","03","  ","","",""
"1312","3","0","0","0","0","0","0","0","0","4","0","","36","12","2016","2016133149","6","40.0528","-76.3022","1300","08","0","0","0","0","0","0","0","0","","0","0","0","12","1","0","00","0","40 03:09.999","","00","76 18:07.877","0","0","0","0","36301","0","0","0","N","0","0","0","1","36301","0","","6","01","N","N","0","","0","0","0","0","0","","1240","0","4","0","0","0","0","0","3","0","3","N","","","","","","","","","","","","03","  ","","",""
"2010","2","0","0","0","0","0","0","0","0","4","0","","36","12","2016","2016133158","5","39.9963","-76.2427","2009","08","0","0","0","0","0","0","1","0","2","0","0","0","20","3","2","02","2","39 59:46.847","7","00","76 14:33.630","4","0","0","0","36240","0","0","0","N","0","0","0","3","36240","2","","1","09","N","N","0","","0","0","0","0","0","Y","2007","2","2","0","0","0","0","0","1","0","2","N","","","","","","","","","","","","03","  ","","",""
"0659","1","0","0","0","0","0","0","0","0","4","0","","36","12","2016","2016133194","6","40.0087","-76.343","0652","08","0","0","0","0","0","0","1","0","2","0","0","0","06","5","1","01","1","40 00:31.485","7","00","76 20:34.745","3","0","0","0","36412","0","0","0","N","0","0","0","2","36412","0","","1","01","N","N","0","","1","0","1","3","2","Y","0652","1","2","0","0","0","0","0","3","0","2","N","","","","","","","","","","","","03","  ","","",""
"2018","0","0","0","0","0","0","0","0","0","1","0","","36","09","2016","2016133259","5","39.9288","-76.1861","2003","08","0","0","0","0","0","0","0","0","","0","0","1","20","2","2","00","0","39 55:43.790","","00","76 11:09.870","8","0","0","0","36233","2","0","0","","0","0","0","3","68J01","0","","1","01","N","N","1","","0","0","0","0","0","","2002","2","2","0","0","0","2","0","1","0","1","N","","","","","","","","","","","","03","  ","","",""
"2152","1","0","0","0","0","0","0","0","0","7","0","","36","09","2016","2016133261","2","39.812","-76.2319","2150","08","0","0","0","0","1","0","0","0","","0","0","0","21","2","1","00","0","39 48:43.310","","00","76 13:54.940","8","0","0","0","36208","0","0","0","","0","0","0","2","68J01","0","","4","01","N","N","0","","0","0","0","0","0","","2143","1","1","0","0","1","1","0","1","0","1","N","","","","","","","","","","","","03","  ","","",""
"1734","0","0","0","0","0","0","0","0","0","1","0","","36","12","2016","2016133349","6","40.2016","-76.1149","1725","08","0","0","0","0","0","0","0","0","2","0","0","0","17","3","0","00","1","40 12:05.873","4","00","76 06:53.747","0","0","0","0","36210","0","0","0","N","0","0","0","2","36210","0","","1","01","N","N","1","","0","0","1","0","0","N","1723","0","2","0","0","0","0","0","1","0","2","N","","","","","","","","","","","","03","  ","","",""
"1759","1","0","0","0","0","0","0","0","0","1","0","","36","12","2016","2016133382","6","40.093","-76.1172","1750","08","0","0","0","0","0","0","0","0","1","0","0","0","17","2","0","00","1","40 05:34.825","6","07","76 07:01.913","0","0","0","0","36209","0","0","0","N","0","0","0","3","36415","0","","1","01","N","N","0","","0","0","1","0","0","N","1750","0","2","0","0","0","0","0","1","0","2","N","","","","","","","","","","","","03","  ","","",""
"2123","0","0","0","0","0","0","0","0","0","4","0","","36","12","2016","2016133387","2","40.214","-76.1583","2116","08","0","0","0","0","0","2","0","0","2","0","0","0","21","3","1","01","2","40 12:50.259","4","00","76 09:29.735","4","0","0","0","36236","0","0","0","N","0","0","0","2","36408","1","","1","01","N","N","0","","0","0","2","3","3","Y","2108","1","2","0","0","0","0","0","1","0","2","N","","","","","","","","","","","","03","  ","","",""
"2317","2","0","0","0","0","0","0","0","0","1","0","","36","12","2016","2016133404","2","40.0372","-76.3124","2314","08","0","0","0","0","0","0","0","0","","0","0","0","23","3","1","00","0","40 02:14.064","","00","76 18:44.679","8","0","0","0","36301","0","0","0","N","0","0","0","1","36301","0","","6","01","N","N","0","","0","0","1","0","0","","2313","1","3","0","0","0","1","0","3","0","3","N","","","","","","","","","","","","03","  ","","",""
"1543","2","0","0","0","0","0","0","0","0","4","0","","36","12","2016","2016133463","3","40.1233","-76.3753","1539","08","0","0","0","0","0","0","1","1","2","0","0","0","15","1","0","01","2","40 07:23.702","2","00","76 22:31.147","0","0","0","0","36214","0","0","0","","0","0","0","3","36214","0","","1","01","N","N","0","","0","0","0","0","0","N","1535","0","2","0","0","0","0","0","3","0","2","N","","","","","","","","","","","","03","  ","","",""
"1526","2","0","0","0","0","0","0","0","0","4","0","","36","12","2016","2016133507","6","40.0601","-76.32","1518","08","0","0","0","0","1","0","0","0","2","0","0","0","15","1","0","01","1","40 03:36.187","1","00","76 19:12.147","0","0","0","0","36301","0","0","0","N","0","0","0","2","36301","0","","1","01","N","N","0","","0","0","0","3","2","N","1513","0","2","0","0","0","0","0","3","0","2","N","","","","","","","","","","","","03","  ","","",""
"1441","0","0","0","0","0","0","0","0","0","0","0","","36","12","2016","2016133523","2","40.2442","-76.1936","1435","08","0","0","0","0","0","0","0","0","2","0","0","0","14","1","1","02","1","40 14:39.286","6","00","76 11:36.846","3","0","0","0","36236","0","0","0","N","0","0","0","1","36408","0","","1","01","N","N","1","","1","0","0","3","3","Y","1435","1","2","0","0","0","0","0","1","0","1","N","","","","","","","","","","","","03","  ","","",""
"1721","2","0","0","0","0","0","0","0","0","1","0","","36","12","2016","2016133527","2","40.0442","-76.3069","1709","08","0","0","0","0","1","0","0","0","","0","0","0","17","3","1","00","0","40 02:39.012","","00","76 18:24.723","4","0","0","0","36301","0","0","0","N","0","0","0","3","36301","1","","1","01","N","N","0","","0","0","0","0","0","","1706","1","2","0","0","0","0","0","3","0","2","N","","","","","","","","","","","","03","  ","","",""
"1216","1","0","0","0","0","0","0","0","0","1","0","","36","12","2016","2016133537","6","40.1941","-76.1731","1213","08","0","0","0","0","0","2","0","0","1","0","0","0","12","1","0","00","1","40 11:38.809","2","07","76 10:23.329","0","0","0","0","36218","0","0","0","N","0","0","0","3","36408","0","","1","01","N","N","0","","0","0","1","3","2","N","1213","0","2","0","0","0","0","0","1","0","2","N","","","","","","","","","","","","03","  ","","",""
"0915","0","0","0","0","0","0","0","0","0","7","0","","36","12","2016","2016133559","3","40.0317","-76.4944","0910","08","0","0","0","0","0","0","1","0","1","0","0","0","09","1","0","00","1","40 01:54.000","4","00","76 29:39.700","0","0","0","0","36404","0","0","0","N","0","0","0","1","36404","0","","4","01","N","N","0","","0","0","1","0","0","N","0910","0","1","0","0","0","0","0","3","0","1","N","","","","","","","","","","","","03","  ","","",""
"0936","0","0","0","0","0","0","0","0","0","7","0","","36","12","2016","2016133597","7","40.0805","-76.3478","0919","08","0","0","0","0","0","0","0","0","1","0","0","0","09","1","0","00","2","40 04:49.752","3","00","76 20:52.048","0","0","0","0","36101","0","0","0","N","0","0","0","1","36101","0","","3","06","N","N","0","","0","0","0","0","0","N","0917","0","1","0","0","0","0","0","3","1","1","N","","","","","","","","","","","","10","  ","","",""
"1145","0","0","0","0","0","0","0","0","0","7","0","","36","12","2016","2016133623","7","40.1443","-76.644","1134","08","0","0","0","0","1","0","0","0","1","0","0","0","11","1","0","00","2","40 08:39.562","5","00","76 38:38.280","0","0","0","0","36237","0","0","0","N","0","0","0","1","36505","0","","4","07","N","N","1","","0","0","0","0","0","Y","1130","0","1","0","0","0","0","0","1","0","1","N","","","","","","","","","","","","10","  ","","",""
"1609","2","0","0","0","0","0","0","0","0","7","0","","36","12","2016","2016133689","7","40.1792","-76.1825","1606","08","0","1","0","0","0","0","0","0","","0","0","0","16","1","0","00","0","40 10:45.206","","00","76 10:57.072","0","0","0","0","36408","0","0","0","N","0","0","0","3","36408","0","","4","02","N","N","0","","0","0","0","0","0","","1604","0","2","0","0","0","0","0","2","0","2","N","","","","","","","","","","","","10","  ","","",""
"0826","0","0","0","0","0","0","0","0","0","4","0","","36","12","2016","2016133694","6","40.1184","-76.5835","0825","08","0","0","0","0","0","1","0","0","","0","0","0","08","1","1","01","0","40 07:06.128","","00","76 35:00.456","3","0","0","0","36237","0","0","0","N","0","0","0","2","36505","0","","1","01","N","N","0","","1","0","2","3","3","","0820","1","2","0","0","0","0","0","1","0","2","N","","","","","","","","","","","","03","  ","","",""
"1019","0","0","0","0","0","0","0","0","0","7","0","","36","12","2016","2016133704","7","40.2031","-76.1191","1010","08","0","0","0","0","0","0","0","0","","0","0","0","10","1","0","00","0","40 12:11.256","","00","76 07:08.691","0","0","0","0","36210","0","0","0","N","0","0","0","2","36210","0","","4","02","N","N","0","","0","0","1","0","0","","1008","0","1","0","0","0","0","0","1","0","1","N","","","","","","","","","","","","10","  ","","",""
"1042","1","0","0","0","0","0","0","0","0","7","0","","36","12","2016","2016133713","7","40.182","-76.2812","1027","08","0","0","1","0","0","0","0","0","9","0","0","0","10","1","0","00","2","40 10:55.100","6","00","76 16:52.200","0","0","0","0","36235","0","0","0","","0","0","0","1","36506","0","","4","02","N","N","0","","0","0","0","0","0","Y","1027","0","1","0","0","0","0","0","1","0","1","N","","","","","","","","","","","","10","  ","","",""
"1239","1","0","0","0","0","0","0","0","0","7","0","","36","12","2016","2016133714","7","40.1795","-76.3092","1239","08","0","0","1","0","0","0","0","0","1","0","0","0","12","1","0","00","1","40 10:46.211","2","00","76 18:33.194","0","0","0","0","36235","0","0","0","","0","0","0","1","36506","0","","5","02","N","N","0","","0","0","0","0","0","N","1239","0","1","0","0","0","0","0","1","0","1","N","","","","","","","","","","","","10","  ","","",""
"0939","2","0","0","0","0","0","0","0","0","0","1","","36","12","2016","2016133728","6","40.2386","-76.2626","0912","08","0","0","0","0","0","1","0","0","","0","1","0","09","1","0","00","0","40 14:19.132","","00","76 15:43.838","0","0","0","0","36204","0","0","0","","0","0","0","4","68T06","0","","1","01","N","N","1","","0","0","0","0","0","","0912","0","4","0","0","0","0","0","1","0","4","N","","","","","","","","","","","","03","  ","","",""
"1953","1","0","0","0","0","0","0","0","0","7","0","","36","12","2016","2016133801","7","40.2167","-76.1316","1949","08","0","0","0","0","0","0","0","0","","0","0","0","19","2","0","00","0","40 13:00.047","","00","76 07:53.853","0","0","0","0","36210","0","0","0","N","0","0","0","1","36210","0","","4","06","N","N","0","","0","0","0","0","0","","1945","0","1","0","0","0","0","0","1","0","1","N","","","","","","","","","","","","10","  ","","",""
"2327","1","0","0","0","0","0","0","0","0","7","0","","36","12","2016","2016133820","5","40.0369","-76.301","2325","08","0","0","0","0","0","0","0","0","2","0","0","0","23","3","1","01","1","40 02:12.665","3","00","76 18:03.767","3","0","0","0","36301","0","0","0","N","0","0","0","1","36301","0","","5","01","N","N","0","","1","0","0","0","0","Y","2324","1","1","0","0","0","0","0","3","0","1","N","","","","","","","","","","","","03","  ","","",""
"0003","2","0","0","0","0","0","0","0","0","7","0","","36","12","2016","2016133826","1","40.174","-76.1761","0001","08","0","1","0","1","0","0","0","0","","0","0","0","00","3","0","00","0","40 10:26.400","","00","76 10:34.100","0","0","0","0","36408","0","0","0","N","0","0","0","2","36408","0","","2","06","N","N","0","","0","0","0","0","0","","0000","0","2","0","0","0","0","0","2","0","2","N","","","","","","","","","","","","10","  ","","",""
"1159","1","0","0","0","0","0","0","0","0","4","0","","36","12","2016","2016133856","7","40.0561","-76.2579","1153","08","0","0","0","0","0","2","0","0","","0","0","0","11","1","1","02","0","40 03:22.125","","00","76 15:28.450","4","0","0","0","36215","0","0","0","N","0","0","0","4","36215","1","","1","06","N","N","0","","0","0","1","3","3","","1150","1","2","0","0","0","0","0","1","0","2","N","","","","","","","","","","","","10","  ","","",""
"0903","1","0","0","0","0","0","0","0","0","7","0","","36","11","2016","2016133859","7","40.078","-76.6513","0901","08","0","0","0","0","0","0","0","0","3","0","0","0","08","2","1","00","1","40 04:40.906","1","00","76 39:04.531","8","0","0","0","36207","0","0","0","","0","0","0","1","36504","0","","4","01","","","0","","0","0","0","0","0","N","0859","1","1","0","0","1","1","0","1","0","1","N","","","","","","","","","","","","03","  ","","",""
"1217","1","0","0","0","0","0","0","0","0","5","1","","36","12","2016","2016133863","2","40.1628","-76.1499","1213","08","0","0","0","0","0","2","0","0","","0","1","0","12","1","0","01","0","40 09:46.140","","00","76 08:59.472","0","0","0","0","36218","0","0","0","N","0","0","0","2","36408","0","","1","01","N","N","0","","0","0","0","3","2","","1213","0","2","0","0","0","0","0","1","0","2","N","","","","","","","","","","","","03","  ","","",""
"0837","2","0","0","0","0","0","0","0","0","4","0","","36","12","2016","2016133873","1","40.037","-76.3147","0830","08","0","0","0","0","0","0","2","0","","0","0","0","08","1","0","01","0","40 02:13.183","","00","76 18:53.043","0","0","0","0","36301","0","0","0","N","0","0","0","2","36301","0","","1","09","N","N","0","","0","0","0","3","3","","0828","0","2","0","0","0","0","0","3","0","2","N","","","","","","","","","","","","07","  ","","",""
"1036","1","0","0","0","0","0","0","0","0","7","0","","36","12","2016","2016133876","7","40.0538","-76.5207","1032","08","0","0","0","0","0","0","0","0","2","0","0","0","10","1","0","00","2","40 03:13.701","5","00","76 31:14.364","0","0","0","0","36239","0","0","0","N","0","0","0","1","36239","0","","4","02","N","N","0","","0","0","0","0","0","Y","1027","0","1","0","0","0","0","0","3","0","1","N","","","","","","","","","","","","10","  ","","",""
"1224","1","0","0","0","0","0","0","0","0","7","0","","36","12","2016","2016133880","7","40.102","-76.4379","1211","08","0","0","1","0","0","0","0","0","2","0","0","0","12","1","0","00","1","40 06:07.045","6","00","76 26:16.573","0","0","0","0","36239","0","0","0","N","0","0","0","3","36239","0","","4","02","N","N","0","","0","0","0","0","0","N","1208","0","1","0","0","0","0","0","3","0","1","N","","","","","","","","","","","","10","  ","","",""
"0815","1","0","0","0","0","0","0","0","0","7","0","","36","12","2016","2016133888","7","40.0472","-76.4843","0759","08","0","0","0","0","0","0","0","0","","0","0","0","03","2","0","00","0","40 02:49.815","","00","76 29:03.516","9","0","0","0","36239","0","0","0","N","0","0","0","2","36239","0","","5","02","N","N","0","","0","0","0","0","0","","0345","0","1","0","0","0","0","2","3","0","1","N","","","","","","","","","","","","10","  ","","",""
"0901","1","0","0","0","0","0","0","0","0","7","0","","36","12","2016","2016133899","7","40.1299","-76.4422","0858","08","0","0","0","0","0","0","0","0","1","0","0","0","08","1","0","00","2","40 07:47.766","6","00","76 26:31.894","0","0","0","0","36230","0","0","0","N","0","0","0","1","36410","0","","4","02","N","N","0","","0","0","0","0","0","N","0856","0","1","0","0","0","0","0","1","0","1","N","","","","","","","","","","","","10","  ","","",""
"1407","0","0","0","0","0","0","0","0","0","7","0","","36","12","2016","2016133905","7","40.0881","-76.3149","1403","08","0","1","0","0","0","0","0","0","2","0","0","0","14","1","2","00","2","40 05:17.292","6","00","76 18:53.501","4","0","0","0","36101","0","0","0","N","0","0","0","2","36101","2","","4","07","N","N","0","","0","0","1","0","0","Y","1400","2","1","0","0","0","0","0","3","0","1","N","","","","","","","","","","","","07","  ","","",""
"0706","0","0","0","0","0","0","0","0","0","2","0","","36","12","2016","2016133915","1","40.2076","-76.1409","0702","08","0","0","0","0","0","1","0","0","1","0","0","0","06","5","0","00","1","40 12:27.477","5","00","76 08:27.217","0","0","0","0","36210","0","0","0","N","0","0","0","2","36210","0","","1","09","N","N","1","","0","0","0","0","0","N","0659","0","2","0","0","0","0","0","1","1","2","N","","","","","","","","","","","","07","  ","","",""
"1206","1","0","0","0","0","0","0","0","0","4","0","","36","12","2016","2016133917","1","40.033","-76.506","1203","08","0","0","0","0","0","1","0","0","1","0","0","0","11","1","0","01","1","40 01:58.979","2","00","76 30:21.554","0","0","0","0","36404","0","0","0","N","0","0","0","2","36404","0","","1","09","N","N","0","","0","0","1","3","3","Y","1159","0","2","0","0","0","0","0","3","0","2","N","","","","","","","","","","","","03","  ","","",""
"1700","1","0","0","0","0","0","0","0","0","4","0","","36","12","2016","2016133967","6","40.1128","-76.3965","1655","08","0","0","0","0","0","1","0","0","2","0","0","0","16","3","1","01","1","40 06:45.982","7","00","76 23:47.576","3","0","0","0","36214","0","0","0","","0","0","0","4","36214","0","","1","01","N","N","0","","1","0","1","3","3","N","1653","1","2","0","0","0","0","0","3","0","2","N","","","","","","","","","","","","03","  ","","",""
"1312","2","0","0","0","0","0","0","0","0","1","0","","36","12","2016","2016133968","3","40.1703","-76.3846","1309","08","0","0","0","0","0","1","0","0","","0","0","0","13","1","0","00","0","40 10:12.901","","00","76 23:04.464","0","0","0","0","36227","0","0","0","","0","0","0","2","36506","0","","1","01","N","N","0","","0","0","0","0","0","","1309","0","2","0","0","0","0","0","1","0","2","N","","","","","","","","","","","","03","  ","","",""