"ARRIVAL_TM","AUTOMOBILE_COUNT","BELTED_DEATH_COUNT","BELTED_SUSP_SERIOUS_INJ_COUNT","BICYCLE_COUNT","BICYCLE_DEATH_COUNT","BICYCLE_SUSP_SERIOUS_INJ_COUNT","BUS_COUNT","CHLDPAS_DEATH_COUNT","CHLDPAS_SUSP_SERIOUS_INJ_COUNT","COLLISION_TYPE","COMM_VEH_COUNT","CONS_ZONE_SPD_LIM","COUNTY","CRASH_MONTH","CRASH_YEAR","CRN","DAY_OF_WEEK","DEC_LAT","DEC_LONG","DISPATCH_TM","DISTRICT","DRIVER_COUNT_16YR","DRIVER_COUNT_17YR","DRIVER_COUNT_18YR","DRIVER_COUNT_19YR","DRIVER_COUNT_20YR","DRIVER_COUNT_50_64YR","DRIVER_COUNT_65_74YR","DRIVER_COUNT_75PLUS","EST_HRS_CLOSED","FATAL_COUNT","HEAVY_TRUCK_COUNT","HORSE_BUGGY_COUNT","HOUR_OF_DAY","ILLUMINATION","INJURY_COUNT","INTERSECT_TYPE","LANE_CLOSED","LATITUDE","LN_CLOSE_DIR","LOCATION_TYPE","LONGITUDE","MAX_SEVERITY_LEVEL","MCYCLE_DEATH_COUNT","MCYCLE_SUSP_SERIOUS_INJ_COUNT","MOTORCYCLE_COUNT","MUNICIPALITY","NONMOTR_COUNT","NONMOTR_DEATH_COUNT","NONMOTR_SUSP_SERIOUS_INJ_COUNT","NTFY_HIWY_MAINT","PED_COUNT","PED_DEATH_COUNT","PED_SUSP_SERIOUS_INJ_COUNT","PERSON_COUNT","POLICE_AGCY","POSSIBLE_INJ_COUNT","RDWY_SURF_TYPE_CD","RELATION_TO_ROAD","ROAD_CONDITION","SCH_BUS_IND","SCH_ZONE_IND","SMALL_TRUCK_COUNT","SPEC_JURIS_CD","SUSP_MINOR_INJ_COUNT","SUSP_SERIOUS_INJ_COUNT","SUV_COUNT","TCD_FUNC_CD","TCD_TYPE","TFC_DETOUR_IND","TIME_OF_DAY","TOT_INJ_COUNT","TOTAL_UNITS","UNB_DEATH_COUNT","UNB_SUSP_SERIOUS_INJ_COUNT","UNBELTED_OCC_COUNT","UNK_INJ_DEG_COUNT","UNK_INJ_PER_COUNT","URBAN_RURAL","VAN_COUNT","VEHICLE_COUNT","WORK_ZONE_IND","WORK_ZONE_LOC","WORK_ZONE_TYPE","WORKERS_PRES","WZ_CLOSE_DETOUR","WZ_FLAGGER","WZ_LAW_OFFCR_IND","WZ_LN_CLOSURE","WZ_MOVING","WZ_OTHER","WZ_SHLDER_MDN","ROADWAY_CLEARED","WEATHER1","WEATHER2","WZ_WORKERS_INJ_KILLED","SECONDARY_CRASH","INTERSECTION_RELATED"
"1444","1","0","0","0","0","0","0","0","0","4","0","","36","12","2016","2016133969","6","40.1269","-76.3792","1436","08","0","0","0","0","0","0","1","0","2","0","0","0","14","1","1","00","2","40 07:36.903","5","00","76 22:45.296","3","0","0","0","36227","0","0","0","","0","0","0","2","36506","0","","1","01","N","N","1","","1","0","0","0","0","Y","1436","1","2","0","0","0","0","0","1","0","2","N","","","","","","","","","","","","03","  ","","",""
"0725","0","0","0","0","0","0","0","0","0","7","0","","36","12","2016","2016133975","1","40.1228","-76.023","0709","08","0","0","0","0","0","0","0","0","","0","0","0","04","2","0","02","0","40 07:22.117","","00","76 01:22.865","0","0","0","0","36213","0","0","0","N","0","0","0","1","36213","0","","2","09","N","N","1","","0","0","0","3","3","","0400","0","1","0","0","0","0","0","1","0","1","N","","","","","","","","","","","","03","  ","","",""
"1214","1","0","0","0","0","0","0","0","0","7","0","","36","12","2016","2016134098","7","40.0614","-76.3596","1202","08","0","0","0","0","0","0","0","0","1","0","0","0","12","1","0","07","2","40 03:41.062","4","00","76 21:34.601","0","0","0","0","36214","0","0","0","","0","0","0","1","36214","0","","4","02","N","N","0","","0","0","0","0","0","N","1200","0","1","0","0","0","0","0","3","0","1","N","","","","","","","","","","","","10","  ","","",""
"0426","1","0","0","0","0","0","0","0","0","9","0","","36","12","2016","2016134139","1","40.0461","-76.4177","0415","08","0","0","0","0","0","0","0","0","","0","0","0","04","2","0","00","0","40 02:45.905","","00","76 25:03.826","0","0","0","0","36239","0","0","0","N","0","0","0","1","36239","0","","1","01","N","N","0","","0","0","0","0","0","","0403","0","1","0","0","0","0","0","3","0","1","N","","","","","","","","","","","","03","  ","","",""
"1758","1","0","0","0","0","0","0","0","0","4","0","","36","12","2016","2016134151","5","39.993","-76.2753","1751","08","0","0","0","0","0","0","0","0","","0","0","0","17","3","0","01","0","39 59:34.623","","00","76 16:30.907","0","0","0","0","36240","0","0","0","N","0","0","0","4","36240","0","","1","01","N","N","0","","0","0","0","3","3","","1745","0","2","0","0","1","0","0","1","1","2","N","","","","","","","","","","","","03","  ","","",""
"1900","1","0","0","0","0","0","0","0","0","7","0","","36","12","2016","2016134183","3","40.0906","-76.4725","1855","08","1","0","0","0","0","0","0","0","2","0","0","0","18","2","1","00","1","40 05:25.994","3","00","76 28:21.046","4","0","0","0","36230","0","0","0","N","0","0","0","2","36410","1","","5","01","N","N","0","","0","0","0","0","0","N","1850","1","1","0","0","0","0","0","1","0","1","N","","","","","","","","","","","","03","  ","","",""
"2022","2","0","0","0","0","0","0","0","0","4","0","","36","12","2016","2016134184","1","40.1799","-76.1829","2020","08","0","0","0","0","0","1","0","0","","0","0","0","19","3","0","01","0","40 10:47.722","","00","76 10:58.605","0","0","0","0","36408","0","0","0","N","0","0","0","3","36408","0","","1","01","N","N","0","","0","0","0","3","3","","1957","0","2","0","0","0","0","0","2","0","2","N","","","","","","","","","","","","03","  ","","",""
"0556","0","0","0","0","0","0","0","0","0","7","0","","36","12","2016","2016134211","7","40.068","-76.2976","0542","08","0","0","0","0","0","0","0","0","1","0","0","0","05","3","0","00","1","40 04:04.953","4","00","76 17:51.340","0","0","0","0","36101","0","0","0","N","0","0","0","1","36101","0","","3","07","N","N","1","","0","0","0","0","0","N","0540","0","1","0","0","0","0","0","3","0","1","N","","","","","","","","","","","","10","  ","","",""
"1830","2","0","0","0","0","0","0","0","0","4","0","","36","12","2016","2016134499","4","39.9941","-76.3201","1818","08","0","0","0","0","0","1","0","0","2","0","0","0","18","2","0","02","1","39 59:38.608","5","00","76 19:12.358","0","0","0","0","36228","0","0","0","N","0","0","0","2","36503","0","","1","01","N","N","0","","0","0","0","3","3","N","1815","0","2","0","0","0","0","0","1","0","2","N","","","","","","","","","","","","03","  ","","",""
"1717","2","0","0","0","0","0","0","0","0","4","0","","36","12","2016","2016134521","3","40.1559","-76.3435","1705","08","0","0","0","0","0","0","0","1","","0","0","0","17","2","0","01","0","40 09:21.374","","00","76 20:36.774","0","0","0","0","36227","0","0","0","","0","0","0","2","36506","0","","1","01","N","N","0","","0","0","0","3","3","","1705","0","2","0","0","0","0","0","1","0","2","N","","","","","","","","","","","","03","  ","","",""
"1216","1","0","0","0","0","0","0","0","0","4","0","","36","12","2016","2016134522","5","40.1732","-76.3772","1214","08","0","0","0","0","0","1","0","0","1","0","0","0","12","1","0","02","1","40 10:23.502","1","00","76 22:37.897","0","0","0","0","36227","0","0","0","","0","0","0","3","36506","0","","1","01","N","N","0","","0","0","0","0","0","N","1214","0","2","0","0","0","0","0","1","1","2","N","","","","","","","","","","","","03","  ","","",""
"2245","1","0","0","0","0","0","0","0","0","7","0","","36","12","2016","2016134523","5","40.2052","-76.3922","2244","08","0","0","0","0","0","0","0","1","","0","0","0","22","2","0","02","0","40 12:18.726","","00","76 23:31.782","0","0","0","0","36227","0","0","0","","0","0","0","1","36506","0","","4","01","N","N","0","","0","0","0","0","0","","2244","0","1","0","0","0","0","0","1","0","1","N","","","","","","","","","","","","03","  ","","",""
"1843","1","0","0","0","0","0","0","0","0","1","0","","36","12","2016","2016134732","2","40.0679","-76.2958","1831","08","0","0","0","0","0","0","0","0","1","0","1","0","18","3","0","00","1","40 04:04.569","3","00","76 17:44.976","0","0","0","0","36101","0","0","0","N","0","0","0","5","36101","0","","1","01","N","N","0","","0","0","0","0","0","N","1813","0","2","0","0","0","0","0","3","0","2","N","","","","","","","","","","","","03","  ","","",""
"1805","1","0","0","0","0","0","0","0","0","1","0","","36","12","2016","2016134761","2","40.0489","-76.3627","1801","08","0","0","0","0","0","2","0","0","1","0","0","0","17","3","3","00","1","40 02:55.889","1","00","76 21:45.766","4","0","0","0","36214","0","0","0","N","0","0","0","3","36214","3","","1","01","N","N","1","","0","0","0","0","0","Y","1757","3","3","0","0","0","0","0","3","1","3","N","","","","","","","","","","","","03","  ","","",""
"1748","1","0","0","0","0","0","0","0","0","4","0","","36","12","2016","2016134784","5","40.009","-76.3424","1744","08","0","0","0","0","0","0","1","0","2","0","0","0","17","3","1","00","2","40 00:32.491","4","00","76 20:32.714","4","0","0","0","36412","0","0","0","N","0","0","0","3","36412","1","","1","01","N","N","0","","0","0","1","3","2","Y","1740","1","2","0","0","0","0","0","3","0","2","N","","","","","","","","","","","","03","  ","","",""
"1733","2","0","0","0","0","0","0","0","0","4","0","","36","12","2016","2016134791","6","40.0615","-76.3133","1725","08","0","0","0","0","0","1","0","1","","0","0","0","17","3","0","02","0","40 03:41.238","","00","76 18:48.148","0","0","0","0","36101","0","0","0","N","0","0","0","2","36101","0","","1","01","N","N","0","","0","0","0","0","0","","1723","0","2","0","0","0","0","0","3","0","2","N","","","","","","","","","","","","03","  ","","",""
"1727","0","0","0","0","0","0","0","0","0","7","0","","36","12","2016","2016134794","3","40.0842","-76.6234","1723","08","0","0","0","0","0","0","0","0","","0","0","0","17","2","0","02","0","40 05:03.275","","00","76 37:24.120","0","0","0","0","36207","0","0","0","N","0","0","0","2","36504","0","","5","01","N","N","0","","0","0","1","0","0","","1715","0","1","0","0","0","0","0","1","0","1","N","","","","","","","","","","","","03","  ","","",""
"1522","3","0","0","0","0","0","0","0","0","1","0","","36","12","2016","2016134797","2","40.0567","-76.5274","1515","08","0","0","0","1","0","0","1","0","2","0","0","0","15","1","0","02","2","40 03:24.057","5","00","76 31:38.546","0","0","0","0","36211","0","0","0","N","0","0","0","3","36504","0","","1","01","N","N","0","","0","0","0","0","0","Y","1510","0","3","0","0","0","0","0","1","0","3","N","","","","","","","","","","","","03","  ","","",""
"2005","1","0","0","0","0","0","0","0","0","7","0","","36","12","2016","2016134802","6","40.103","-76.5608","2002","08","0","0","0","0","1","0","0","0","3","0","0","0","19","2","3","00","2","40 06:10.727","5","00","76 33:38.825","3","0","0","0","36211","0","0","0","N","0","0","0","3","36504","0","","5","01","N","N","0","","1","0","0","0","0","Y","1959","3","1","0","0","0","2","0","1","0","1","N","","","","","","","","","","","","03","  ","","",""
"2335","1","0","0","0","0","0","0","0","0","4","0","","36","12","2016","2016134810","5","40.0414","-76.3203","2329","08","0","0","1","0","0","1","0","0","1","0","0","0","23","3","1","01","1","40 02:29.050","4","00","76 19:13.195","4","0","0","0","36301","0","0","0","","0","0","0","3","36301","1","","1","01","","","0","","0","0","1","3","2","N","2327","1","2","0","0","0","0","0","3","0","2","N","","","","","","","","","","","","03","  ","","",""
"2237","2","0","0","0","0","0","0","0","0","5","0","","36","12","2016","2016134815","2","40.0372","-76.3279","2235","08","0","0","0","0","0","0","0","0","","0","0","0","22","2","0","00","0","40 02:13.800","","00","76 19:40.300","0","0","0","0","36220","0","0","0","N","0","0","0","1","36101","0","","6","01","N","N","0","","0","0","0","0","0","","2235","0","2","0","0","0","0","0","3","0","2","N","","","","","","","","","","","","03","  ","","",""
"2212","1","0","0","0","0","0","0","0","0","7","0","","36","12","2016","2016134817","2","40.0619","-76.4988","2159","08","0","1","0","0","0","0","0","0","2","0","0","0","21","2","0","01","1","40 03:42.752","2","00","76 29:55.590","0","0","0","0","36239","0","0","0","N","0","0","0","1","36239","0","","1","98","N","N","0","","0","0","0","0","0","N","2159","0","1","0","0","0","0","0","3","0","1","N","","","","","","","","","","","","03","  ","","",""
"1321","0","0","0","0","0","0","0","0","0","8","0","","36","12","2016","2016134858","5","40.1098","-76.4798","1311","08","0","0","0","0","0","0","1","0","2","0","0","0","13","1","1","10","2","40 06:35.270","7","07","76 28:47.275","8","0","0","0","36230","1","0","0","","1","0","0","2","36410","0","","1","01","N","N","0","","0","0","1","0","0","Y","1311","1","2","0","0","0","1","0","1","0","1","N","","","","","","","","","","","","03","  ","","",""
"0718","0","0","0","0","0","0","0","0","0","5","2","","36","12","2016","2016134859","2","40.1586","-76.3896","0717","08","0","0","0","0","0","0","0","1","","0","1","0","07","5","0","01","0","40 09:31.012","","00","76 23:22.387","0","0","0","0","36410","0","0","0","","0","0","0","2","36410","0","","1","09","N","N","0","","0","0","0","3","2","","0717","0","2","0","0","0","0","0","2","1","2","N","","","","","","","","","","","","07","  ","","",""
"1120","1","0","0","0","0","0","0","0","0","4","1","","36","12","2016","2016134860","2","40.1201","-76.4601","1111","08","0","0","0","0","0","0","0","0","","0","0","0","11","1","0","00","0","40 07:12.424","","00","76 27:36.258","0","0","0","0","36230","0","0","0","","0","0","0","1","36410","0","","5","01","N","N","0","","0","0","0","0","0","","1106","0","2","0","0","0","0","0","1","0","2","N","","","","","","","","","","","","03","  ","","",""
"0707","0","0","0","0","0","0","0","0","0","2","0","","36","12","2016","2016134861","3","40.123","-76.4194","0702","08","0","0","0","0","0","0","1","0","1","0","0","0","07","5","1","00","1","40 07:22.850","4","00","76 25:09.790","4","0","0","0","36230","0","0","0","","0","0","0","2","36410","1","","1","01","N","N","0","","0","0","0","0","0","N","0700","1","2","0","0","0","0","0","1","2","2","N","","","","","","","","","","","","03","  ","","",""
"1450","1","0","0","0","0","0","0","0","0","1","0","","36","12","2016","2016134862","6","40.1176","-76.4961","1437","08","0","0","0","0","0","1","1","0","2","0","0","0","14","1","0","02","2","40 07:03.202","3","00","76 29:46.099","0","0","0","0","36230","0","0","0","","0","0","0","2","36410","0","","1","01","Y","N","0","","0","0","1","3","8","N","1426","0","2","0","0","0","0","0","1","0","2","N","","","","","","","","","","","","03","  ","","",""
"2244","1","0","0","0","0","0","0","0","0","9","0","","36","12","2016","2016134863","6","40.1949","-76.4172","2240","08","0","0","1","0","0","0","0","0","","0","0","0","22","2","0","00","0","40 11:41.467","","00","76 25:02.057","0","0","0","0","36230","0","0","0","","0","0","0","1","36410","0","","1","01","N","N","0","","0","0","0","0","0","","2238","0","1","0","0","0","0","0","1","0","1","N","","","","","","","","","","","","03","  ","","",""
"0841","0","0","0","0","0","0","0","0","0","2","0","","36","12","2016","2016135039","3","40.1164","-76.5294","0840","08","0","0","0","0","0","0","0","0","","0","0","0","08","1","1","01","0","40 06:58.866","","00","76 31:45.953","3","0","0","0","36413","0","0","0","N","0","0","0","2","36413","0","","3","01","N","N","1","","1","0","1","3","3","","0840","1","2","0","0","0","0","0","2","0","2","N","","","","","","","","","","","","03","  ","","",""
"0753","1","0","0","0","0","0","0","0","0","1","0","","36","12","2016","2016135088","2","40.1654","-76.6077","0742","08","0","0","0","0","0","0","0","0","","0","0","0","07","1","0","01","0","40 09:56.274","","00","76 36:27.777","0","0","0","0","36225","0","0","0","N","0","0","0","2","36505","0","","1","01","N","N","0","","0","0","1","3","2","","0742","0","2","0","0","0","0","0","2","0","2","N","","","","","","","","","","","","03","  ","","",""
"1444","1","0","0","0","0","0","0","0","0","7","0","","36","12","2016","2016135098","3","40.0676","-76.288","1440","08","0","0","0","0","0","0","0","0","2","0","0","0","14","1","1","00","1","40 04:03.349","2","00","76 17:16.861","8","0","0","0","36101","0","0","0","Y","0","0","0","1","36101","0","","5","01","N","N","0","","0","0","0","0","0","N","1439","1","1","0","0","0","1","0","3","0","1","N","","","","","","","","","","","","03","  ","","",""
"1448","1","0","0","0","0","0","0","0","0","7","0","","36","12","2016","2016135131","4","40.1514","-76.188","1444","08","0","0","0","0","0","1","0","0","1","0","0","0","14","1","0","00","1","40 09:05.192","5","00","76 11:16.630","0","0","0","0","36238","0","0","0","N","0","0","0","1","36238","0","","4","01","N","N","0","","0","0","0","0","0","N","1443","0","1","0","0","0","0","0","3","0","1","N","","","","","","","","","","","","03","  ","","",""
"1233","0","0","0","0","0","0","0","0","0","7","0","","36","10","2016","2016135173","2","39.8603","-76.0886","1228","08","0","0","0","0","0","1","0","0","1","0","0","0","12","1","1","00","1","39 51:37.064","5","00","76 05:18.983","8","0","0","0","36205","0","0","0","","0","0","0","1","68J01","0","","5","01","N","N","0","","0","0","0","0","0","N","1228","1","1","0","0","0","1","0","1","1","1","N","","","","","","","","","","","","03","  ","","",""
"1823","1","0","0","0","0","0","0","0","0","7","0","","36","10","2016","2016135175","4","39.8839","-76.3202","1802","08","0","0","0","0","0","0","1","0","","0","0","0","18","2","1","00","0","39 53:02.218","","00","76 19:12.642","8","0","0","0","36224","0","0","0","","0","0","0","1","68J01","0","","4","01","N","N","0","","0","0","0","0","0","","1800","1","1","0","0","0","1","0","1","0","1","N","","","","","","","","","","","","03","  ","","",""
"0147","0","0","0","0","0","0","0","0","0","7","0","","36","11","2016","2016135180","7","39.884","-76.2819","0134","08","0","0","0","0","0","0","0","0","","0","0","0","01","2","0","00","0","39 53:02.401","","00","76 16:54.745","0","0","0","0","36224","0","0","0","","0","0","0","1","68J01","0","","2","01","N","N","1","","0","0","0","0","0","","0134","0","1","0","0","0","0","0","1","0","1","N","","","","","","","","","","","","03","  ","","",""
"1843","2","0","0","0","0","0","0","0","0","4","0","","36","11","2016","2016135187","1","39.9273","-76.3108","1826","08","0","0","0","0","0","1","0","0","1","0","0","0","18","2","1","00","2","39 55:38.205","6","07","76 18:38.860","8","0","0","0","36224","0","0","0","","0","0","0","4","68J01","0","","1","01","N","N","0","","0","0","0","0","0","N","1825","1","2","0","0","0","1","0","1","0","2","N","","","","","","","","","","","","03","  ","","",""
"1822","2","0","0","0","0","0","0","0","0","4","0","","36","12","2016","2016135206","7","39.9368","-76.2041","1814","08","0","0","0","0","0","0","0","0","2","0","0","0","18","2","3","02","2","39 56:12.597","1","00","76 12:14.824","3","0","0","0","36233","0","0","0","","0","0","0","3","68J01","0","","1","01","N","N","0","","3","0","0","0","0","Y","1814","3","2","0","0","0","0","0","1","0","2","N","","","","","","","","","","","","03","  ","","",""
"1735","0","0","0","0","0","0","0","0","0","9","0","","36","12","2016","2016135219","4","39.9761","-76.3198","1713","08","0","0","0","0","0","0","0","0","","0","0","0","17","2","0","00","0","39 58:34.132","","00","76 19:11.316","0","0","0","0","36228","0","0","0","","0","0","0","2","68J01","0","","1","01","N","N","0","","0","0","1","0","0","","1706","0","1","0","0","0","0","0","1","0","1","N","","","","","","","","","","","","03","  ","","",""
"1815","0","0","0","0","0","0","0","0","0","7","0","","36","12","2016","2016135222","4","39.9853","-76.2001","1808","08","0","1","0","0","0","0","0","0","2","0","0","0","18","2","1","00","1","39 59:07.050","1","00","76 12:00.400","3","0","0","0","36233","0","0","0","","0","0","0","1","68J01","0","","4","01","N","N","1","","1","0","0","0","0","N","1807","1","1","0","0","0","0","0","1","0","1","N","","","","","","","","","","","","03","  ","","",""
"1327","0","0","0","0","0","0","0","0","0","4","0","","36","12","2016","2016135225","5","40.0388","-76.1453","1322","08","0","0","0","0","0","0","1","1","2","0","0","0","13","1","0","00","2","40 02:19.567","3","00","76 08:43.214","0","0","0","0","36221","0","0","0","","0","0","0","5","68J01","0","","1","01","N","N","1","","0","0","0","0","0","N","1321","0","2","0","0","0","0","0","1","1","2","N","","","","","","","","","","","","03","  ","","",""
"0115","1","0","0","0","0","0","0","0","0","0","0","","36","12","2016","2016135231","7","39.9168","-76.2453","0112","08","0","0","0","0","0","0","0","0","","0","0","0","01","2","0","00","0","39 55:00.322","","00","76 14:43.106","0","0","0","0","36229","0","0","0","","0","0","0","1","68J01","0","","4","01","N","N","0","","0","0","0","0","0","","0111","0","1","0","0","0","0","0","1","0","1","N","","","","","","","","","","","","03","  ","","",""
"1055","0","0","0","0","0","0","0","0","0","1","0","","36","12","2016","2016135233","7","40.0386","-76.0496","1043","08","0","0","0","0","0","0","1","0","1","0","0","0","10","1","0","01","1","40 02:18.820","3","00","76 02:58.717","0","0","0","0","36232","0","0","0","","0","0","0","2","68J01","0","","1","01","N","N","0","","0","0","0","0","0","N","1041","0","2","0","0","0","0","0","1","2","2","N","","","","","","","","","","","","03","  ","","",""
"1558","0","0","0","0","0","0","0","0","0","9","0","","36","12","2016","2016135235","7","40.2248","-76.0621","1534","08","0","0","0","0","0","0","0","0","","0","0","0","15","1","0","00","0","40 13:29.182","","00","76 03:43.633","0","0","0","0","36202","0","0","0","","0","0","0","5","68J01","0","","1","01","N","N","0","","0","0","1","0","0","","1533","0","1","0","0","0","0","0","1","0","1","N","","","","","","","","","","","","03","  ","","",""
"0723","0","0","0","0","0","0","0","0","0","9","0","","36","12","2016","2016135248","4","39.919","-76.2474","0721","08","0","0","0","0","0","1","0","0","","0","0","0","07","5","0","00","0","39 55:08.264","","00","76 14:50.599","0","0","0","0","36229","0","0","0","","0","0","0","1","68J01","0","","1","01","N","N","0","","0","0","1","0","0","","0713","0","1","0","0","0","0","0","1","0","1","N","","","","","","","","","","","","03","  ","","",""
"0538","1","0","0","0","0","0","0","0","0","7","0","","36","12","2016","2016135266","7","40.2399","-76.2552","0521","08","0","0","0","0","0","0","0","0","","0","0","0","05","2","0","00","0","40 14:24.129","","00","76 15:16.390","0","0","0","0","36204","0","0","0","","0","0","0","4","68T06","0","","2","07","N","N","0","","0","0","0","0","0","","0520","0","1","0","0","2","0","0","1","0","1","N","","","","","","","","","","","","10","  ","","",""
"0735","0","0","0","0","0","0","0","0","0","7","0","","36","12","2016","2016135270","7","40.1729","-75.9493","0713","08","0","0","0","0","0","0","0","0","","0","0","0","07","1","2","00","0","40 10:22.692","","00","75 56:54.999","8","0","0","0","36203","0","0","0","","0","0","0","2","68T06","0","","4","02","N","N","0","","0","0","0","0","0","","0713","2","1","0","0","0","2","0","1","1","1","N","","","","","","","","","","","","10","  ","","",""
"1227","0","0","0","0","0","0","0","0","0","7","0","","36","12","2016","2016135305","5","40.108","-76.1751","1218","08","0","0","0","0","0","0","0","0","2","0","0","0","12","1","0","00","1","40 06:28.700","5","00","76 10:30.500","0","0","0","0","36238","0","0","0","N","0","0","0","1","36238","0","","4","01","N","N","1","","0","0","0","0","0","N","1200","0","1","0","0","0","0","0","3","0","1","N","","","","","","","","","","","","98","  ","","",""
"0231","1","0","0","0","0","0","0","0","0","7","0","","36","11","2016","2016135336","7","40.0266","-76.215","0231","08","0","0","0","0","0","0","0","0","","0","0","0","02","3","0","00","0","40 01:35.775","","00","76 12:53.978","0","0","0","0","36215","0","0","0","N","0","0","0","1","36215","0","","2","01","N","N","0","","0","0","0","0","0","","0231","0","1","0","0","0","0","0","1","0","1","N","","","","","","","","","","","","03","  ","","",""
"2158","1","0","0","0","0","0","0","0","0","7","0","","36","12","2016","2016135362","3","40.0713","-76.3179","2156","08","0","0","0","0","0","0","0","0","","0","0","0","21","3","0","00","0","40 04:16.836","","00","76 19:04.530","0","0","0","0","36101","0","0","0","N","0","0","0","2","36101","0","","3","01","N","N","0","","0","0","0","0","0","","2156","0","1","0","0","0","0","0","3","0","1","N","","","","","","","","","","","","03","  ","","",""
"0819","1","0","0","0","0","0","0","0","0","4","0","","36","12","2016","2016135367","4","40.088","-76.1852","0814","08","0","0","0","0","0","0","1","0","","0","0","0","08","1","0","00","0","40 05:16.751","","07","76 11:06.797","0","0","0","0","36234","0","0","0","N","0","0","0","2","36215","0","","2","01","N","N","0","","0","0","1","0","0","","0813","0","2","0","0","1","0","0","1","0","2","N","","","","","","","","","","","","03","  ","","",""
"2154","1","0","0","0","0","0","0","0","0","2","0","","36","12","2016","2016135385","3","40.0459","-76.4223","2148","08","0","0","0","0","0","0","0","0","3","0","0","0","21","3","1","01","2","40 02:45.415","5","02","76 25:20.116","8","0","0","0","36239","0","0","0","N","0","0","0","2","36239","0","","1","01","N","N","1","","0","0","0","3","2","Y","2148","1","2","0","0","0","1","1","3","0","2","N","","","","","","","","","","","","03","  ","","",""
"1835","1","0","0","0","0","0","0","0","0","1","0","","36","12","2016","2016135388","3","40.2863","-76.1755","1829","08","0","0","0","0","0","0","0","0","3","0","0","0","18","2","2","00","2","40 17:10.737","3","00","76 10:31.801","8","0","0","0","36236","0","0","0","N","0","0","0","2","36408","0","","1","01","N","N","0","","0","0","0","0","0","Y","1827","2","2","0","0","0","2","0","1","0","2","N","","","","","","","","","","","","03","  ","","",""
"1521","1","0","0","0","0","0","0","0","0","1","0","","36","12","2016","2016135390","4","40.1146","-76.3387","1521","08","0","0","0","1","0","0","0","1","","0","0","0","15","1","0","00","0","40 06:52.610","","00","76 20:19.346","0","0","0","0","36101","0","0","0","N","0","0","0","3","36101","0","","1","01","N","N","0","","0","0","1","0","0","","1505","0","2","0","0","0","0","0","3","0","2","N","","","","","","","","","","","","03","  ","","",""
"0139","1","0","0","0","0","0","0","0","0","7","0","","36","12","2016","2016135396","3","40.0645","-76.3055","0139","08","0","0","0","0","1","0","0","0","2","0","0","0","01","3","0","00","1","40 03:52.183","2","07","76 18:19.753","0","0","0","0","36101","0","0","0","N","0","0","0","2","36101","0","","5","01","N","N","0","","0","0","0","0","0","N","0139","0","1","0","0","2","0","0","3","0","1","N","","","","","","","","","","","","03","  ","","",""
"0656","1","0","0","0","0","0","0","0","0","1","0","","36","12","2016","2016135404","4","","","0631","08","0","0","0","0","0","0","0","0","","0","0","0","06","1","1","00","0","","","00","","4","0","0","0","36101","0","0","0","N","0","0","0","2","36101","1","","1","01","N","N","0","","0","0","1","0","0","","0629","1","2","0","0","0","0","0","3","0","2","N","","","","","","","","","","","","03","  ","","",""
"1545","0","0","0","0","0","0","0","0","0","7","0","","36","12","2016","2016135511","6","40.2299","-76.1207","1536","08","0","0","0","0","0","1","0","0","1","0","0","0","15","1","0","00","1","40 13:47.036","3","00","76 07:13.332","0","0","0","0","36210","0","0","0","","0","0","0","1","68T06","0","","3","01","N","N","1","","0","0","0","0","0","N","1535","0","1","0","0","0","0","0","1","0","1","N","","","","","","","","","","","","03","  ","","",""
"0837","0","0","0","0","0","0","0","0","0","7","1","","36","12","2016","2016135515","7","40.2298","-76.4395","0817","08","0","0","0","0","0","0","0","0","3","0","1","0","08","1","0","00","2","40 13:47.355","3","00","76 26:23.966","0","0","0","0","36230","0","0","0","","0","0","0","1","68T06","0","","4","07","N","N","0","","0","0","0","0","0","N","0816","0","1","0","0","0","0","0","1","0","1","N","","","","","","","","","","","","10","  ","","",""
"1742","2","0","0","0","0","0","0","0","0","4","0","","36","12","2016","2016135549","1","40.0313","-76.315","1734","08","0","0","0","0","0","0","0","0","","0","0","0","17","4","0","01","0","40 01:52.748","","00","76 18:53.838","9","0","0","0","36301","0","0","0","N","0","0","0","4","36301","0","","1","01","N","N","0","","0","0","0","0","0","","1731","0","2","0","0","0","0","1","3","0","2","N","","","","","","","","","","","","03","  ","","",""
"0628","0","0","0","0","0","0","0","0","0","7","0","","36","12","2016","2016135559","6","40.2383","-76.1267","0620","08","0","0","0","0","0","0","0","0","","0","0","0","06","2","0","00","0","40 14:17.798","","00","76 07:36.004","9","0","0","0","36210","0","0","0","N","0","0","0","1","36210","0","","5","01","N","N","1","","0","0","0","0","0","","0618","0","1","0","0","0","0","1","1","0","1","N","","","","","","","","","","","","03","  ","","",""
"1713","1","0","0","0","0","0","0","0","0","7","0","","36","12","2016","2016135568","3","40.1351","-76.5446","1708","08","0","0","0","0","0","0","0","0","","0","0","0","17","2","0","00","0","40 08:06.328","","00","76 32:40.609","0","0","0","0","36225","0","0","0","N","0","0","0","1","36505","0","","4","01","N","N","0","","0","0","0","0","0","","1705","0","1","0","0","0","0","0","2","0","1","N","","","","","","","","","","","","03","  ","","",""