"ARRIVAL_TM","AUTOMOBILE_COUNT","BELTED_DEATH_COUNT","BELTED_SUSP_SERIOUS_INJ_COUNT","BICYCLE_COUNT","BICYCLE_DEATH_COUNT","BICYCLE_SUSP_SERIOUS_INJ_COUNT","BUS_COUNT","CHLDPAS_DEATH_COUNT","CHLDPAS_SUSP_SERIOUS_INJ_COUNT","COLLISION_TYPE","COMM_VEH_COUNT","CONS_ZONE_SPD_LIM","COUNTY","CRASH_MONTH","CRASH_YEAR","CRN","DAY_OF_WEEK","DEC_LAT","DEC_LONG","DISPATCH_TM","DISTRICT","DRIVER_COUNT_16YR","DRIVER_COUNT_17YR","DRIVER_COUNT_18YR","DRIVER_COUNT_19YR","DRIVER_COUNT_20YR","DRIVER_COUNT_50_64YR","DRIVER_COUNT_65_74YR","DRIVER_COUNT_75PLUS","EST_HRS_CLOSED","FATAL_COUNT","HEAVY_TRUCK_COUNT","HORSE_BUGGY_COUNT","HOUR_OF_DAY","ILLUMINATION","INJURY_COUNT","INTERSECT_TYPE","LANE_CLOSED","LATITUDE","LN_CLOSE_DIR","LOCATION_TYPE","LONGITUDE","MAX_SEVERITY_LEVEL","MCYCLE_DEATH_COUNT","MCYCLE_SUSP_SERIOUS_INJ_COUNT","MOTORCYCLE_COUNT","MUNICIPALITY","NONMOTR_COUNT","NONMOTR_DEATH_COUNT","NONMOTR_SUSP_SERIOUS_INJ_COUNT","NTFY_HIWY_MAINT","PED_COUNT","PED_DEATH_COUNT","PED_SUSP_SERIOUS_INJ_COUNT","PERSON_COUNT","POLICE_AGCY","POSSIBLE_INJ_COUNT","RDWY_SURF_TYPE_CD","RELATION_TO_ROAD","ROAD_CONDITION","SCH_BUS_IND","SCH_ZONE_IND","SMALL_TRUCK_COUNT","SPEC_JURIS_CD","SUSP_MINOR_INJ_COUNT","SUSP_SERIOUS_INJ_COUNT","SUV_COUNT","TCD_FUNC_CD","TCD_TYPE","TFC_DETOUR_IND","TIME_OF_DAY","TOT_INJ_COUNT","TOTAL_UNITS","UNB_DEATH_COUNT","UNB_SUSP_SERIOUS_INJ_COUNT","UNBELTED_OCC_COUNT","UNK_INJ_DEG_COUNT","UNK_INJ_PER_COUNT","URBAN_RURAL","VAN_COUNT","VEHICLE_COUNT","WORK_ZONE_IND","WORK_ZONE_LOC","WORK_ZONE_TYPE","WORKERS_PRES","WZ_CLOSE_DETOUR","WZ_FLAGGER","WZ_LAW_OFFCR_IND","WZ_LN_CLOSURE","WZ_MOVING","WZ_OTHER","WZ_SHLDER_MDN","ROADWAY_CLEARED","WEATHER1","WEATHER2","WZ_WORKERS_INJ_KILLED","SECONDARY_CRASH","INTERSECTION_RELATED"
"1105","1","0","0","0","0","0","0","0","0","1","0","","36","12","2016","2016135610","4","40.0834","-76.3516","1058","08","0","0","0","0","0","1","0","0","","0","0","0","10","1","0","00","0","40 05:00.169","","00","76 21:05.836","0","0","0","0","36214","0","0","0","N","0","0","0","2","36214","0","","1","01","N","N","0","","0","0","1","0","0","","1055","0","2","0","0","0","0","0","3","0","2","N","","","","","","","","","","","","03","  ","","",""
"1624","1","0","0","0","0","0","0","0","0","4","0","","36","12","2016","2016135614","3","40.1075","-76.2518","1617","08","0","0","0","0","0","1","0","0","2","0","0","0","16","1","2","01","1","40 06:27.073","1","00","76 15:06.604","3","0","0","0","36101","0","0","0","N","0","0","0","3","36101","0","","1","01","N","N","0","","2","0","1","3","3","N","1615","2","2","0","0","1","0","0","3","0","2","N","","","","","","","","","","","","03","  ","","",""
"1506","1","0","0","0","0","0","0","0","0","8","0","","36","12","2016","2016135636","4","40.0459","-76.2892","1505","08","0","0","0","0","0","0","0","0","","0","0","0","15","1","1","00","0","40 02:45.096","","00","76 17:21.087","4","0","0","0","36301","1","0","0","N","1","0","0","2","36301","1","","1","01","N","Y","0","","0","0","0","3","3","","1504","1","2","0","0","0","0","0","3","0","1","N","","","","","","","","","","","","03","  ","","",""
"1516","3","0","0","0","0","0","0","0","0","1","0","","36","12","2016","2016135816","4","40.1647","-76.6083","1504","08","0","0","0","0","0","0","0","0","","0","0","0","15","1","0","00","0","40 09:52.824","","00","76 36:29.883","0","0","0","0","36225","0","0","0","N","0","0","0","3","36505","0","","1","01","N","N","0","","0","0","0","0","0","","1500","0","3","0","0","0","0","0","2","0","3","N","","","","","","","","","","","","03","  ","","",""
"1545","1","0","0","0","0","0","0","0","0","4","0","","36","12","2016","2016135879","4","40.1019","-76.5609","1539","08","0","0","0","0","0","0","0","1","2","0","0","0","15","1","1","02","2","40 06:06.974","7","00","76 33:39.260","8","0","0","0","36211","0","0","0","N","0","0","0","2","36504","0","","1","01","N","N","0","","0","0","1","3","3","Y","1535","1","2","0","0","0","1","0","1","0","2","N","","","","","","","","","","","","03","  ","","",""
"2201","1","0","0","0","0","0","0","0","0","4","0","","36","12","2016","2016135943","6","40.1293","-76.2191","2159","08","0","0","0","0","0","0","0","0","2","0","0","0","21","3","0","01","1","40 07:51.556","4","00","76 13:01.609","0","0","0","0","36238","0","0","0","N","0","0","0","4","36238","0","","1","01","N","N","1","","0","0","0","3","2","N","2158","0","2","0","0","1","0","0","3","0","2","N","","","","","","","","","","","","03","  ","","",""
"2216","2","0","0","0","0","0","0","0","0","1","0","","36","12","2016","2016135946","1","40.029","-76.2973","2214","08","0","0","0","0","0","0","0","0","1","0","0","0","22","3","0","00","1","40 01:44.502","4","00","76 17:50.103","0","0","0","0","36301","0","0","0","N","0","0","0","1","36301","0","","6","01","N","N","0","","0","0","0","0","0","N","2214","0","2","0","0","0","0","0","3","0","2","N","","","","","","","","","","","","03","  ","","",""
"1623","0","0","0","0","0","0","0","0","0","8","0","","36","12","2016","2016135982","4","40.0382","-76.3036","1623","08","0","0","0","0","0","0","0","0","2","0","0","0","16","1","1","00","2","40 02:17.500","3","00","76 18:12.820","3","0","0","0","36301","1","0","0","N","1","0","0","2","36301","0","","5","01","N","N","0","","1","0","1","3","2","Y","1623","1","2","0","0","0","0","0","3","0","1","N","","","","","","","","","","","","03","  ","","",""
"0704","0","0","0","0","0","0","0","0","0","4","0","","36","12","2016","2016135989","5","40.2213","-76.4323","0655","08","0","0","0","0","0","1","0","0","","0","0","0","06","5","0","01","0","40 13:16.697","","00","76 25:56.245","0","0","0","0","36230","0","0","0","N","0","0","0","2","36410","0","","1","01","N","N","0","","0","0","2","3","3","","0654","0","2","0","0","0","0","0","1","0","2","N","","","","","","","","","","","","03","  ","","",""
"1022","2","0","0","0","0","0","0","0","0","4","0","","36","12","2016","2016136023","5","40.0378","-76.3185","1019","08","0","0","0","0","0","0","0","0","","0","0","0","10","1","0","00","0","40 02:16.165","","00","76 19:06.593","0","0","0","0","36301","0","0","0","N","0","0","0","2","36301","0","","1","01","N","N","0","","0","0","0","0","0","","1010","0","2","0","0","0","0","0","3","0","2","N","","","","","","","","","","","","03","  ","","",""
"1237","1","0","0","0","0","0","0","0","0","7","0","","36","12","2016","2016136107","3","40.0031","-75.9799","1228","08","0","0","0","1","0","0","0","0","","0","0","0","12","1","0","00","0","40 00:11.270","","00","75 58:47.560","0","0","0","0","36232","0","0","0","","0","0","0","1","68J01","0","","5","09","N","N","0","","0","0","0","0","0","","1227","0","1","0","0","0","0","0","1","0","1","N","","","","","","","","","","","","09","  ","","",""
"1519","0","0","0","0","0","0","0","0","0","7","0","","36","12","2016","2016136108","3","40.0492","-75.9909","1456","08","0","0","1","0","0","0","0","0","1","0","0","0","14","1","0","00","1","40 02:57.120","2","00","75 59:27.160","0","0","0","0","36232","0","0","0","","0","0","0","3","68J01","0","","4","09","N","N","0","","0","0","1","0","0","N","1451","0","1","0","0","0","0","0","1","0","1","N","","","","","","","","","","","","07","  ","","",""
"1730","1","0","0","0","0","0","0","0","0","4","0","","36","12","2016","2016136126","5","39.9319","-76.0476","1727","08","0","0","0","0","0","0","0","0","1","0","0","1","17","2","0","01","1","39 55:54.684","6","00","76 02:51.535","0","0","0","0","36231","1","0","0","","0","0","0","2","68J01","0","","1","01","N","N","0","","0","0","0","3","3","N","1716","0","2","0","0","0","0","0","1","0","1","N","","","","","","","","","","","","03","  ","","",""
"1727","1","0","0","0","0","0","0","0","0","7","0","","36","12","2016","2016136226","7","39.8962","-76.2519","1708","08","0","0","0","0","0","0","0","0","2","0","0","0","17","2","0","00","2","39 53:46.150","1","00","76 15:06.920","0","0","0","0","36229","0","0","0","","0","0","0","2","68J01","0","","4","02","N","N","0","","0","0","0","0","0","N","1708","0","1","0","0","0","0","0","1","0","1","N","","","","","","","","","","","","05","  ","","",""
"2045","1","0","0","0","0","0","0","0","0","0","0","","36","12","2016","2016136230","7","39.915","-76.3111","2036","08","0","0","0","1","0","0","0","0","2","0","0","0","20","2","1","00","1","39 54:54.130","1","00","76 18:40.051","3","0","0","0","36224","0","0","0","","0","0","0","1","68J01","0","","2","09","N","N","0","","1","0","0","0","0","N","2035","1","1","0","0","0","0","0","1","0","1","N","","","","","","","","","","","","05","  ","","",""
"1204","3","0","0","0","0","0","0","0","0","4","0","","36","12","2016","2016136286","5","40.214","-76.1583","1155","08","0","0","0","0","0","0","0","1","2","0","0","0","11","1","1","01","1","40 12:50.259","1","00","76 09:29.735","3","0","0","0","36210","0","0","0","N","0","0","0","3","36210","0","","1","01","N","N","0","","1","0","0","3","3","N","1152","1","3","0","0","0","0","0","1","0","3","N","","","","","","","","","","","","03","  ","","",""
"0824","0","0","0","0","0","0","0","0","0","1","0","","36","12","2016","2016136287","5","40.0635","-76.3401","0819","08","0","0","0","0","1","0","0","0","2","0","0","0","08","1","1","00","2","40 03:48.541","4","00","76 20:24.434","3","0","0","1","36101","0","0","0","N","0","0","0","2","36101","0","","1","01","N","N","0","","1","0","0","0","0","Y","0817","1","2","0","0","0","0","1","3","0","2","N","","","","","","","","","","","","03","  ","","",""
"1346","1","0","0","0","0","0","0","0","0","4","0","","36","12","2016","2016136291","5","40.0393","-76.3619","1335","08","0","0","0","0","0","0","0","0","1","0","0","0","13","1","0","00","1","40 02:21.466","4","00","76 21:42.700","0","0","0","0","36214","0","0","0","N","0","0","0","2","36214","0","","1","01","N","N","0","","0","0","1","0","0","Y","1332","0","2","0","0","0","0","0","3","0","2","N","","","","","","","","","","","","03","  ","","",""
"1703","2","0","0","0","0","0","0","0","0","1","0","","36","12","2016","2016136321","6","40.0706","-76.3197","1626","08","0","0","0","1","0","1","0","0","","0","0","0","15","1","1","00","0","40 04:14.183","","00","76 19:10.928","4","0","0","0","36101","0","0","0","N","0","0","0","3","36101","1","","1","01","N","N","0","","0","0","1","0","0","","1556","1","3","0","0","0","0","1","3","0","3","N","","","","","","","","","","","","03","  ","","",""
"1133","1","0","0","0","0","0","0","0","0","4","0","","36","12","2016","2016136376","7","40.0327","-76.412","1122","08","0","0","0","0","0","0","0","0","2","0","0","0","11","1","0","03","2","40 01:57.610","6","00","76 24:43.350","0","0","0","0","36223","0","0","0","","0","0","0","2","36223","0","","1","06","N","N","0","","0","0","0","0","0","Y","1100","0","2","0","0","0","0","0","1","1","2","N","","","","","","","","","","","","07","  ","","",""
"0756","2","0","0","0","0","0","0","0","0","1","0","","36","12","2016","2016136377","4","40.0003","-76.3649","0748","08","0","0","1","0","0","0","0","0","","0","0","0","07","1","0","00","0","40 00:01.080","","00","76 21:53.760","0","0","0","0","36223","0","0","0","","0","0","0","1","36223","0","","1","01","N","N","0","","0","0","0","0","0","","0748","0","2","0","0","0","0","0","1","0","2","N","","","","","","","","","","","","03","  ","","",""
"0717","1","0","0","0","0","0","0","0","0","7","0","","36","12","2016","2016136436","5","40.1455","-76.5582","0713","08","0","0","0","0","0","0","0","0","","0","0","0","07","1","0","06","0","40 08:43.636","","02","76 33:29.418","0","0","0","0","36225","0","0","0","Y","0","0","0","1","36505","0","","2","01","N","N","0","","0","0","0","0","0","","0710","0","2","0","0","0","0","0","2","0","1","N","","","","","","","","","","","","03","  ","","",""
"1816","0","0","0","0","0","0","0","0","0","4","0","","36","12","2016","2016136454","3","40.0218","-76.1927","1744","08","0","0","0","0","0","0","0","0","1","0","0","0","17","3","0","00","1","40 01:18.551","1","07","76 11:33.544","0","0","0","0","36215","0","0","0","N","0","0","0","3","36215","0","","1","01","N","N","0","","0","0","2","3","8","N","1744","0","2","0","0","0","0","0","1","0","2","N","","","","","","","","","","","","03","  ","","",""
"1804","1","0","0","0","0","0","0","0","0","4","0","","36","12","2016","2016136470","1","40.1636","-76.1525","1759","08","0","0","0","0","0","2","0","0","1","0","0","0","17","3","1","01","1","40 09:49.441","3","02","76 09:08.800","4","0","0","0","36218","0","0","0","N","0","0","0","5","36408","1","","1","01","N","N","0","","0","0","1","3","2","N","1758","1","2","0","0","0","0","0","1","0","2","N","","","","","","","","","","","","03","  ","","",""
"2104","2","0","0","0","0","0","0","0","0","4","0","","36","12","2016","2016136471","5","40.0404","-76.3228","2101","08","0","0","0","0","0","0","1","0","","0","0","0","21","3","0","01","0","40 02:25.328","","00","76 19:21.950","0","0","0","0","36301","0","0","0","N","0","0","0","3","36301","0","","1","01","N","N","0","","0","0","0","3","2","","2100","0","2","0","0","0","0","0","3","0","2","N","","","","","","","","","","","","03","  ","","",""
"1944","1","0","0","0","0","0","0","0","0","4","0","","36","12","2016","2016136473","2","40.0426","-76.2918","1639","08","0","0","0","1","0","0","0","0","","0","0","0","19","3","1","01","0","40 02:33.403","","00","76 17:30.580","8","0","0","0","36301","0","0","0","N","0","0","0","3","36301","0","","1","01","N","N","0","","0","0","0","3","2","","1938","1","2","0","0","0","1","2","3","0","2","N","","","","","","","","","","","","03","  ","","",""
"1325","2","0","0","0","0","0","0","0","0","4","0","","36","12","2016","2016136484","6","40.0137","-76.1482","1316","08","0","0","0","0","0","1","0","0","1","0","0","0","13","1","0","00","1","40 00:49.260","3","07","76 08:53.491","0","0","0","0","36215","0","0","0","N","0","0","0","5","36215","0","","1","01","N","N","0","","0","0","0","0","0","N","1316","0","2","0","0","0","0","0","1","0","2","N","","","","","","","","","","","","03","  ","","",""
"0712","2","0","0","0","0","0","0","0","0","1","0","","36","12","2016","2016136485","2","40.0394","-76.5109","0710","08","0","0","0","0","0","0","0","0","","0","0","0","07","1","1","06","0","40 02:21.981","","02","76 30:39.327","8","0","0","0","36239","0","0","0","N","0","0","0","3","36404","0","","1","01","N","N","0","","0","0","0","3","4","","0710","1","2","0","0","0","1","0","3","0","2","N","","","","","","","","","","","","03","  ","","",""
"2056","1","0","0","0","0","0","0","0","0","4","0","","36","12","2016","2016136488","4","40.0319","-76.2398","2054","08","0","0","0","0","0","0","0","0","2","0","0","0","20","3","1","02","2","40 01:54.765","4","02","76 14:23.331","8","0","0","0","36215","0","0","0","N","0","0","0","2","36215","0","","1","01","N","N","0","","0","0","1","3","2","Y","2049","1","2","0","0","0","1","0","1","0","2","N","","","","","","","","","","","","03","  ","","",""
"0234","0","0","0","0","0","0","0","0","0","7","0","","36","12","2016","2016136501","6","40.0531","-76.3917","0229","08","0","0","0","0","0","0","0","0","1","0","0","0","02","2","0","00","2","40 03:11.264","3","00","76 23:30.054","0","0","0","0","36214","0","0","0","N","0","0","0","1","36214","0","","3","01","N","N","0","","0","0","1","0","0","Y","0227","0","1","0","0","0","0","0","3","0","1","N","","","","","","","","","","","","03","  ","","",""
"2115","1","0","0","0","0","0","0","0","0","7","0","","36","12","2016","2016136510","4","40.1534","-76.372","2109","08","0","0","0","0","0","1","0","0","9","0","0","0","21","2","0","00","2","40 09:12.229","6","00","76 22:19.379","0","0","0","0","36227","0","0","0","","0","0","0","1","36506","0","","5","01","N","N","0","","0","0","0","0","0","Y","2109","0","1","0","0","0","0","0","1","0","1","N","","","","","","","","","","","","03","  ","","",""
"1750","0","0","0","0","0","0","0","0","0","7","0","","36","12","2016","2016136511","5","40.2356","-76.2485","1741","08","1","0","0","0","0","0","0","0","9","0","0","0","17","2","0","00","2","40 14:08.191","6","00","76 14:54.510","0","0","0","0","36204","0","0","0","","0","0","0","1","36506","0","","4","09","N","N","0","","0","0","0","0","0","Y","1741","0","1","0","0","0","0","0","1","1","1","N","","","","","","","","","","","","03","  ","","",""
"1057","3","0","0","0","0","0","0","0","0","4","0","","36","12","2016","2016136560","3","40.1648","-76.3936","1057","08","0","0","0","0","0","1","0","0","1","0","0","0","10","1","0","01","1","40 09:53.151","2","00","76 23:36.792","0","0","0","0","36410","0","0","0","N","0","0","0","3","36410","0","","1","01","N","N","0","","0","0","0","3","3","N","1055","0","3","0","0","0","0","0","2","0","3","N","","","","","","","","","","","","03","  ","","",""
"0903","3","0","0","0","0","0","0","0","0","2","0","","36","12","2016","2016136563","3","40.0264","-76.3136","0857","08","0","0","0","0","0","1","1","0","2","0","0","0","08","1","1","01","2","40 01:35.148","6","00","76 18:48.909","8","0","0","0","36301","1","0","0","N","0","0","0","4","36301","0","","1","01","N","N","0","","0","0","0","3","3","Y","0854","1","4","0","0","0","1","0","3","1","4","N","","","","","","","","","","","","03","  ","","",""
"1258","1","0","0","0","0","0","0","0","0","4","0","","36","12","2016","2016136566","4","40.0691","-76.3569","1258","08","0","0","0","0","0","0","0","0","1","0","0","0","12","1","0","02","1","40 04:08.816","4","00","76 21:24.786","0","0","0","0","36214","0","0","0","","0","0","0","2","36214","0","","1","01","N","N","0","","0","0","0","3","3","N","1255","0","2","0","0","0","0","0","3","1","2","N","","","","","","","","","","","","03","  ","","",""
"1535","1","0","0","0","0","0","0","0","0","4","0","","36","12","2016","2016136593","2","40.0446","-76.3273","1535","08","0","0","0","0","0","0","0","0","","0","0","0","15","1","1","02","0","40 02:40.560","","00","76 19:38.308","4","0","0","0","36220","0","0","0","N","0","0","0","2","36101","1","","1","01","N","N","1","","0","0","0","0","0","","1535","1","2","0","0","0","0","0","3","0","2","N","","","","","","","","","","","","03","  ","","",""
"1729","1","0","0","0","0","0","0","0","0","1","0","","36","12","2016","2016136595","3","40.0741","-76.2771","1720","08","0","0","0","0","0","0","1","0","","0","0","0","17","3","0","02","0","40 04:26.600","","00","76 16:37.600","0","0","0","0","36101","0","0","0","N","0","0","0","2","36101","0","","1","01","N","N","0","","0","0","0","0","0","","1718","0","2","0","0","0","0","0","3","1","2","N","","","","","","","","","","","","03","  ","","",""
"0910","0","0","0","0","0","0","0","0","0","4","1","","36","12","2016","2016136610","4","40.1127","-76.5252","0900","08","0","0","0","0","0","1","0","0","2","0","1","0","08","1","0","01","2","40 06:45.601","7","00","76 31:30.655","0","0","0","0","36413","0","0","0","N","0","0","0","2","36413","0","","1","01","N","N","0","","0","0","0","3","3","N","0830","0","2","0","0","1","0","0","2","1","2","N","","","","","","","","","","","","03","  ","","",""
"1609","1","0","0","0","0","0","0","0","0","1","0","","36","12","2016","2016136611","3","40.0562","-76.2578","1601","08","0","0","0","1","0","1","0","0","3","0","0","0","15","1","1","00","2","40 03:22.427","2","00","76 15:27.954","4","0","0","0","36215","0","0","0","N","0","0","0","3","36215","1","","1","01","N","N","0","","0","0","1","0","0","N","1558","1","2","0","0","0","0","0","1","0","2","N","","","","","","","","","","","","03","  ","","",""
"0617","1","0","0","0","0","0","0","0","0","4","0","","36","12","2016","2016136631","6","40.0823","-76.3976","0611","08","0","0","1","0","0","1","0","0","1","0","0","0","06","2","0","01","2","40 04:56.208","3","00","76 23:51.216","9","0","0","0","36214","0","0","0","N","0","0","0","2","36214","0","","1","01","N","N","0","","0","0","1","3","3","N","0610","0","2","0","0","0","0","1","3","0","2","N","","","","","","","","","","","","03","  ","","",""
"1255","1","0","0","0","0","0","0","0","0","1","0","","36","12","2016","2016136673","6","40.0175","-76.3516","1252","08","0","0","0","0","0","1","0","0","1","0","0","0","12","1","0","00","1","40 01:02.969","1","00","76 21:05.601","0","0","0","0","36412","0","0","0","N","0","0","0","2","36412","0","","1","01","N","N","1","","0","0","0","0","0","N","1252","0","2","0","0","0","0","0","3","0","2","N","","","","","","","","","","","","03","  ","","",""
"0920","1","0","0","0","0","0","0","0","0","7","0","","36","11","2016","2016136717","3","39.988","-76.0191","0908","08","0","0","0","0","0","0","1","0","","0","0","0","09","1","0","00","0","39 59:16.845","","00","76 01:08.588","0","0","0","0","36232","0","0","0","","0","0","0","1","68J01","0","","4","01","N","N","0","","0","0","0","0","0","","0907","0","1","0","0","0","0","0","1","0","1","N","","","","","","","","","","","","03","  ","","",""
"1300","1","0","0","0","0","0","0","0","0","4","0","","36","11","2016","2016136718","3","40.0392","-76.0644","1241","08","0","0","0","1","0","0","1","0","1","0","0","0","12","1","0","01","1","40 02:21.008","2","00","76 03:51.801","0","0","0","0","36221","0","0","0","","0","0","0","4","68J01","0","","1","01","N","N","2","","0","0","0","3","3","N","1238","0","3","0","0","0","0","0","1","0","3","N","","","","","","","","","","","","03","  ","","",""
"2204","4","0","0","0","0","0","0","0","0","4","0","","36","12","2016","2016136762","3","40.0359","-76.3092","2159","08","0","0","0","0","0","1","0","0","3","0","0","0","21","3","2","01","2","40 02:09.333","6","00","76 18:32.947","4","0","0","0","36301","0","0","0","N","0","0","0","2","36301","2","","1","01","N","N","0","","0","0","1","3","3","Y","2156","2","5","0","0","0","0","0","3","0","5","N","","","","","","","","","","","","03","  ","","",""
"1726","1","0","0","0","0","0","0","0","0","4","0","","36","12","2016","2016136765","7","40.038","-76.3455","1717","08","0","0","0","0","0","2","0","0","1","0","0","0","17","3","1","10","1","40 02:16.834","3","00","76 20:43.907","4","0","0","0","36223","0","0","0","","0","0","0","2","36223","1","","1","06","N","N","0","","0","0","0","0","0","Y","1714","1","2","0","0","0","0","1","1","1","2","N","","","","","","","","","","","","03","  ","","",""
"1344","1","0","0","0","0","0","0","0","0","6","1","","36","12","2016","2016136766","1","40.006","-76.4075","1339","08","0","0","0","0","0","1","0","0","3","0","1","0","13","1","1","00","2","40 00:21.687","6","00","76 24:27.045","4","0","0","0","36223","0","0","0","","0","0","0","2","36223","1","","1","09","N","N","0","","0","0","0","0","0","Y","1336","1","2","0","0","0","0","0","1","0","2","N","","","","","","","","","","","","03","  ","","",""
"2104","1","0","0","0","0","0","0","0","0","7","0","","36","11","2016","2016136769","2","39.9945","-76.0291","2056","08","0","0","0","0","0","0","0","0","2","0","0","0","20","2","1","02","2","39 59:40.359","3","00","76 01:44.728","3","0","0","0","36232","0","0","0","","0","0","0","1","68J01","0","","4","01","N","N","0","","1","0","0","3","2","Y","2055","1","1","0","0","0","0","0","1","0","1","N","","","","","","","","","","","","03","  ","","",""
"2127","0","0","0","0","0","0","0","0","0","7","1","","36","11","2016","2016136770","4","39.8996","-76.2251","2121","08","0","0","0","0","0","0","0","0","","0","1","0","21","2","1","00","0","39 53:58.490","","00","76 13:30.390","3","0","0","0","36229","0","0","0","","0","0","0","2","68J01","0","","5","08","N","N","0","","1","0","0","0","0","","2118","1","2","0","0","0","0","0","1","1","2","N","","","","","","","","","","","","07","  ","","",""
"1509","1","0","0","0","0","0","0","0","0","7","0","","36","12","2016","2016136781","2","39.9996","-76.0333","1444","08","1","0","0","0","0","0","0","0","2","0","0","0","14","1","1","00","1","39 59:58.629","6","00","76 01:59.851","8","0","0","0","36232","0","0","0","","0","0","0","1","68J01","0","","5","01","N","N","0","","0","0","0","0","0","N","1442","1","1","0","0","0","1","0","1","0","1","N","","","","","","","","","","","","03","  ","","",""
"1123","0","0","0","0","0","0","0","0","0","0","1","","36","12","2016","2016136805","2","39.995","-76.0295","1116","08","0","0","0","0","0","0","0","0","2","0","1","0","11","1","0","00","1","39 59:41.967","3","00","76 01:46.079","0","0","0","0","36232","0","0","0","","0","0","0","1","68J01","0","","1","01","N","N","0","","0","0","0","3","4","N","1114","0","1","0","0","0","0","0","1","0","1","N","","","","","","","","","","","","03","  ","","",""
"1654","2","0","0","0","0","0","0","0","0","4","0","","36","12","2016","2016136816","4","40.1632","-76.1511","1644","08","0","0","0","1","0","0","0","0","","0","0","0","16","3","0","02","0","40 09:47.458","","02","76 09:03.786","0","0","0","0","36218","0","0","0","N","0","0","0","3","36408","0","","1","01","N","N","0","","0","0","0","0","0","","1643","0","2","0","0","0","0","0","1","0","2","N","","","","","","","","","","","","03","  ","","",""
"0842","0","0","0","0","0","0","0","0","0","1","0","","36","12","2016","2016136826","6","40.0325","-76.245","0838","08","0","0","0","0","0","1","0","0","","0","0","0","08","1","2","00","0","40 01:56.922","","00","76 14:42.130","8","0","0","0","36215","0","0","0","N","0","0","0","4","36215","0","","1","01","N","N","0","","0","0","2","0","0","","0838","2","2","0","0","0","2","0","1","0","2","N","","","","","","","","","","","","03","  ","","",""
"2318","0","0","0","0","0","0","0","0","0","7","0","","36","12","2016","2016136854","1","40.2498","-76.0854","2315","08","0","0","0","0","0","0","0","0","","0","0","0","23","2","0","00","0","40 14:59.377","","00","76 05:07.513","0","0","0","0","36210","0","0","0","N","0","0","0","1","36210","0","","5","01","N","N","1","","0","0","0","0","0","","2314","0","1","0","0","0","0","0","1","0","1","N","","","","","","","","","","","","03","  ","","",""
"0254","0","0","0","0","0","0","0","0","0","9","0","","36","12","2016","2016136875","7","40.1433","-76.5546","0249","08","0","0","0","0","0","0","0","0","","0","0","0","02","2","0","00","0","40 08:35.890","","02","76 33:16.400","0","0","0","0","36225","0","0","0","N","0","0","0","1","36505","0","","1","01","N","N","0","","0","0","0","0","0","","0252","0","1","0","0","0","0","0","2","1","1","N","","","","","","","","","","","","03","  ","","",""
"1010","1","0","0","0","0","0","0","0","0","1","0","","36","12","2016","2016136880","3","40.0908","-76.1695","1005","08","0","0","0","0","0","1","0","0","","0","0","0","10","1","0","02","0","40 05:27.025","","00","76 10:10.335","0","0","0","0","36234","0","0","0","N","0","0","0","2","36215","0","","1","01","N","N","0","","0","0","1","0","0","","1002","0","2","0","0","0","0","0","1","0","2","N","","","","","","","","","","","","03","  ","","",""
"1215","1","0","0","0","0","0","0","0","0","1","0","","36","12","2016","2016136945","6","40.0251","-76.2058","1211","08","0","0","0","0","0","0","1","0","2","0","0","0","12","1","1","00","1","40 01:30.420","6","00","76 12:20.752","3","0","0","0","36215","0","0","0","N","0","0","0","3","36215","0","","1","01","N","N","0","","1","0","1","0","0","N","1210","1","2","0","0","1","0","0","1","0","2","N","","","","","","","","","","","","03","  ","","",""
"0747","1","0","0","0","0","0","0","0","0","4","0","","36","12","2016","2016136953","3","40.1543","-76.393","0744","08","0","0","1","0","0","0","0","1","1","0","0","0","07","1","0","02","1","40 09:15.480","2","00","76 23:34.972","0","0","0","0","36410","0","0","0","N","0","0","0","3","36410","0","","1","01","N","N","0","","0","0","1","0","0","N","0740","0","2","0","0","0","0","0","2","0","2","N","","","","","","","","","","","","03","  ","","",""
"0810","1","0","0","0","0","0","0","0","0","4","0","","36","12","2016","2016136969","6","40.1139","-76.3862","0806","08","0","0","0","0","0","0","0","0","","0","0","0","08","1","1","01","0","40 06:49.942","","00","76 23:10.399","4","0","0","0","36214","0","0","0","N","0","0","0","4","36214","1","","1","01","N","N","1","","0","0","0","3","3","","0803","1","2","0","0","1","0","0","3","0","2","N","","","","","","","","","","","","03","  ","","",""
"1938","1","0","0","0","0","0","0","0","0","7","0","","36","11","2016","2016136976","4","40.0966","-76.579","1934","08","0","0","0","0","0","0","0","0","2","0","0","0","19","2","1","02","2","40 05:47.860","7","00","76 34:44.284","3","0","0","0","36211","0","0","0","N","0","0","0","2","36504","0","","4","09","N","N","0","","1","0","0","3","3","Y","1925","1","1","0","0","2","0","0","1","0","1","N","","","","","","","","","","","","07","  ","","",""
"1159","0","0","0","0","0","0","0","0","0","1","0","","36","12","2016","2016136983","2","40.0892","-76.2825","1151","08","0","0","0","0","0","1","0","0","","0","0","0","11","1","2","01","0","40 05:20.975","","00","76 16:56.996","4","0","0","0","36101","0","0","0","N","0","0","0","4","36101","2","","1","01","N","N","0","","0","0","2","3","2","","1139","2","2","0","0","0","0","0","3","0","2","N","","","","","","","","","","","","03","  ","","",""