"ARRIVAL_TM","AUTOMOBILE_COUNT","BELTED_DEATH_COUNT","BELTED_SUSP_SERIOUS_INJ_COUNT","BICYCLE_COUNT","BICYCLE_DEATH_COUNT","BICYCLE_SUSP_SERIOUS_INJ_COUNT","BUS_COUNT","CHLDPAS_DEATH_COUNT","CHLDPAS_SUSP_SERIOUS_INJ_COUNT","COLLISION_TYPE","COMM_VEH_COUNT","CONS_ZONE_SPD_LIM","COUNTY","CRASH_MONTH","CRASH_YEAR","CRN","DAY_OF_WEEK","DEC_LAT","DEC_LONG","DISPATCH_TM","DISTRICT","DRIVER_COUNT_16YR","DRIVER_COUNT_17YR","DRIVER_COUNT_18YR","DRIVER_COUNT_19YR","DRIVER_COUNT_20YR","DRIVER_COUNT_50_64YR","DRIVER_COUNT_65_74YR","DRIVER_COUNT_75PLUS","EST_HRS_CLOSED","FATAL_COUNT","HEAVY_TRUCK_COUNT","HORSE_BUGGY_COUNT","HOUR_OF_DAY","ILLUMINATION","INJURY_COUNT","INTERSECT_TYPE","LANE_CLOSED","LATITUDE","LN_CLOSE_DIR","LOCATION_TYPE","LONGITUDE","MAX_SEVERITY_LEVEL","MCYCLE_DEATH_COUNT","MCYCLE_SUSP_SERIOUS_INJ_COUNT","MOTORCYCLE_COUNT","MUNICIPALITY","NONMOTR_COUNT","NONMOTR_DEATH_COUNT","NONMOTR_SUSP_SERIOUS_INJ_COUNT","NTFY_HIWY_MAINT","PED_COUNT","PED_DEATH_COUNT","PED_SUSP_SERIOUS_INJ_COUNT","PERSON_COUNT","POLICE_AGCY","POSSIBLE_INJ_COUNT","RDWY_SURF_TYPE_CD","RELATION_TO_ROAD","ROAD_CONDITION","SCH_BUS_IND","SCH_ZONE_IND","SMALL_TRUCK_COUNT","SPEC_JURIS_CD","SUSP_MINOR_INJ_COUNT","SUSP_SERIOUS_INJ_COUNT","SUV_COUNT","TCD_FUNC_CD","TCD_TYPE","TFC_DETOUR_IND","TIME_OF_DAY","TOT_INJ_COUNT","TOTAL_UNITS","UNB_DEATH_COUNT","UNB_SUSP_SERIOUS_INJ_COUNT","UNBELTED_OCC_COUNT","UNK_INJ_DEG_COUNT","UNK_INJ_PER_COUNT","URBAN_RURAL","VAN_COUNT","VEHICLE_COUNT","WORK_ZONE_IND","WORK_ZONE_LOC","WORK_ZONE_TYPE","WORKERS_PRES","WZ_CLOSE_DETOUR","WZ_FLAGGER","WZ_LAW_OFFCR_IND","WZ_LN_CLOSURE","WZ_MOVING","WZ_OTHER","WZ_SHLDER_MDN","ROADWAY_CLEARED","WEATHER1","WEATHER2","WZ_WORKERS_INJ_KILLED","SECONDARY_CRASH","INTERSECTION_RELATED"
"1818","1","0","0","0","0","0","0","0","0","7","0","","36","08","2016","2016137017","5","40.1107","-76.5602","1812","08","0","0","0","0","0","0","0","0","2","0","0","0","18","1","0","02","1","40 06:38.466","5","00","76 33:36.849","0","0","0","0","36211","0","0","0","N","0","0","0","1","36504","0","","4","01","N","N","0","","0","0","0","0","0","Y","1805","0","1","0","0","0","0","0","1","0","1","N","","","","","","","","","","","","03","  ","","",""
"1600","0","0","0","0","0","0","0","0","0","1","1","","36","12","2016","2016137021","6","40.1076","-76.0884","1557","08","0","1","0","0","0","1","0","0","1","0","1","0","15","1","1","00","1","40 06:27.420","6","00","76 05:18.097","3","0","0","0","36415","0","0","0","N","0","0","0","6","36415","0","","1","01","N","N","2","","1","0","0","3","3","N","1557","1","3","0","0","5","0","0","1","0","3","N","","","","","","","","","","","","03","  ","","",""
"1253","1","0","0","0","0","0","0","0","0","7","0","","36","12","2016","2016137023","7","40.0485","-76.2548","1244","08","0","0","0","0","0","0","0","0","1","0","0","0","12","1","0","03","1","40 02:54.687","3","02","76 15:17.247","0","0","0","0","36215","0","0","0","N","0","0","0","2","36215","0","","2","09","N","N","0","","0","0","0","0","0","N","1244","0","1","0","0","0","0","0","1","0","1","N","","","","","","","","","","","","03","  ","","",""
"1259","1","0","0","0","0","0","0","0","0","7","0","","36","12","2016","2016137038","7","40.1169","-76.6171","1251","08","0","0","0","0","1","0","0","0","3","0","0","0","12","1","1","00","2","40 07:00.800","6","00","76 37:01.700","8","0","0","0","36237","0","0","0","N","0","0","0","2","36505","0","","4","09","N","N","0","","0","0","0","0","0","Y","1250","1","1","0","0","0","1","0","1","0","1","N","","","","","","","","","","","","03","  ","","",""
"1005","0","0","0","0","0","0","0","0","0","4","0","","36","12","2016","2016137043","4","40.1284","-76.2158","1003","08","0","0","0","0","0","0","0","2","2","0","0","0","10","1","4","02","1","40 07:42.345","7","02","76 12:56.838","8","0","0","0","36238","0","0","0","N","0","0","0","4","36238","0","","1","01","N","N","0","","0","0","2","3","2","N","1001","4","2","0","0","1","4","0","3","0","2","N","","","","","","","","","","","","03","  ","","",""
"1055","1","0","0","0","0","0","0","0","0","4","0","","36","12","2016","2016137047","7","40.2052","-76.3922","1042","08","0","0","0","0","1","1","0","0","2","0","0","0","10","1","0","02","1","40 12:18.726","5","00","76 23:31.782","0","0","0","0","36227","0","0","0","","0","0","0","2","36506","0","","1","09","N","N","1","","0","0","0","3","3","N","1042","0","2","0","0","0","0","0","1","0","2","N","","","","","","","","","","","","07","  ","","",""
"1224","0","0","0","0","0","0","0","0","0","1","0","","36","12","2016","2016137081","4","40.1336","-76.2186","1220","08","0","0","0","0","0","1","0","0","","0","0","0","12","1","0","00","0","40 08:01.127","","07","76 13:06.930","0","0","0","0","36238","0","0","0","N","0","0","0","3","36238","0","","1","01","N","N","0","","0","0","1","0","0","","1219","0","2","0","0","1","0","0","3","1","2","N","","","","","","","","","","","","03","  ","","",""
"1457","0","0","0","0","0","0","0","0","0","1","0","","36","12","2016","2016137098","6","39.9858","-76.3154","1451","08","0","0","0","0","0","0","0","0","2","0","0","0","14","1","1","01","2","39 59:09.014","6","00","76 18:55.276","4","0","0","0","36228","0","0","0","N","0","0","0","3","36503","1","","1","01","N","N","0","","0","0","1","3","2","N","1450","1","2","0","0","0","0","0","1","1","2","N","","","","","","","","","","","","03","  ","","",""
"1515","0","0","0","0","0","0","0","0","0","4","0","","36","12","2016","2016137100","5","40.033","-76.506","1505","08","0","0","0","0","0","0","1","0","2","0","0","0","15","1","0","01","2","40 01:58.979","6","00","76 30:21.554","0","0","0","0","36404","0","0","0","N","0","0","0","2","36404","0","","1","01","N","N","1","","0","0","1","3","3","Y","1503","0","2","0","0","0","0","0","3","0","2","N","","","","","","","","","","","","03","  ","","",""
"0300","1","0","0","0","0","0","0","0","0","7","0","","36","12","2016","2016137105","7","40.0744","-76.4688","0255","08","0","0","0","0","0","0","0","0","","0","0","0","02","2","0","00","0","40 04:27.900","","00","76 28:07.600","0","0","0","0","36239","0","0","0","N","0","0","0","1","36239","0","","5","01","N","N","0","","0","0","0","0","0","","0253","0","1","0","0","0","0","0","3","0","1","N","","","","","","","","","","","","03","  ","","",""
"1420","0","0","0","0","0","0","0","0","0","1","0","","36","12","2016","2016137122","4","40.0858","-76.2068","1417","08","0","0","0","0","0","0","1","0","","0","0","0","14","1","1","00","0","40 05:08.779","","00","76 12:24.517","8","0","0","0","36234","0","0","0","N","0","0","0","6","36215","0","","1","01","N","N","3","","0","0","1","0","0","","1417","1","4","0","0","0","1","0","1","0","4","N","","","","","","","","","","","","03","  ","","",""
"2213","1","0","0","0","0","0","0","0","0","1","0","","36","12","2016","2016137123","6","40.0129","-76.1891","2207","08","0","0","0","0","1","0","0","0","","0","0","0","22","2","0","02","0","40 00:46.451","","00","76 11:20.766","0","0","0","0","36215","0","0","0","N","0","0","0","2","36215","0","","1","01","N","N","0","","0","0","1","0","0","","2204","0","2","0","0","0","0","0","1","0","2","N","","","","","","","","","","","","03","  ","","",""
"0805","1","0","0","0","0","0","0","0","0","7","0","","36","12","2016","2016137144","7","40.0639","-76.2097","0759","08","0","0","0","0","0","0","0","0","2","0","0","0","07","1","1","00","2","40 03:49.895","5","00","76 12:35.099","4","0","0","0","36234","0","0","0","N","0","0","0","1","36215","1","","5","09","N","N","0","","0","0","0","0","0","Y","0757","1","1","0","0","0","0","0","1","0","1","N","","","","","","","","","","","","07","  ","","",""
"1828","2","0","0","0","0","0","0","0","0","1","0","","36","12","2016","2016137156","4","40.1648","-76.1571","1826","08","0","0","0","0","0","0","0","1","","0","0","0","18","3","0","00","0","40 09:53.343","","00","76 09:25.587","0","0","0","0","36218","0","0","0","N","0","0","0","3","36408","0","","1","01","N","N","0","","0","0","0","0","0","","1824","0","3","0","0","0","0","0","1","1","3","N","","","","","","","","","","","","03","  ","","",""
"1114","2","0","0","0","0","0","0","0","0","1","0","","36","12","2016","2016137158","7","40.1553","-76.1304","1107","08","0","0","0","0","0","0","0","0","","0","0","0","11","1","0","00","0","40 09:19.153","","00","76 07:49.576","0","0","0","0","36209","0","0","0","N","0","0","0","3","36415","0","","1","01","N","N","0","","0","0","0","0","0","","1107","0","2","0","0","0","0","0","1","0","2","N","","","","","","","","","","","","03","  ","","",""
"1245","0","0","0","0","0","0","0","0","0","7","0","","36","12","2016","2016137180","1","40.0646","-76.4412","1237","08","0","0","0","0","0","0","0","1","2","0","0","0","12","1","1","00","2","40 03:52.730","6","00","76 26:28.196","4","0","0","0","36239","0","0","0","N","0","0","0","1","36239","1","","4","01","N","N","1","","0","0","0","0","0","Y","1237","1","1","0","0","0","0","0","3","0","1","N","","","","","","","","","","","","03","  ","","",""
"1733","3","0","0","0","0","0","0","0","0","1","0","","36","12","2016","2016137189","6","40.068","-76.2932","1728","08","0","0","0","0","0","0","0","0","","0","0","0","17","4","1","00","0","40 04:04.750","","00","76 17:35.509","4","0","0","0","36101","0","0","0","N","0","0","0","3","36101","1","","1","01","N","N","0","","0","0","0","0","0","","1717","1","3","0","0","0","0","0","3","0","3","N","","","","","","","","","","","","03","  ","","",""
"2056","0","0","0","0","0","0","0","0","0","7","0","","36","12","2016","2016137246","6","40.1377","-76.176","2053","08","0","0","0","0","0","0","0","0","2","0","0","0","20","2","1","00","2","40 08:15.590","5","00","76 10:33.600","8","0","0","0","36238","0","0","0","N","0","0","0","1","36238","0","","4","01","N","N","1","","0","0","0","0","0","Y","2051","1","1","0","0","0","1","0","3","0","1","N","","","","","","","","","","","","03","  ","","",""
"2312","3","0","0","0","0","0","0","0","0","5","0","","36","12","2016","2016137249","7","40.0483","-76.3056","2312","08","0","0","0","0","0","0","0","0","1","0","0","0","23","3","0","00","1","40 02:53.710","2","00","76 18:20.083","0","0","0","0","36301","0","0","0","N","0","0","0","7","36301","0","","6","01","N","N","1","","0","0","0","0","0","N","2312","0","4","0","0","7","0","0","3","0","4","N","","","","","","","","","","","","03","  ","","",""
"2041","2","0","0","0","0","0","0","0","0","1","0","","36","12","2016","2016137250","1","40.0401","-76.3954","2034","08","0","0","0","0","0","0","0","0","1","0","0","0","20","3","0","02","1","40 02:24.526","4","00","76 23:43.535","0","0","0","0","36214","0","0","0","N","0","0","0","3","36214","0","","1","01","N","N","0","","0","0","0","0","0","N","2031","0","2","0","0","0","0","0","3","0","2","N","","","","","","","","","","","","03","  ","","",""
"0017","4","0","0","0","0","0","0","0","0","4","0","","36","12","2016","2016137254","1","40.1563","-76.387","0017","08","0","0","0","0","0","0","0","0","2","0","0","0","99","3","0","00","2","40 09:22.642","5","00","76 23:13.265","0","0","0","0","36410","0","0","0","N","0","0","0","2","36410","0","","4","01","N","N","0","","0","0","0","0","0","Y","9999","0","4","0","0","0","0","0","2","0","4","N","","","","","","","","","","","","03","  ","","",""
"1850","2","0","0","0","0","0","0","0","0","4","0","","36","12","2016","2016137323","2","40.1687","-76.607","1844","08","0","0","0","0","0","0","0","0","3","0","0","0","18","3","4","00","2","40 10:07.300","6","07","76 36:25.200","8","0","0","0","36225","0","0","0","N","0","0","0","4","36505","0","","1","01","N","N","0","","0","0","0","0","0","Y","1842","4","2","0","0","1","4","0","2","0","2","N","","","","","","","","","","","","03","  ","","",""
"1614","1","0","0","0","0","0","0","0","0","7","0","","36","12","2016","2016137325","1","40.1555","-76.5714","1611","08","0","0","0","0","0","0","0","0","2","0","0","0","16","1","0","00","1","40 09:19.624","4","01","76 34:16.874","0","0","0","0","36225","0","0","0","Y","0","0","0","3","36505","0","","5","01","N","N","0","","0","0","0","0","0","N","1610","0","1","0","0","0","0","0","2","0","1","N","","","","","","","","","","","","03","  ","","",""
"2003","2","0","0","0","0","0","0","0","0","4","0","","36","12","2016","2016137476","2","40.0157","-76.3496","2001","08","0","0","1","0","0","0","0","0","2","0","0","0","20","3","1","01","2","40 00:56.470","1","00","76 20:58.524","8","0","0","0","36412","0","0","0","N","0","0","0","3","36412","0","","1","09","N","N","0","","0","0","0","3","2","Y","2000","1","2","0","0","0","1","0","3","0","2","N","","","","","","","","","","","","03","  ","","",""
"2125","0","0","0","0","0","0","0","0","0","7","0","","36","12","2016","2016137487","2","40.1597","-76.2025","2118","08","0","1","0","0","0","0","0","0","1","0","0","0","21","3","0","00","2","40 09:34.940","5","00","76 12:08.870","0","0","0","0","36402","0","0","0","N","0","0","0","1","36402","0","","2","09","N","N","0","","0","0","1","0","0","Y","2116","0","1","0","0","0","0","0","2","0","1","N","","","","","","","","","","","","07","  ","","",""
"2023","1","0","0","0","0","0","0","0","0","4","0","","36","12","2016","2016137493","2","40.085","-76.2164","2016","08","0","0","0","0","0","1","0","0","3","0","0","0","20","2","0","00","1","40 05:05.880","6","07","76 12:59.218","0","0","0","0","36234","0","0","0","N","0","0","0","3","36215","0","","1","01","N","N","0","","0","0","1","0","0","N","2016","0","2","0","0","0","0","0","1","0","2","N","","","","","","","","","","","","03","  ","","",""
"1746","1","0","0","0","0","0","0","0","0","1","0","","36","12","2016","2016137494","4","40.0897","-76.1764","1737","08","0","0","0","0","0","1","0","0","","0","0","0","17","3","0","00","0","40 05:22.791","","07","76 10:35.191","0","0","0","0","36234","0","0","0","N","0","0","0","2","36215","0","","1","01","N","N","0","","0","0","1","3","2","","1735","0","2","0","0","0","0","0","1","0","2","N","","","","","","","","","","","","03","  ","","",""
"1416","1","0","0","0","0","0","0","0","0","0","0","","36","12","2016","2016137504","7","40.0998","-76.258","1404","08","0","0","0","1","0","0","0","0","","0","0","0","03","2","0","00","0","40 05:59.221","","00","76 15:28.810","0","0","0","0","36101","0","0","0","N","0","0","0","1","36101","0","","5","07","N","N","0","","0","0","0","0","0","","0300","0","1","0","0","0","0","0","3","0","1","N","","","","","","","","","","","","10","  ","","",""
"1642","1","0","0","0","0","0","0","0","0","1","0","","36","12","2016","2016137505","4","40.0696","-76.3107","1632","08","0","0","0","0","0","0","0","0","","0","0","0","16","3","1","00","0","40 04:10.419","","00","76 18:38.508","4","0","0","0","36101","0","0","0","Y","0","0","0","3","36101","1","","1","01","N","N","1","","0","0","1","0","0","","1627","1","3","0","0","0","0","0","3","0","3","N","","","","","","","","","","","","03","  ","","",""
"1556","2","0","0","0","0","0","0","0","0","1","0","","36","12","2016","2016137507","5","40.0791","-76.3468","1521","08","0","0","0","0","0","1","0","0","","0","0","0","15","1","1","02","0","40 04:44.931","","00","76 20:48.496","4","0","0","0","36101","0","0","0","N","0","0","0","3","36101","1","","1","01","N","N","0","","0","0","0","0","0","","1515","1","2","0","0","0","0","0","3","0","2","N","","","","","","","","","","","","03","  ","","",""
"2243","2","0","0","0","0","0","0","0","0","1","0","","36","12","2016","2016137574","5","40.0233","-76.3791","2233","08","0","0","0","0","0","1","0","0","","0","0","0","22","2","0","00","0","40 01:23.860","","00","76 22:44.830","0","0","0","0","36223","0","0","0","","0","0","0","2","36223","0","","1","01","N","N","0","","0","0","0","0","0","","2224","0","2","0","0","0","0","0","1","0","2","N","","","","","","","","","","","","03","  ","","",""
"1741","1","0","0","0","0","0","0","0","0","1","1","","36","12","2016","2016137615","4","40.0684","-76.2878","1725","08","0","0","0","0","0","1","0","0","","0","1","0","17","2","1","00","0","40 04:06.236","","00","76 17:16.071","4","0","0","0","36101","0","0","0","N","0","0","0","4","36101","1","","1","01","N","N","1","","0","0","0","0","0","","1713","1","3","0","0","1","0","0","3","0","3","N","","","","","","","","","","","","03","  ","","",""
"1548","1","0","0","0","0","0","0","0","0","1","0","","36","12","2016","2016137626","5","40.0731","-76.3352","1534","08","0","0","0","0","0","0","0","0","","0","0","0","15","1","0","00","0","40 04:23.051","","00","76 20:06.834","0","0","0","0","36101","0","0","0","N","0","0","0","2","36101","0","","1","01","N","N","1","","0","0","0","0","0","","1533","0","2","0","0","0","0","0","3","0","2","N","","","","","","","","","","","","03","  ","","",""
"1720","0","0","0","0","0","0","0","0","0","7","0","","36","12","2016","2016137652","2","40.1466","-76.2082","1717","08","0","0","0","0","0","0","0","0","6","0","0","0","17","3","0","00","2","40 08:47.866","5","00","76 12:29.594","0","0","0","0","36402","0","0","0","N","0","0","0","1","36402","0","","2","09","N","N","0","","0","0","0","0","0","Y","1715","0","1","0","0","0","0","0","2","1","1","N","","","","","","","","","","","","03","  ","","",""
"1238","1","0","0","0","0","0","0","0","0","7","0","","36","12","2016","2016137666","3","40.0986","-76.4106","1225","08","0","0","0","0","0","0","0","0","","0","0","0","12","1","0","00","0","40 05:54.992","","00","76 24:38.330","0","0","0","0","36214","0","0","0","N","0","0","0","3","36214","0","","3","01","N","N","0","","0","0","0","0","0","","1220","0","1","0","0","0","0","0","3","0","1","N","","","","","","","","","","","","03","  ","","",""
"1021","1","0","1","0","0","0","0","0","0","7","0","","36","12","2016","2016137699","3","40.0914","-76.2631","1015","08","0","0","0","0","0","0","0","0","2","0","0","0","10","1","1","00","2","40 05:29.212","2","00","76 15:47.134","2","0","0","0","36101","0","0","0","N","0","0","0","1","36101","0","","4","09","N","N","0","","0","1","0","0","0","N","1013","1","1","0","0","0","0","0","3","0","1","N","","","","","","","","","","","","03","  ","","",""
"1030","2","0","0","0","0","0","0","0","0","4","0","","36","12","2016","2016137721","3","40.1568","-76.3815","1013","08","0","0","0","0","0","1","0","1","","0","0","0","10","1","0","01","0","40 09:24.453","","00","76 22:53.323","0","0","0","0","36227","0","0","0","","0","0","0","3","36506","0","","1","01","N","N","0","","0","0","0","3","3","","1013","0","2","0","0","0","0","0","1","0","2","N","","","","","","","","","","","","03","  ","","",""
"1006","0","0","0","0","0","0","0","0","0","7","0","","36","12","2016","2016137732","6","39.7349","-76.1398","0951","08","0","0","0","0","0","0","0","0","","0","0","0","09","1","1","00","0","39 44:05.700","","03","76 08:23.300","4","0","0","0","36219","0","0","0","","0","0","0","1","68J01","1","","4","01","N","N","0","","0","0","1","0","0","","0949","1","1","0","0","0","0","0","1","0","1","N","","","","","","","","","","","","03","  ","","",""
"1253","0","0","0","0","0","0","0","0","0","7","0","","36","12","2016","2016137769","6","40.066","-75.9848","1233","08","0","0","0","0","0","0","0","0","","0","0","0","12","1","0","00","0","40 03:57.710","","00","75 59:05.390","0","0","0","0","36232","0","0","0","","0","0","0","1","68J01","0","","5","01","N","N","0","","0","0","1","0","0","","1233","0","1","0","0","0","0","0","1","0","1","N","","","","","","","","","","","","03","  ","","",""
"0909","1","0","0","0","0","0","0","0","0","4","0","","36","12","2016","2016137779","7","40.1378","-75.9031","0856","08","0","0","0","0","0","1","0","0","1","0","0","0","08","1","0","02","2","40 08:16.143","2","00","75 54:11.320","0","0","0","0","36203","0","0","0","","0","0","0","6","68J01","0","","1","09","N","N","0","","0","0","0","0","0","N","0851","0","2","0","0","1","0","0","1","1","2","N","","","","","","","","","","","","07","05","","",""
"0857","0","0","0","0","0","0","0","0","0","7","0","","36","12","2016","2016137785","1","39.996","-75.9724","0843","08","0","0","0","0","0","0","0","0","3","0","0","0","08","1","0","00","2","39 59:45.690","6","00","75 58:20.500","0","0","0","0","36232","0","0","0","","0","0","0","2","68J01","0","","4","02","N","N","0","","0","0","0","0","0","Y","0835","0","1","0","0","0","0","0","1","1","1","N","","","","","","","","","","","","03","  ","","",""
"1753","0","0","0","0","0","0","0","0","0","9","0","","36","12","2016","2016137786","1","40.008","-76.0397","1739","08","0","0","0","0","0","0","0","1","1","0","0","0","17","2","0","00","2","40 00:28.979","3","00","76 02:23.017","0","0","0","0","36232","0","0","0","","0","0","0","1","68J01","0","","1","01","N","N","0","","0","0","1","0","0","N","1730","0","1","0","0","0","0","0","1","0","1","N","","","","","","","","","","","","03","  ","","",""
"2309","1","0","0","0","0","0","0","0","0","7","0","","36","11","2016","2016137808","6","39.9362","-76.0383","2258","08","0","0","1","0","0","0","0","0","3","0","0","0","22","2","1","00","2","39 56:10.415","6","00","76 02:17.836","3","0","0","0","36231","0","0","0","","0","0","0","1","68J01","0","","5","01","N","N","0","","1","0","0","0","0","Y","2256","1","1","0","0","1","0","0","1","0","1","N","","","","","","","","","","","","03","  ","","",""
"2142","1","0","0","0","0","0","0","0","0","0","0","","36","12","2016","2016137813","4","40.1245","-75.9116","2116","08","0","0","0","0","0","0","0","0","","1","0","0","21","2","0","00","0","40 07:28.205","","00","75 54:41.580","1","0","0","0","36203","0","0","0","","0","0","0","1","68J01","0","2","4","01","N","N","0","0","0","0","0","0","0","","2114","0","1","1","0","1","0","0","1","0","1","N","","","","","","","","","","","","03","  ","","",""
"1813","1","0","0","0","0","0","0","0","0","4","1","","36","12","2016","2016137827","2","39.9277","-76.2524","1748","08","0","0","0","0","0","1","1","0","3","0","1","0","17","2","1","01","2","39 55:39.686","1","00","76 15:08.739","8","0","0","0","36229","0","0","0","","0","0","0","4","68J01","0","","1","01","N","N","1","","0","0","0","3","3","Y","1748","1","3","0","0","0","1","0","1","0","3","N","","","","","","","","","","","","03","  ","","",""
"1808","1","0","0","0","0","0","0","0","0","4","0","","36","12","2016","2016137830","3","40.0392","-76.1352","1758","08","0","0","0","0","0","0","0","0","","0","0","0","17","3","1","00","0","40 02:21.124","","00","76 08:06.642","4","0","0","0","36221","0","0","0","","0","0","0","3","68J01","1","","1","01","N","N","0","","0","0","0","0","0","","1758","1","2","0","0","0","0","1","1","0","2","N","","","","","","","","","","","","03","  ","","",""
"1422","1","0","0","0","0","0","0","0","0","4","0","","36","12","2016","2016137833","5","40.0381","-76.1067","1420","08","0","0","0","0","0","0","0","1","","0","0","0","14","1","0","01","0","40 02:17.153","","00","76 06:24.081","0","0","0","0","36221","0","0","0","","0","0","0","3","68J01","0","","1","01","N","N","0","","0","0","0","3","3","","1419","0","2","0","0","0","0","0","1","1","2","N","","","","","","","","","","","","03","  ","","",""
"0703","1","0","0","0","0","0","0","0","0","7","1","","36","12","2016","2016137849","2","40.2146","-76.0641","0652","08","0","0","0","0","0","0","0","0","2","0","1","0","06","2","1","00","1","40 12:52.500","4","00","76 03:50.900","8","0","0","0","36202","0","0","0","","0","0","0","2","68T06","0","","5","01","N","N","0","","0","0","0","0","0","N","0649","1","2","0","0","0","1","0","1","0","2","N","","","","","","","","","","","","03","  ","","",""
"0917","0","0","0","0","0","0","0","0","0","1","0","","36","12","2016","2016137850","2","39.9914","-76.0166","0859","08","0","0","0","0","0","1","0","0","","0","0","0","08","1","1","01","0","39 59:29.214","","00","76 00:59.722","3","0","0","0","36232","0","0","0","","0","0","0","3","68J01","0","","1","01","N","N","0","","1","0","1","3","2","","0858","1","2","0","0","0","0","0","1","1","2","N","","","","","","","","","","","","03","  ","","",""
"1600","0","0","0","0","0","0","0","0","0","1","0","","36","12","2016","2016137852","2","40.2411","-76.2497","1525","08","0","0","0","0","0","1","0","0","","0","0","0","15","1","0","00","0","40 14:27.765","","00","76 14:59.343","0","0","0","0","36204","0","0","0","","0","0","0","2","68T06","0","","1","01","N","N","1","","0","0","0","0","0","","1525","0","2","0","0","0","0","0","1","1","2","N","","","","","","","","","","","","03","  ","","",""
"1913","1","0","0","0","0","0","0","0","0","4","0","","36","12","2016","2016137887","3","40.0776","-76.3269","1902","08","0","1","0","0","0","1","0","0","1","0","0","0","19","3","1","02","1","40 04:39.181","5","07","76 19:36.857","3","0","0","0","36101","0","0","0","N","0","0","0","3","36101","0","","1","01","N","N","1","","1","0","0","3","2","N","1900","1","2","0","0","0","0","0","3","0","2","N","","","","","","","","","","","","03","  ","","",""
"1640","2","0","0","0","0","0","0","0","0","4","0","","36","12","2016","2016137957","6","40.082","-75.9448","1622","08","0","0","1","1","0","0","0","0","","0","0","0","16","1","2","01","0","40 04:55.045","","00","75 56:41.218","3","0","0","0","36232","0","0","0","","0","0","0","4","68J01","0","","1","01","N","N","0","","1","0","0","3","3","","1603","2","2","0","0","1","1","0","1","0","2","N","","","","","","","","","","","","03","  ","","",""
"2321","2","0","0","0","0","0","0","0","0","4","0","","36","12","2016","2016137959","6","39.9887","-75.9846","2309","08","0","0","0","1","0","0","0","0","2","0","0","0","23","6","0","01","1","39 59:19.228","3","00","75 59:04.409","0","0","0","0","36232","0","0","0","","0","0","0","2","68J01","0","","1","01","N","N","0","","0","0","0","3","3","N","2300","0","2","0","0","0","0","0","1","0","2","N","","","","","","","","","","","","03","  ","","",""
"2324","1","0","0","0","0","0","0","0","0","7","0","","36","12","2016","2016137964","7","39.8752","-76.0272","2303","08","0","0","0","0","0","0","0","0","","0","0","0","22","2","1","00","0","39 52:30.710","","00","76 01:37.825","3","0","0","0","36205","0","0","0","","0","0","0","2","68J01","0","","4","09","N","N","0","","1","0","0","0","0","","2235","1","1","0","0","2","0","0","1","0","1","N","","","","","","","","","","","","03","  ","","",""
"0014","1","0","0","0","0","0","0","0","0","0","0","","36","12","2016","2016138000","2","40.112","-76.3246","0008","08","0","1","0","0","0","0","0","0","","0","0","0","22","2","0","00","0","40 06:43.300","","00","76 19:28.500","0","0","0","0","36101","0","0","0","N","0","0","0","2","36101","0","","1","09","N","N","0","","0","0","0","0","0","","2245","0","1","0","0","0","0","0","3","0","1","N","","","","","","","","","","","","07","  ","","",""
"1311","0","0","0","0","0","0","0","0","0","0","0","","36","12","2016","2016138002","4","39.9832","-76.2959","1308","08","0","0","0","0","0","0","0","0","3","0","0","0","13","1","0","00","1","39 58:59.433","3","00","76 17:45.224","0","0","0","0","36228","0","0","0","N","0","0","0","9","36503","0","","1","01","N","N","2","","0","0","0","0","0","Y","1305","0","3","0","0","1","0","0","1","1","3","N","","","","","","","","","","","","03","  ","","",""
"2017","1","0","0","0","0","0","0","0","0","7","0","","36","10","2016","2016138011","3","40.1514","-75.9015","2003","08","0","0","0","0","0","0","0","0","2","0","0","0","19","3","0","00","2","40 09:05.071","2","00","75 54:05.311","9","0","0","0","36203","0","0","0","","0","0","0","1","68J01","0","","4","01","N","N","0","","0","0","0","0","0","N","1954","0","1","0","0","0","0","1","1","0","1","N","","","","","","","","","","","","03","  ","","",""
"0912","0","0","0","0","0","0","0","0","0","4","0","","36","12","2016","2016138032","7","40.1","-76.3556","0908","08","0","0","1","0","0","1","0","0","1","0","0","0","09","1","0","01","1","40 05:59.942","3","00","76 21:20.168","0","0","0","0","36406","0","0","0","N","0","0","0","3","36101","0","","1","01","N","N","0","","0","0","1","3","2","N","0906","0","2","0","0","0","0","0","3","1","2","N","","","","","","","","","","","","03","  ","","",""
"1545","1","0","0","0","0","0","0","0","0","7","0","","36","12","2016","2016138049","2","40.1003","-76.2577","1540","08","0","0","0","0","0","0","0","0","","0","0","0","15","1","1","00","0","40 06:00.930","","00","76 15:27.704","3","0","0","0","36101","0","0","0","N","0","0","0","1","36101","0","","4","09","N","N","0","","1","0","0","0","0","","1533","1","1","0","0","0","0","0","3","0","1","N","","","","","","","","","","","","07","  ","","",""
"1415","0","0","0","0","0","0","0","0","0","7","0","","36","12","2016","2016138055","5","40.1269","-76.0729","1408","08","0","0","0","0","0","0","1","0","","0","0","0","14","1","0","00","0","40 07:36.864","","00","76 04:22.331","0","0","0","0","36209","0","0","0","N","0","0","0","1","36415","0","","4","01","N","N","1","","0","0","0","0","0","","1405","0","1","0","0","0","0","0","1","0","1","N","","","","","","","","","","","","03","  ","","",""