"ARRIVAL_TM","AUTOMOBILE_COUNT","BELTED_DEATH_COUNT","BELTED_SUSP_SERIOUS_INJ_COUNT","BICYCLE_COUNT","BICYCLE_DEATH_COUNT","BICYCLE_SUSP_SERIOUS_INJ_COUNT","BUS_COUNT","CHLDPAS_DEATH_COUNT","CHLDPAS_SUSP_SERIOUS_INJ_COUNT","COLLISION_TYPE","COMM_VEH_COUNT","CONS_ZONE_SPD_LIM","COUNTY","CRASH_MONTH","CRASH_YEAR","CRN","DAY_OF_WEEK","DEC_LAT","DEC_LONG","DISPATCH_TM","DISTRICT","DRIVER_COUNT_16YR","DRIVER_COUNT_17YR","DRIVER_COUNT_18YR","DRIVER_COUNT_19YR","DRIVER_COUNT_20YR","DRIVER_COUNT_50_64YR","DRIVER_COUNT_65_74YR","DRIVER_COUNT_75PLUS","EST_HRS_CLOSED","FATAL_COUNT","HEAVY_TRUCK_COUNT","HORSE_BUGGY_COUNT","HOUR_OF_DAY","ILLUMINATION","INJURY_COUNT","INTERSECT_TYPE","LANE_CLOSED","LATITUDE","LN_CLOSE_DIR","LOCATION_TYPE","LONGITUDE","MAX_SEVERITY_LEVEL","MCYCLE_DEATH_COUNT","MCYCLE_SUSP_SERIOUS_INJ_COUNT","MOTORCYCLE_COUNT","MUNICIPALITY","NONMOTR_COUNT","NONMOTR_DEATH_COUNT","NONMOTR_SUSP_SERIOUS_INJ_COUNT","NTFY_HIWY_MAINT","PED_COUNT","PED_DEATH_COUNT","PED_SUSP_SERIOUS_INJ_COUNT","PERSON_COUNT","POLICE_AGCY","POSSIBLE_INJ_COUNT","RDWY_SURF_TYPE_CD","RELATION_TO_ROAD","ROAD_CONDITION","SCH_BUS_IND","SCH_ZONE_IND","SMALL_TRUCK_COUNT","SPEC_JURIS_CD","SUSP_MINOR_INJ_COUNT","SUSP_SERIOUS_INJ_COUNT","SUV_COUNT","TCD_FUNC_CD","TCD_TYPE","TFC_DETOUR_IND","TIME_OF_DAY","TOT_INJ_COUNT","TOTAL_UNITS","UNB_DEATH_COUNT","UNB_SUSP_SERIOUS_INJ_COUNT","UNBELTED_OCC_COUNT","UNK_INJ_DEG_COUNT","UNK_INJ_PER_COUNT","URBAN_RURAL","VAN_COUNT","VEHICLE_COUNT","WORK_ZONE_IND","WORK_ZONE_LOC","WORK_ZONE_TYPE","WORKERS_PRES","WZ_CLOSE_DETOUR","WZ_FLAGGER","WZ_LAW_OFFCR_IND","WZ_LN_CLOSURE","WZ_MOVING","WZ_OTHER","WZ_SHLDER_MDN","ROADWAY_CLEARED","WEATHER1","WEATHER2","WZ_WORKERS_INJ_KILLED","SECONDARY_CRASH","INTERSECTION_RELATED"
"0815","1","0","0","0","0","0","0","0","0","4","0","","36","12","2016","2016138058","4","40.1738","-76.2254","0807","08","0","0","0","0","0","0","0","0","2","0","0","0","08","1","1","00","1","40 10:25.576","1","00","76 13:31.543","4","0","0","0","36218","0","0","0","N","0","0","0","2","36408","1","","1","01","N","N","1","","0","0","0","0","0","N","0805","1","2","0","0","0","0","0","1","0","2","N","","","","","","","","","","","","03","  ","","",""
"1030","1","0","0","0","0","0","0","0","0","1","0","","36","12","2016","2016138067","4","40.2034","-76.1562","1025","08","0","0","0","0","0","0","1","1","","0","0","0","10","1","0","00","0","40 12:12.414","","00","76 09:22.214","0","0","0","0","36210","0","0","0","N","0","0","0","3","36210","0","","1","01","N","N","1","","0","0","0","0","0","","1023","0","3","0","0","0","0","0","1","1","3","N","","","","","","","","","","","","03","  ","","",""
"0651","1","0","0","0","0","0","0","0","0","7","0","","36","12","2016","2016138069","4","40.0386","-76.3277","0644","08","0","0","0","0","0","1","0","0","2","0","0","0","06","3","2","00","2","40 02:18.886","4","00","76 19:39.796","4","0","0","0","36101","0","0","0","N","0","0","0","2","36101","2","","4","01","N","N","0","","0","0","0","0","0","Y","0641","2","1","0","0","0","0","0","3","0","1","N","","","","","","","","","","","","03","  ","","",""
"0838","1","0","0","0","0","0","0","0","0","7","0","","36","09","2016","2016138077","4","40.0642","-76.5374","0834","08","0","0","0","0","0","0","0","0","","0","0","0","08","1","1","01","0","40 03:51.100","","00","76 32:14.800","4","0","0","0","36211","0","0","0","N","0","0","0","1","36504","1","","2","01","N","N","0","","0","0","0","3","3","","0829","1","1","0","0","0","0","0","1","0","1","N","","","","","","","","","","","","03","  ","","",""
"2103","1","0","0","0","0","0","0","0","0","7","0","","36","12","2016","2016138097","7","40.0566","-76.5533","2058","08","0","0","0","1","0","0","0","0","","0","0","0","20","3","0","03","0","40 03:23.788","","00","76 33:11.862","0","0","0","0","36411","0","0","0","N","0","0","0","1","36504","0","","2","06","N","N","0","","0","0","0","0","0","","2050","0","1","0","0","0","0","0","1","0","1","N","","","","","","","","","","","","10","  ","","",""
"1608","0","0","0","0","0","0","0","0","0","4","0","","36","12","2016","2016138104","6","40.1383","-76.1002","1601","08","0","0","0","0","0","0","0","0","","0","0","0","15","1","2","01","0","40 08:17.897","","00","76 06:00.677","3","0","0","0","36209","0","0","0","N","0","0","0","3","36415","0","","1","01","N","N","1","","2","0","1","0","0","","1555","2","2","0","0","0","0","0","1","0","2","N","","","","","","","","","","","","03","  ","","",""
"0651","1","0","0","0","0","0","0","0","0","2","0","","36","12","2016","2016138106","3","40.0122","-76.2709","0646","08","0","0","0","0","0","0","0","0","2","0","0","0","06","2","2","00","2","40 00:43.801","5","00","76 16:15.193","8","0","0","0","36240","0","0","0","N","0","0","0","4","36240","0","","1","09","N","N","0","","0","0","2","0","0","Y","0641","2","3","0","0","0","2","0","1","0","3","N","","","","","","","","","","","","07","  ","","",""
"1704","1","0","0","0","0","0","0","0","0","1","0","","36","12","2016","2016138120","3","40.0695","-76.31","1651","08","0","0","0","0","0","0","0","0","","0","0","0","16","4","1","00","0","40 04:10.039","","00","76 18:35.965","4","0","0","0","36101","0","0","0","N","0","0","0","2","36101","1","","1","01","N","N","0","","0","0","1","0","0","","1647","1","2","0","0","0","0","0","3","0","2","N","","","","","","","","","","","","03","  ","","",""
"0039","0","0","0","0","0","0","0","0","0","7","0","","36","11","2016","2016138122","6","40.1357","-76.6958","0030","08","0","0","0","0","0","0","0","0","3","0","0","0","00","3","1","00","1","40 08:08.684","3","00","76 41:44.772","8","0","0","0","36207","0","0","0","","0","0","0","1","36504","0","","4","01","","","0","","0","0","1","0","0","N","0025","1","1","0","0","0","1","0","1","0","1","N","","","","","","","","","","","","03","  ","","",""
"0225","1","0","0","0","0","0","0","0","0","0","0","","36","12","2016","2016138304","3","40.2124","-76.1954","0217","08","0","0","0","0","0","0","0","0","2","0","0","0","02","2","1","00","2","40 12:44.800","5","00","76 11:43.600","8","0","0","0","36204","0","0","0","","0","0","0","1","36506","0","","4","01","N","N","0","","0","0","0","0","0","Y","0217","1","1","0","0","1","1","0","1","0","1","N","","","","","","","","","","","","03","  ","","",""
"0820","0","0","0","0","0","0","0","0","0","1","0","","36","12","2016","2016138305","3","40.1528","-76.2573","0814","08","0","0","0","0","0","0","0","0","2","0","0","0","08","1","0","00","2","40 09:10.200","3","00","76 15:26.300","0","0","0","0","36235","0","0","0","","0","0","0","3","36506","0","","1","01","N","N","0","","0","0","3","0","0","N","0814","0","3","0","0","0","0","0","1","0","3","N","","","","","","","","","","","","03","  ","","",""
"1225","1","0","0","0","0","0","0","0","0","1","0","","36","12","2016","2016138307","7","40.1404","-76.3037","1220","08","0","0","0","0","1","0","0","0","2","0","0","0","12","1","1","00","2","40 08:25.465","2","00","76 18:13.160","4","0","0","0","36235","0","0","0","","0","0","0","6","36506","1","","1","09","N","N","0","","0","0","2","0","0","Y","1220","1","3","0","0","0","0","0","1","0","3","N","","","","","","","","","","","","07","  ","","",""
"2053","1","0","0","0","0","0","0","0","0","1","0","","36","12","2016","2016138308","7","40.1471","-76.3296","2053","08","0","0","0","0","0","1","0","0","1","0","0","0","20","2","0","00","1","40 08:49.600","5","07","76 19:46.600","0","0","0","0","36235","0","0","0","","0","0","0","2","36506","0","","1","09","N","N","1","","0","0","0","0","0","N","2053","0","2","0","0","0","0","0","1","0","2","N","","","","","","","","","","","","03","  ","","",""
"1949","1","0","0","0","0","0","0","0","0","7","0","","36","12","2016","2016138309","1","40.1532","-76.2822","1945","08","0","1","0","0","0","0","0","0","1","0","0","0","19","2","0","02","1","40 09:11.552","3","00","76 16:55.938","0","0","0","0","36235","0","0","0","","0","0","0","2","36506","0","","4","01","N","N","0","","0","0","0","0","0","N","1943","0","1","0","0","0","0","0","1","0","1","N","","","","","","","","","","","","03","  ","","",""
"1718","0","0","0","0","0","0","0","0","0","7","0","","36","12","2016","2016138310","2","40.1484","-76.4019","1710","08","0","0","0","0","0","0","0","0","1","0","0","0","17","2","0","00","1","40 08:54.313","6","00","76 24:06.666","0","0","0","0","36227","0","0","0","","0","0","0","1","36506","0","","1","09","N","N","0","","0","0","1","0","0","N","1710","0","1","0","0","0","0","0","1","0","1","N","","","","","","","","","","","","07","  ","","",""
"2328","1","0","0","0","0","0","0","0","0","7","0","","36","12","2016","2016138311","3","40.2211","-76.2326","2324","08","0","0","0","0","0","0","0","0","1","0","0","0","23","2","0","00","1","40 13:15.900","3","00","76 13:57.400","0","0","0","0","36204","0","0","0","","0","0","0","1","36506","0","","4","01","N","N","0","","0","0","0","0","0","Y","2324","0","1","0","0","0","0","0","1","0","1","N","","","","","","","","","","","","03","  ","","",""
"0016","0","0","0","0","0","0","0","0","0","7","0","","36","12","2016","2016138341","1","40.2269","-76.0149","2352","08","0","0","0","0","0","0","0","0","","0","0","0","23","2","0","00","0","40 13:36.714","","00","76 00:53.816","0","0","0","0","36202","0","0","0","","0","0","0","2","68J01","0","","2","01","N","N","0","","0","0","1","0","0","","2345","0","1","0","0","0","0","0","1","0","1","N","","","","","","","","","","","","03","  ","","",""
"0935","2","0","0","0","0","0","0","0","0","1","0","","36","12","2016","2016138509","1","39.973","-76.2597","0910","08","0","0","0","1","0","0","1","0","","0","0","0","09","1","0","02","0","39 58:22.954","","00","76 15:34.906","0","0","0","0","36240","0","0","0","N","0","0","0","2","36240","0","","1","01","N","N","0","","0","0","0","0","0","","0909","0","2","0","0","0","0","0","1","0","2","N","","","","","","","","","","","","03","  ","","",""
"0318","4","0","0","0","0","0","0","0","0","2","0","","36","12","2016","2016138512","7","40.0459","-76.3072","0316","08","0","0","0","0","0","0","0","0","3","0","0","0","03","3","0","01","1","40 02:45.142","3","00","76 18:25.864","0","0","0","0","36301","0","0","0","N","0","0","0","2","36301","0","","1","01","N","N","0","","0","0","0","3","2","N","0316","0","4","0","0","0","0","0","3","0","4","N","","","","","","","","","","","","03","  ","","",""
"1747","1","0","0","0","0","0","0","0","0","4","0","","36","12","2016","2016138514","4","40.2653","-76.1092","1741","08","0","0","0","0","0","1","0","0","2","0","0","0","17","3","2","01","1","40 15:55.151","1","00","76 06:33.119","3","0","0","0","36210","0","0","0","N","0","0","0","6","36210","1","","1","01","N","N","0","","1","0","1","3","3","Y","1739","2","2","0","0","0","0","0","1","0","2","N","","","","","","","","","","","","03","  ","","",""
"2255","0","0","0","0","0","0","0","0","0","7","0","","36","12","2016","2016138517","4","40.0723","-76.3463","2245","08","0","0","0","0","0","0","0","0","","0","0","0","22","2","0","02","0","40 04:20.442","","00","76 20:46.766","0","0","0","0","36214","0","0","0","","0","0","0","2","36214","0","","5","01","","","0","","0","0","1","0","0","","2243","0","1","0","0","0","0","0","3","0","1","N","","","","","","","","","","","","03","  ","","",""
"1639","2","0","0","0","0","0","0","0","0","1","0","","36","12","2016","2016138524","4","40.0261","-76.3055","1626","08","0","0","0","0","0","0","0","0","1","0","0","0","16","1","0","00","1","40 01:33.784","2","00","76 18:19.727","0","0","0","0","36301","0","0","0","","0","0","0","1","36301","0","","2","01","","","0","","0","0","0","0","0","N","1621","0","2","0","0","0","0","0","3","0","2","N","","","","","","","","","","","","03","  ","","",""
"1700","1","0","0","0","0","0","0","0","0","4","0","","36","12","2016","2016138525","3","40.0633","-76.3575","1651","08","0","0","0","0","0","0","0","0","","0","0","0","16","3","0","00","0","40 03:47.700","","07","76 21:27.000","0","0","0","0","36214","0","0","0","N","0","0","0","2","36214","0","","1","01","N","N","0","","0","0","1","3","3","","1650","0","2","0","0","0","0","0","3","0","2","N","","","","","","","","","","","","03","  ","","",""
"2132","1","0","0","0","0","0","0","0","0","2","0","","36","12","2016","2016138526","6","40.0274","-76.3152","2125","08","0","0","0","0","0","0","0","0","1","0","0","0","21","3","0","01","2","40 01:38.794","7","00","76 18:54.795","0","0","0","0","36301","0","0","0","N","0","0","0","2","36301","0","","1","01","N","N","0","","0","0","1","3","3","Y","2125","0","2","0","0","0","0","0","3","0","2","N","","","","","","","","","","","","03","  ","","",""
"2325","2","0","0","0","0","0","0","0","0","2","0","","36","12","2016","2016138536","4","40.0386","-76.3358","2315","08","0","0","0","0","0","0","0","0","2","0","0","0","23","3","0","01","2","40 02:18.842","6","00","76 20:08.849","0","0","0","0","36220","0","0","0","N","0","0","0","2","36101","0","","1","01","N","N","0","","0","0","0","3","2","Y","2307","0","2","0","0","0","0","0","3","0","2","N","","","","","","","","","","","","03","  ","","",""
"0313","1","0","0","0","0","0","0","0","0","4","0","","36","12","2016","2016138538","5","40.0535","-76.3097","0308","08","0","0","0","0","0","0","0","0","2","0","0","0","03","3","0","02","1","40 03:12.510","3","00","76 18:34.994","9","0","0","0","36101","0","0","0","N","0","0","0","2","36101","0","","1","09","N","N","0","","0","0","1","3","3","N","0304","0","2","0","0","0","0","1","3","0","2","N","","","","","","","","","","","","03","  ","","",""
"1640","1","0","0","0","0","0","0","0","0","1","0","","36","12","2016","2016138545","4","40.0611","-76.356","1627","08","0","0","0","0","0","2","0","0","1","0","0","0","16","1","0","00","1","40 03:40.006","4","00","76 21:21.556","0","0","0","0","36214","0","0","0","N","0","0","0","4","36214","0","","1","01","N","N","0","","0","0","1","0","0","N","1625","0","3","0","0","0","0","0","3","1","3","N","","","","","","","","","","","","03","  ","","",""
"1934","1","0","0","0","0","0","0","0","0","1","0","","36","12","2016","2016138604","4","40.0599","-76.2777","1929","08","0","0","0","0","0","1","1","0","3","0","0","0","18","2","0","07","1","40 03:34.350","3","02","76 16:42.035","0","0","0","0","36101","0","0","0","N","0","0","0","8","36101","0","","1","01","N","N","0","","0","0","1","0","0","Y","1842","0","3","0","0","0","0","0","3","1","3","N","","","","","","","","","","","","03","  ","","",""
"1700","1","0","0","0","0","0","0","0","0","6","0","","36","12","2016","2016138621","7","40.1157","-76.3395","1656","08","0","1","0","0","0","0","1","0","1","0","0","0","16","2","0","00","1","40 06:56.651","5","00","76 20:22.327","0","0","0","0","36101","0","0","0","N","0","0","0","2","36101","0","","1","01","N","N","1","","0","0","0","0","0","N","1654","0","2","0","0","0","0","0","3","0","2","N","","","","","","","","","","","","03","  ","","",""
"1810","0","0","0","0","0","0","0","0","0","4","0","","36","12","2016","2016138624","4","40.0281","-76.1951","1800","08","0","0","0","0","0","1","0","1","1","0","0","0","17","2","0","00","1","40 01:41.224","2","00","76 11:42.186","0","0","0","0","36215","0","0","0","N","0","0","0","3","36215","0","","1","01","N","N","1","","0","0","0","0","0","N","1759","0","2","0","0","0","0","0","1","1","2","N","","","","","","","","","","","","03","  ","","",""
"0659","2","0","0","0","0","0","0","0","0","2","0","","36","12","2016","2016138625","5","40.0657","-76.3966","0603","08","0","0","0","0","1","0","0","0","1","0","0","0","06","2","1","00","1","40 03:56.552","5","00","76 23:47.752","3","0","0","0","36214","0","0","0","N","0","0","0","2","36214","0","","1","07","N","N","0","","1","0","0","0","0","Y","0600","1","2","0","0","0","0","0","3","0","2","N","","","","","","","","","","","","10","  ","","",""
"1456","3","0","0","0","0","0","0","0","0","1","0","","36","12","2016","2016138645","4","40.0772","-76.2837","1455","08","0","0","0","1","0","0","1","0","2","0","0","0","14","1","1","00","2","40 04:37.759","2","00","76 17:01.222","3","0","0","0","36101","0","0","0","N","0","0","0","9","36101","0","","1","01","N","N","0","","1","0","2","0","0","N","1455","1","5","0","0","0","0","0","3","0","5","N","","","","","","","","","","","","03","  ","","",""
"0637","1","0","0","0","0","0","0","0","0","7","0","","36","12","2016","2016138666","5","40.1651","-76.2112","0637","08","0","0","0","0","0","1","0","0","","0","0","0","06","5","0","02","0","40 09:54.322","","00","76 12:40.169","0","0","0","0","36402","0","0","0","N","0","0","0","1","36402","0","","2","07","N","N","0","","0","0","0","3","3","","0630","0","1","0","0","0","0","0","2","0","1","N","","","","","","","","","","","","10","  ","","",""
"0707","0","0","0","0","0","0","0","0","0","0","0","","36","12","2016","2016138668","5","40.0087","-76.1874","0656","08","0","0","0","0","0","0","0","0","1","0","0","0","06","5","0","00","1","40 00:31.450","1","00","76 11:14.564","0","0","0","0","36215","0","0","0","N","0","0","0","1","36215","0","","5","09","N","N","1","","0","0","0","0","0","N","0652","0","1","0","0","1","0","0","1","0","1","N","","","","","","","","","","","","07","  ","","",""
"1704","1","0","0","0","0","0","0","0","0","1","0","","36","12","2016","2016138687","5","40.2328","-76.4342","1655","08","0","0","0","0","0","1","1","0","2","0","0","0","16","2","2","00","1","40 13:58.206","2","00","76 26:03.082","8","0","0","0","36230","0","0","0","N","0","0","0","5","36410","0","","1","01","N","N","0","","0","0","1","0","0","Y","1653","2","2","0","0","0","2","0","1","0","2","N","","","","","","","","","","","","03","  ","","",""
"1238","1","0","0","0","0","0","0","0","0","4","0","","36","12","2016","2016138699","1","40.244","-76.0491","1237","08","0","0","0","0","0","0","1","0","","0","0","0","12","1","1","01","0","40 14:38.245","","00","76 02:56.776","8","0","0","0","36401","0","0","0","N","0","0","0","5","36408","0","","1","01","N","N","0","","0","0","0","3","3","","1235","1","2","0","0","0","1","0","1","1","2","N","","","","","","","","","","","","03","  ","","",""
"1054","2","0","0","0","0","0","0","0","0","1","0","","36","12","2016","2016138702","5","40.1143","-76.3227","1043","08","0","0","0","0","0","0","0","0","2","0","0","0","10","1","0","00","1","40 06:51.336","4","00","76 19:21.589","0","0","0","0","36101","0","0","0","N","0","0","0","2","36101","0","","1","09","N","N","0","","0","0","0","0","0","N","1042","0","2","0","0","0","0","0","3","0","2","N","","","","","","","","","","","","03","  ","","",""
"1225","1","0","0","0","0","0","0","0","0","1","0","","36","12","2016","2016138735","5","40.0643","-76.3251","1212","08","0","0","0","0","0","1","0","0","","0","0","0","12","1","5","00","0","40 03:51.469","","00","76 19:30.450","3","0","0","0","36101","0","0","0","N","0","0","0","5","36101","4","","1","09","N","N","0","","1","0","0","0","0","","1211","5","2","0","0","0","0","0","3","1","2","N","","","","","","","","","","","","07","  ","","",""
"1115","2","0","0","0","0","0","0","0","0","4","0","","36","12","2016","2016138749","1","40.0685","-76.3029","1102","08","0","0","0","0","0","0","0","0","2","0","0","0","11","1","2","01","1","40 04:06.491","1","00","76 18:10.333","3","0","0","0","36101","0","0","0","N","0","0","0","2","36101","1","","1","01","N","N","0","","1","0","0","3","2","N","1100","2","2","0","0","0","0","0","3","0","2","N","","","","","","","","","","","","03","  ","","",""
"1116","1","0","0","0","0","0","0","0","0","1","1","","36","12","2016","2016138755","3","40.0872","-76.1904","1111","08","0","0","0","0","0","0","0","0","1","0","1","0","11","1","0","03","1","40 05:14.005","3","00","76 11:25.420","0","0","0","0","36234","0","0","0","N","0","0","0","2","36215","0","","1","01","N","N","0","","0","0","0","3","2","N","1109","0","2","0","0","0","0","0","1","0","2","N","","","","","","","","","","","","03","  ","","",""
"1704","0","0","0","0","0","0","0","0","0","4","0","99","36","12","2016","2016138759","4","40.0545","-76.0507","1654","08","0","0","0","0","2","0","0","0","2","0","0","0","16","2","1","01","2","40 03:16.235","6","00","76 03:02.431","3","0","0","0","36209","0","0","0","Y","0","0","0","5","36415","0","","1","01","Y","Y","1","","1","0","0","3","3","Y","1654","1","2","0","0","0","0","0","1","1","2","Y","8","8","N","","","N","","","","","","03","  ","","",""
"1037","1","0","0","0","0","0","0","0","0","7","0","","36","12","2016","2016138763","5","40.1991","-76.4447","1027","08","0","0","0","0","0","0","0","0","","0","0","0","05","2","0","02","0","40 11:56.624","","00","76 26:41.084","0","0","0","0","36230","0","0","0","N","0","0","0","1","36410","0","","5","07","N","N","0","","0","0","0","3","3","","0530","0","1","0","0","0","0","0","1","0","1","N","","","","","","","","","","","","10","  ","","",""
"1544","2","0","0","0","0","0","0","0","0","4","0","","36","12","2016","2016138776","5","40.0742","-76.278","1542","08","0","0","0","0","0","0","0","1","2","0","0","0","15","1","2","00","2","40 04:27.084","6","00","76 16:40.958","8","0","0","0","36101","0","0","0","N","0","0","0","3","36101","0","","1","09","N","N","0","","0","0","0","0","0","Y","1540","2","2","0","0","2","2","0","3","0","2","N","","","","","","","","","","","","03","  ","","",""
"1530","1","0","0","0","0","0","0","0","0","1","0","","36","12","2016","2016138778","5","40.1028","-76.3054","1519","08","0","0","0","0","0","0","0","0","","0","0","0","15","1","0","00","0","40 06:10.008","","00","76 18:19.402","0","0","0","0","36101","0","0","0","N","0","0","0","2","36101","0","","1","01","N","N","0","","0","0","1","0","0","","1510","0","2","0","0","0","0","0","3","0","2","N","","","","","","","","","","","","03","  ","","",""
"1616","1","0","0","0","0","0","0","0","0","7","0","","36","12","2016","2016138799","4","40.1727","-76.357","1607","08","0","0","0","0","0","0","0","0","1","0","0","0","16","1","0","00","1","40 10:21.824","4","00","76 21:25.365","0","0","0","0","36227","0","0","0","","0","0","0","2","36506","0","","4","01","N","N","0","","0","0","0","0","0","N","1603","0","1","0","0","0","0","0","1","0","1","N","","","","","","","","","","","","03","  ","","",""
"0838","0","0","0","0","0","0","0","0","0","7","0","","36","12","2016","2016138800","5","40.2383","-76.2361","0829","08","0","0","0","0","0","0","0","0","","0","0","0","08","1","0","00","0","40 14:17.816","","00","76 14:10.107","0","0","0","0","36204","0","0","0","","0","0","0","1","36506","0","","4","06","N","N","1","","0","0","0","0","0","","0829","0","1","0","0","0","0","0","1","0","1","N","","","","","","","","","","","","07","  ","","",""
"0214","1","0","0","0","0","0","0","0","0","7","0","","36","12","2016","2016138922","7","40.1286","-76.6254","0209","08","0","0","0","0","1","0","0","0","3","0","0","0","02","2","0","02","1","40 07:42.850","1","00","76 37:31.404","0","0","0","0","36237","0","0","0","Y","0","0","0","1","36505","0","","4","01","N","N","0","","0","0","0","0","0","N","0201","0","1","0","0","0","0","0","1","0","1","N","","","","","","","","","","","","03","  ","","",""
"2014","1","0","0","0","0","0","0","0","0","4","0","","36","12","2016","2016138941","5","40.0695","-76.3076","2010","08","0","0","0","0","0","1","1","0","2","0","0","0","20","3","1","01","2","40 04:10.226","7","00","76 18:28.241","8","0","0","0","36101","0","0","0","N","0","0","0","3","36101","0","","1","01","N","N","0","","0","0","1","3","2","Y","2009","1","2","0","0","0","1","0","3","0","2","N","","","","","","","","","","","","03","  ","","",""
"2106","2","0","0","0","0","0","0","0","0","5","0","","36","12","2016","2016138944","1","40.0403","-76.299","2100","08","0","0","0","0","0","1","0","0","1","0","0","0","20","3","0","00","1","40 02:24.972","4","00","76 17:56.412","0","0","0","0","36301","0","0","0","N","0","0","0","1","36301","0","","2","01","N","N","0","","0","0","1","0","0","Y","2059","0","3","0","0","0","0","0","3","0","3","N","","","","","","","","","","","","03","  ","","",""
"0559","1","0","0","0","0","0","0","0","0","7","0","","36","12","2016","2016138961","1","40.1348","-76.5749","0556","08","0","0","0","0","0","0","0","0","","0","0","0","05","2","0","00","0","40 08:05.323","","00","76 34:29.596","0","0","0","0","36225","0","0","0","N","0","0","0","1","36505","0","","2","01","N","N","0","","0","0","0","0","0","","0553","0","1","0","0","0","0","0","2","0","1","N","","","","","","","","","","","","03","  ","","",""
"1950","0","0","0","0","0","0","0","0","0","7","0","","36","12","2016","2016138978","7","40.0408","-76.2935","1944","08","0","0","0","0","0","0","0","0","2","0","0","0","19","3","0","01","1","40 02:26.966","2","00","76 17:36.600","0","0","0","0","36301","0","0","0","","0","0","0","1","36301","0","","4","01","","","0","","0","0","1","3","3","N","1943","0","2","0","0","0","0","0","3","0","1","N","","","","","","","","","","","","03","  ","","",""
"0520","1","0","0","0","0","0","0","0","0","5","1","","36","12","2016","2016138986","5","40.1681","-76.1505","0513","08","0","0","0","0","0","1","0","0","2","0","1","0","05","2","1","00","1","40 10:05.291","2","00","76 09:01.877","3","0","0","0","36218","0","0","0","N","0","0","0","2","36408","0","","1","09","N","N","0","","1","0","0","0","0","N","0511","1","2","0","0","0","0","0","1","0","2","N","","","","","","","","","","","","07","  ","","",""
"0544","0","0","0","0","0","0","0","0","0","7","0","","36","12","2016","2016138991","5","40.0524","-76.4732","0535","08","0","0","0","0","0","1","0","0","2","0","0","0","05","2","1","00","1","40 03:08.607","3","00","76 28:23.592","8","0","0","0","36239","0","0","0","N","0","0","0","1","36239","0","","5","07","N","N","0","","0","0","1","0","0","N","0532","1","1","0","0","0","1","0","3","0","1","N","","","","","","","","","","","","10","  ","","",""
"0528","0","0","0","0","0","0","0","0","0","7","1","","36","12","2016","2016139050","6","40.1157","-76.2379","0514","08","0","0","0","0","0","1","0","0","3","0","1","0","05","1","0","00","1","40 06:56.418","2","00","76 14:16.488","0","0","0","0","36101","0","0","0","N","0","0","0","1","36101","0","","1","01","N","N","0","","0","0","0","0","0","N","0509","0","1","0","0","0","0","0","3","0","1","N","","","","","","","","","","","","03","  ","","",""
"1404","1","0","0","0","0","0","0","0","0","0","0","","36","12","2016","2016139053","5","40.0201","-76.4684","1354","08","0","0","0","0","0","0","0","0","","0","0","0","13","1","3","00","0","40 01:12.373","","00","76 28:06.239","8","0","0","0","36223","0","0","0","","0","0","0","3","36223","0","","5","01","N","N","0","","0","0","0","0","0","","1353","3","1","0","0","1","3","0","1","0","1","N","","","","","","","","","","","","03","  ","","",""
"0606","0","0","0","0","0","0","0","0","0","7","0","","36","12","2016","2016139065","5","40.0787","-76.5368","0554","08","0","0","1","0","0","0","0","0","1","0","0","0","05","2","0","00","2","40 04:43.211","6","00","76 32:12.421","0","0","0","0","36211","0","0","0","N","0","0","0","1","36504","0","","5","06","N","N","0","","0","0","1","0","0","N","0547","0","1","0","0","0","0","0","1","0","1","N","","","","","","","","","","","","10","  ","","",""
"1508","2","0","0","0","0","0","0","0","0","4","0","","36","12","2016","2016139094","3","40.0828","-76.2911","1506","08","0","0","0","0","0","0","1","0","2","0","0","0","15","1","0","01","1","40 04:58.234","1","00","76 17:27.978","0","0","0","0","36101","0","0","0","N","0","0","0","2","36101","0","","1","01","N","N","0","","0","0","0","3","2","N","1504","0","2","0","0","0","0","0","3","0","2","N","","","","","","","","","","","","03","  ","","",""
"0945","1","0","0","0","0","0","0","0","0","0","0","","36","12","2016","2016139113","6","40.128","-76.5117","0939","08","0","0","0","0","0","0","0","0","","0","0","0","09","1","0","00","0","40 07:40.933","","00","76 30:41.988","0","0","0","0","36225","0","0","0","N","0","0","0","1","36505","0","","1","01","N","N","0","","0","0","0","0","0","","0936","0","1","0","0","0","0","0","2","0","1","N","","","","","","","","","","","","03","  ","","",""
"0714","1","0","0","0","0","0","0","0","0","7","0","","36","12","2016","2016139123","5","40.183","-76.2681","0705","08","0","0","0","0","0","0","0","0","1","0","0","0","07","1","0","00","1","40 10:58.738","3","00","76 16:05.273","0","0","0","0","36235","0","0","0","","0","0","0","1","36506","0","","4","07","N","N","0","","0","0","0","3","3","N","0705","0","1","0","0","0","0","0","1","0","1","N","","","","","","","","","","","","10","  ","","",""
"1636","1","0","0","0","0","0","0","0","0","1","0","","36","12","2016","2016139140","5","40.0305","-76.3216","1636","08","0","0","0","0","0","3","0","0","","0","0","0","16","1","2","00","0","40 01:49.969","","00","76 19:17.661","3","0","0","0","36301","0","0","0","N","0","0","0","3","36301","0","","1","01","N","N","0","","2","0","2","0","0","","1632","2","3","0","0","0","0","0","3","0","3","N","","","","","","","","","","","","03","  ","","",""