"ARRIVAL_TM","AUTOMOBILE_COUNT","BELTED_DEATH_COUNT","BELTED_SUSP_SERIOUS_INJ_COUNT","BICYCLE_COUNT","BICYCLE_DEATH_COUNT","BICYCLE_SUSP_SERIOUS_INJ_COUNT","BUS_COUNT","CHLDPAS_DEATH_COUNT","CHLDPAS_SUSP_SERIOUS_INJ_COUNT","COLLISION_TYPE","COMM_VEH_COUNT","CONS_ZONE_SPD_LIM","COUNTY","CRASH_MONTH","CRASH_YEAR","CRN","DAY_OF_WEEK","DEC_LAT","DEC_LONG","DISPATCH_TM","DISTRICT","DRIVER_COUNT_16YR","DRIVER_COUNT_17YR","DRIVER_COUNT_18YR","DRIVER_COUNT_19YR","DRIVER_COUNT_20YR","DRIVER_COUNT_50_64YR","DRIVER_COUNT_65_74YR","DRIVER_COUNT_75PLUS","EST_HRS_CLOSED","FATAL_COUNT","HEAVY_TRUCK_COUNT","HORSE_BUGGY_COUNT","HOUR_OF_DAY","ILLUMINATION","INJURY_COUNT","INTERSECT_TYPE","LANE_CLOSED","LATITUDE","LN_CLOSE_DIR","LOCATION_TYPE","LONGITUDE","MAX_SEVERITY_LEVEL","MCYCLE_DEATH_COUNT","MCYCLE_SUSP_SERIOUS_INJ_COUNT","MOTORCYCLE_COUNT","MUNICIPALITY","NONMOTR_COUNT","NONMOTR_DEATH_COUNT","NONMOTR_SUSP_SERIOUS_INJ_COUNT","NTFY_HIWY_MAINT","PED_COUNT","PED_DEATH_COUNT","PED_SUSP_SERIOUS_INJ_COUNT","PERSON_COUNT","POLICE_AGCY","POSSIBLE_INJ_COUNT","RDWY_SURF_TYPE_CD","RELATION_TO_ROAD","ROAD_CONDITION","SCH_BUS_IND","SCH_ZONE_IND","SMALL_TRUCK_COUNT","SPEC_JURIS_CD","SUSP_MINOR_INJ_COUNT","SUSP_SERIOUS_INJ_COUNT","SUV_COUNT","TCD_FUNC_CD","TCD_TYPE","TFC_DETOUR_IND","TIME_OF_DAY","TOT_INJ_COUNT","TOTAL_UNITS","UNB_DEATH_COUNT","UNB_SUSP_SERIOUS_INJ_COUNT","UNBELTED_OCC_COUNT","UNK_INJ_DEG_COUNT","UNK_INJ_PER_COUNT","URBAN_RURAL","VAN_COUNT","VEHICLE_COUNT","WORK_ZONE_IND","WORK_ZONE_LOC","WORK_ZONE_TYPE","WORKERS_PRES","WZ_CLOSE_DETOUR","WZ_FLAGGER","WZ_LAW_OFFCR_IND","WZ_LN_CLOSURE","WZ_MOVING","WZ_OTHER","WZ_SHLDER_MDN","ROADWAY_CLEARED","WEATHER1","WEATHER2","WZ_WORKERS_INJ_KILLED","SECONDARY_CRASH","INTERSECTION_RELATED"
"0919","2","0","0","0","0","0","0","0","0","1","0","","36","12","2016","2016139150","3","40.0514","-76.2944","0919","08","0","0","0","0","0","0","0","0","","0","0","0","09","1","0","01","0","40 03:04.870","","00","76 17:39.912","9","0","0","0","36301","0","0","0","N","0","0","0","1","36301","0","","4","09","Y","N","0","","0","0","0","0","0","","0919","0","2","0","0","0","0","1","3","0","2","N","","","","","","","","","","","","07","  ","","",""
"1813","0","0","0","0","0","0","0","0","0","5","1","","36","12","2016","2016139154","5","39.9869","-76.2816","1809","08","0","0","0","0","1","0","0","0","2","0","1","0","18","3","1","00","2","39 59:12.945","1","00","76 16:53.767","8","0","0","0","36240","0","0","0","N","0","0","0","4","36240","0","","1","01","N","N","1","","0","0","0","0","0","Y","1809","1","2","0","0","0","1","0","1","0","2","N","","","","","","","","","","","","03","  ","","",""
"1548","1","0","0","0","0","0","0","0","0","4","0","","36","12","2016","2016139178","6","40.049","-76.3735","1543","08","0","0","0","0","0","0","0","1","","0","0","0","15","1","0","01","0","40 02:56.511","","00","76 22:24.628","0","0","0","0","36214","0","0","0","N","0","0","0","2","36214","0","","1","01","N","N","1","","0","0","0","3","3","","1540","0","2","0","0","0","0","0","3","0","2","N","","","","","","","","","","","","03","  ","","",""
"0132","2","0","0","0","0","0","0","0","0","7","0","","36","12","2016","2016139231","4","39.9686","-76.2723","0121","08","0","0","0","0","0","0","0","0","","0","0","0","01","3","0","00","0","39 58:06.967","","00","76 16:20.118","0","0","0","0","36228","0","0","0","N","0","0","0","1","36503","0","","5","01","N","N","0","","0","0","0","0","0","","0121","0","2","0","0","0","0","0","1","0","2","N","","","","","","","","","","","","03","  ","","",""
"2358","0","0","0","0","0","0","0","0","0","0","0","","36","12","2016","2016139275","3","40.0769","-76.3263","2352","08","0","0","0","0","0","0","0","0","","0","0","0","23","3","1","00","0","40 04:36.852","","00","76 19:34.572","4","0","0","1","36101","0","0","0","N","0","0","0","2","36101","1","","1","02","N","N","0","","0","0","0","0","0","","2345","1","1","0","0","0","0","0","3","0","1","N","","","","","","","","","","","","03","  ","","",""
"1755","0","0","0","0","0","0","0","0","0","8","0","","36","12","2016","2016139279","4","40.2462","-76.1769","1745","08","0","0","0","0","0","1","0","0","1","0","0","0","17","2","2","00","2","40 14:46.409","5","00","76 10:36.777","3","0","0","0","36236","1","0","0","N","1","0","0","2","36408","0","","1","01","N","N","1","","2","0","0","0","0","Y","1743","2","2","0","0","1","0","0","1","0","1","N","","","","","","","","","","","","03","  ","","",""
"1005","0","0","0","0","0","0","0","0","0","0","0","","36","12","2016","2016139282","4","40.1323","-76.2178","1003","08","0","0","0","0","0","0","0","0","","0","0","0","10","1","0","02","0","40 07:56.197","","00","76 13:04.253","0","0","0","0","36238","0","0","0","N","0","0","0","1","36238","0","","1","01","N","N","0","","0","0","0","3","3","","1003","0","1","0","0","0","0","0","3","1","1","N","","","","","","","","","","","","03","  ","","",""
"0134","1","0","0","0","0","0","0","0","0","7","0","","36","12","2016","2016139292","7","40.1902","-76.2123","0131","08","0","0","0","1","0","0","0","0","2","0","0","0","01","2","0","02","2","40 11:24.696","6","00","76 12:44.323","0","0","0","0","36218","0","0","0","N","0","0","0","1","36408","0","","2","01","N","N","0","","0","0","0","0","0","Y","0130","0","1","0","0","0","0","0","1","0","1","N","","","","","","","","","","","","03","  ","","",""
"0708","1","0","0","0","0","0","0","0","0","7","0","","36","12","2016","2016139295","1","40.1053","-76.1568","0659","08","0","0","0","0","0","0","0","0","","0","0","0","06","1","0","00","0","40 06:19.119","","00","76 09:24.310","0","0","0","0","36238","0","0","0","N","0","0","0","1","36238","0","","4","02","N","N","0","","0","0","0","0","0","","0659","0","1","0","0","0","0","0","3","0","1","N","","","","","","","","","","","","07","  ","","",""
"0122","0","0","0","0","0","0","0","0","0","7","0","","36","12","2016","2016139307","7","40.1306","-76.6514","0122","08","0","0","0","0","0","1","0","0","","0","0","0","01","6","0","00","0","40 07:50.204","","00","76 39:04.988","0","0","0","0","36409","0","0","0","N","0","0","0","1","36409","0","","4","01","N","N","0","","0","0","1","0","0","","0121","0","1","0","0","0","0","0","3","0","1","N","","","","","","","","","","","","03","  ","","",""
"1545","0","0","0","0","0","0","0","0","0","7","0","","36","12","2016","2016139311","6","40.0998","-76.0934","1540","08","0","0","0","0","0","0","0","0","1","0","0","0","15","1","1","00","1","40 05:59.269","3","00","76 05:36.189","3","0","0","0","36415","0","0","0","N","0","0","0","2","36415","0","","4","01","N","N","0","","1","0","1","0","0","N","1540","1","1","0","0","0","0","0","1","0","1","N","","","","","","","","","","","","03","  ","","",""
"1709","2","0","0","0","0","0","0","0","0","4","0","","36","12","2016","2016139345","6","40.216","-76.0902","1706","08","0","0","0","0","1","0","0","0","2","0","0","0","17","4","1","01","1","40 12:57.824","3","02","76 05:24.263","3","0","0","0","36210","0","0","0","N","0","0","0","3","36210","0","","1","01","N","N","0","","1","0","0","0","0","N","1705","1","2","0","0","0","0","0","1","0","2","N","","","","","","","","","","","","03","  ","","",""
"1726","1","0","0","0","0","0","0","0","0","4","0","","36","12","2016","2016139351","6","40.0907","-76.5924","1723","08","0","0","0","0","0","1","0","1","2","0","0","0","17","2","0","01","2","40 05:26.665","5","00","76 35:32.496","0","0","0","0","36211","0","0","0","N","0","0","0","2","36504","0","","1","01","N","N","1","","0","0","0","3","3","Y","1721","0","2","0","0","0","0","0","1","0","2","N","","","","","","","","","","","","03","  ","","",""
"1559","1","0","0","0","0","0","0","0","0","1","0","","36","12","2016","2016139357","6","40.0691","-76.3073","1553","08","0","0","0","1","0","0","1","0","3","0","0","0","15","1","3","00","1","40 04:08.698","4","00","76 18:26.257","3","0","0","0","36101","0","0","0","N","0","0","0","5","36101","1","","1","01","N","N","0","","2","0","1","0","0","N","1550","3","3","0","0","0","0","0","3","1","3","N","","","","","","","","","","","","03","  ","","",""
"1559","2","0","0","0","0","0","0","0","0","4","0","","36","12","2016","2016139369","6","40.043","-76.2879","1555","08","0","0","0","0","0","0","1","0","1","0","0","0","15","1","1","01","1","40 02:34.961","1","00","76 17:16.309","3","0","0","0","36301","0","0","0","N","0","0","0","2","36301","0","","1","01","N","N","0","","1","0","0","3","2","N","1555","1","2","0","0","0","0","0","3","0","2","N","","","","","","","","","","","","03","  ","","",""
"1047","0","0","0","0","0","0","0","0","0","4","0","","36","12","2016","2016139386","7","40.0389","-76.2666","1044","08","0","0","0","0","0","1","0","1","","0","0","0","10","1","0","00","0","40 02:20.111","","07","76 15:59.745","0","0","0","0","36215","0","0","0","N","0","0","0","4","36215","0","","1","01","N","N","0","","0","0","2","0","0","","1040","0","2","0","0","2","0","0","1","0","2","N","","","","","","","","","","","","03","  ","","",""
"1522","1","0","0","0","0","0","0","0","0","1","0","","36","12","2016","2016139404","7","40.1008","-76.096","1514","08","0","0","0","0","0","1","0","0","1","0","0","0","15","1","2","01","2","40 06:03.031","4","00","76 05:45.673","4","0","0","0","36415","0","0","0","N","0","0","0","5","36415","2","","1","01","N","N","0","","0","0","1","3","2","N","1510","2","2","0","0","0","0","0","1","0","2","N","","","","","","","","","","","","03","  ","","",""
"1809","1","0","0","0","0","0","0","0","0","1","0","","36","12","2016","2016139428","7","40.1181","-76.0473","1807","08","0","0","0","1","0","1","0","0","2","0","0","0","08","3","0","00","1","40 07:05.303","4","00","76 02:50.194","0","0","0","0","36213","0","0","0","N","0","0","0","2","36213","0","","1","01","N","N","1","","0","0","0","0","0","N","0803","0","2","0","0","0","0","0","1","0","2","N","","","","","","","","","","","","03","  ","","",""
"1834","0","0","0","0","0","0","0","0","0","7","0","","36","12","2016","2016139442","7","39.9284","-76.3549","1834","08","0","0","0","0","1","0","0","0","1","0","0","0","18","2","0","00","1","39 55:42.100","1","00","76 21:17.600","0","0","0","0","36206","0","0","0","N","0","0","0","1","36503","0","","4","01","N","N","0","","0","0","1","0","0","N","1834","0","1","0","0","0","0","0","1","0","1","N","","","","","","","","","","","","03","  ","","",""
"1747","3","0","0","0","0","0","0","0","0","4","0","","36","12","2016","2017000043","6","40.1713","-76.174","1745","08","0","0","0","0","0","0","0","0","2","0","0","0","17","2","0","00","2","40 10:16.672","5","00","76 10:26.392","0","0","0","0","36408","0","0","0","N","0","0","0","1","36408","0","","1","01","N","N","0","","0","0","1","0","0","Y","1745","0","4","0","0","0","0","0","2","0","4","N","","","","","","","","","","","","03","  ","","",""
"1705","0","0","0","0","0","0","0","0","0","1","0","","36","12","2016","2017000068","3","40.085","-76.3444","1701","08","0","0","0","0","0","0","0","0","","0","0","0","16","1","0","00","0","40 05:06.161","","00","76 20:40.000","0","0","0","0","36406","0","0","0","N","0","0","0","2","36101","0","","1","01","N","N","0","","0","0","2","0","0","","1638","0","2","0","0","0","0","0","3","0","2","N","","","","","","","","","","","","03","  ","","",""
"1928","1","0","0","1","0","0","0","0","0","4","0","","36","12","2016","2017000077","4","40.0378","-76.2707","1920","08","0","0","0","0","0","0","0","0","","0","0","0","19","3","1","03","0","40 02:16.133","","00","76 16:14.670","4","0","0","0","36215","1","0","0","N","0","0","0","2","36215","1","","1","01","N","N","0","","0","0","0","3","2","","1920","1","2","0","0","0","0","0","1","0","1","N","","","","","","","","","","","","03","  ","","",""
"1746","2","0","0","0","0","0","0","0","0","1","0","","36","12","2016","2017000078","6","40.0419","-76.2466","1744","08","0","0","0","0","0","0","0","1","","0","0","0","17","3","7","07","0","40 02:30.956","","02","76 14:47.636","4","0","0","0","36215","0","0","0","N","0","0","0","7","36215","7","","1","01","N","N","0","","0","0","1","0","0","","1744","7","3","0","0","0","0","0","1","0","3","N","","","","","","","","","","","","03","  ","","",""
"0440","1","0","0","0","0","0","0","0","0","0","0","","36","12","2016","2017000128","6","40.091","-76.1126","0436","08","0","0","0","0","0","0","0","0","2","0","0","0","04","2","0","00","2","40 05:27.492","5","00","76 06:45.212","0","0","0","0","36209","0","0","0","N","0","0","0","1","36415","0","","5","01","N","N","0","","0","0","0","0","0","Y","0436","0","1","0","0","0","0","0","1","0","1","N","","","","","","","","","","","","03","  ","","",""
"2000","2","0","0","0","0","0","0","0","0","4","0","","36","12","2016","2017000135","4","40.1293","-76.2191","1955","08","1","0","0","1","0","0","0","0","","0","0","0","19","3","0","01","0","40 07:51.556","","00","76 13:01.609","0","0","0","0","36238","0","0","0","N","0","0","0","2","36238","0","","1","01","N","N","0","","0","0","0","3","2","","1955","0","2","0","0","0","0","0","3","0","2","N","","","","","","","","","","","","03","  ","","",""
"1911","2","0","0","0","0","0","0","0","0","1","0","","36","12","2016","2017000186","7","40.0632","-76.3057","1905","08","0","0","0","0","0","0","0","0","","0","0","0","18","3","0","00","0","40 03:47.657","","00","76 18:20.574","0","0","0","0","36101","0","0","0","N","0","0","0","3","36101","0","","1","01","N","N","0","","0","0","0","0","0","","1838","0","2","0","0","0","0","0","3","0","2","N","","","","","","","","","","","","03","  ","","",""
"1021","1","0","0","0","0","0","0","0","0","7","0","","36","10","2016","2017000206","3","40.0409","-76.381","0927","08","0","0","0","0","0","0","0","0","","0","0","0","03","3","0","00","0","40 02:27.357","","00","76 22:51.674","0","0","0","0","36223","0","0","0","","0","0","0","1","36223","0","","4","01","N","N","0","","0","0","0","0","0","","0349","0","1","0","0","0","0","0","1","0","1","N","","","","","","","","","","","","03","  ","","",""
"1606","2","0","0","0","0","0","0","0","0","4","0","","36","12","2016","2017000222","1","40.0402","-76.3152","1602","08","0","0","0","0","0","0","0","0","1","0","0","0","16","1","0","01","1","40 02:24.745","3","00","76 18:54.701","0","0","0","0","36301","0","0","0","N","0","0","0","6","36301","0","","1","01","N","N","0","","0","0","0","3","3","N","1601","0","2","0","0","0","0","0","3","0","2","N","","","","","","","","","","","","03","  ","","",""
"1210","1","0","0","0","0","0","0","0","0","4","0","","36","12","2016","2017000260","5","40.1559","-76.3435","1203","08","0","0","0","0","0","1","1","0","1","0","0","0","12","1","2","01","2","40 09:21.374","6","00","76 20:36.774","8","0","0","0","36227","0","0","0","","0","0","0","2","36506","0","","1","01","N","N","0","","0","0","1","0","0","Y","1201","2","2","0","0","0","2","0","1","0","2","N","","","","","","","","","","","","03","  ","","",""
"1655","1","0","0","0","0","0","0","0","0","1","0","","36","12","2016","2017000286","6","40.0384","-76.3254","1655","08","0","0","0","0","0","0","0","0","","0","0","0","15","1","2","00","0","40 02:18.238","","00","76 19:31.499","8","0","0","0","36220","0","0","0","N","0","0","0","3","36101","0","","1","01","N","N","0","","0","0","1","0","0","","1550","2","2","0","0","0","2","0","3","0","2","N","","","","","","","","","","","","03","  ","","",""
"1550","2","0","0","0","0","0","0","0","0","4","0","","36","12","2016","2017000294","6","40.0044","-76.356","1546","08","0","0","0","0","0","0","1","0","2","0","0","0","15","1","0","02","1","40 00:16.012","1","00","76 21:21.754","0","0","0","0","36412","0","0","0","N","0","0","0","2","36412","0","","1","01","N","N","0","","0","0","0","3","3","N","1546","0","2","0","0","0","0","0","3","0","2","N","","","","","","","","","","","","03","  ","","",""
"0746","0","0","0","0","0","0","0","0","0","7","0","","36","12","2016","2017000315","4","40.1419","-76.5538","0743","08","0","0","0","0","0","0","0","0","","0","0","0","07","1","0","06","0","40 08:30.770","","02","76 33:13.622","0","0","0","0","36225","0","0","0","Y","0","0","0","1","36505","0","","2","01","N","N","0","","0","0","1","0","0","","0735","0","1","0","0","0","0","0","2","0","1","N","","","","","","","","","","","","03","  ","","",""
"0108","1","0","0","0","0","0","0","0","0","7","0","","36","12","2016","2017000424","7","39.9609","-76.2879","0108","08","0","0","0","1","0","0","0","0","2","0","0","0","01","2","1","00","1","39 57:39.300","6","00","76 17:16.400","3","0","0","0","36228","0","0","0","N","0","0","0","1","36503","0","","4","01","N","N","0","","1","0","0","0","0","N","0108","1","1","0","0","1","0","0","1","0","1","N","","","","","","","","","","","","03","  ","","",""
"1445","1","0","0","0","0","0","0","0","0","7","0","","36","12","2016","2017000428","4","","","1440","08","0","0","0","1","0","0","0","0","","0","0","0","14","1","0","00","0","","","00","","0","0","0","0","36240","0","0","0","N","0","0","0","1","36240","0","","4","01","N","Y","0","","0","0","0","0","0","","1440","0","1","0","0","0","0","0","1","0","1","N","","","","","","","","","","","","03","  ","","",""
"2334","1","0","0","0","0","0","0","0","0","4","0","","36","12","2016","2017000452","7","40.0157","-76.3496","2333","08","0","0","0","0","0","0","0","0","2","0","0","0","23","3","0","01","1","40 00:56.470","1","00","76 20:58.524","0","0","0","0","36412","0","0","0","N","0","0","0","3","36412","0","","1","01","N","N","0","","0","0","1","3","2","N","2333","0","2","0","0","0","0","0","3","0","2","N","","","","","","","","","","","","03","  ","","",""
"1922","2","0","0","0","0","0","0","0","0","4","0","","36","12","2016","2017000458","5","40.0566","-76.215","1919","08","0","0","0","0","0","0","0","0","","0","0","0","19","1","0","01","0","40 03:23.868","","00","76 12:53.887","9","0","0","0","36215","0","0","0","N","0","0","0","3","36215","0","","1","01","N","N","0","","0","0","0","3","2","","1917","0","2","0","0","0","0","2","1","0","2","N","","","","","","","","","","","","03","  ","","",""
"1451","1","0","0","0","0","0","0","0","0","1","0","","36","12","2016","2017000459","2","40.1351","-76.3039","1449","08","0","0","0","0","0","1","0","0","1","0","0","0","14","1","1","00","1","40 08:06.397","1","00","76 18:13.892","3","0","0","0","36235","0","0","0","","0","0","0","3","36506","0","","1","01","N","N","2","","1","0","0","0","0","Y","1447","1","3","0","0","0","0","0","1","0","3","N","","","","","","","","","","","","03","  ","","",""
"1406","2","0","0","0","0","0","0","0","0","4","0","","36","12","2016","2017000460","4","40.1353","-76.3055","1356","08","0","0","0","0","0","0","0","0","","0","0","0","13","1","0","00","0","40 08:07.110","","07","76 18:19.864","0","0","0","0","36235","0","0","0","","0","0","0","2","36506","0","","1","01","N","N","0","","0","0","0","3","3","","1356","0","2","0","0","0","0","0","1","0","2","N","","","","","","","","","","","","03","  ","","",""
"0701","0","0","0","0","0","0","0","0","0","7","0","","36","12","2016","2017000461","5","40.2225","-76.2567","0649","08","0","0","0","0","0","0","0","0","1","0","0","0","06","1","0","00","1","40 13:20.949","2","00","76 15:24.126","0","0","0","0","36204","0","0","0","","0","0","0","1","36506","0","","4","02","N","N","1","","0","0","0","0","0","N","0649","0","1","0","0","0","0","0","1","0","1","N","","","","","","","","","","","","09","  ","","",""
"0539","0","0","0","0","0","0","0","0","0","8","0","","36","12","2016","2017000468","4","40.1411","-76.2107","0538","08","0","0","0","0","0","0","0","0","","0","0","0","05","2","1","00","0","40 08:27.897","","00","76 12:38.352","8","0","0","0","36238","1","0","0","N","1","0","0","2","36238","0","","1","01","N","N","0","","0","0","1","0","0","","0536","1","2","0","0","0","1","0","3","0","1","N","","","","","","","","","","","","03","  ","","",""
"1458","1","0","0","0","0","0","0","0","0","4","0","","36","12","2016","2017000490","6","40.0705","-76.1712","1431","08","0","0","0","0","0","1","0","0","","0","0","0","14","1","0","01","0","40 04:13.660","","00","76 10:16.306","0","0","0","0","36234","0","0","0","N","0","0","0","2","36215","0","","1","01","N","N","0","","0","0","0","3","3","","1428","0","2","0","0","0","0","0","1","1","2","N","","","","","","","","","","","","03","  ","","",""
"0650","0","0","0","0","0","0","0","0","0","4","2","","36","11","2016","2017000522","3","40.0668","-76.6001","0645","08","0","0","0","0","0","1","0","0","1","0","1","0","06","5","0","01","2","40 04:00.304","5","00","76 36:00.485","0","0","0","0","36211","0","0","0","N","0","0","0","2","36504","0","","1","09","N","N","1","","0","0","0","3","3","N","0640","0","2","0","0","0","0","0","1","0","2","N","","","","","","","","","","","","07","05","","",""
"0420","1","0","0","0","0","0","0","0","0","7","0","","36","12","2016","2017000543","7","40.1817","-76.3609","0408","08","0","0","0","0","0","0","0","0","1","0","0","0","04","2","0","00","2","40 10:54.000","5","00","76 21:39.100","9","0","0","0","36227","0","0","0","","0","0","0","1","36506","0","","4","09","N","N","0","","0","0","0","0","0","Y","0408","0","1","0","0","0","0","1","1","0","1","N","","","","","","","","","","","","07","  ","","",""
"1850","1","0","0","0","0","0","0","0","0","4","0","","36","12","2016","2017000588","4","40.0606","-76.2768","1840","08","0","1","0","0","0","1","0","0","2","0","0","0","18","3","1","01","1","40 03:38.256","4","02","76 16:36.560","4","0","0","0","36101","0","0","0","N","0","0","0","3","36101","1","","1","01","N","N","1","","0","0","0","3","2","N","1838","1","2","0","0","0","0","0","3","0","2","N","","","","","","","","","","","","03","  ","","",""
"0710","1","0","0","0","0","0","0","0","0","7","0","","36","12","2016","2017000685","7","39.9325","-76.2947","0649","08","0","0","0","0","0","0","0","0","","0","0","0","02","2","0","00","0","39 55:57.115","","00","76 17:40.776","9","0","0","0","36228","0","0","0","N","0","0","0","1","36503","0","","2","98","N","N","0","","0","0","0","0","0","","0200","0","1","0","0","0","0","1","1","0","1","N","","","","","","","","","","","","03","  ","","",""
"1939","1","0","0","0","0","0","0","0","0","9","0","","36","12","2016","2017000724","1","40.1932","-76.1238","1931","08","0","0","0","0","0","0","0","0","","0","0","0","19","2","0","00","0","40 11:35.590","","00","76 07:25.694","0","0","0","0","36210","0","0","0","N","0","0","0","1","36210","0","","1","01","N","N","0","","0","0","0","0","0","","1928","0","1","0","0","0","0","0","1","0","1","N","","","","","","","","","","","","03","  ","","",""
"0816","0","0","0","0","0","0","0","0","0","7","0","","36","12","2016","2017000729","7","40.2154","-76.094","0812","08","0","0","0","0","0","1","0","0","","0","0","0","08","1","0","00","0","40 12:55.433","","00","76 05:38.239","0","0","0","0","36210","0","0","0","Y","0","0","0","2","36210","0","","3","09","N","N","0","","0","0","1","0","0","","0810","0","1","0","0","0","0","0","1","0","1","N","","","","","","","","","","","","07","  ","","",""
"0604","1","0","0","0","0","0","0","0","0","6","0","","36","12","2016","2017000753","5","40.0403","-76.245","0600","08","0","0","0","0","0","2","0","0","1","0","0","0","05","3","1","00","1","40 02:25.231","4","00","76 14:41.979","3","0","0","0","36215","0","0","0","N","0","0","0","7","36215","0","","1","09","N","N","1","","1","0","0","0","0","N","0557","1","2","0","0","5","0","0","1","0","2","N","","","","","","","","","","","","07","  ","","",""
"1627","1","0","0","0","0","0","0","0","0","2","0","","36","12","2016","2017001467","5","40.0522","-75.9924","1627","08","0","0","0","0","0","0","0","0","1","0","0","0","16","1","0","00","2","40 03:07.810","5","00","75 59:32.790","0","0","0","0","36232","0","0","0","","0","0","0","2","68J03","0","","1","09","N","N","1","","0","0","0","0","0","N","1627","0","2","0","0","0","0","0","1","0","2","N","","","","","","","","","","","","03","  ","","",""
"1746","1","0","0","0","0","0","0","0","0","1","0","","36","12","2016","2017001608","6","40.1658","-76.1607","1746","08","0","0","0","0","0","1","0","0","","0","0","0","17","3","0","00","0","40 09:56.768","","00","76 09:38.625","9","0","0","0","36218","0","0","0","N","0","0","0","2","36408","0","","1","01","N","N","1","","0","0","0","0","0","","1700","0","2","0","0","0","0","1","1","0","2","N","","","","","","","","","","","","03","  ","","",""
"1105","1","0","0","0","0","0","0","0","0","4","0","","36","12","2016","2017001683","7","40.0393","-76.1737","1101","08","0","0","0","0","0","0","0","0","","0","0","0","10","1","0","00","0","40 02:21.513","","07","76 10:25.160","0","0","0","0","36221","0","0","0","","0","0","0","4","68J01","0","","1","09","N","N","0","","0","0","1","0","0","","1059","0","2","0","0","0","0","0","1","0","2","N","","","","","","","","","","","","07","  ","","",""
"1156","0","0","0","0","0","0","0","0","0","7","0","","36","12","2016","2017001727","7","40.1808","-76.0379","1143","08","0","0","0","0","0","0","0","0","2","0","0","0","11","1","1","00","2","40 10:50.960","6","00","76 02:16.560","8","0","0","0","36202","0","0","0","","0","0","0","1","68J01","0","","4","09","N","N","1","","0","0","0","0","0","Y","1143","1","1","0","0","1","1","0","1","0","1","N","","","","","","","","","","","","07","  ","","",""
"2255","1","0","0","0","0","0","0","0","0","7","0","","36","12","2016","2017001760","6","39.922","-76.081","2249","08","0","0","0","0","0","0","0","0","2","0","0","0","22","2","1","02","2","39 55:19.190","4","00","76 04:51.589","8","0","0","0","36201","0","0","0","","0","0","0","1","68J01","0","","4","01","N","N","0","","0","0","0","0","0","N","2247","1","1","0","0","0","1","0","1","0","1","N","","","","","","","","","","","","03","  ","","",""
"1315","2","0","0","0","0","0","0","0","0","4","0","","36","12","2016","2017001783","4","40.0628","-76.0172","1250","08","0","0","0","0","0","1","0","0","2","0","0","0","12","1","1","02","1","40 03:46.018","4","00","76 01:02.042","3","0","0","0","36232","0","0","0","","0","0","0","3","68J01","0","","1","01","N","N","0","","1","0","0","0","0","N","1248","1","2","0","0","1","0","0","1","0","2","N","","","","","","","","","","","","03","  ","","",""
"1710","2","0","0","0","0","0","0","0","0","6","0","","36","12","2016","2017001853","1","40.1016","-76.1667","1704","08","0","0","0","0","0","0","0","0","1","0","0","0","17","2","0","00","1","40 06:05.600","1","00","76 10:00.000","0","0","0","0","36238","0","0","0","N","0","0","0","2","36238","0","","1","01","N","N","0","","0","0","0","0","0","Y","1704","0","2","0","0","0","0","0","3","0","2","N","","","","","","","","","","","","03","  ","","",""
"1007","2","0","0","0","0","0","0","0","0","1","0","","36","12","2016","2017001933","3","40.1196","-76.491","0952","08","0","0","0","0","1","0","0","1","2","0","0","0","09","1","0","02","1","40 07:10.483","4","00","76 29:27.620","0","0","0","0","36230","0","0","0","","0","0","0","2","36410","0","","1","09","N","N","0","","0","0","0","0","0","N","0950","0","2","0","0","0","0","0","1","0","2","N","","","","","","","","","","","","03","  ","","",""
"1052","1","0","0","0","0","0","0","0","0","7","0","","36","12","2016","2017001978","5","40.0681","-76.299","1048","08","0","0","0","0","0","0","0","0","2","0","0","0","10","1","1","07","1","40 04:05.243","4","02","76 17:58.796","4","0","0","0","36101","0","0","0","N","0","0","0","1","36101","1","","2","09","N","N","0","","0","0","0","0","0","N","1045","1","1","0","0","0","0","0","3","0","1","N","","","","","","","","","","","","07","  ","","",""
"1557","3","0","0","0","0","0","0","0","0","4","0","","36","12","2016","2017002025","5","40.0545","-76.2964","1533","08","0","0","0","0","1","0","0","0","","0","0","0","15","1","0","00","0","40 03:16.372","","00","76 17:46.870","0","0","0","0","36101","0","0","0","N","0","0","0","1","36101","0","","1","01","N","N","0","","0","0","0","0","0","","1529","0","3","0","0","0","0","0","3","0","3","N","","","","","","","","","","","","03","  ","","",""
"1734","1","1","0","0","0","0","0","0","0","2","1","","36","12","2016","2017002112","6","40.1498","-76.2679","1726","08","0","0","0","0","0","3","0","0","4","1","1","0","17","2","0","00","2","40 08:59.452","5","00","76 16:04.278","1","0","0","0","36235","0","0","0","","0","0","0","4","36506","0","2","1","01","N","N","0","0","0","0","0","0","0","Y","1726","0","3","0","0","0","0","0","1","1","3","N","","","","","","","","","","","","03","  ","","",""
"2150","0","0","0","0","0","0","0","0","0","9","0","","36","12","2016","2017002121","7","40.2268","-76.0571","2139","08","0","0","0","0","0","1","0","0","","0","0","0","21","2","0","00","0","40 13:36.304","","00","76 03:25.396","0","0","0","0","36202","0","0","0","","0","0","0","1","68J01","0","","1","01","N","N","0","","0","0","1","0","0","","2136","0","1","0","0","0","0","0","1","0","1","N","","","","","","","","","","","","03","  ","","",""