"ARRIVAL_TM","AUTOMOBILE_COUNT","BELTED_DEATH_COUNT","BELTED_SUSP_SERIOUS_INJ_COUNT","BICYCLE_COUNT","BICYCLE_DEATH_COUNT","BICYCLE_SUSP_SERIOUS_INJ_COUNT","BUS_COUNT","CHLDPAS_DEATH_COUNT","CHLDPAS_SUSP_SERIOUS_INJ_COUNT","COLLISION_TYPE","COMM_VEH_COUNT","CONS_ZONE_SPD_LIM","COUNTY","CRASH_MONTH","CRASH_YEAR","CRN","DAY_OF_WEEK","DEC_LAT","DEC_LONG","DISPATCH_TM","DISTRICT","DRIVER_COUNT_16YR","DRIVER_COUNT_17YR","DRIVER_COUNT_18YR","DRIVER_COUNT_19YR","DRIVER_COUNT_20YR","DRIVER_COUNT_50_64YR","DRIVER_COUNT_65_74YR","DRIVER_COUNT_75PLUS","EST_HRS_CLOSED","FATAL_COUNT","HEAVY_TRUCK_COUNT","HORSE_BUGGY_COUNT","HOUR_OF_DAY","ILLUMINATION","INJURY_COUNT","INTERSECT_TYPE","LANE_CLOSED","LATITUDE","LN_CLOSE_DIR","LOCATION_TYPE","LONGITUDE","MAX_SEVERITY_LEVEL","MCYCLE_DEATH_COUNT","MCYCLE_SUSP_SERIOUS_INJ_COUNT","MOTORCYCLE_COUNT","MUNICIPALITY","NONMOTR_COUNT","NONMOTR_DEATH_COUNT","NONMOTR_SUSP_SERIOUS_INJ_COUNT","NTFY_HIWY_MAINT","PED_COUNT","PED_DEATH_COUNT","PED_SUSP_SERIOUS_INJ_COUNT","PERSON_COUNT","POLICE_AGCY","POSSIBLE_INJ_COUNT","RDWY_SURF_TYPE_CD","RELATION_TO_ROAD","ROAD_CONDITION","SCH_BUS_IND","SCH_ZONE_IND","SMALL_TRUCK_COUNT","SPEC_JURIS_CD","SUSP_MINOR_INJ_COUNT","SUSP_SERIOUS_INJ_COUNT","SUV_COUNT","TCD_FUNC_CD","TCD_TYPE","TFC_DETOUR_IND","TIME_OF_DAY","TOT_INJ_COUNT","TOTAL_UNITS","UNB_DEATH_COUNT","UNB_SUSP_SERIOUS_INJ_COUNT","UNBELTED_OCC_COUNT","UNK_INJ_DEG_COUNT","UNK_INJ_PER_COUNT","URBAN_RURAL","VAN_COUNT","VEHICLE_COUNT","WORK_ZONE_IND","WORK_ZONE_LOC","WORK_ZONE_TYPE","WORKERS_PRES","WZ_CLOSE_DETOUR","WZ_FLAGGER","WZ_LAW_OFFCR_IND","WZ_LN_CLOSURE","WZ_MOVING","WZ_OTHER","WZ_SHLDER_MDN","ROADWAY_CLEARED","WEATHER1","WEATHER2","WZ_WORKERS_INJ_KILLED","SECONDARY_CRASH","INTERSECTION_RELATED"
"1622","1","0","0","0","0","0","0","0","0","7","0","","36","12","2016","2017002124","4","40.1857","-76.0005","1621","08","0","0","0","1","0","0","0","0","2","0","0","0","16","1","0","00","1","40 11:08.610","1","00","76 00:01.790","0","0","0","0","36202","0","0","0","","0","0","0","1","68J01","0","","4","01","N","N","0","","0","0","0","0","0","N","1614","0","1","0","0","0","0","0","1","0","1","N","","","","","","","","","","","","03","  ","","",""
"1641","0","0","0","0","0","0","0","0","0","1","0","","36","12","2016","2017002128","4","40.0058","-76.1862","1638","08","0","0","0","1","0","0","0","0","","0","0","0","16","4","0","00","0","40 00:20.708","","00","76 11:10.444","0","0","0","0","36233","0","0","0","","0","0","0","2","68J01","0","","1","01","N","N","0","","0","0","2","0","0","","1630","0","2","0","0","0","0","0","1","0","2","N","","","","","","","","","","","","03","  ","","",""
"0848","1","0","0","0","0","0","0","0","0","7","0","","36","10","2016","2017002174","7","39.9838","-75.9881","0806","08","0","0","0","0","0","0","0","0","","0","0","0","00","2","0","00","0","39 59:01.520","","00","75 59:17.080","0","0","0","0","36231","0","0","0","","0","0","0","1","68J01","0","","4","01","N","N","0","","0","0","0","0","0","","0000","0","1","0","0","0","0","0","1","0","1","N","","","","","","","","","","","","03","  ","","",""
"1034","0","0","0","0","0","0","0","0","0","7","0","","36","12","2016","2017002190","7","39.8304","-76.1467","1006","08","0","0","0","0","0","0","0","0","","0","0","0","10","1","0","00","0","39 49:49.365","","00","76 08:48.153","0","0","0","0","36212","0","0","0","","0","0","0","2","68J01","0","","4","02","N","N","1","","0","0","0","0","0","","1000","0","1","0","0","0","0","0","1","0","1","N","","","","","","","","","","","","09","  ","","",""
"1339","1","0","0","0","0","0","0","0","0","7","0","","36","12","2016","2017002191","7","39.8635","-76.2009","1330","08","0","0","0","0","0","0","0","0","1","0","0","0","13","1","1","00","1","39 51:48.647","4","00","76 12:03.080","3","0","0","0","36212","0","0","0","","0","0","0","1","68J01","0","","4","09","N","N","0","","1","0","0","0","0","N","1330","1","1","0","0","1","0","0","1","0","1","N","","","","","","","","","","","","03","  ","","",""
"1622","0","0","0","0","0","0","0","0","0","1","0","","36","12","2016","2017002193","2","40.2241","-76.2938","1543","08","0","1","0","0","0","0","0","0","2","0","0","0","15","1","0","00","1","40 13:26.826","6","00","76 17:37.808","0","0","0","0","36217","0","0","0","","0","0","0","4","68J01","0","","1","01","N","N","1","","0","0","1","0","0","N","1542","0","2","0","0","0","0","0","1","0","2","N","","","","","","","","","","","","03","  ","","",""
"0840","0","0","0","0","0","0","0","0","0","7","0","","36","12","2016","2017002195","4","39.82","-76.045","0814","08","0","0","0","0","0","0","0","0","3","0","0","0","08","1","0","00","1","39 49:11.848","1","00","76 02:42.126","0","0","0","0","36205","0","0","0","","0","0","0","1","68J01","0","","4","01","N","N","0","","0","0","1","0","0","N","0805","0","1","0","0","0","0","0","1","0","1","N","","","","","","","","","","","","03","  ","","",""
"1102","0","0","0","0","0","0","0","0","0","7","0","","36","12","2016","2017002198","5","39.7978","-76.1623","1102","08","0","0","0","0","0","0","0","0","3","0","0","0","11","1","0","00","2","39 47:52.091","5","00","76 09:44.327","0","0","0","0","36219","0","0","0","","0","0","0","1","68J01","0","","4","01","N","N","1","","0","0","0","0","0","Y","1101","0","1","0","0","0","0","0","1","0","1","N","","","","","","","","","","","","03","  ","","",""
"1558","2","0","0","0","0","0","0","0","0","4","0","","36","12","2016","2017002301","2","40.1545","-76.2924","1556","08","0","0","0","0","0","1","0","1","1","0","0","0","15","1","0","01","1","40 09:16.247","4","00","76 17:32.782","0","0","0","0","36409","0","0","0","N","0","0","0","2","36409","0","","1","01","N","N","0","","0","0","0","2","2","N","1554","0","2","0","0","0","0","0","3","0","2","N","","","","","","","","","","","","03","  ","","",""
"0828","1","0","0","0","0","0","0","0","0","7","0","","36","12","2016","2017002311","4","40.1294","-76.2162","0828","08","0","0","0","0","0","0","0","0","","0","0","0","08","3","0","00","0","40 07:45.894","","03","76 12:58.334","0","0","0","0","36238","0","0","0","Y","0","0","0","1","36238","0","","2","01","N","N","0","","0","0","0","0","0","","0828","0","1","0","0","0","0","0","3","0","1","N","","","","","","","","","","","","03","  ","","",""
"0640","1","0","0","0","0","0","0","0","0","4","0","","36","12","2016","2017002612","1","40.2148","-76.3019","0627","08","0","0","0","0","0","0","1","0","2","0","0","0","06","2","2","00","2","40 12:53.366","5","07","76 18:06.734","3","0","0","0","36217","0","0","0","","0","0","0","2","68J01","1","","1","01","N","N","0","","1","0","1","0","0","N","0626","2","2","0","0","0","0","0","1","0","2","N","","","","","","","","","","","","03","  ","","",""
"0826","0","0","0","0","0","0","0","0","0","0","0","","36","12","2016","2017002617","7","40.2316","-76.126","0817","08","0","0","0","0","0","0","0","0","1","0","0","0","08","1","0","00","1","40 13:53.416","4","00","76 07:32.598","0","0","0","0","36210","0","0","0","","0","0","0","2","68T06","0","","1","06","N","N","0","","0","0","0","0","0","N","0816","0","1","0","0","0","0","0","1","1","1","N","","","","","","","","","","","","09","  ","","",""
"2033","1","0","0","0","0","0","0","0","0","0","0","","36","12","2016","2017002621","5","40.2272","-76.3828","2005","08","0","0","0","0","0","0","0","0","","0","0","0","20","2","0","00","0","40 13:37.880","","00","76 22:57.079","0","0","0","0","36227","0","0","0","","0","0","0","4","68T06","0","","1","01","N","N","0","","0","0","1","0","0","","2004","0","2","0","0","0","0","0","1","0","2","N","","","","","","","","","","","","03","  ","","",""
"1334","1","0","0","0","0","0","0","0","0","7","0","","36","12","2016","2017002673","5","40.1661","-76.1457","1332","08","0","0","0","0","0","0","0","0","2","0","0","0","13","1","0","00","1","40 09:57.795","1","00","76 08:44.496","0","0","0","0","36218","0","0","0","N","0","0","0","1","36408","0","","5","09","N","N","0","","0","0","0","0","0","N","1331","0","1","0","0","0","0","0","1","0","1","N","","","","","","","","","","","","03","  ","","",""
"1441","1","0","0","0","0","0","0","0","0","6","0","","36","12","2016","2017002696","7","40.1685","-76.202","1437","08","0","0","0","0","0","0","0","0","","0","0","0","14","1","1","00","0","40 10:06.611","","00","76 12:07.317","8","0","0","0","36218","0","0","0","N","0","0","0","2","36408","0","","1","09","N","N","0","","0","0","1","0","0","","1436","1","2","0","0","0","1","0","1","0","2","N","","","","","","","","","","","","07","  ","","",""
"0430","1","0","0","0","0","0","0","0","0","7","0","","36","12","2016","2017002708","7","40.0353","-76.308","0418","08","0","0","0","0","0","0","0","0","2","0","0","0","04","3","0","00","2","40 02:07.112","5","00","76 18:28.878","9","0","0","0","36301","0","0","0","N","0","0","0","1","36301","0","","4","09","N","N","0","","0","0","0","0","0","Y","0418","0","1","0","0","0","0","1","3","0","1","N","","","","","","","","","","","","07","  ","","",""
"0305","2","0","0","0","0","0","0","0","0","4","0","","36","12","2016","2017002716","7","40.0395","-76.306","0303","08","0","0","1","0","0","0","0","0","2","0","0","0","03","3","2","01","1","40 02:22.325","1","00","76 18:21.503","3","0","0","0","36301","0","0","0","N","0","0","0","4","36301","0","","1","01","N","N","0","","2","0","0","3","2","N","0303","2","2","0","0","0","0","0","3","0","2","N","","","","","","","","","","","","03","  ","","",""
"1658","2","0","1","0","0","0","0","0","0","4","0","","36","12","2016","2017002794","1","40.0203","-76.3569","1657","08","0","0","0","1","0","0","0","0","2","0","0","0","16","3","2","02","2","40 01:13.015","5","00","76 21:24.873","2","0","0","0","36223","0","0","0","","0","0","0","2","36223","0","","1","01","N","N","0","","0","1","0","0","0","Y","1655","2","2","0","0","0","1","0","1","0","2","N","","","","","","","","","","","","03","  ","","",""
"1628","0","0","0","0","0","0","0","0","0","4","0","","36","12","2016","2017002822","4","40.1107","-76.0667","1624","08","0","0","0","0","0","2","0","0","","0","0","0","16","1","0","01","0","40 06:38.461","","00","76 04:00.204","0","0","0","0","36415","0","0","0","N","0","0","0","2","36415","0","","1","01","N","N","1","","0","0","1","3","2","","1620","0","2","0","0","0","0","0","1","0","2","N","","","","","","","","","","","","03","  ","","",""
"1913","0","0","0","0","0","0","0","0","0","4","0","","36","12","2016","2017002826","6","40.1655","-76.1596","1910","08","0","0","0","0","0","0","0","0","","0","0","0","19","3","0","03","0","40 09:55.667","","07","76 09:34.569","0","0","0","0","36218","0","0","0","N","0","0","0","6","36408","0","","1","01","N","N","0","","0","0","2","3","2","","1908","0","2","0","0","0","0","0","1","0","2","N","","","","","","","","","","","","03","  ","","",""
"2212","1","0","0","0","0","0","0","0","0","4","0","","36","12","2016","2017002891","1","40.0566","-76.215","2207","08","0","0","0","0","0","0","1","0","1","0","0","1","22","2","2","01","1","40 03:23.868","1","00","76 12:53.887","2","0","0","0","36215","2","0","2","N","0","0","0","3","36215","0","","1","01","N","N","0","","0","2","0","3","2","N","2206","2","2","0","0","0","0","0","1","0","1","N","","","","","","","","","","","","03","  ","","",""
"2009","0","0","0","0","0","0","0","0","0","1","0","","36","12","2016","2017003042","1","40.0449","-76.307","2009","08","0","0","0","0","0","1","0","0","2","0","0","0","20","3","2","00","2","40 02:41.740","1","00","76 18:25.231","3","0","0","0","36301","0","0","0","","0","0","0","4","36301","1","","1","01","","","0","","1","0","1","0","0","N","2009","2","2","0","0","0","0","0","3","1","2","N","","","","","","","","","","","","03","  ","","",""
"0824","1","0","0","0","0","0","0","0","0","5","0","","36","12","2016","2017003544","4","40.1314","-76.2143","0817","08","0","0","0","0","0","0","0","0","1","0","0","0","08","1","0","00","1","40 07:53.053","2","00","76 12:51.603","0","0","0","0","36238","0","0","0","N","0","0","0","2","36238","0","","1","01","N","N","0","","0","0","0","0","0","Y","0817","0","2","0","0","0","0","0","3","1","2","N","","","","","","","","","","","","03","  ","","",""
"1142","1","0","0","0","0","0","0","0","0","2","0","","36","12","2016","2017003548","7","39.8926","-76.1652","1140","08","0","0","0","0","0","0","1","0","2","0","0","0","11","1","2","00","2","39 53:33.504","4","00","76 09:54.757","3","0","0","0","36416","0","0","0","N","0","0","0","2","36416","1","","1","01","N","N","1","","1","0","0","0","0","N","1137","2","2","0","0","2","0","0","1","0","2","N","","","","","","","","","","","","03","  ","","",""
"0642","0","0","0","0","0","0","0","0","0","7","0","","36","12","2016","2017004067","7","40.1212","-76.2236","0637","08","0","0","0","0","0","0","0","0","","0","0","0","06","5","0","00","0","40 07:16.436","","00","76 13:24.881","0","0","0","0","36238","0","0","0","N","0","0","0","3","36238","0","","4","07","N","N","1","","0","0","0","0","0","","0637","0","1","0","0","0","0","0","3","0","1","N","","","","","","","","","","","","10","  ","","",""
"1350","2","0","0","0","0","0","0","0","0","1","0","","36","12","2016","2017004129","5","40.1158","-76.6924","1325","08","0","0","0","1","0","0","0","0","","0","0","0","13","1","0","00","0","40 06:56.732","","07","76 41:32.659","0","0","0","0","36207","0","0","0","N","0","0","0","2","36504","0","","1","09","N","N","0","","0","0","0","0","0","","1325","0","2","0","0","0","0","0","1","0","2","N","","","","","","","","","","","","03","  ","","",""
"1620","1","0","0","0","0","0","0","0","0","4","0","","36","12","2016","2017004272","7","40.0091","-76.0577","1556","08","0","0","0","0","0","0","0","0","1","0","0","0","15","1","0","01","2","40 00:32.677","7","00","76 03:27.871","0","0","0","0","36232","0","0","0","","0","0","0","4","68J01","0","","1","09","N","N","1","","0","0","0","3","3","Y","1555","0","2","0","0","1","0","0","1","0","2","N","","","","","","","","","","","","03","  ","","",""
"1514","1","0","0","0","0","0","0","0","0","4","0","","36","12","2016","2017004884","6","40.0379","-76.5042","1510","08","0","0","0","0","0","1","0","0","1","0","0","0","15","1","0","01","1","40 02:16.558","5","00","76 30:14.950","9","0","0","0","36404","0","0","0","N","0","0","0","3","36404","0","","1","01","N","N","1","","0","0","1","3","3","N","1510","0","3","0","0","0","0","3","3","0","3","N","","","","","","","","","","","","03","  ","","",""
"2312","0","0","0","0","0","0","0","0","0","0","0","","36","12","2016","2017005162","6","40.0177","-76.2613","2309","08","0","0","0","0","0","0","0","0","","0","0","0","23","2","0","00","0","40 01:03.664","","00","76 15:40.582","0","0","0","0","36240","0","0","0","N","0","0","0","1","36240","0","","1","01","N","N","0","","0","0","0","0","0","","2308","0","1","0","0","0","0","0","1","1","1","N","","","","","","","","","","","","03","  ","","",""
"2001","2","0","0","0","0","0","0","0","0","4","0","","36","12","2016","2017005965","7","40.0316","-76.3045","1959","08","0","0","0","0","0","0","0","0","1","0","0","0","19","3","0","01","1","40 01:53.761","1","00","76 18:16.251","0","0","0","0","36301","0","0","0","N","0","0","0","7","36301","0","","1","01","N","N","0","","0","0","0","3","3","N","1959","0","2","0","0","0","0","0","3","0","2","N","","","","","","","","","","","","03","  ","","",""
"0615","1","0","0","0","0","0","0","0","0","7","0","","36","12","2016","2017007291","4","40.0201","-76.4685","0601","08","0","0","0","0","0","0","0","0","","0","0","0","00","2","0","00","0","40 01:12.496","","00","76 28:06.502","9","0","0","0","36223","0","0","0","","0","0","0","1","36223","0","","4","01","N","N","0","","0","0","0","0","0","","0000","0","1","0","0","0","0","1","1","0","1","N","","","","","","","","","","","","99","  ","","",""
"0701","1","0","0","0","0","0","0","0","0","7","0","","36","12","2016","2017007301","1","39.7743","-76.1204","0645","08","0","1","0","0","0","0","0","0","3","0","0","0","06","5","0","00","2","39 46:27.429","5","00","76 07:13.324","0","0","0","0","36222","0","0","0","","0","0","0","1","68J01","0","","4","02","N","N","0","","0","0","0","0","0","Y","0642","0","1","0","0","0","0","0","1","0","1","N","","","","","","","","","","","","03","  ","","",""
"0554","2","0","0","0","0","0","0","0","0","6","1","","36","11","2016","2017007321","6","39.9975","-76.0535","0540","08","0","0","1","0","0","0","0","0","3","0","1","0","05","2","3","00","2","39 59:50.888","6","00","76 03:12.632","3","0","0","0","36232","0","0","0","","0","0","0","5","68J01","0","","1","01","N","N","1","","1","0","0","0","0","Y","0539","3","4","0","0","1","2","0","1","0","4","N","","","","","","","","","","","","03","  ","","",""
"1514","0","0","0","0","0","0","0","0","0","7","0","","36","12","2016","2017007325","6","39.8255","-76.0842","1433","08","0","0","0","0","0","0","0","0","","0","0","0","14","1","0","00","0","39 49:31.960","","00","76 05:02.990","0","0","0","0","36205","0","0","0","","0","0","0","1","68J01","0","","4","01","N","N","1","","0","0","0","0","0","","1416","0","1","0","0","1","0","0","1","0","1","N","","","","","","","","","","","","03","  ","","",""
"2050","0","0","0","0","0","0","0","0","0","7","0","","36","12","2016","2017007326","2","40.04","-76.0034","2041","08","0","0","0","0","0","0","0","0","3","0","0","0","20","2","1","00","2","40 02:24.100","5","00","76 00:12.400","2","0","0","0","36232","0","0","0","","0","0","0","1","68J01","0","","4","01","N","N","1","","0","1","0","0","0","Y","2037","1","1","0","1","1","0","0","1","0","1","N","","","","","","","","","","","","03","  ","","",""
"0215","0","0","0","0","0","0","0","0","0","7","0","","36","12","2016","2017007331","5","40.0243","-76.0722","0215","08","0","0","0","0","0","0","0","0","","0","0","0","02","2","0","00","0","40 01:27.350","","00","76 04:19.980","0","0","0","0","36221","0","0","0","","0","0","0","1","68J01","0","","4","01","N","N","0","","0","0","0","0","0","","0215","0","1","0","0","0","0","0","1","1","1","N","","","","","","","","","","","","03","  ","","",""
"2017","0","0","0","0","0","0","0","0","0","7","0","","36","12","2016","2017007334","7","39.8417","-76.3152","2006","08","0","0","0","1","0","0","0","0","2","0","0","0","20","2","1","00","2","39 50:30.230","5","00","76 18:54.740","3","0","0","0","36224","0","0","0","","0","0","0","1","68J01","0","","4","02","N","N","1","","1","0","0","0","0","N","2006","1","1","0","0","0","0","0","1","0","1","N","","","","","","","","","","","","05","  ","","",""
"2336","1","0","0","0","0","0","0","0","0","7","0","","36","12","2016","2017008011","7","39.8586","-76.0933","2310","08","0","0","0","0","0","0","0","0","","0","0","0","23","2","0","00","0","39 51:31.115","","00","76 05:35.874","9","0","0","0","36205","0","0","0","","0","0","0","1","68J01","0","","4","01","N","N","0","","0","0","0","0","0","","2310","0","1","0","0","0","0","1","1","0","1","N","","","","","","","","","","","","03","  ","","",""
"1751","0","0","0","0","0","0","0","0","0","1","0","","36","12","2016","2017008394","5","40.074","-76.2041","1746","08","0","0","0","0","0","1","0","0","","0","0","0","17","3","1","02","0","40 04:26.574","","00","76 12:14.922","4","0","0","0","36234","0","0","0","N","0","0","0","2","36215","1","","1","01","N","N","0","","0","0","2","3","3","","1743","1","3","0","0","0","0","0","1","0","2","N","","","","","","","","","","","","03","  ","","",""
"2115","1","0","0","0","0","0","0","0","0","1","0","","36","12","2016","2017009507","5","40.031","-76.2354","2115","08","0","0","0","0","0","0","0","0","1","0","0","0","21","3","1","01","1","40 01:50.687","3","00","76 14:03.501","4","0","0","0","36215","0","0","0","N","0","0","0","2","36215","1","","1","01","N","N","1","","0","0","0","3","2","N","2115","1","2","0","0","0","0","0","1","0","2","N","","","","","","","","","","","","03","  ","","",""
"1727","0","0","0","0","0","0","0","0","0","7","0","","36","12","2016","2017009772","7","39.9071","-76.1843","1712","08","0","0","0","0","0","0","0","0","3","0","0","0","17","2","1","00","2","39 54:25.490","7","00","76 11:03.478","8","0","0","0","36229","0","0","0","","0","0","0","1","68J01","0","","4","09","N","N","1","","0","0","0","0","0","Y","1709","1","1","0","0","1","1","0","1","0","1","N","","","","","","","","","","","","03","  ","","",""
"2036","0","0","0","0","0","0","0","0","0","7","0","","36","12","2016","2017010743","7","39.9214","-76.2778","2019","08","0","0","0","0","0","0","1","0","2","0","0","0","20","2","0","00","1","39 55:17.083","1","00","76 16:40.001","0","0","0","0","36229","0","0","0","","0","0","0","1","68J01","0","","4","09","N","N","1","","0","0","0","0","0","N","2018","0","1","0","0","0","0","0","1","0","1","N","","","","","","","","","","","","03","  ","","",""
"2013","1","0","0","0","0","0","0","0","0","7","0","","36","11","2016","2017011250","1","39.8801","-76.1578","2007","08","0","0","0","0","0","0","0","0","2","0","0","0","20","2","1","00","1","39 52:48.280","5","00","76 09:28.074","8","0","0","0","36212","0","0","0","","0","0","0","1","68J01","0","","4","01","N","N","0","","0","0","0","0","0","N","2005","1","1","0","0","0","1","0","1","0","1","N","","","","","","","","","","","","03","  ","","",""
"0111","1","0","0","0","0","0","0","0","0","7","0","","36","11","2016","2017011293","4","39.8772","-76.1558","0053","08","0","0","0","0","0","0","0","0","","0","0","0","00","3","1","00","0","39 52:37.947","","00","76 09:20.732","8","0","0","0","36212","0","0","0","","0","0","0","1","68J01","0","","4","09","N","N","0","","0","0","0","0","0","","0053","1","1","0","0","1","1","0","1","0","1","N","","","","","","","","","","","","07","  ","","",""
"1658","1","0","0","0","0","0","0","0","0","4","0","","36","12","2016","2017011848","5","40.1084","-76.5031","1655","08","0","0","0","0","0","0","0","1","2","0","0","0","16","4","0","02","1","40 06:30.091","2","00","76 30:11.100","0","0","0","0","36413","0","0","0","N","0","0","0","3","36413","0","","1","01","N","N","0","","0","0","0","3","3","N","1650","0","2","0","0","0","0","0","2","1","2","N","","","","","","","","","","","","03","  ","","",""
"1403","2","0","0","0","0","0","0","0","0","4","0","","36","12","2016","2017012179","7","39.9796","-76.2","1355","08","0","0","0","0","0","1","0","0","2","0","0","0","13","1","1","03","1","39 58:46.462","6","00","76 12:00.020","4","0","0","0","36417","0","0","0","","0","0","0","4","36417","1","","1","01","N","N","0","","0","0","0","3","3","N","1354","1","2","0","0","0","0","0","1","0","2","N","","","","","","","","","","","","03","  ","","",""
"1152","0","0","0","0","0","0","0","0","0","7","1","","36","11","2016","2017012327","4","40.0091","-76.1253","1142","08","0","0","0","0","0","1","0","0","","0","1","0","11","1","0","00","0","40 00:32.749","","00","76 07:31.087","0","0","0","0","36226","0","0","0","","0","0","0","2","68J01","0","","5","09","N","N","0","","0","0","0","0","0","","1141","0","1","0","0","0","0","0","1","0","1","N","","","","","","","","","","","","07","  ","","",""
"1448","2","0","0","0","0","0","0","0","0","1","0","","36","10","2016","2017012690","2","40.0443","-76.3069","1444","08","0","0","0","0","0","0","0","0","1","0","0","0","14","1","1","01","1","40 02:39.403","1","00","76 18:24.797","3","0","0","0","36301","0","0","0","N","0","0","0","4","36301","0","","1","01","N","N","0","","1","0","1","3","2","N","1440","1","3","0","0","0","0","0","3","0","3","N","","","","","","","","","","","","03","  ","","",""
"1753","0","0","0","1","0","0","0","0","0","4","0","","36","11","2016","2017012823","4","40.0621","-76.1546","1733","08","0","0","1","0","0","0","0","0","","0","0","0","17","1","1","02","0","40 03:43.408","","00","76 09:16.663","3","0","0","0","36221","1","0","0","","0","0","0","2","68J01","0","","1","01","N","N","1","","1","0","0","3","3","","1733","1","2","0","0","0","0","0","1","0","1","N","","","","","","","","","","","","03","  ","","",""
"1150","1","0","0","0","0","0","0","0","0","7","0","","36","11","2016","2017012826","7","39.8598","-76.1674","1124","08","0","1","0","0","0","0","0","0","","0","0","0","10","1","0","00","0","39 51:35.250","","00","76 10:02.500","0","0","0","0","36212","0","0","0","","0","0","0","1","68J01","0","","5","01","N","N","0","","0","0","0","0","0","","1054","0","1","0","0","0","0","0","1","0","1","N","","","","","","","","","","","","03","  ","","",""
"1109","2","0","0","0","0","0","0","0","0","4","0","","36","12","2016","2017012828","4","39.8923","-76.1791","1055","08","0","0","0","0","0","0","0","1","1","0","0","0","10","1","0","01","2","39 53:32.260","7","00","76 10:44.595","0","0","0","0","36212","0","0","0","","0","0","0","2","68J01","0","","1","09","N","N","0","","0","0","0","3","3","Y","1054","0","2","0","0","0","0","0","1","0","2","N","","","","","","","","","","","","03","  ","","",""
"0232","1","0","0","0","0","0","0","0","0","7","0","","36","12","2016","2017012831","3","40.1109","-75.9694","0218","08","0","0","1","0","0","0","0","0","1","0","0","0","02","3","0","00","1","40 06:39.299","3","00","75 58:09.858","0","0","0","0","36203","0","0","0","","0","0","0","1","68J01","0","","4","01","N","N","0","","0","0","0","0","0","N","0217","0","1","0","0","0","0","0","1","0","1","N","","","","","","","","","","","","03","  ","","",""
"2009","1","0","0","0","0","0","0","0","0","7","0","","36","12","2016","2017014913","5","39.9889","-76.1941","2004","08","0","0","0","0","0","0","0","0","","0","0","0","20","2","0","00","0","39 59:20.168","","00","76 11:38.822","0","0","0","0","36233","0","0","0","","0","0","0","1","68J01","0","","4","01","N","N","0","","0","0","0","0","0","","2004","0","1","0","0","0","0","0","1","0","1","N","","","","","","","","","","","","03","  ","","",""
"0610","0","0","0","0","0","0","0","0","0","7","0","","36","12","2016","2017015687","4","39.9615","-76.3651","0601","08","0","0","0","0","0","0","0","0","","0","0","0","06","2","0","00","0","39 57:41.485","","00","76 21:54.267","0","0","0","0","36206","0","0","0","N","0","0","0","1","36503","0","","4","09","N","N","0","","0","0","1","0","0","","0600","0","1","0","0","0","0","0","1","0","1","N","","","","","","","","","","","","03","  ","","",""
"","1","0","0","0","0","0","0","0","0","1","0","","36","07","2016","2017020755","6","40.0382","-76.3036","","08","0","0","0","0","0","0","0","0","","0","0","0","17","1","2","01","0","40 02:17.489","","00","76 18:12.922","3","0","0","0","36301","0","0","0","N","0","0","0","3","00000","0","","1","01","N","N","0","","1","0","1","3","2","","1700","2","2","0","0","1","1","0","3","0","2","N","","","","","","","","","","","","03","  ","","",""
"","1","0","0","0","0","0","0","0","0","7","0","","36","11","2016","2017023146","5","39.8221","-76.0468","","08","0","1","0","0","0","0","0","0","","0","0","0","09","1","0","00","0","39 49:19.408","","00","76 02:48.477","0","0","0","0","36416","0","0","0","N","0","0","0","1","00000","0","","4","01","N","N","0","","0","0","0","0","0","","0900","0","1","0","0","0","0","0","1","0","1","N","","","","","","","","","","","","03","  ","","",""
"1805","1","0","0","0","0","0","0","0","0","4","0","","36","12","2016","2017025171","4","39.9905","-76.0206","1741","08","0","0","0","0","0","0","0","1","","0","0","0","17","2","1","00","0","39 59:25.676","","07","76 01:14.238","8","0","0","0","36232","0","0","0","","0","0","0","3","68J01","0","","1","01","N","N","0","","0","0","1","0","0","","1739","1","2","0","0","0","1","0","1","0","2","N","","","","","","","","","","","","03","  ","","",""
"1535","2","0","0","0","0","0","0","0","0","1","0","","36","10","2016","2017036396","6","40.0472","-76.2957","1526","08","0","0","0","1","0","1","0","0","1","0","0","0","15","1","1","01","1","40 02:49.954","4","00","76 17:44.627","8","0","0","0","36301","0","0","0","","0","0","0","3","36301","0","","1","01","N","N","1","","0","0","0","3","2","Y","1523","1","3","0","0","0","1","0","3","0","3","N","","","","","","","","","","","","03","  ","","",""
"1502","1","0","0","0","0","0","0","0","0","7","0","","36","09","2016","2017037979","3","40.0444","-76.2902","1500","08","0","0","0","0","0","0","1","0","1","0","0","0","15","1","0","01","1","40 02:39.861","4","00","76 17:24.701","9","0","0","0","36301","0","0","0","","0","0","0","1","36301","0","","4","01","N","N","0","","0","0","0","3","3","N","1500","0","1","0","0","0","0","1","3","0","1","N","","","","","","","","","","","","03","  ","","",""
"1535","2","0","0","0","0","0","0","0","0","4","0","","36","03","2016","2017047294","1","40.1614","-76.4264","1530","08","0","0","0","0","2","0","0","0","2","0","0","0","15","1","0","01","2","40 09:41.171","6","00","76 25:35.082","0","0","0","0","36230","0","0","0","","0","0","0","6","36214","0","","1","01","N","N","0","","0","0","0","3","3","Y","1528","0","2","0","0","0","0","0","1","0","2","N","","","","","","","","","","","","03","  ","","",""